ISO-10303-21;
HEADER;
FILE_DESCRIPTION (( 'STEP AP214' ),
    '1' );
FILE_NAME ('conn-th_7p-p3x96_vh3x96-7a.step',
    '2022-05-26T07:31:29',
    ( '' ),
    ( '' ),
    'SwSTEP 2.0',
    'SolidWorks 2020',
    '' );
FILE_SCHEMA (( 'AUTOMOTIVE_DESIGN' ));
ENDSEC;

DATA;
#1 = ORIENTED_EDGE ( 'NONE', *, *, #2893, .F. ) ;
#2 = DIRECTION ( 'NONE',  ( -1.000000000000000000, 0.000000000000000000, 0.000000000000000000 ) ) ;
#3 = SURFACE_STYLE_FILL_AREA ( #834 ) ;
#4 = FACE_OUTER_BOUND ( 'NONE', #5985, .T. ) ;
#5 = CARTESIAN_POINT ( 'NONE',  ( -2.046808493137360241, 0.9675444716961679736, -0.05000000000000000278 ) ) ;
#6 = DIRECTION ( 'NONE',  ( 0.000000000000000000, 1.000000000000000000, 0.000000000000000000 ) ) ;
#7 = LINE ( 'NONE', #7780, #6738 ) ;
#8 = UNCERTAINTY_MEASURE_WITH_UNIT (LENGTH_MEASURE( 1.000000000000000082E-05 ), #9435, 'distance_accuracy_value', 'NONE');
#9 =( NAMED_UNIT ( * ) SI_UNIT ( $, .STERADIAN. ) SOLID_ANGLE_UNIT ( ) );
#10 = VECTOR ( 'NONE', #11754, 1000.000000000000000 ) ;
#11 = ORIENTED_EDGE ( 'NONE', *, *, #4140, .T. ) ;
#12 = ORIENTED_EDGE ( 'NONE', *, *, #7695, .F. ) ;
#13 = VERTEX_POINT ( 'NONE', #5092 ) ;
#14 = MECHANICAL_DESIGN_GEOMETRIC_PRESENTATION_REPRESENTATION (  '', ( #5411 ), #6619 ) ;
#15 = ADVANCED_FACE ( 'NONE', ( #11018 ), #3419, .T. ) ;
#16 = ADVANCED_FACE ( 'NONE', ( #3229 ), #1350, .T. ) ;
#17 = VECTOR ( 'NONE', #3321, 1000.000000000000000 ) ;
#18 = DIRECTION ( 'NONE',  ( -0.9766444667050901973, 0.000000000000000000, -0.2148617826751190452 ) ) ;
#19 = PRESENTATION_LAYER_ASSIGNMENT (  '', '', ( #6623 ) ) ;
#20 = UNCERTAINTY_MEASURE_WITH_UNIT (LENGTH_MEASURE( 1.000000000000000082E-05 ), #8794, 'distance_accuracy_value', 'NONE');
#21 = CARTESIAN_POINT ( 'NONE',  ( -12.46000000000000085, 1.399999999999999911, 0.5999999999999999778 ) ) ;
#22 = LINE ( 'NONE', #2028, #4964 ) ;
#23 = ORIENTED_EDGE ( 'NONE', *, *, #3601, .T. ) ;
#24 = FILL_AREA_STYLE ('',( #160 ) ) ;
#26 = ORIENTED_EDGE ( 'NONE', *, *, #9475, .T. ) ;
#25 = DIRECTION ( 'NONE',  ( -0.2100675449707440356, -0.2100675449707440356, -0.9548524771397562949 ) ) ;
#27 = COLOUR_RGB ( '',0.2941176470588235392, 0.2941176470588235392, 0.2941176470588235392 ) ;
#28 = ORIENTED_EDGE ( 'NONE', *, *, #8779, .T. ) ;
#29 =( NAMED_UNIT ( * ) SI_UNIT ( $, .STERADIAN. ) SOLID_ANGLE_UNIT ( ) );
#30 =( GEOMETRIC_REPRESENTATION_CONTEXT ( 3 ) GLOBAL_UNCERTAINTY_ASSIGNED_CONTEXT ( ( #10951 ) ) GLOBAL_UNIT_ASSIGNED_CONTEXT ( ( #3545, #11022, #2600 ) ) REPRESENTATION_CONTEXT ( 'NONE', 'WORKASPACE' ) );
#31 = VECTOR ( 'NONE', #8694, 1000.000000000000000 ) ;
#32 = MECHANICAL_DESIGN_GEOMETRIC_PRESENTATION_REPRESENTATION (  '', ( #2230 ), #7223 ) ;
#33 = MECHANICAL_DESIGN_GEOMETRIC_PRESENTATION_REPRESENTATION (  '', ( #9442 ), #4035 ) ;
#34 = MECHANICAL_DESIGN_GEOMETRIC_PRESENTATION_REPRESENTATION (  '', ( #11615 ), #9825 ) ;
#35 = EDGE_CURVE ( 'NONE', #9240, #7977, #334, .T. ) ;
#36 =( GEOMETRIC_REPRESENTATION_CONTEXT ( 3 ) GLOBAL_UNCERTAINTY_ASSIGNED_CONTEXT ( ( #5324 ) ) GLOBAL_UNIT_ASSIGNED_CONTEXT ( ( #6139, #6283, #11075 ) ) REPRESENTATION_CONTEXT ( 'NONE', 'WORKASPACE' ) );
#37 = SURFACE_STYLE_FILL_AREA ( #5715 ) ;
#38 = CARTESIAN_POINT ( 'NONE',  ( -0.5500000000000080380, 0.2300000000000000100, 10.20000000000000107 ) ) ;
#39 = SURFACE_SIDE_STYLE ('',( #108 ) ) ;
#40 = VECTOR ( 'NONE', #11167, 1000.000000000000000 ) ;
#41 = LINE ( 'NONE', #6568, #5619 ) ;
#42 = SURFACE_SIDE_STYLE ('',( #5913 ) ) ;
#43 = EDGE_CURVE ( 'NONE', #7112, #3954, #402, .T. ) ;
#44 = DIRECTION ( 'NONE',  ( 1.000000000000000000, 0.000000000000000000, 0.000000000000000000 ) ) ;
#45 = ORIENTED_EDGE ( 'NONE', *, *, #456, .F. ) ;
#46 = EDGE_LOOP ( 'NONE', ( #11910, #11376, #12233, #8361 ) ) ;
#47 =( NAMED_UNIT ( * ) PLANE_ANGLE_UNIT ( ) SI_UNIT ( $, .RADIAN. ) );
#48 = VECTOR ( 'NONE', #11063, 1000.000000000000000 ) ;
#49 = DIRECTION ( 'NONE',  ( 0.000000000000000000, 0.000000000000000000, -1.000000000000000000 ) ) ;
#50 = PRESENTATION_LAYER_ASSIGNMENT (  '', '', ( #11433 ) ) ;
#51 = PRESENTATION_STYLE_ASSIGNMENT (( #2815 ) ) ;
#52 = VECTOR ( 'NONE', #8523, 1000.000000000000000 ) ;
#53 = COLOUR_RGB ( '',1.000000000000000000, 1.000000000000000000, 0.9450980392156862475 ) ;
#54 = EDGE_CURVE ( 'NONE', #8946, #6231, #12154, .T. ) ;
#55 = COLOUR_RGB ( '',0.2941176470588235392, 0.2941176470588235392, 0.2941176470588235392 ) ;
#56 = PRESENTATION_LAYER_ASSIGNMENT (  '', '', ( #10046 ) ) ;
#57 =( GEOMETRIC_REPRESENTATION_CONTEXT ( 3 ) GLOBAL_UNCERTAINTY_ASSIGNED_CONTEXT ( ( #8954 ) ) GLOBAL_UNIT_ASSIGNED_CONTEXT ( ( #6680, #2039, #1910 ) ) REPRESENTATION_CONTEXT ( 'NONE', 'WORKASPACE' ) );
#58 = EDGE_CURVE ( 'NONE', #11316, #9625, #8292, .T. ) ;
#59 = AXIS2_PLACEMENT_3D ( 'NONE', #5765, #8668, #2986 ) ;
#60 = ORIENTED_EDGE ( 'NONE', *, *, #5097, .F. ) ;
#61 = DIRECTION ( 'NONE',  ( 0.000000000000000000, 1.000000000000000000, 0.000000000000000000 ) ) ;
#62 = DIRECTION ( 'NONE',  ( 0.000000000000000000, 1.000000000000000000, 0.000000000000000000 ) ) ;
#63 = EDGE_CURVE ( 'NONE', #6951, #1733, #3598, .T. ) ;
#64 = VECTOR ( 'NONE', #10872, 1000.000000000000000 ) ;
#65 =( NAMED_UNIT ( * ) PLANE_ANGLE_UNIT ( ) SI_UNIT ( $, .RADIAN. ) );
#66 = EDGE_LOOP ( 'NONE', ( #1113, #7299, #3232, #10907 ) ) ;
#67 = CARTESIAN_POINT ( 'NONE',  ( -7.440000000000000391, 0.8000000000000000444, 10.69999999999999929 ) ) ;
#68 =( NAMED_UNIT ( * ) PLANE_ANGLE_UNIT ( ) SI_UNIT ( $, .RADIAN. ) );
#69 = COLOUR_RGB ( '',0.7803921568627451011, 0.7803921568627451011, 0.7803921568627451011 ) ;
#70 = CARTESIAN_POINT ( 'NONE',  ( 3.279999999999999805, -4.000000000000000000, 0.5999999999999999778 ) ) ;
#71 = VECTOR ( 'NONE', #6000, 1000.000000000000000 ) ;
#72 = EDGE_CURVE ( 'NONE', #5449, #2481, #12092, .T. ) ;
#73 = VECTOR ( 'NONE', #5497, 1000.000000000000000 ) ;
#74 =( NAMED_UNIT ( * ) PLANE_ANGLE_UNIT ( ) SI_UNIT ( $, .RADIAN. ) );
#75 = ORIENTED_EDGE ( 'NONE', *, *, #1378, .F. ) ;
#76 = CARTESIAN_POINT ( 'NONE',  ( -1.689361700415610068, 1.417544435933379754, 0.000000000000000000 ) ) ;
#77 = DIRECTION ( 'NONE',  ( 0.000000000000000000, 1.000000000000000000, 0.000000000000000000 ) ) ;
#78 = EDGE_CURVE ( 'NONE', #5319, #3734, #10204, .T. ) ;
#79 = CARTESIAN_POINT ( 'NONE',  ( -4.509999999999999787, 0.2300000000000000100, 10.20000000000000107 ) ) ;
#80 = FACE_OUTER_BOUND ( 'NONE', #3530, .T. ) ;
#81 = DIRECTION ( 'NONE',  ( 0.000000000000000000, 0.000000000000000000, -1.000000000000000000 ) ) ;
#82 = DIRECTION ( 'NONE',  ( 0.000000000000000000, 1.000000000000000000, 0.000000000000000000 ) ) ;
#83 = CARTESIAN_POINT ( 'NONE',  ( -1.689361700415610068, 1.092544424012449999, -0.05000000000000000278 ) ) ;
#84 = CARTESIAN_POINT ( 'NONE',  ( 36.25999999999999801, 0.000000000000000000, -3.399999999999999911 ) ) ;
#85 = AXIS2_PLACEMENT_3D ( 'NONE', #2558, #9433, #12292 ) ;
#86 = ORIENTED_EDGE ( 'NONE', *, *, #995, .T. ) ;
#87 = DIRECTION ( 'NONE',  ( 1.000000000000000000, 0.000000000000000000, 0.000000000000000000 ) ) ;
#88 = DIRECTION ( 'NONE',  ( 1.000000000000000000, 0.000000000000000000, 0.000000000000000000 ) ) ;
#89 = ORIENTED_EDGE ( 'NONE', *, *, #11162, .F. ) ;
#90 = VECTOR ( 'NONE', #9565, 1000.000000000000000 ) ;
#91 = SURFACE_STYLE_USAGE ( .BOTH. , #3959 ) ;
#92 = ORIENTED_EDGE ( 'NONE', *, *, #5365, .T. ) ;
#93 =( NAMED_UNIT ( * ) SI_UNIT ( $, .STERADIAN. ) SOLID_ANGLE_UNIT ( ) );
#94 = SURFACE_STYLE_FILL_AREA ( #5766 ) ;
#95 = UNCERTAINTY_MEASURE_WITH_UNIT (LENGTH_MEASURE( 1.000000000000000082E-05 ), #9691, 'distance_accuracy_value', 'NONE');
#96 = PLANE ( 'NONE',  #1649 ) ;
#97 = DIRECTION ( 'NONE',  ( 1.000000000000000000, 0.000000000000000000, 0.000000000000000000 ) ) ;
#98 = DIRECTION ( 'NONE',  ( 1.000000000000000000, 0.000000000000000000, 0.000000000000000000 ) ) ;
#99 = ORIENTED_EDGE ( 'NONE', *, *, #1556, .F. ) ;
#100 = SURFACE_STYLE_FILL_AREA ( #24 ) ;
#102 = VERTEX_POINT ( 'NONE', #5463 ) ;
#101 = CARTESIAN_POINT ( 'NONE',  ( -3.370000000000000107, 0.2300000000000000100, 10.20000000000000107 ) ) ;
#103 = ORIENTED_EDGE ( 'NONE', *, *, #11187, .T. ) ;
#104 = EDGE_CURVE ( 'NONE', #4574, #10654, #7483, .T. ) ;
#105 = SURFACE_SIDE_STYLE ('',( #1050 ) ) ;
#106 = LINE ( 'NONE', #6796, #11804 ) ;
#107 = VERTEX_POINT ( 'NONE', #666 ) ;
#108 = SURFACE_STYLE_FILL_AREA ( #4792 ) ;
#109 = DIRECTION ( 'NONE',  ( 0.000000000000000000, 0.9766444667050906414, 0.2148617826751169080 ) ) ;
#110 = FILL_AREA_STYLE_COLOUR ( '', #5541 ) ;
#111 = PRESENTATION_STYLE_ASSIGNMENT (( #8689 ) ) ;
#113 = ORIENTED_EDGE ( 'NONE', *, *, #7497, .F. ) ;
#112 = CARTESIAN_POINT ( 'NONE',  ( -2.187234044075009987, 1.317544424012449866, 0.000000000000000000 ) ) ;
#114 = ORIENTED_EDGE ( 'NONE', *, *, #10762, .F. ) ;
#115 =( NAMED_UNIT ( * ) PLANE_ANGLE_UNIT ( ) SI_UNIT ( $, .RADIAN. ) );
#116 = EDGE_CURVE ( 'NONE', #9702, #5903, #10383, .T. ) ;
#117 = VERTEX_POINT ( 'NONE', #2596 ) ;
#118 = CARTESIAN_POINT ( 'NONE',  ( -2.200000000000000178, 0.3175444478543100191, 0.000000000000000000 ) ) ;
#119 = PLANE ( 'NONE',  #9805 ) ;
#120 = DIRECTION ( 'NONE',  ( 0.000000000000000000, 1.000000000000000000, 0.000000000000000000 ) ) ;
#121 = ORIENTED_EDGE ( 'NONE', *, *, #8919, .T. ) ;
#122 = DIRECTION ( 'NONE',  ( 0.000000000000000000, 0.000000000000000000, -1.000000000000000000 ) ) ;
#123 = MECHANICAL_DESIGN_GEOMETRIC_PRESENTATION_REPRESENTATION (  '', ( #4914 ), #11310 ) ;
#124 = CARTESIAN_POINT ( 'NONE',  ( -2.085106396675110219, -0.06995550446197459915, 0.000000000000000000 ) ) ;
#125 = DIRECTION ( 'NONE',  ( -1.000000000000000000, 0.000000000000000000, 0.000000000000000000 ) ) ;
#126 = DIRECTION ( 'NONE',  ( 1.000000000000000000, 0.000000000000000000, 0.000000000000000000 ) ) ;
#127 = FILL_AREA_STYLE_COLOUR ( '', #9746 ) ;
#128 = ADVANCED_FACE ( 'NONE', ( #6485 ), #780, .F. ) ;
#129 = VERTEX_POINT ( 'NONE', #6537 ) ;
#130 = DIRECTION ( 'NONE',  ( 0.4397141102494200871, -0.8981377963584211699, 0.000000000000000000 ) ) ;
#131 = DIRECTION ( 'NONE',  ( 0.000000000000000000, 0.000000000000000000, -1.000000000000000000 ) ) ;
#132 = SURFACE_SIDE_STYLE ('',( #3549 ) ) ;
#133 = ADVANCED_FACE ( 'NONE', ( #1825 ), #10330, .F. ) ;
#134 = VECTOR ( 'NONE', #11484, 1000.000000000000000 ) ;
#135 = SURFACE_STYLE_FILL_AREA ( #9763 ) ;
#136 = ORIENTED_EDGE ( 'NONE', *, *, #10699, .T. ) ;
#137 = FILL_AREA_STYLE_COLOUR ( '', #4874 ) ;
#138 = PRESENTATION_LAYER_ASSIGNMENT (  '', '', ( #341 ) ) ;
#139 = SURFACE_STYLE_USAGE ( .BOTH. , #8894 ) ;
#140 = LINE ( 'NONE', #908, #12299 ) ;
#141 = CARTESIAN_POINT ( 'NONE',  ( 12.85999999999999943, 3.000000000000000000, 3.200000000000000178 ) ) ;
#142 = UNCERTAINTY_MEASURE_WITH_UNIT (LENGTH_MEASURE( 1.000000000000000082E-05 ), #1021, 'distance_accuracy_value', 'NONE');
#143 = CARTESIAN_POINT ( 'NONE',  ( -2.110638308525089712, -0.03245550446197449646, -0.05000000000000000278 ) ) ;
#144 = DIRECTION ( 'NONE',  ( -1.000000000000000000, 0.000000000000000000, 0.000000000000000000 ) ) ;
#145 = ORIENTED_EDGE ( 'NONE', *, *, #5781, .T. ) ;
#146 =( NAMED_UNIT ( * ) PLANE_ANGLE_UNIT ( ) SI_UNIT ( $, .RADIAN. ) );
#147 = AXIS2_PLACEMENT_3D ( 'NONE', #7605, #11474, #8787 ) ;
#148 = LINE ( 'NONE', #3108, #8448 ) ;
#149 = ORIENTED_EDGE ( 'NONE', *, *, #2029, .T. ) ;
#150 = MECHANICAL_DESIGN_GEOMETRIC_PRESENTATION_REPRESENTATION (  '', ( #1352 ), #7541 ) ;
#151 = VECTOR ( 'NONE', #9195, 1000.000000000000000 ) ;
#152 = ORIENTED_EDGE ( 'NONE', *, *, #12253, .T. ) ;
#153 = VECTOR ( 'NONE', #5739, 1000.000000000000114 ) ;
#154 = CARTESIAN_POINT ( 'NONE',  ( -8.250000000000000000, 1.149999999999999911, 11.19999999999999929 ) ) ;
#155 = DIRECTION ( 'NONE',  ( -0.2100675449707440356, -0.2100675449707440356, -0.9548524771397562949 ) ) ;
#156 =( GEOMETRIC_REPRESENTATION_CONTEXT ( 3 ) GLOBAL_UNCERTAINTY_ASSIGNED_CONTEXT ( ( #11280 ) ) GLOBAL_UNIT_ASSIGNED_CONTEXT ( ( #12189, #10257, #4579 ) ) REPRESENTATION_CONTEXT ( 'NONE', 'WORKASPACE' ) );
#157 = FACE_OUTER_BOUND ( 'NONE', #4772, .T. ) ;
#158 = CARTESIAN_POINT ( 'NONE',  ( -2.200000000000000178, 0.4175444955380249734, -0.05000000000000000278 ) ) ;
#159 = ORIENTED_EDGE ( 'NONE', *, *, #8366, .T. ) ;
#160 = FILL_AREA_STYLE_COLOUR ( '', #10719 ) ;
#161 = VERTEX_POINT ( 'NONE', #4957 ) ;
#162 = VERTEX_POINT ( 'NONE', #3030 ) ;
#163 = PLANE ( 'NONE',  #5032 ) ;
#164 = COLOUR_RGB ( '',0.2941176470588235392, 0.2941176470588235392, 0.2941176470588235392 ) ;
#165 = DIRECTION ( 'NONE',  ( 0.000000000000000000, 0.000000000000000000, 1.000000000000000000 ) ) ;
#166 =( NAMED_UNIT ( * ) SI_UNIT ( $, .STERADIAN. ) SOLID_ANGLE_UNIT ( ) );
#167 = FILL_AREA_STYLE_COLOUR ( '', #1691 ) ;
#168 = EDGE_CURVE ( 'NONE', #9116, #5686, #5888, .T. ) ;
#169 = MECHANICAL_DESIGN_GEOMETRIC_PRESENTATION_REPRESENTATION (  '', ( #3187 ), #7158 ) ;
#170 = LINE ( 'NONE', #11545, #11020 ) ;
#171 = SURFACE_STYLE_FILL_AREA ( #2107 ) ;
#172 = SURFACE_SIDE_STYLE ('',( #934 ) ) ;
#173 = DIRECTION ( 'NONE',  ( 0.000000000000000000, 0.000000000000000000, -1.000000000000000000 ) ) ;
#175 = ORIENTED_EDGE ( 'NONE', *, *, #9068, .T. ) ;
#174 =( LENGTH_UNIT ( ) NAMED_UNIT ( * ) SI_UNIT ( .MILLI., .METRE. ) );
#176 = ORIENTED_EDGE ( 'NONE', *, *, #7316, .F. ) ;
#177 = DIRECTION ( 'NONE',  ( -1.000000000000000000, 0.000000000000000000, 0.000000000000000000 ) ) ;
#178 = MECHANICAL_DESIGN_GEOMETRIC_PRESENTATION_REPRESENTATION (  '', ( #7153 ), #11945 ) ;
#180 = CARTESIAN_POINT ( 'NONE',  ( 20.42000000000000171, 0.000000000000000000, 11.19999999999999929 ) ) ;
#179 = UNCERTAINTY_MEASURE_WITH_UNIT (LENGTH_MEASURE( 1.000000000000000082E-05 ), #199, 'distance_accuracy_value', 'NONE');
#181 = PRESENTATION_LAYER_ASSIGNMENT (  '', '', ( #4158 ) ) ;
#182 = LINE ( 'NONE', #5055, #7222 ) ;
#183 = SURFACE_STYLE_FILL_AREA ( #4520 ) ;
#184 = STYLED_ITEM ( 'NONE', ( #12091 ), #6599 ) ;
#185 = EDGE_CURVE ( 'NONE', #129, #3413, #9523, .T. ) ;
#186 = ORIENTED_EDGE ( 'NONE', *, *, #1641, .F. ) ;
#187 = CARTESIAN_POINT ( 'NONE',  ( 4.580000000000000071, 0.2000000000000000111, 3.200000000000000178 ) ) ;
#188 = DIRECTION ( 'NONE',  ( 0.000000000000000000, -1.000000000000000000, 0.000000000000000000 ) ) ;
#189 = LINE ( 'NONE', #8885, #7528 ) ;
#190 = PLANE ( 'NONE',  #2022 ) ;
#191 = VERTEX_POINT ( 'NONE', #141 ) ;
#192 =( NAMED_UNIT ( * ) SI_UNIT ( $, .STERADIAN. ) SOLID_ANGLE_UNIT ( ) );
#193 = CARTESIAN_POINT ( 'NONE',  ( 12.59999999999999964, 4.000000000000000000, 0.000000000000000000 ) ) ;
#194 = EDGE_CURVE ( 'NONE', #12084, #6103, #11644, .T. ) ;
#195 = ORIENTED_EDGE ( 'NONE', *, *, #1290, .T. ) ;
#196 =( LENGTH_UNIT ( ) NAMED_UNIT ( * ) SI_UNIT ( .MILLI., .METRE. ) );
#197 = LINE ( 'NONE', #7834, #7754 ) ;
#198 = CARTESIAN_POINT ( 'NONE',  ( -2.046808493137360241, -0.09495555214569059710, -0.05000000000000000278 ) ) ;
#199 =( LENGTH_UNIT ( ) NAMED_UNIT ( * ) SI_UNIT ( .MILLI., .METRE. ) );
#200 = FILL_AREA_STYLE ('',( #3104 ) ) ;
#201 = ADVANCED_FACE ( 'NONE', ( #10636 ), #3831, .T. ) ;
#202 =( NAMED_UNIT ( * ) SI_UNIT ( $, .STERADIAN. ) SOLID_ANGLE_UNIT ( ) );
#203 = ORIENTED_EDGE ( 'NONE', *, *, #12061, .T. ) ;
#204 = SURFACE_STYLE_FILL_AREA ( #3163 ) ;
#205 = SURFACE_STYLE_FILL_AREA ( #5892 ) ;
#206 =( NAMED_UNIT ( * ) PLANE_ANGLE_UNIT ( ) SI_UNIT ( $, .RADIAN. ) );
#207 = EDGE_CURVE ( 'NONE', #8780, #10356, #7, .T. ) ;
#208 = FILL_AREA_STYLE ('',( #331 ) ) ;
#209 = UNCERTAINTY_MEASURE_WITH_UNIT (LENGTH_MEASURE( 1.000000000000000082E-05 ), #927, 'distance_accuracy_value', 'NONE');
#210 = VECTOR ( 'NONE', #2369, 1000.000000000000000 ) ;
#211 = DIRECTION ( 'NONE',  ( 1.000000000000000000, 0.000000000000000000, 0.000000000000000000 ) ) ;
#212 = DIRECTION ( 'NONE',  ( -1.000000000000000000, 0.000000000000000000, 0.000000000000000000 ) ) ;
#213 = VERTEX_POINT ( 'NONE', #10453 ) ;
#214 = ADVANCED_FACE ( 'NONE', ( #4011 ), #6710, .T. ) ;
#215 =( NAMED_UNIT ( * ) SI_UNIT ( $, .STERADIAN. ) SOLID_ANGLE_UNIT ( ) );
#217 = ORIENTED_EDGE ( 'NONE', *, *, #7190, .F. ) ;
#216 = LINE ( 'NONE', #101, #10428 ) ;
#218 = EDGE_LOOP ( 'NONE', ( #2785, #11532, #3615, #12286 ) ) ;
#219 = DIRECTION ( 'NONE',  ( 0.2100675449707440356, 0.2100675449707440356, -0.9548524771397562949 ) ) ;
#220 =( NAMED_UNIT ( * ) PLANE_ANGLE_UNIT ( ) SI_UNIT ( $, .RADIAN. ) );
#221 = FACE_OUTER_BOUND ( 'NONE', #3522, .T. ) ;
#222 = COLOUR_RGB ( '',0.2941176470588235392, 0.2941176470588235392, 0.2941176470588235392 ) ;
#223 = EDGE_LOOP ( 'NONE', ( #1303, #10364, #1944, #9913 ) ) ;
#224 = PRESENTATION_LAYER_ASSIGNMENT (  '', '', ( #7210 ) ) ;
#225 = LINE ( 'NONE', #8977, #2745 ) ;
#226 = PRESENTATION_LAYER_ASSIGNMENT (  '', '', ( #5211 ) ) ;
#227 = FILL_AREA_STYLE ('',( #2171 ) ) ;
#228 = CARTESIAN_POINT ( 'NONE',  ( 7.370000000000000107, 1.369999999999999885, 10.20000000000000107 ) ) ;
#231 = ORIENTED_EDGE ( 'NONE', *, *, #8906, .T. ) ;
#230 = PRESENTATION_LAYER_ASSIGNMENT (  '', '', ( #11001 ) ) ;
#229 = LINE ( 'NONE', #112, #8628 ) ;
#232 = ORIENTED_EDGE ( 'NONE', *, *, #11158, .T. ) ;
#233 = AXIS2_PLACEMENT_3D ( 'NONE', #3991, #7812, #9619 ) ;
#234 = DIRECTION ( 'NONE',  ( 1.000000000000000000, 0.000000000000000000, 0.000000000000000000 ) ) ;
#235 = MECHANICAL_DESIGN_GEOMETRIC_PRESENTATION_REPRESENTATION (  '', ( #6623 ), #6218 ) ;
#236 = VECTOR ( 'NONE', #9592, 1000.000000000000000 ) ;
#237 = DIRECTION ( 'NONE',  ( 0.000000000000000000, 1.000000000000000000, 0.000000000000000000 ) ) ;
#238 =( GEOMETRIC_REPRESENTATION_CONTEXT ( 3 ) GLOBAL_UNCERTAINTY_ASSIGNED_CONTEXT ( ( #8485 ) ) GLOBAL_UNIT_ASSIGNED_CONTEXT ( ( #5831, #3839, #1899 ) ) REPRESENTATION_CONTEXT ( 'NONE', 'WORKASPACE' ) );
#239 = LINE ( 'NONE', #1252, #17 ) ;
#240 = PRESENTATION_STYLE_ASSIGNMENT (( #7814 ) ) ;
#241 = MECHANICAL_DESIGN_GEOMETRIC_PRESENTATION_REPRESENTATION (  '', ( #8432 ), #9431 ) ;
#242 = PRESENTATION_LAYER_ASSIGNMENT (  '', '', ( #7442 ) ) ;
#243 = COLOUR_RGB ( '',1.000000000000000000, 1.000000000000000000, 0.9450980392156862475 ) ;
#244 = MECHANICAL_DESIGN_GEOMETRIC_PRESENTATION_REPRESENTATION (  '', ( #8627 ), #4235 ) ;
#245 = ORIENTED_EDGE ( 'NONE', *, *, #11341, .T. ) ;
#246 = CARTESIAN_POINT ( 'NONE',  ( 4.330000000000000071, 1.149999999999999911, 11.19999999999999929 ) ) ;
#247 =( GEOMETRIC_REPRESENTATION_CONTEXT ( 3 ) GLOBAL_UNCERTAINTY_ASSIGNED_CONTEXT ( ( #979 ) ) GLOBAL_UNIT_ASSIGNED_CONTEXT ( ( #583, #8207, #12083 ) ) REPRESENTATION_CONTEXT ( 'NONE', 'WORKASPACE' ) );
#248 = SURFACE_SIDE_STYLE ('',( #10541 ) ) ;
#249 = DIRECTION ( 'NONE',  ( 0.000000000000000000, 0.000000000000000000, -1.000000000000000000 ) ) ;
#250 = AXIS2_PLACEMENT_3D ( 'NONE', #2622, #6385, #12293 ) ;
#251 = ORIENTED_EDGE ( 'NONE', *, *, #7250, .F. ) ;
#252 = CARTESIAN_POINT ( 'NONE',  ( 7.479999999999999538, 0.8000000000000000444, 10.69999999999999929 ) ) ;
#253 = VECTOR ( 'NONE', #5744, 1000.000000000000000 ) ;
#254 = EDGE_CURVE ( 'NONE', #671, #958, #7139, .T. ) ;
#255 = FACE_OUTER_BOUND ( 'NONE', #11159, .T. ) ;
#256 = ORIENTED_EDGE ( 'NONE', *, *, #1588, .T. ) ;
#257 = VECTOR ( 'NONE', #9213, 1000.000000000000114 ) ;
#258 = COLOUR_RGB ( '',0.2941176470588235392, 0.2941176470588235392, 0.2941176470588235392 ) ;
#259 = VECTOR ( 'NONE', #11011, 1000.000000000000000 ) ;
#260 = FILL_AREA_STYLE ('',( #9892 ) ) ;
#261 = ORIENTED_EDGE ( 'NONE', *, *, #905, .F. ) ;
#262 = FILL_AREA_STYLE_COLOUR ( '', #8676 ) ;
#263 = SURFACE_STYLE_FILL_AREA ( #8826 ) ;
#264 = CARTESIAN_POINT ( 'NONE',  ( -1.753191488981250101, -0.4074556475131219657, 0.000000000000000000 ) ) ;
#265 = MECHANICAL_DESIGN_GEOMETRIC_PRESENTATION_REPRESENTATION (  '', ( #11038 ), #2688 ) ;
#266 = PRESENTATION_LAYER_ASSIGNMENT (  '', '', ( #11449 ) ) ;
#267 = SURFACE_STYLE_USAGE ( .BOTH. , #447 ) ;
#268 = UNCERTAINTY_MEASURE_WITH_UNIT (LENGTH_MEASURE( 1.000000000000000082E-05 ), #5590, 'distance_accuracy_value', 'NONE');
#269 = PLANE ( 'NONE',  #5258 ) ;
#270 = VECTOR ( 'NONE', #8712, 1000.000000000000000 ) ;
#271 = ADVANCED_FACE ( 'NONE', ( #8092 ), #2461, .T. ) ;
#272 = SURFACE_STYLE_USAGE ( .BOTH. , #970 ) ;
#273 = ORIENTED_EDGE ( 'NONE', *, *, #10068, .F. ) ;
#274 = AXIS2_PLACEMENT_3D ( 'NONE', #8576, #769, #819 ) ;
#275 = MECHANICAL_DESIGN_GEOMETRIC_PRESENTATION_REPRESENTATION (  '', ( #9466 ), #7671 ) ;
#276 = ORIENTED_EDGE ( 'NONE', *, *, #10068, .T. ) ;
#277 = CARTESIAN_POINT ( 'NONE',  ( 4.679999999999999716, 4.000000000000000000, 0.000000000000000000 ) ) ;
#278 = PLANE ( 'NONE',  #7544 ) ;
#279 = UNCERTAINTY_MEASURE_WITH_UNIT (LENGTH_MEASURE( 1.000000000000000082E-05 ), #11112, 'distance_accuracy_value', 'NONE');
#280 = SURFACE_STYLE_FILL_AREA ( #8104 ) ;
#281 = ORIENTED_EDGE ( 'NONE', *, *, #9659, .T. ) ;
#282 = CARTESIAN_POINT ( 'NONE',  ( -7.900000000000000355, 1.260000000000000009, 10.69999999999999929 ) ) ;
#284 = ORIENTED_EDGE ( 'NONE', *, *, #9515, .F. ) ;
#283 = CARTESIAN_POINT ( 'NONE',  ( 11.54999999999999893, 1.149999999999999911, -3.399999999999999911 ) ) ;
#285 = ORIENTED_EDGE ( 'NONE', *, *, #6687, .T. ) ;
#286 = ADVANCED_FACE ( 'NONE', ( #5080 ), #7082, .F. ) ;
#287 = DIRECTION ( 'NONE',  ( 0.000000000000000000, 1.000000000000000000, 0.000000000000000000 ) ) ;
#288 = FILL_AREA_STYLE_COLOUR ( '', #11239 ) ;
#289 =( NAMED_UNIT ( * ) SI_UNIT ( $, .STERADIAN. ) SOLID_ANGLE_UNIT ( ) );
#290 = ORIENTED_EDGE ( 'NONE', *, *, #3575, .F. ) ;
#291 = EDGE_CURVE ( 'NONE', #5369, #11761, #450, .T. ) ;
#292 = CARTESIAN_POINT ( 'NONE',  ( 11.29999999999999893, 0.2000000000000000111, 3.200000000000000178 ) ) ;
#293 = PLANE ( 'NONE',  #9944 ) ;
#294 = CARTESIAN_POINT ( 'NONE',  ( -0.3300000000000099520, 0.4500000000000000111, -3.399999999999999911 ) ) ;
#296 = VERTEX_POINT ( 'NONE', #8831 ) ;
#295 =( LENGTH_UNIT ( ) NAMED_UNIT ( * ) SI_UNIT ( .MILLI., .METRE. ) );
#297 = ORIENTED_EDGE ( 'NONE', *, *, #2967, .F. ) ;
#298 =( NAMED_UNIT ( * ) PLANE_ANGLE_UNIT ( ) SI_UNIT ( $, .RADIAN. ) );
#299 = DIRECTION ( 'NONE',  ( 0.000000000000000000, 0.000000000000000000, -1.000000000000000000 ) ) ;
#300 = FILL_AREA_STYLE_COLOUR ( '', #5852 ) ;
#301 =( LENGTH_UNIT ( ) NAMED_UNIT ( * ) SI_UNIT ( .MILLI., .METRE. ) );
#302 = ORIENTED_EDGE ( 'NONE', *, *, #3588, .F. ) ;
#303 =( NAMED_UNIT ( * ) PLANE_ANGLE_UNIT ( ) SI_UNIT ( $, .RADIAN. ) );
#304 = SURFACE_STYLE_FILL_AREA ( #10681 ) ;
#305 = CARTESIAN_POINT ( 'NONE',  ( -1.638297872245309872, 1.367544447854309952, -0.05000000000000000278 ) ) ;
#306 = FACE_OUTER_BOUND ( 'NONE', #1030, .T. ) ;
#307 = EDGE_LOOP ( 'NONE', ( #9665, #3793, #8221, #3600 ) ) ;
#308 =( NAMED_UNIT ( * ) SI_UNIT ( $, .STERADIAN. ) SOLID_ANGLE_UNIT ( ) );
#309 = LINE ( 'NONE', #7892, #6651 ) ;
#310 = VERTEX_POINT ( 'NONE', #11876 ) ;
#311 = STYLED_ITEM ( 'NONE', ( #9645 ), #6706 ) ;
#312 = DIRECTION ( 'NONE',  ( 0.000000000000000000, -1.000000000000000000, 0.000000000000000000 ) ) ;
#313 = ORIENTED_EDGE ( 'NONE', *, *, #8505, .F. ) ;
#314 = DIRECTION ( 'NONE',  ( 1.000000000000000000, 0.000000000000000000, 0.000000000000000000 ) ) ;
#315 = EDGE_CURVE ( 'NONE', #7977, #10356, #4078, .T. ) ;
#316 = DIRECTION ( 'NONE',  ( 1.000000000000000000, 0.000000000000000000, 0.000000000000000000 ) ) ;
#317 = DIRECTION ( 'NONE',  ( 0.2473831068377969067, -0.9689177459677776882, 0.000000000000000000 ) ) ;
#318 = CARTESIAN_POINT ( 'NONE',  ( -2.110638308525089712, -0.03245550446197449646, 0.000000000000000000 ) ) ;
#319 = PLANE ( 'NONE',  #790 ) ;
#320 = PRESENTATION_STYLE_ASSIGNMENT (( #8958 ) ) ;
#321 = FACE_OUTER_BOUND ( 'NONE', #12166, .T. ) ;
#322 = PRESENTATION_STYLE_ASSIGNMENT (( #452 ) ) ;
#323 = MECHANICAL_DESIGN_GEOMETRIC_PRESENTATION_REPRESENTATION (  '', ( #9516 ), #8135 ) ;
#324 = SURFACE_STYLE_USAGE ( .BOTH. , #6008 ) ;
#325 = ORIENTED_EDGE ( 'NONE', *, *, #3784, .T. ) ;
#326 = PRESENTATION_LAYER_ASSIGNMENT (  '', '', ( #1536 ) ) ;
#327 = ORIENTED_EDGE ( 'NONE', *, *, #8061, .F. ) ;
#328 = EDGE_CURVE ( 'NONE', #10836, #6499, #7899, .T. ) ;
#329 =( GEOMETRIC_REPRESENTATION_CONTEXT ( 3 ) GLOBAL_UNCERTAINTY_ASSIGNED_CONTEXT ( ( #921 ) ) GLOBAL_UNIT_ASSIGNED_CONTEXT ( ( #11401, #6670, #9412 ) ) REPRESENTATION_CONTEXT ( 'NONE', 'WORKASPACE' ) );
#330 = CARTESIAN_POINT ( 'NONE',  ( -2.161702132225040263, 1.367544447854309952, 0.000000000000000000 ) ) ;
#331 = FILL_AREA_STYLE_COLOUR ( '', #946 ) ;
#332 = UNCERTAINTY_MEASURE_WITH_UNIT (LENGTH_MEASURE( 1.000000000000000082E-05 ), #10298, 'distance_accuracy_value', 'NONE');
#333 = SURFACE_SIDE_STYLE ('',( #5203 ) ) ;
#334 = LINE ( 'NONE', #4148, #4145 ) ;
#335 = VECTOR ( 'NONE', #11852, 1000.000000000000000 ) ;
#336 = DIRECTION ( 'NONE',  ( -0.7145102180352621568, 0.6996250055016631775, 0.000000000000000000 ) ) ;
#337 = AXIS2_PLACEMENT_3D ( 'NONE', #6772, #9767, #5815 ) ;
#339 = EDGE_LOOP ( 'NONE', ( #2635, #2397, #5151, #1717 ) ) ;
#338 = SURFACE_STYLE_FILL_AREA ( #1408 ) ;
#340 = ORIENTED_EDGE ( 'NONE', *, *, #3563, .T. ) ;
#341 = STYLED_ITEM ( 'NONE', ( #2198 ), #286 ) ;
#342 = CARTESIAN_POINT ( 'NONE',  ( -12.42999999999999972, 0.2300000000000000100, -2.399999999999999911 ) ) ;
#343 = FILL_AREA_STYLE ('',( #1302 ) ) ;
#344 = CARTESIAN_POINT ( 'NONE',  ( 8.290000000000000924, 0.4500000000000000111, -3.399999999999999911 ) ) ;
#345 = SURFACE_SIDE_STYLE ('',( #2349 ) ) ;
#346 = ORIENTED_EDGE ( 'NONE', *, *, #12373, .T. ) ;
#347 = STYLED_ITEM ( 'NONE', ( #4637 ), #10006 ) ;
#348 = STYLED_ITEM ( 'NONE', ( #3640 ), #9183 ) ;
#349 =( GEOMETRIC_REPRESENTATION_CONTEXT ( 3 ) GLOBAL_UNCERTAINTY_ASSIGNED_CONTEXT ( ( #4317 ) ) GLOBAL_UNIT_ASSIGNED_CONTEXT ( ( #1519, #10078, #1285 ) ) REPRESENTATION_CONTEXT ( 'NONE', 'WORKASPACE' ) );
#350 = EDGE_CURVE ( 'NONE', #5311, #4649, #12078, .T. ) ;
#351 =( NAMED_UNIT ( * ) PLANE_ANGLE_UNIT ( ) SI_UNIT ( $, .RADIAN. ) );
#352 = DIRECTION ( 'NONE',  ( 0.000000000000000000, -1.000000000000000000, 0.000000000000000000 ) ) ;
#353 = CARTESIAN_POINT ( 'NONE',  ( -7.550000000000000711, 1.149999999999999911, 11.19999999999999929 ) ) ;
#354 = STYLED_ITEM ( 'NONE', ( #9379 ), #6217 ) ;
#355 = CARTESIAN_POINT ( 'NONE',  ( -2.046808493137360241, 0.9675444716961669744, 0.000000000000000000 ) ) ;
#357 = ORIENTED_EDGE ( 'NONE', *, *, #1140, .F. ) ;
#356 = PRESENTATION_STYLE_ASSIGNMENT (( #9106 ) ) ;
#358 = ORIENTED_EDGE ( 'NONE', *, *, #9618, .F. ) ;
#359 = DIRECTION ( 'NONE',  ( -0.9766444667050901973, 0.000000000000000000, 0.2148617826751190452 ) ) ;
#360 = AXIS2_PLACEMENT_3D ( 'NONE', #3628, #1800, #1693 ) ;
#361 = ADVANCED_FACE ( 'NONE', ( #11999 ), #1577, .T. ) ;
#362 = FACE_OUTER_BOUND ( 'NONE', #12105, .T. ) ;
#363 = STYLED_ITEM ( 'NONE', ( #11332 ), #133 ) ;
#364 =( NAMED_UNIT ( * ) PLANE_ANGLE_UNIT ( ) SI_UNIT ( $, .RADIAN. ) );
#365 = CARTESIAN_POINT ( 'NONE',  ( 0.5899999999999860911, 0.2300000000000000100, 10.20000000000000107 ) ) ;
#366 = FILL_AREA_STYLE ('',( #2303 ) ) ;
#367 = LINE ( 'NONE', #4114, #9637 ) ;
#368 = SURFACE_STYLE_USAGE ( .BOTH. , #5310 ) ;
#369 = ORIENTED_EDGE ( 'NONE', *, *, #6688, .F. ) ;
#370 =( NAMED_UNIT ( * ) SI_UNIT ( $, .STERADIAN. ) SOLID_ANGLE_UNIT ( ) );
#371 = FILL_AREA_STYLE ('',( #10116 ) ) ;
#372 = SURFACE_SIDE_STYLE ('',( #8935 ) ) ;
#373 = EDGE_CURVE ( 'NONE', #2430, #9670, #2585, .T. ) ;
#374 = COLOUR_RGB ( '',1.000000000000000000, 1.000000000000000000, 0.9450980392156862475 ) ;
#375 = LINE ( 'NONE', #8994, #6330 ) ;
#376 = CARTESIAN_POINT ( 'NONE',  ( -2.200000000000000178, 1.255044447854309908, -0.05000000000000000278 ) ) ;
#377 = COLOUR_RGB ( '',0.7803921568627451011, 0.7803921568627451011, 0.7803921568627451011 ) ;
#378 = EDGE_CURVE ( 'NONE', #9893, #310, #6401, .T. ) ;
#379 = ORIENTED_EDGE ( 'NONE', *, *, #6303, .T. ) ;
#380 = CARTESIAN_POINT ( 'NONE',  ( 0.3699999999999849520, 0.4500000000000000111, 11.19999999999999929 ) ) ;
#381 = CARTESIAN_POINT ( 'NONE',  ( 7.370000000000000107, 1.369999999999999885, -2.399999999999999911 ) ) ;
#382 = VERTEX_POINT ( 'NONE', #1545 ) ;
#383 = LINE ( 'NONE', #4445, #2282 ) ;
#384 = DIRECTION ( 'NONE',  ( 0.000000000000000000, 0.000000000000000000, -1.000000000000000000 ) ) ;
#385 =( LENGTH_UNIT ( ) NAMED_UNIT ( * ) SI_UNIT ( .MILLI., .METRE. ) );
#386 = PLANE ( 'NONE',  #2258 ) ;
#387 = FACE_OUTER_BOUND ( 'NONE', #5350, .T. ) ;
#388 = DIRECTION ( 'NONE',  ( -0.000000000000000000, -0.9766444667050904194, -0.2148617826751180737 ) ) ;
#389 = DIRECTION ( 'NONE',  ( 0.000000000000000000, 1.000000000000000000, 0.000000000000000000 ) ) ;
#390 = UNCERTAINTY_MEASURE_WITH_UNIT (LENGTH_MEASURE( 1.000000000000000082E-05 ), #12305, 'distance_accuracy_value', 'NONE');
#391 = LINE ( 'NONE', #6897, #5403 ) ;
#392 = DIRECTION ( 'NONE',  ( 1.000000000000000000, 0.000000000000000000, 0.000000000000000000 ) ) ;
#393 = DIRECTION ( 'NONE',  ( 0.000000000000000000, -1.000000000000000000, 0.000000000000000000 ) ) ;
#394 = ORIENTED_EDGE ( 'NONE', *, *, #801, .T. ) ;
#395 = ORIENTED_EDGE ( 'NONE', *, *, #6384, .T. ) ;
#396 = FACE_OUTER_BOUND ( 'NONE', #3193, .T. ) ;
#397 =( NAMED_UNIT ( * ) SI_UNIT ( $, .STERADIAN. ) SOLID_ANGLE_UNIT ( ) );
#398 = FACE_OUTER_BOUND ( 'NONE', #11633, .T. ) ;
#399 = DIRECTION ( 'NONE',  ( 0.000000000000000000, 1.000000000000000000, 0.000000000000000000 ) ) ;
#400 = DIRECTION ( 'NONE',  ( 0.000000000000000000, 0.000000000000000000, 1.000000000000000000 ) ) ;
#401 = CARTESIAN_POINT ( 'NONE',  ( -2.123404264450070134, 0.2425444478543100080, 0.000000000000000000 ) ) ;
#402 = LINE ( 'NONE', #9970, #4948 ) ;
#404 = ORIENTED_EDGE ( 'NONE', *, *, #6903, .F. ) ;
#403 = FILL_AREA_STYLE ('',( #7026 ) ) ;
#405 = EDGE_LOOP ( 'NONE', ( #3790, #3792, #10230, #2297 ) ) ;
#406 = LINE ( 'NONE', #5209, #8045 ) ;
#407 = SURFACE_SIDE_STYLE ('',( #11025 ) ) ;
#408 = EDGE_CURVE ( 'NONE', #6166, #9489, #4410, .T. ) ;
#409 = ORIENTED_EDGE ( 'NONE', *, *, #10234, .T. ) ;
#410 =( NAMED_UNIT ( * ) PLANE_ANGLE_UNIT ( ) SI_UNIT ( $, .RADIAN. ) );
#411 = DIRECTION ( 'NONE',  ( 0.8981380447713332993, -0.4397136028534102126, 0.000000000000000000 ) ) ;
#412 = LINE ( 'NONE', #7041, #7955 ) ;
#413 = PRESENTATION_STYLE_ASSIGNMENT (( #8980 ) ) ;
#414 = LINE ( 'NONE', #6973, #7934 ) ;
#415 = ORIENTED_EDGE ( 'NONE', *, *, #5477, .F. ) ;
#416 = EDGE_LOOP ( 'NONE', ( #4704, #4989, #3960, #4730, #10009, #1959 ) ) ;
#417 = FILL_AREA_STYLE ('',( #11911 ) ) ;
#418 = MECHANICAL_DESIGN_GEOMETRIC_PRESENTATION_REPRESENTATION (  '', ( #5011 ), #1616 ) ;
#419 = LINE ( 'NONE', #5363, #12034 ) ;
#420 = SURFACE_STYLE_FILL_AREA ( #7880 ) ;
#421 = VECTOR ( 'NONE', #7961, 1000.000000000000000 ) ;
#422 = EDGE_CURVE ( 'NONE', #942, #8198, #485, .T. ) ;
#423 = ADVANCED_FACE ( 'NONE', ( #10101 ), #9168, .T. ) ;
#424 = EDGE_LOOP ( 'NONE', ( #5468, #11663, #8800, #11979 ) ) ;
#425 = CARTESIAN_POINT ( 'NONE',  ( 8.509999999999999787, 0.2300000000000000100, 11.19999999999999929 ) ) ;
#426 = CARTESIAN_POINT ( 'NONE',  ( -1.689361700415610068, 0.9800444240124520645, 0.000000000000000000 ) ) ;
#427 = DIRECTION ( 'NONE',  ( 0.000000000000000000, 1.000000000000000000, 0.000000000000000000 ) ) ;
#428 =( GEOMETRIC_REPRESENTATION_CONTEXT ( 3 ) GLOBAL_UNCERTAINTY_ASSIGNED_CONTEXT ( ( #3776 ) ) GLOBAL_UNIT_ASSIGNED_CONTEXT ( ( #8371, #2023, #11657 ) ) REPRESENTATION_CONTEXT ( 'NONE', 'WORKASPACE' ) );
#429 = CARTESIAN_POINT ( 'NONE',  ( 0.000000000000000000, 0.000000000000000000, 0.000000000000000000 ) ) ;
#430 = EDGE_CURVE ( 'NONE', #1859, #8307, #2358, .T. ) ;
#431 = ORIENTED_EDGE ( 'NONE', *, *, #11435, .F. ) ;
#432 = AXIS2_PLACEMENT_3D ( 'NONE', #9680, #109, #3745 ) ;
#433 = VECTOR ( 'NONE', #3435, 1000.000000000000000 ) ;
#434 = COLOUR_RGB ( '',0.7803921568627451011, 0.7803921568627451011, 0.7803921568627451011 ) ;
#435 = EDGE_CURVE ( 'NONE', #9685, #669, #3314, .T. ) ;
#436 = VECTOR ( 'NONE', #4412, 1000.000000000000114 ) ;
#437 = MECHANICAL_DESIGN_GEOMETRIC_PRESENTATION_REPRESENTATION (  '', ( #660 ), #4239 ) ;
#438 = EDGE_CURVE ( 'NONE', #7543, #8982, #9337, .T. ) ;
#439 = CARTESIAN_POINT ( 'NONE',  ( -2.046808493137360241, 1.042544471696169817, -0.05000000000000000278 ) ) ;
#440 =( GEOMETRIC_REPRESENTATION_CONTEXT ( 3 ) GLOBAL_UNCERTAINTY_ASSIGNED_CONTEXT ( ( #1397 ) ) GLOBAL_UNIT_ASSIGNED_CONTEXT ( ( #1363, #410, #6970 ) ) REPRESENTATION_CONTEXT ( 'NONE', 'WORKASPACE' ) );
#441 = EDGE_LOOP ( 'NONE', ( #10377, #689, #6994, #176, #926, #12027, #595, #8406, #5336, #4905, #4760, #9453, #7291, #9102, #12106, #9288, #6440, #3602, #6480, #6991, #3973, #6363, #10532, #2897, #4212, #8000, #7795, #7062, #7876, #8764, #4530, #4972, #9239, #2101, #9308, #10837, #592, #9071, #4786, #11461 ) ) ;
#442 = CARTESIAN_POINT ( 'NONE',  ( -3.239999999999999769, -4.000000000000000000, 0.5999999999999999778 ) ) ;
#443 = LINE ( 'NONE', #3101, #71 ) ;
#444 = SURFACE_SIDE_STYLE ('',( #636 ) ) ;
#445 = UNCERTAINTY_MEASURE_WITH_UNIT (LENGTH_MEASURE( 1.000000000000000082E-05 ), #909, 'distance_accuracy_value', 'NONE');
#446 = FILL_AREA_STYLE ('',( #2318 ) ) ;
#447 = SURFACE_SIDE_STYLE ('',( #3281 ) ) ;
#448 = CIRCLE ( 'NONE', #2237, 1.000000000000000888 ) ;
#449 = CARTESIAN_POINT ( 'NONE',  ( 7.370000000000000107, 1.369999999999999885, 10.20000000000000107 ) ) ;
#450 = LINE ( 'NONE', #6003, #1157 ) ;
#451 = PRESENTATION_LAYER_ASSIGNMENT (  '', '', ( #3844 ) ) ;
#452 = SURFACE_STYLE_USAGE ( .BOTH. , #1211 ) ;
#453 = VECTOR ( 'NONE', #6843, 1000.000000000000000 ) ;
#454 = SURFACE_SIDE_STYLE ('',( #3478 ) ) ;
#455 = STYLED_ITEM ( 'NONE', ( #4205 ), #11122 ) ;
#456 = EDGE_CURVE ( 'NONE', #899, #11565, #11097, .T. ) ;
#457 = MECHANICAL_DESIGN_GEOMETRIC_PRESENTATION_REPRESENTATION (  '', ( #1277 ), #3853 ) ;
#458 = ORIENTED_EDGE ( 'NONE', *, *, #7373, .F. ) ;
#459 = EDGE_CURVE ( 'NONE', #2034, #9089, #9985, .T. ) ;
#460 = PRESENTATION_STYLE_ASSIGNMENT (( #9201 ) ) ;
#461 = MECHANICAL_DESIGN_GEOMETRIC_PRESENTATION_REPRESENTATION (  '', ( #1281 ), #10631 ) ;
#462 = VECTOR ( 'NONE', #4609, 1000.000000000000000 ) ;
#463 = SURFACE_STYLE_USAGE ( .BOTH. , #7351 ) ;
#464 = UNCERTAINTY_MEASURE_WITH_UNIT (LENGTH_MEASURE( 1.000000000000000082E-05 ), #2724, 'distance_accuracy_value', 'NONE');
#465 = AXIS2_PLACEMENT_3D ( 'NONE', #4021, #18, #11524 ) ;
#466 = DIRECTION ( 'NONE',  ( -0.4547769889117410091, -0.8906053505096239720, 0.000000000000000000 ) ) ;
#467 = CARTESIAN_POINT ( 'NONE',  ( 3.380000000000000338, 0.2000000000000000111, 3.200000000000000178 ) ) ;
#468 = DIRECTION ( 'NONE',  ( 0.000000000000000000, -1.000000000000000000, 0.000000000000000000 ) ) ;
#469 = SURFACE_STYLE_FILL_AREA ( #2477 ) ;
#472 = VERTEX_POINT ( 'NONE', #9104 ) ;
#471 = VECTOR ( 'NONE', #638, 1000.000000000000000 ) ;
#470 = CARTESIAN_POINT ( 'NONE',  ( 12.50000000000000000, 1.399999999999999911, 0.5999999999999999778 ) ) ;
#473 = ORIENTED_EDGE ( 'NONE', *, *, #5000, .T. ) ;
#474 = LINE ( 'NONE', #7157, #2654 ) ;
#475 = PRESENTATION_STYLE_ASSIGNMENT (( #10893 ) ) ;
#476 = CARTESIAN_POINT ( 'NONE',  ( -12.56000000000000050, -4.000000000000000000, 0.000000000000000000 ) ) ;
#477 = VECTOR ( 'NONE', #1711, 1000.000000000000000 ) ;
#478 = ORIENTED_EDGE ( 'NONE', *, *, #7631, .F. ) ;
#479 = MANIFOLD_SOLID_BREP ( 'Imported4', #9940 ) ;
#480 = SURFACE_STYLE_FILL_AREA ( #9041 ) ;
#481 = STYLED_ITEM ( 'NONE', ( #5882 ), #7906 ) ;
#482 = UNCERTAINTY_MEASURE_WITH_UNIT (LENGTH_MEASURE( 1.000000000000000082E-05 ), #3235, 'distance_accuracy_value', 'NONE');
#483 = PRESENTATION_STYLE_ASSIGNMENT (( #9043 ) ) ;
#484 = ADVANCED_FACE ( 'NONE', ( #5540 ), #11246, .T. ) ;
#485 = LINE ( 'NONE', #3429, #10736 ) ;
#487 = ORIENTED_EDGE ( 'NONE', *, *, #7984, .T. ) ;
#486 = SURFACE_STYLE_FILL_AREA ( #10906 ) ;
#488 = VERTEX_POINT ( 'NONE', #6383 ) ;
#489 = PLANE ( 'NONE',  #7014 ) ;
#490 = CARTESIAN_POINT ( 'NONE',  ( -12.50000000000000000, 4.080000000000000071, 9.500000000000000000 ) ) ;
#491 =( GEOMETRIC_REPRESENTATION_CONTEXT ( 3 ) GLOBAL_UNCERTAINTY_ASSIGNED_CONTEXT ( ( #4450 ) ) GLOBAL_UNIT_ASSIGNED_CONTEXT ( ( #2696, #11357, #2749 ) ) REPRESENTATION_CONTEXT ( 'NONE', 'WORKASPACE' ) );
#492 = DIRECTION ( 'NONE',  ( 0.000000000000000000, 0.000000000000000000, -1.000000000000000000 ) ) ;
#493 = SURFACE_STYLE_USAGE ( .BOTH. , #4300 ) ;
#494 = VECTOR ( 'NONE', #7574, 1000.000000000000227 ) ;
#495 = CARTESIAN_POINT ( 'NONE',  ( -2.200000000000000178, 0.8675444240124519091, -0.05000000000000000278 ) ) ;
#496 = ORIENTED_EDGE ( 'NONE', *, *, #3111, .T. ) ;
#497 = DIRECTION ( 'NONE',  ( 0.2100675449707450348, 0.2100675449707440079, 0.9548524771397560729 ) ) ;
#498 = SURFACE_STYLE_USAGE ( .BOTH. , #5179 ) ;
#499 = EDGE_CURVE ( 'NONE', #10356, #10798, #12242, .T. ) ;
#500 = PLANE ( 'NONE',  #11896 ) ;
#501 = SURFACE_STYLE_USAGE ( .BOTH. , #8704 ) ;
#502 = CARTESIAN_POINT ( 'NONE',  ( -2.123404264450070134, 1.142544447854309864, 0.000000000000000000 ) ) ;
#503 = ORIENTED_EDGE ( 'NONE', *, *, #9950, .F. ) ;
#504 = ORIENTED_EDGE ( 'NONE', *, *, #2510, .T. ) ;
#505 = CARTESIAN_POINT ( 'NONE',  ( -11.25999999999999979, 1.399999999999999911, 3.200000000000000178 ) ) ;
#506 = EDGE_CURVE ( 'NONE', #8970, #7517, #10169, .T. ) ;
#507 =( NAMED_UNIT ( * ) PLANE_ANGLE_UNIT ( ) SI_UNIT ( $, .RADIAN. ) );
#508 = SURFACE_STYLE_USAGE ( .BOTH. , #10015 ) ;
#509 = LINE ( 'NONE', #5381, #7474 ) ;
#510 = LINE ( 'NONE', #9898, #6590 ) ;
#511 = FILL_AREA_STYLE_COLOUR ( '', #4311 ) ;
#512 = DIRECTION ( 'NONE',  ( 0.2100675449707440356, -0.2100675449707440356, 0.9548524771397562949 ) ) ;
#513 = UNCERTAINTY_MEASURE_WITH_UNIT (LENGTH_MEASURE( 1.000000000000000082E-05 ), #9021, 'distance_accuracy_value', 'NONE');
#514 = FILL_AREA_STYLE ('',( #4518 ) ) ;
#515 = CARTESIAN_POINT ( 'NONE',  ( 8.640000000000000568, 4.000000000000000000, 0.000000000000000000 ) ) ;
#516 = ADVANCED_FACE ( 'NONE', ( #3511 ), #5596, .T. ) ;
#517 = ORIENTED_EDGE ( 'NONE', *, *, #3061, .F. ) ;
#518 = FILL_AREA_STYLE_COLOUR ( '', #7439 ) ;
#519 = LINE ( 'NONE', #9965, #1143 ) ;
#520 = LINE ( 'NONE', #1584, #6464 ) ;
#521 =( LENGTH_UNIT ( ) NAMED_UNIT ( * ) SI_UNIT ( .MILLI., .METRE. ) );
#522 =( GEOMETRIC_REPRESENTATION_CONTEXT ( 3 ) GLOBAL_UNCERTAINTY_ASSIGNED_CONTEXT ( ( #2666 ) ) GLOBAL_UNIT_ASSIGNED_CONTEXT ( ( #2005, #6709, #10554 ) ) REPRESENTATION_CONTEXT ( 'NONE', 'WORKASPACE' ) );
#523 =( LENGTH_UNIT ( ) NAMED_UNIT ( * ) SI_UNIT ( .MILLI., .METRE. ) );
#524 = EDGE_CURVE ( 'NONE', #11799, #11337, #6616, .T. ) ;
#525 =( LENGTH_UNIT ( ) NAMED_UNIT ( * ) SI_UNIT ( .MILLI., .METRE. ) );
#526 = LINE ( 'NONE', #5150, #8643 ) ;
#527 = VERTEX_POINT ( 'NONE', #750 ) ;
#528 = CARTESIAN_POINT ( 'NONE',  ( 8.540000000000000924, 0.2000000000000000111, 3.200000000000000178 ) ) ;
#529 = CARTESIAN_POINT ( 'NONE',  ( -3.370000000000000107, 1.369999999999999885, -2.399999999999999911 ) ) ;
#530 = MECHANICAL_DESIGN_GEOMETRIC_PRESENTATION_REPRESENTATION (  '', ( #5119 ), #8518 ) ;
#531 = SURFACE_STYLE_USAGE ( .BOTH. , #9977 ) ;
#532 = ORIENTED_EDGE ( 'NONE', *, *, #3454, .F. ) ;
#533 = SURFACE_STYLE_FILL_AREA ( #9100 ) ;
#534 = CARTESIAN_POINT ( 'NONE',  ( 11.19999999999999929, 4.000000000000000000, 0.000000000000000000 ) ) ;
#535 = ORIENTED_EDGE ( 'NONE', *, *, #5071, .T. ) ;
#536 = STYLED_ITEM ( 'NONE', ( #9869 ), #5642 ) ;
#537 = LINE ( 'NONE', #11229, #4525 ) ;
#538 =( NAMED_UNIT ( * ) SI_UNIT ( $, .STERADIAN. ) SOLID_ANGLE_UNIT ( ) );
#539 =( NAMED_UNIT ( * ) PLANE_ANGLE_UNIT ( ) SI_UNIT ( $, .RADIAN. ) );
#540 =( LENGTH_UNIT ( ) NAMED_UNIT ( * ) SI_UNIT ( .MILLI., .METRE. ) );
#542 = ORIENTED_EDGE ( 'NONE', *, *, #10985, .T. ) ;
#541 = LINE ( 'NONE', #12045, #7446 ) ;
#543 = ORIENTED_EDGE ( 'NONE', *, *, #10665, .T. ) ;
#544 = PRESENTATION_LAYER_ASSIGNMENT (  '', '', ( #1343 ) ) ;
#545 = DIRECTION ( 'NONE',  ( 0.000000000000000000, 0.000000000000000000, 1.000000000000000000 ) ) ;
#546 = FILL_AREA_STYLE ('',( #11107 ) ) ;
#547 = STYLED_ITEM ( 'NONE', ( #5704 ), #9851 ) ;
#548 = VECTOR ( 'NONE', #11873, 1000.000000000000000 ) ;
#549 = STYLED_ITEM ( 'NONE', ( #413 ), #479 ) ;
#550 = EDGE_CURVE ( 'NONE', #4423, #5618, #8312, .T. ) ;
#551 =( GEOMETRIC_REPRESENTATION_CONTEXT ( 3 ) GLOBAL_UNCERTAINTY_ASSIGNED_CONTEXT ( ( #8783 ) ) GLOBAL_UNIT_ASSIGNED_CONTEXT ( ( #8632, #303, #3016 ) ) REPRESENTATION_CONTEXT ( 'NONE', 'WORKASPACE' ) );
#552 = LINE ( 'NONE', #617, #2637 ) ;
#553 = VERTEX_POINT ( 'NONE', #12175 ) ;
#554 = CARTESIAN_POINT ( 'NONE',  ( -7.550000000000000711, 0.4500000000000000111, -3.399999999999999911 ) ) ;
#555 = FACE_OUTER_BOUND ( 'NONE', #3855, .T. ) ;
#556 = FILL_AREA_STYLE ('',( #8078 ) ) ;
#557 = VECTOR ( 'NONE', #3085, 1000.000000000000000 ) ;
#558 = COLOUR_RGB ( '',1.000000000000000000, 1.000000000000000000, 0.9450980392156862475 ) ;
#559 = DIRECTION ( 'NONE',  ( 1.000000000000000000, 0.000000000000000000, 0.000000000000000000 ) ) ;
#560 = DIRECTION ( 'NONE',  ( -1.000000000000000000, 0.000000000000000000, 0.000000000000000000 ) ) ;
#561 = DIRECTION ( 'NONE',  ( -0.9766444667050901973, 0.000000000000000000, -0.2148617826751190452 ) ) ;
#562 = LINE ( 'NONE', #6392, #5631 ) ;
#563 = MECHANICAL_DESIGN_GEOMETRIC_PRESENTATION_REPRESENTATION (  '', ( #11538 ), #2970 ) ;
#564 = ORIENTED_EDGE ( 'NONE', *, *, #10776, .F. ) ;
#565 = EDGE_CURVE ( 'NONE', #3624, #8666, #7384, .T. ) ;
#566 = STYLED_ITEM ( 'NONE', ( #5549 ), #10211 ) ;
#567 = VECTOR ( 'NONE', #8206, 1000.000000000000000 ) ;
#568 = CARTESIAN_POINT ( 'NONE',  ( -3.340000000000000302, 1.399999999999999911, 3.200000000000000178 ) ) ;
#569 = EDGE_LOOP ( 'NONE', ( #7034, #7841, #2341, #273 ) ) ;
#570 = LINE ( 'NONE', #4378, #4070 ) ;
#571 = AXIS2_PLACEMENT_3D ( 'NONE', #2796, #98, #10515 ) ;
#572 = FACE_OUTER_BOUND ( 'NONE', #12169, .T. ) ;
#573 =( LENGTH_UNIT ( ) NAMED_UNIT ( * ) SI_UNIT ( .MILLI., .METRE. ) );
#574 = LINE ( 'NONE', #11939, #548 ) ;
#575 = UNCERTAINTY_MEASURE_WITH_UNIT (LENGTH_MEASURE( 1.000000000000000082E-05 ), #7296, 'distance_accuracy_value', 'NONE');
#576 = CARTESIAN_POINT ( 'NONE',  ( -8.250000000000000000, 0.4500000000000000111, -3.399999999999999911 ) ) ;
#577 = SURFACE_STYLE_FILL_AREA ( #1517 ) ;
#578 = FILL_AREA_STYLE ('',( #7281 ) ) ;
#579 = CARTESIAN_POINT ( 'NONE',  ( 4.580000000000000071, 1.399999999999999911, 3.200000000000000178 ) ) ;
#580 = CARTESIAN_POINT ( 'NONE',  ( -1.753191488981250101, 0.9675444716961669744, -0.05000000000000000278 ) ) ;
#581 =( LENGTH_UNIT ( ) NAMED_UNIT ( * ) SI_UNIT ( .MILLI., .METRE. ) );
#582 =( GEOMETRIC_REPRESENTATION_CONTEXT ( 3 ) GLOBAL_UNCERTAINTY_ASSIGNED_CONTEXT ( ( #179 ) ) GLOBAL_UNIT_ASSIGNED_CONTEXT ( ( #199, #10633, #8715 ) ) REPRESENTATION_CONTEXT ( 'NONE', 'WORKASPACE' ) );
#583 =( LENGTH_UNIT ( ) NAMED_UNIT ( * ) SI_UNIT ( .MILLI., .METRE. ) );
#584 = ADVANCED_FACE ( 'NONE', ( #11421 ), #2047, .T. ) ;
#585 = ORIENTED_EDGE ( 'NONE', *, *, #8331, .F. ) ;
#586 = SURFACE_STYLE_USAGE ( .BOTH. , #7090 ) ;
#587 = EDGE_CURVE ( 'NONE', #2290, #2099, #12355, .T. ) ;
#588 =( NAMED_UNIT ( * ) PLANE_ANGLE_UNIT ( ) SI_UNIT ( $, .RADIAN. ) );
#589 = UNCERTAINTY_MEASURE_WITH_UNIT (LENGTH_MEASURE( 1.000000000000000082E-05 ), #8612, 'distance_accuracy_value', 'NONE');
#590 = LINE ( 'NONE', #5285, #11823 ) ;
#591 = SURFACE_STYLE_USAGE ( .BOTH. , #333 ) ;
#592 = ORIENTED_EDGE ( 'NONE', *, *, #6785, .F. ) ;
#593 = CARTESIAN_POINT ( 'NONE',  ( 4.549999999999999822, 1.369999999999999885, -2.399999999999999911 ) ) ;
#594 = CARTESIAN_POINT ( 'NONE',  ( 11.33000000000000007, 0.2300000000000000100, 10.20000000000000107 ) ) ;
#595 = ORIENTED_EDGE ( 'NONE', *, *, #2804, .F. ) ;
#596 = CARTESIAN_POINT ( 'NONE',  ( -1.714893621206280194, 1.342544471696169861, 0.000000000000000000 ) ) ;
#597 = FILL_AREA_STYLE_COLOUR ( '', #4441 ) ;
#598 = ORIENTED_EDGE ( 'NONE', *, *, #2817, .F. ) ;
#599 = EDGE_CURVE ( 'NONE', #8946, #2012, #1912, .T. ) ;
#600 = ORIENTED_EDGE ( 'NONE', *, *, #11514, .F. ) ;
#601 = ADVANCED_FACE ( 'NONE', ( #10414 ), #6083, .T. ) ;
#602 = EDGE_CURVE ( 'NONE', #6605, #7273, #3797, .T. ) ;
#603 = UNCERTAINTY_MEASURE_WITH_UNIT (LENGTH_MEASURE( 1.000000000000000082E-05 ), #647, 'distance_accuracy_value', 'NONE');
#604 = PRESENTATION_STYLE_ASSIGNMENT (( #1493 ) ) ;
#605 = PLANE ( 'NONE',  #9159 ) ;
#606 = FILL_AREA_STYLE ('',( #3381 ) ) ;
#607 = SURFACE_SIDE_STYLE ('',( #5589 ) ) ;
#609 = ORIENTED_EDGE ( 'NONE', *, *, #8767, .F. ) ;
#608 = CARTESIAN_POINT ( 'NONE',  ( -1.804255312681200207, 1.455044435933379843, 0.000000000000000000 ) ) ;
#610 = ORIENTED_EDGE ( 'NONE', *, *, #6473, .F. ) ;
#611 = CARTESIAN_POINT ( 'NONE',  ( -1.689361700415610068, 0.9800444240124520645, -0.05000000000000000278 ) ) ;
#612 = PLANE ( 'NONE',  #10635 ) ;
#613 = SURFACE_SIDE_STYLE ('',( #7381 ) ) ;
#614 =( GEOMETRIC_REPRESENTATION_CONTEXT ( 3 ) GLOBAL_UNCERTAINTY_ASSIGNED_CONTEXT ( ( #9230 ) ) GLOBAL_UNIT_ASSIGNED_CONTEXT ( ( #7863, #4097, #7800 ) ) REPRESENTATION_CONTEXT ( 'NONE', 'WORKASPACE' ) );
#615 = EDGE_CURVE ( 'NONE', #10069, #7919, #10584, .T. ) ;
#616 = CARTESIAN_POINT ( 'NONE',  ( -2.161702132225040263, 1.030044447854310041, 0.000000000000000000 ) ) ;
#617 = CARTESIAN_POINT ( 'NONE',  ( -1.600000000000000089, 1.255044447854309908, 0.000000000000000000 ) ) ;
#618 = ADVANCED_FACE ( 'NONE', ( #396 ), #8033, .T. ) ;
#619 = EDGE_LOOP ( 'NONE', ( #8415, #1637, #10272, #7319 ) ) ;
#620 = FILL_AREA_STYLE_COLOUR ( '', #5418 ) ;
#621 = MECHANICAL_DESIGN_GEOMETRIC_PRESENTATION_REPRESENTATION (  '', ( #10392 ), #2829 ) ;
#622 = LINE ( 'NONE', #8137, #9816 ) ;
#623 = PRESENTATION_LAYER_ASSIGNMENT (  '', '', ( #2211 ) ) ;
#624 = FACE_OUTER_BOUND ( 'NONE', #7365, .T. ) ;
#625 = CARTESIAN_POINT ( 'NONE',  ( -1.689361700415610068, -0.1449555044619749988, 0.000000000000000000 ) ) ;
#626 = ORIENTED_EDGE ( 'NONE', *, *, #4512, .T. ) ;
#627 = VECTOR ( 'NONE', #8222, 1000.000000000000114 ) ;
#628 = STYLED_ITEM ( 'NONE', ( #1323 ), #4789 ) ;
#629 = PRESENTATION_LAYER_ASSIGNMENT (  '', '', ( #10794 ) ) ;
#630 = CARTESIAN_POINT ( 'NONE',  ( 12.85999999999999943, 3.000000000000000000, 0.000000000000000000 ) ) ;
#631 = AXIS2_PLACEMENT_3D ( 'NONE', #7817, #2898, #1988 ) ;
#632 = ORIENTED_EDGE ( 'NONE', *, *, #7711, .F. ) ;
#633 = CARTESIAN_POINT ( 'NONE',  ( 7.240000000000000213, -4.000000000000000000, 0.5999999999999999778 ) ) ;
#634 = CARTESIAN_POINT ( 'NONE',  ( -2.187234044075009987, 1.317544424012449866, 0.000000000000000000 ) ) ;
#635 = PRESENTATION_STYLE_ASSIGNMENT (( #7463 ) ) ;
#636 = SURFACE_STYLE_FILL_AREA ( #4449 ) ;
#637 = PRESENTATION_LAYER_ASSIGNMENT (  '', '', ( #2226 ) ) ;
#638 = DIRECTION ( 'NONE',  ( -1.000000000000000000, 0.000000000000000000, 0.000000000000000000 ) ) ;
#639 = FILL_AREA_STYLE_COLOUR ( '', #1785 ) ;
#640 = DIRECTION ( 'NONE',  ( -0.5627910658975531222, 0.8265991871190631057, 0.000000000000000000 ) ) ;
#641 = ADVANCED_FACE ( 'NONE', ( #11009 ), #6199, .T. ) ;
#642 = SURFACE_STYLE_USAGE ( .BOTH. , #9194 ) ;
#643 = UNCERTAINTY_MEASURE_WITH_UNIT (LENGTH_MEASURE( 1.000000000000000082E-05 ), #7887, 'distance_accuracy_value', 'NONE');
#644 = CARTESIAN_POINT ( 'NONE',  ( -0.5800000000000099520, 0.2000000000000000111, 0.5999999999999999778 ) ) ;
#645 =( LENGTH_UNIT ( ) NAMED_UNIT ( * ) SI_UNIT ( .MILLI., .METRE. ) );
#646 = MECHANICAL_DESIGN_GEOMETRIC_PRESENTATION_REPRESENTATION (  '', ( #6017 ), #1246 ) ;
#647 =( LENGTH_UNIT ( ) NAMED_UNIT ( * ) SI_UNIT ( .MILLI., .METRE. ) );
#648 = COLOUR_RGB ( '',0.7803921568627451011, 0.7803921568627451011, 0.7803921568627451011 ) ;
#649 =( GEOMETRIC_REPRESENTATION_CONTEXT ( 3 ) GLOBAL_UNCERTAINTY_ASSIGNED_CONTEXT ( ( #12271 ) ) GLOBAL_UNIT_ASSIGNED_CONTEXT ( ( #1310, #3431, #3192 ) ) REPRESENTATION_CONTEXT ( 'NONE', 'WORKASPACE' ) );
#650 = CARTESIAN_POINT ( 'NONE',  ( -2.123404264450070134, 0.2425444478543100080, 0.000000000000000000 ) ) ;
#651 = STYLED_ITEM ( 'NONE', ( #5695 ), #1439 ) ;
#652 = AXIS2_PLACEMENT_3D ( 'NONE', #5388, #5281, #1404 ) ;
#653 = ORIENTED_EDGE ( 'NONE', *, *, #10941, .T. ) ;
#654 = COLOUR_RGB ( '',1.000000000000000000, 1.000000000000000000, 0.9450980392156862475 ) ;
#655 = COLOUR_RGB ( '',0.7803921568627451011, 0.7803921568627451011, 0.7803921568627451011 ) ;
#656 = CARTESIAN_POINT ( 'NONE',  ( -2.110638308525089712, -0.1449555044619749988, 0.000000000000000000 ) ) ;
#657 = AXIS2_PLACEMENT_3D ( 'NONE', #9011, #6470, #8152 ) ;
#658 = CARTESIAN_POINT ( 'NONE',  ( -1.804255312681200207, -0.1074555044619750072, -0.05000000000000000278 ) ) ;
#659 =( GEOMETRIC_REPRESENTATION_CONTEXT ( 3 ) GLOBAL_UNCERTAINTY_ASSIGNED_CONTEXT ( ( #1890 ) ) GLOBAL_UNIT_ASSIGNED_CONTEXT ( ( #9727, #10466, #6907 ) ) REPRESENTATION_CONTEXT ( 'NONE', 'WORKASPACE' ) );
#660 = STYLED_ITEM ( 'NONE', ( #2147 ), #1538 ) ;
#661 = DIRECTION ( 'NONE',  ( -1.000000000000000000, 0.000000000000000000, 0.000000000000000000 ) ) ;
#662 =( NAMED_UNIT ( * ) PLANE_ANGLE_UNIT ( ) SI_UNIT ( $, .RADIAN. ) );
#663 = DIRECTION ( 'NONE',  ( 0.000000000000000000, 0.9766444667050906414, 0.2148617826751169080 ) ) ;
#664 = EDGE_CURVE ( 'NONE', #10460, #7517, #8161, .T. ) ;
#665 = STYLED_ITEM ( 'NONE', ( #6049 ), #1104 ) ;
#666 = CARTESIAN_POINT ( 'NONE',  ( 11.54999999999999893, 1.149999999999999911, 11.19999999999999929 ) ) ;
#667 = PLANE ( 'NONE',  #5620 ) ;
#668 = DIRECTION ( 'NONE',  ( -1.000000000000000000, 0.000000000000000000, 0.000000000000000000 ) ) ;
#669 = VERTEX_POINT ( 'NONE', #8288 ) ;
#670 =( NAMED_UNIT ( * ) SI_UNIT ( $, .STERADIAN. ) SOLID_ANGLE_UNIT ( ) );
#671 = VERTEX_POINT ( 'NONE', #3535 ) ;
#672 = SURFACE_STYLE_FILL_AREA ( #9636 ) ;
#673 = CARTESIAN_POINT ( 'NONE',  ( -2.110638308525089712, -0.03245550446197449646, 0.000000000000000000 ) ) ;
#674 = COLOUR_RGB ( '',0.2941176470588235392, 0.2941176470588235392, 0.2941176470588235392 ) ;
#675 = VERTEX_POINT ( 'NONE', #1525 ) ;
#676 = VECTOR ( 'NONE', #4569, 1000.000000000000000 ) ;
#677 = STYLED_ITEM ( 'NONE', ( #3736 ), #1213 ) ;
#678 = VECTOR ( 'NONE', #2607, 1000.000000000000000 ) ;
#679 = SURFACE_SIDE_STYLE ('',( #2543 ) ) ;
#680 = AXIS2_PLACEMENT_3D ( 'NONE', #318, #2082, #5946 ) ;
#681 = SURFACE_STYLE_FILL_AREA ( #5475 ) ;
#682 =( LENGTH_UNIT ( ) NAMED_UNIT ( * ) SI_UNIT ( .MILLI., .METRE. ) );
#683 = SURFACE_STYLE_USAGE ( .BOTH. , #2611 ) ;
#684 = ADVANCED_FACE ( 'NONE', ( #7348 ), #1648, .T. ) ;
#685 = ORIENTED_EDGE ( 'NONE', *, *, #8204, .T. ) ;
#686 = DIRECTION ( 'NONE',  ( -0.5627910658975490144, 0.8265991871190659923, 0.000000000000000000 ) ) ;
#687 = AXIS2_PLACEMENT_3D ( 'NONE', #9711, #10557, #144 ) ;
#689 = ORIENTED_EDGE ( 'NONE', *, *, #3858, .F. ) ;
#688 = DIRECTION ( 'NONE',  ( 0.000000000000000000, -1.000000000000000000, 0.000000000000000000 ) ) ;
#690 = EDGE_LOOP ( 'NONE', ( #6488, #8044, #3921, #9214 ) ) ;
#691 = PRESENTATION_LAYER_ASSIGNMENT (  '', '', ( #1281 ) ) ;
#692 = CARTESIAN_POINT ( 'NONE',  ( -12.50000000000000000, 4.000000000000000000, 7.500000000000000000 ) ) ;
#693 = CARTESIAN_POINT ( 'NONE',  ( -2.200000000000000178, 0.3175444478543100191, 0.000000000000000000 ) ) ;
#694 = DIRECTION ( 'NONE',  ( 0.000000000000000000, 0.000000000000000000, -1.000000000000000000 ) ) ;
#695 = PRESENTATION_STYLE_ASSIGNMENT (( #8248 ) ) ;
#696 = EDGE_CURVE ( 'NONE', #4574, #7104, #7584, .T. ) ;
#697 = MECHANICAL_DESIGN_GEOMETRIC_PRESENTATION_REPRESENTATION (  '', ( #5268 ), #6270 ) ;
#698 = FILL_AREA_STYLE_COLOUR ( '', #3359 ) ;
#699 = CARTESIAN_POINT ( 'NONE',  ( -1.689361700415610068, -0.03245550446197460054, 0.000000000000000000 ) ) ;
#700 = ORIENTED_EDGE ( 'NONE', *, *, #6182, .F. ) ;
#701 = SURFACE_SIDE_STYLE ('',( #753 ) ) ;
#702 = COLOUR_RGB ( '',0.7803921568627451011, 0.7803921568627451011, 0.7803921568627451011 ) ;
#703 = DIRECTION ( 'NONE',  ( 0.000000000000000000, 1.000000000000000000, 0.000000000000000000 ) ) ;
#704 = EDGE_CURVE ( 'NONE', #5618, #7807, #5747, .T. ) ;
#705 =( NAMED_UNIT ( * ) SI_UNIT ( $, .STERADIAN. ) SOLID_ANGLE_UNIT ( ) );
#706 = CARTESIAN_POINT ( 'NONE',  ( -1.714893621206280194, 1.055044424012449911, -0.05000000000000000278 ) ) ;
#707 = ORIENTED_EDGE ( 'NONE', *, *, #1256, .T. ) ;
#708 = CARTESIAN_POINT ( 'NONE',  ( 13.86000000000000121, 2.000000000000000000, 3.200000000000000178 ) ) ;
#709 = ORIENTED_EDGE ( 'NONE', *, *, #10548, .F. ) ;
#710 = DIRECTION ( 'NONE',  ( 0.000000000000000000, 0.000000000000000000, -1.000000000000000000 ) ) ;
#711 = DIRECTION ( 'NONE',  ( -0.9713210491250664491, 0.2377717803411078523, 0.000000000000000000 ) ) ;
#712 = UNCERTAINTY_MEASURE_WITH_UNIT (LENGTH_MEASURE( 1.000000000000000082E-05 ), #8310, 'distance_accuracy_value', 'NONE');
#713 = CARTESIAN_POINT ( 'NONE',  ( 4.580000000000000071, 1.399999999999999911, 3.200000000000000178 ) ) ;
#714 =( NAMED_UNIT ( * ) SI_UNIT ( $, .STERADIAN. ) SOLID_ANGLE_UNIT ( ) );
#715 = SURFACE_STYLE_USAGE ( .BOTH. , #2640 ) ;
#716 = FILL_AREA_STYLE ('',( #1635 ) ) ;
#717 = VERTEX_POINT ( 'NONE', #8395 ) ;
#718 = FACE_OUTER_BOUND ( 'NONE', #7538, .T. ) ;
#719 = ORIENTED_EDGE ( 'NONE', *, *, #4776, .T. ) ;
#720 = ADVANCED_FACE ( 'NONE', ( #2908 ), #12317, .F. ) ;
#721 = CARTESIAN_POINT ( 'NONE',  ( -12.50000000000000000, 4.000000000000000000, 0.5999999999999999778 ) ) ;
#722 = UNCERTAINTY_MEASURE_WITH_UNIT (LENGTH_MEASURE( 1.000000000000000082E-05 ), #7581, 'distance_accuracy_value', 'NONE');
#723 = LINE ( 'NONE', #6347, #3670 ) ;
#724 = LINE ( 'NONE', #8214, #7771 ) ;
#725 = SURFACE_SIDE_STYLE ('',( #5393 ) ) ;
#726 = CARTESIAN_POINT ( 'NONE',  ( -2.046808493137360241, 0.9675444716961679736, 0.000000000000000000 ) ) ;
#727 = CARTESIAN_POINT ( 'NONE',  ( 12.50000000000000000, 3.000000000000000000, 3.200000000000000178 ) ) ;
#728 = SURFACE_STYLE_USAGE ( .BOTH. , #6354 ) ;
#729 = VERTEX_POINT ( 'NONE', #7529 ) ;
#730 = PRESENTATION_STYLE_ASSIGNMENT (( #8479 ) ) ;
#731 = VERTEX_POINT ( 'NONE', #6648 ) ;
#732 = CARTESIAN_POINT ( 'NONE',  ( -12.85999999999999943, -4.000000000000000000, 0.000000000000000000 ) ) ;
#733 = ORIENTED_EDGE ( 'NONE', *, *, #3741, .F. ) ;
#734 = ADVANCED_FACE ( 'NONE', ( #12374 ), #11453, .T. ) ;
#735 = MECHANICAL_DESIGN_GEOMETRIC_PRESENTATION_REPRESENTATION (  '', ( #311 ), #522 ) ;
#736 = CARTESIAN_POINT ( 'NONE',  ( -1.612765957042569864, -0.04495559982940589699, 0.000000000000000000 ) ) ;
#737 = DIRECTION ( 'NONE',  ( -1.000000000000000000, 0.000000000000000000, 0.000000000000000000 ) ) ;
#738 = LINE ( 'NONE', #11094, #1058 ) ;
#739 =( LENGTH_UNIT ( ) NAMED_UNIT ( * ) SI_UNIT ( .MILLI., .METRE. ) );
#740 = CARTESIAN_POINT ( 'NONE',  ( 11.19999999999999929, -4.000000000000000000, 0.000000000000000000 ) ) ;
#741 = VERTEX_POINT ( 'NONE', #3594 ) ;
#743 = ORIENTED_EDGE ( 'NONE', *, *, #2423, .F. ) ;
#742 = PLANE ( 'NONE',  #5630 ) ;
#744 = ORIENTED_EDGE ( 'NONE', *, *, #6978, .T. ) ;
#745 = PLANE ( 'NONE',  #11994 ) ;
#746 = FACE_OUTER_BOUND ( 'NONE', #6158, .T. ) ;
#747 = CYLINDRICAL_SURFACE ( 'NONE', #11439, 1.000000000000000888 ) ;
#748 = EDGE_CURVE ( 'NONE', #3360, #5495, #11204, .T. ) ;
#749 = VECTOR ( 'NONE', #4794, 1000.000000000000000 ) ;
#750 = CARTESIAN_POINT ( 'NONE',  ( -2.200000000000000178, -0.4824556475131219768, -0.05000000000000000278 ) ) ;
#751 = DIRECTION ( 'NONE',  ( 0.000000000000000000, -1.000000000000000000, 0.000000000000000000 ) ) ;
#752 = ORIENTED_EDGE ( 'NONE', *, *, #8845, .T. ) ;
#753 = SURFACE_STYLE_FILL_AREA ( #10173 ) ;
#754 = DIRECTION ( 'NONE',  ( 0.2100675449707440356, 0.2100675449707440356, 0.9548524771397562949 ) ) ;
#755 = ADVANCED_FACE ( 'NONE', ( #9828 ), #11570, .T. ) ;
#756 = LINE ( 'NONE', #8562, #7922 ) ;
#757 = STYLED_ITEM ( 'NONE', ( #11134 ), #9986 ) ;
#758 = AXIS2_PLACEMENT_3D ( 'NONE', #9205, #3415, #6285 ) ;
#759 = LINE ( 'NONE', #3576, #4455 ) ;
#760 = VERTEX_POINT ( 'NONE', #4004 ) ;
#761 = COLOUR_RGB ( '',0.7803921568627451011, 0.7803921568627451011, 0.7803921568627451011 ) ;
#762 = EDGE_CURVE ( 'NONE', #9779, #10468, #3024, .T. ) ;
#763 = PRESENTATION_STYLE_ASSIGNMENT (( #814 ) ) ;
#764 = ORIENTED_EDGE ( 'NONE', *, *, #8394, .T. ) ;
#765 = PRESENTATION_LAYER_ASSIGNMENT (  '', '', ( #11528 ) ) ;
#766 = CARTESIAN_POINT ( 'NONE',  ( -1.600000000000000089, 0.4175444955380249734, 0.000000000000000000 ) ) ;
#767 = EDGE_CURVE ( 'NONE', #4907, #10972, #10687, .T. ) ;
#768 = SURFACE_STYLE_USAGE ( .BOTH. , #7639 ) ;
#769 = DIRECTION ( 'NONE',  ( -1.000000000000000000, 0.000000000000000000, 0.000000000000000000 ) ) ;
#770 = DIRECTION ( 'NONE',  ( 1.000000000000000000, 0.000000000000000000, 0.000000000000000000 ) ) ;
#771 = UNCERTAINTY_MEASURE_WITH_UNIT (LENGTH_MEASURE( 1.000000000000000082E-05 ), #7501, 'distance_accuracy_value', 'NONE');
#772 = VERTEX_POINT ( 'NONE', #1327 ) ;
#773 =( NAMED_UNIT ( * ) SI_UNIT ( $, .STERADIAN. ) SOLID_ANGLE_UNIT ( ) );
#774 = ORIENTED_EDGE ( 'NONE', *, *, #3770, .T. ) ;
#775 = CARTESIAN_POINT ( 'NONE',  ( -12.46000000000000085, 1.399999999999999911, 0.5999999999999999778 ) ) ;
#776 = ORIENTED_EDGE ( 'NONE', *, *, #1909, .F. ) ;
#777 = LINE ( 'NONE', #10274, #4736 ) ;
#778 = DIRECTION ( 'NONE',  ( -0.4397141723526720170, -0.8981377659536451397, 0.000000000000000000 ) ) ;
#779 = FILL_AREA_STYLE ('',( #11957 ) ) ;
#780 = PLANE ( 'NONE',  #5733 ) ;
#781 = UNCERTAINTY_MEASURE_WITH_UNIT (LENGTH_MEASURE( 1.000000000000000082E-05 ), #521, 'distance_accuracy_value', 'NONE');
#782 = AXIS2_PLACEMENT_3D ( 'NONE', #2720, #778, #3488 ) ;
#783 = DIRECTION ( 'NONE',  ( -1.000000000000000000, 0.000000000000000000, 0.000000000000000000 ) ) ;
#784 = CARTESIAN_POINT ( 'NONE',  ( -2.059574484825129836, -0.1699555521456899976, 0.000000000000000000 ) ) ;
#785 = ORIENTED_EDGE ( 'NONE', *, *, #8993, .F. ) ;
#786 = STYLED_ITEM ( 'NONE', ( #11278 ), #6628 ) ;
#787 = ORIENTED_EDGE ( 'NONE', *, *, #10459, .T. ) ;
#788 = DIRECTION ( 'NONE',  ( -0.9813592727596095466, -0.1921821473725649210, 0.000000000000000000 ) ) ;
#789 = ORIENTED_EDGE ( 'NONE', *, *, #4666, .F. ) ;
#790 = AXIS2_PLACEMENT_3D ( 'NONE', #9082, #3217, #7003 ) ;
#791 = LINE ( 'NONE', #3676, #1856 ) ;
#792 = DIRECTION ( 'NONE',  ( 0.000000000000000000, -1.000000000000000000, 0.000000000000000000 ) ) ;
#793 = DIRECTION ( 'NONE',  ( 0.000000000000000000, -1.000000000000000000, 0.000000000000000000 ) ) ;
#794 = CARTESIAN_POINT ( 'NONE',  ( 28.33999999999999986, 0.000000000000000000, 11.19999999999999929 ) ) ;
#795 = ORIENTED_EDGE ( 'NONE', *, *, #8414, .F. ) ;
#796 = PLANE ( 'NONE',  #10510 ) ;
#798 = ORIENTED_EDGE ( 'NONE', *, *, #5563, .F. ) ;
#797 =( NAMED_UNIT ( * ) PLANE_ANGLE_UNIT ( ) SI_UNIT ( $, .RADIAN. ) );
#799 = VERTEX_POINT ( 'NONE', #2192 ) ;
#800 = FILL_AREA_STYLE_COLOUR ( '', #1046 ) ;
#801 = EDGE_CURVE ( 'NONE', #3481, #1741, #3213, .T. ) ;
#802 = CARTESIAN_POINT ( 'NONE',  ( -0.6800000000000100409, -4.000000000000000000, 0.5999999999999999778 ) ) ;
#803 = DIRECTION ( 'NONE',  ( 0.000000000000000000, 0.000000000000000000, -1.000000000000000000 ) ) ;
#804 = CARTESIAN_POINT ( 'NONE',  ( 3.979999999999999982, 1.260000000000000009, -2.899999999999999911 ) ) ;
#805 = CARTESIAN_POINT ( 'NONE',  ( 12.50000000000000000, 4.000000000000000000, 7.500000000000000000 ) ) ;
#806 = ORIENTED_EDGE ( 'NONE', *, *, #4446, .T. ) ;
#807 = PRESENTATION_STYLE_ASSIGNMENT (( #6444 ) ) ;
#808 = SURFACE_STYLE_FILL_AREA ( #2754 ) ;
#809 =( LENGTH_UNIT ( ) NAMED_UNIT ( * ) SI_UNIT ( .MILLI., .METRE. ) );
#810 = EDGE_CURVE ( 'NONE', #11423, #5369, #1092, .T. ) ;
#811 = SURFACE_STYLE_FILL_AREA ( #5493 ) ;
#812 = CARTESIAN_POINT ( 'NONE',  ( 12.50000000000000000, 3.000000000000000000, 0.5999999999999999778 ) ) ;
#813 = ORIENTED_EDGE ( 'NONE', *, *, #6697, .T. ) ;
#814 = SURFACE_STYLE_USAGE ( .BOTH. , #11188 ) ;
#815 = ORIENTED_EDGE ( 'NONE', *, *, #2238, .T. ) ;
#816 = LINE ( 'NONE', #7520, #73 ) ;
#817 = FILL_AREA_STYLE_COLOUR ( '', #1232 ) ;
#818 = FILL_AREA_STYLE_COLOUR ( '', #6352 ) ;
#819 = DIRECTION ( 'NONE',  ( 0.000000000000000000, -1.000000000000000000, 0.000000000000000000 ) ) ;
#820 = PLANE ( 'NONE',  #993 ) ;
#821 = CARTESIAN_POINT ( 'NONE',  ( -1.689361700415610068, 1.305044471696169994, 0.000000000000000000 ) ) ;
#822 = SURFACE_SIDE_STYLE ('',( #2714 ) ) ;
#823 = ADVANCED_FACE ( 'NONE', ( #2131 ), #4071, .T. ) ;
#824 = ORIENTED_EDGE ( 'NONE', *, *, #12126, .F. ) ;
#825 =( NAMED_UNIT ( * ) PLANE_ANGLE_UNIT ( ) SI_UNIT ( $, .RADIAN. ) );
#826 = MECHANICAL_DESIGN_GEOMETRIC_PRESENTATION_REPRESENTATION (  '', ( #3028 ), #5955 ) ;
#827 = VECTOR ( 'NONE', #4800, 1000.000000000000000 ) ;
#828 = VECTOR ( 'NONE', #10743, 1000.000000000000000 ) ;
#829 = ADVANCED_FACE ( 'NONE', ( #11502 ), #9639, .F. ) ;
#830 = FILL_AREA_STYLE ('',( #957 ) ) ;
#831 =( GEOMETRIC_REPRESENTATION_CONTEXT ( 3 ) GLOBAL_UNCERTAINTY_ASSIGNED_CONTEXT ( ( #3762 ) ) GLOBAL_UNIT_ASSIGNED_CONTEXT ( ( #4359, #5305, #8183 ) ) REPRESENTATION_CONTEXT ( 'NONE', 'WORKASPACE' ) );
#832 = ORIENTED_EDGE ( 'NONE', *, *, #1387, .F. ) ;
#833 = SURFACE_SIDE_STYLE ('',( #6408 ) ) ;
#834 = FILL_AREA_STYLE ('',( #1770 ) ) ;
#835 = AXIS2_PLACEMENT_3D ( 'NONE', #9245, #7558, #3796 ) ;
#836 = DIRECTION ( 'NONE',  ( -0.9813592727596095466, -0.1921821473725649210, 0.000000000000000000 ) ) ;
#837 = DIRECTION ( 'NONE',  ( 0.000000000000000000, 1.000000000000000000, 0.000000000000000000 ) ) ;
#838 = VECTOR ( 'NONE', #703, 1000.000000000000000 ) ;
#839 = VECTOR ( 'NONE', #10919, 1000.000000000000000 ) ;
#840 = DIRECTION ( 'NONE',  ( 0.000000000000000000, 1.000000000000000000, 0.000000000000000000 ) ) ;
#841 = DIRECTION ( 'NONE',  ( 0.2100675449707450348, -0.2100675449707440079, -0.9548524771397560729 ) ) ;
#842 = VERTEX_POINT ( 'NONE', #2314 ) ;
#843 = PRESENTATION_LAYER_ASSIGNMENT (  '', '', ( #11615 ) ) ;
#844 = MECHANICAL_DESIGN_GEOMETRIC_PRESENTATION_REPRESENTATION (  '', ( #10024 ), #10804 ) ;
#845 = CARTESIAN_POINT ( 'NONE',  ( 0.01999999999998889819, 1.260000000000000009, -2.899999999999999911 ) ) ;
#846 = DIRECTION ( 'NONE',  ( -0.000000000000000000, -0.9766444667050904194, -0.2148617826751180737 ) ) ;
#847 = ORIENTED_EDGE ( 'NONE', *, *, #11514, .T. ) ;
#848 = MECHANICAL_DESIGN_GEOMETRIC_PRESENTATION_REPRESENTATION (  '', ( #5613 ), #11420 ) ;
#849 =( LENGTH_UNIT ( ) NAMED_UNIT ( * ) SI_UNIT ( .MILLI., .METRE. ) );
#850 = EDGE_CURVE ( 'NONE', #2740, #3176, #6119, .T. ) ;
#851 = VECTOR ( 'NONE', #3131, 1000.000000000000000 ) ;
#852 = VERTEX_POINT ( 'NONE', #630 ) ;
#853 = MECHANICAL_DESIGN_GEOMETRIC_PRESENTATION_REPRESENTATION (  '', ( #3843 ), #2445 ) ;
#854 = VECTOR ( 'NONE', #3069, 1000.000000000000000 ) ;
#855 = VECTOR ( 'NONE', #10071, 1000.000000000000000 ) ;
#856 =( NAMED_UNIT ( * ) PLANE_ANGLE_UNIT ( ) SI_UNIT ( $, .RADIAN. ) );
#857 = SURFACE_SIDE_STYLE ('',( #94 ) ) ;
#858 = VECTOR ( 'NONE', #11938, 1000.000000000000000 ) ;
#859 = AXIS2_PLACEMENT_3D ( 'NONE', #804, #4612, #9434 ) ;
#860 = DIRECTION ( 'NONE',  ( 0.2100675449707440356, -0.2100675449707440356, 0.9548524771397562949 ) ) ;
#861 = SURFACE_STYLE_USAGE ( .BOTH. , #5530 ) ;
#862 = VERTEX_POINT ( 'NONE', #3273 ) ;
#863 = CARTESIAN_POINT ( 'NONE',  ( -1.714893621206280194, -0.06995550446197471017, 0.000000000000000000 ) ) ;
#865 = ORIENTED_EDGE ( 'NONE', *, *, #4404, .T. ) ;
#864 = STYLED_ITEM ( 'NONE', ( #604 ), #3212 ) ;
#866 = ORIENTED_EDGE ( 'NONE', *, *, #8697, .F. ) ;
#867 = MECHANICAL_DESIGN_GEOMETRIC_PRESENTATION_REPRESENTATION (  '', ( #10028 ), #6040 ) ;
#868 = CARTESIAN_POINT ( 'NONE',  ( 11.33000000000000007, 1.369999999999999885, 10.20000000000000107 ) ) ;
#869 = MECHANICAL_DESIGN_GEOMETRIC_PRESENTATION_REPRESENTATION (  '', ( #1063 ), #659 ) ;
#870 = SURFACE_SIDE_STYLE ('',( #9493 ) ) ;
#871 = CARTESIAN_POINT ( 'NONE',  ( -2.187234044075009987, 1.317544424012449866, -0.05000000000000000278 ) ) ;
#872 = MECHANICAL_DESIGN_GEOMETRIC_PRESENTATION_REPRESENTATION (  '', ( #6250 ), #4248 ) ;
#873 = DIRECTION ( 'NONE',  ( 0.000000000000000000, 0.000000000000000000, -1.000000000000000000 ) ) ;
#874 = STYLED_ITEM ( 'NONE', ( #6237 ), #1123 ) ;
#875 = PRESENTATION_LAYER_ASSIGNMENT (  '', '', ( #455 ) ) ;
#876 = VECTOR ( 'NONE', #6893, 1000.000000000000000 ) ;
#877 = PRESENTATION_STYLE_ASSIGNMENT (( #1795 ) ) ;
#878 = ADVANCED_FACE ( 'NONE', ( #9947 ), #9127, .T. ) ;
#879 = PRESENTATION_LAYER_ASSIGNMENT (  '', '', ( #3672 ) ) ;
#880 = VERTEX_POINT ( 'NONE', #568 ) ;
#881 = STYLED_ITEM ( 'NONE', ( #12301 ), #2042 ) ;
#882 =( NAMED_UNIT ( * ) SI_UNIT ( $, .STERADIAN. ) SOLID_ANGLE_UNIT ( ) );
#883 = DIRECTION ( 'NONE',  ( 0.000000000000000000, 0.000000000000000000, -1.000000000000000000 ) ) ;
#884 =( NAMED_UNIT ( * ) PLANE_ANGLE_UNIT ( ) SI_UNIT ( $, .RADIAN. ) );
#885 = COLOUR_RGB ( '',0.2941176470588235392, 0.2941176470588235392, 0.2941176470588235392 ) ;
#886 = PLANE ( 'NONE',  #10525 ) ;
#887 = CARTESIAN_POINT ( 'NONE',  ( 13.86000000000000121, -3.000000000000000000, 3.200000000000000178 ) ) ;
#888 = VECTOR ( 'NONE', #6465, 1000.000000000000000 ) ;
#889 = COLOUR_RGB ( '',1.000000000000000000, 1.000000000000000000, 0.9450980392156862475 ) ;
#890 = STYLED_ITEM ( 'NONE', ( #635 ), #11662 ) ;
#891 = EDGE_CURVE ( 'NONE', #4667, #11731, #7271, .T. ) ;
#892 = ORIENTED_EDGE ( 'NONE', *, *, #7493, .F. ) ;
#893 = PRESENTATION_LAYER_ASSIGNMENT (  '', '', ( #11658 ) ) ;
#894 = DIRECTION ( 'NONE',  ( 0.000000000000000000, 0.000000000000000000, -1.000000000000000000 ) ) ;
#895 = DIRECTION ( 'NONE',  ( 0.000000000000000000, 1.000000000000000000, 0.000000000000000000 ) ) ;
#896 = FACE_OUTER_BOUND ( 'NONE', #7748, .T. ) ;
#897 = CARTESIAN_POINT ( 'NONE',  ( -1.600000000000000089, 1.255044447854309908, 0.000000000000000000 ) ) ;
#898 = UNCERTAINTY_MEASURE_WITH_UNIT (LENGTH_MEASURE( 1.000000000000000082E-05 ), #573, 'distance_accuracy_value', 'NONE');
#899 = VERTEX_POINT ( 'NONE', #11123 ) ;
#900 = CARTESIAN_POINT ( 'NONE',  ( -1.740425533056259910, -0.1699555521456899976, -0.05000000000000000278 ) ) ;
#901 = EDGE_CURVE ( 'NONE', #11975, #2799, #2576, .T. ) ;
#902 = DIRECTION ( 'NONE',  ( 0.000000000000000000, 0.000000000000000000, -1.000000000000000000 ) ) ;
#903 = ORIENTED_EDGE ( 'NONE', *, *, #11158, .F. ) ;
#904 = CARTESIAN_POINT ( 'NONE',  ( 11.54999999999999893, 0.4500000000000000111, 11.19999999999999929 ) ) ;
#905 = EDGE_CURVE ( 'NONE', #488, #1066, #1625, .T. ) ;
#906 = PRESENTATION_STYLE_ASSIGNMENT (( #12269 ) ) ;
#907 = CARTESIAN_POINT ( 'NONE',  ( -1.995744669437410357, -0.1074555044619750072, -0.05000000000000000278 ) ) ;
#908 = CARTESIAN_POINT ( 'NONE',  ( 12.85999999999999943, 3.000000000000000000, 0.000000000000000000 ) ) ;
#909 =( LENGTH_UNIT ( ) NAMED_UNIT ( * ) SI_UNIT ( .MILLI., .METRE. ) );
#910 = EDGE_CURVE ( 'NONE', #6393, #11966, #8014, .T. ) ;
#911 = UNCERTAINTY_MEASURE_WITH_UNIT (LENGTH_MEASURE( 1.000000000000000082E-05 ), #11000, 'distance_accuracy_value', 'NONE');
#912 = LINE ( 'NONE', #7663, #2041 ) ;
#913 =( NAMED_UNIT ( * ) PLANE_ANGLE_UNIT ( ) SI_UNIT ( $, .RADIAN. ) );
#914 = ORIENTED_EDGE ( 'NONE', *, *, #2602, .T. ) ;
#915 = CARTESIAN_POINT ( 'NONE',  ( -12.85999999999999943, 3.000000000000000000, 3.200000000000000178 ) ) ;
#916 = DIRECTION ( 'NONE',  ( -1.000000000000000000, 0.000000000000000000, 0.000000000000000000 ) ) ;
#917 = ORIENTED_EDGE ( 'NONE', *, *, #11670, .F. ) ;
#918 = PLANE ( 'NONE',  #7243 ) ;
#919 = EDGE_LOOP ( 'NONE', ( #5347, #6998, #7668, #600, #10485, #10749, #2672, #10769, #7749, #598, #2800, #10144 ) ) ;
#920 = FILL_AREA_STYLE ('',( #9483 ) ) ;
#921 = UNCERTAINTY_MEASURE_WITH_UNIT (LENGTH_MEASURE( 1.000000000000000082E-05 ), #11401, 'distance_accuracy_value', 'NONE');
#922 =( NAMED_UNIT ( * ) PLANE_ANGLE_UNIT ( ) SI_UNIT ( $, .RADIAN. ) );
#923 = ORIENTED_EDGE ( 'NONE', *, *, #12015, .T. ) ;
#925 = VERTEX_POINT ( 'NONE', #12184 ) ;
#924 =( NAMED_UNIT ( * ) PLANE_ANGLE_UNIT ( ) SI_UNIT ( $, .RADIAN. ) );
#926 = ORIENTED_EDGE ( 'NONE', *, *, #10615, .F. ) ;
#927 =( LENGTH_UNIT ( ) NAMED_UNIT ( * ) SI_UNIT ( .MILLI., .METRE. ) );
#928 = LINE ( 'NONE', #12352, #11397 ) ;
#929 = VECTOR ( 'NONE', #11875, 1000.000000000000000 ) ;
#930 = CARTESIAN_POINT ( 'NONE',  ( 0.5899999999999860911, 1.369999999999999885, 10.20000000000000107 ) ) ;
#931 = DIRECTION ( 'NONE',  ( 0.000000000000000000, -1.000000000000000000, 0.000000000000000000 ) ) ;
#932 = LINE ( 'NONE', #6800, #3149 ) ;
#933 = ORIENTED_EDGE ( 'NONE', *, *, #615, .F. ) ;
#934 = SURFACE_STYLE_FILL_AREA ( #5668 ) ;
#935 =( LENGTH_UNIT ( ) NAMED_UNIT ( * ) SI_UNIT ( .MILLI., .METRE. ) );
#936 =( NAMED_UNIT ( * ) SI_UNIT ( $, .STERADIAN. ) SOLID_ANGLE_UNIT ( ) );
#937 = PRESENTATION_LAYER_ASSIGNMENT (  '', '', ( #9516 ) ) ;
#938 = DIRECTION ( 'NONE',  ( 0.000000000000000000, 1.000000000000000000, 0.000000000000000000 ) ) ;
#939 = EDGE_CURVE ( 'NONE', #4667, #2551, #3060, .T. ) ;
#940 = VECTOR ( 'NONE', #9311, 1000.000000000000000 ) ;
#941 = STYLED_ITEM ( 'NONE', ( #6522 ), #5959 ) ;
#942 = VERTEX_POINT ( 'NONE', #11260 ) ;
#943 = CARTESIAN_POINT ( 'NONE',  ( 12.47000000000000064, 0.2300000000000000100, 10.20000000000000107 ) ) ;
#944 = FACE_OUTER_BOUND ( 'NONE', #11465, .T. ) ;
#945 = DIRECTION ( 'NONE',  ( -1.000000000000000000, 0.000000000000000000, 0.000000000000000000 ) ) ;
#946 = COLOUR_RGB ( '',0.2941176470588235392, 0.2941176470588235392, 0.2941176470588235392 ) ;
#947 = AXIS2_PLACEMENT_3D ( 'NONE', #2916, #82, #1950 ) ;
#948 = LINE ( 'NONE', #5680, #153 ) ;
#949 = ORIENTED_EDGE ( 'NONE', *, *, #8096, .T. ) ;
#950 =( LENGTH_UNIT ( ) NAMED_UNIT ( * ) SI_UNIT ( .MILLI., .METRE. ) );
#951 = EDGE_CURVE ( 'NONE', #3899, #717, #12131, .T. ) ;
#952 = VECTOR ( 'NONE', #11263, 1000.000000000000000 ) ;
#953 = EDGE_CURVE ( 'NONE', #10045, #1849, #10254, .T. ) ;
#954 = AXIS2_PLACEMENT_3D ( 'NONE', #7912, #1576, #336 ) ;
#955 = MECHANICAL_DESIGN_GEOMETRIC_PRESENTATION_REPRESENTATION (  '', ( #11724 ), #156 ) ;
#956 = AXIS2_PLACEMENT_3D ( 'NONE', #7171, #10905, #6299 ) ;
#957 = FILL_AREA_STYLE_COLOUR ( '', #10610 ) ;
#958 = VERTEX_POINT ( 'NONE', #708 ) ;
#959 = COLOUR_RGB ( '',0.2941176470588235392, 0.2941176470588235392, 0.2941176470588235392 ) ;
#960 =( LENGTH_UNIT ( ) NAMED_UNIT ( * ) SI_UNIT ( .MILLI., .METRE. ) );
#961 = DIRECTION ( 'NONE',  ( 0.5627910658975490144, 0.8265991871190659923, 0.000000000000000000 ) ) ;
#962 = CARTESIAN_POINT ( 'NONE',  ( 3.380000000000000338, 1.399999999999999911, 3.200000000000000178 ) ) ;
#963 = FILL_AREA_STYLE ('',( #5821 ) ) ;
#964 = VECTOR ( 'NONE', #8940, 1000.000000000000000 ) ;
#965 = CARTESIAN_POINT ( 'NONE',  ( -1.600000000000000089, -0.7824556475131219102, 0.000000000000000000 ) ) ;
#966 = DIRECTION ( 'NONE',  ( 1.000000000000000000, 0.000000000000000000, 0.000000000000000000 ) ) ;
#967 = ORIENTED_EDGE ( 'NONE', *, *, #6688, .T. ) ;
#968 = EDGE_CURVE ( 'NONE', #9974, #9378, #5557, .T. ) ;
#969 =( NAMED_UNIT ( * ) SI_UNIT ( $, .STERADIAN. ) SOLID_ANGLE_UNIT ( ) );
#970 = SURFACE_SIDE_STYLE ('',( #9585 ) ) ;
#971 = ORIENTED_EDGE ( 'NONE', *, *, #3262, .T. ) ;
#972 = FILL_AREA_STYLE_COLOUR ( '', #7020 ) ;
#973 = MECHANICAL_DESIGN_GEOMETRIC_PRESENTATION_REPRESENTATION (  '', ( #354 ), #10928 ) ;
#974 = ORIENTED_EDGE ( 'NONE', *, *, #9386, .T. ) ;
#975 = ADVANCED_FACE ( 'NONE', ( #7393 ), #4507, .T. ) ;
#976 =( LENGTH_UNIT ( ) NAMED_UNIT ( * ) SI_UNIT ( .MILLI., .METRE. ) );
#977 =( NAMED_UNIT ( * ) PLANE_ANGLE_UNIT ( ) SI_UNIT ( $, .RADIAN. ) );
#978 = STYLED_ITEM ( 'NONE', ( #6483 ), #12066 ) ;
#979 = UNCERTAINTY_MEASURE_WITH_UNIT (LENGTH_MEASURE( 1.000000000000000082E-05 ), #583, 'distance_accuracy_value', 'NONE');
#980 = LINE ( 'NONE', #4778, #11810 ) ;
#981 = FACE_OUTER_BOUND ( 'NONE', #1547, .T. ) ;
#982 = PLANE ( 'NONE',  #8360 ) ;
#983 = STYLED_ITEM ( 'NONE', ( #10345 ), #6406 ) ;
#984 = ORIENTED_EDGE ( 'NONE', *, *, #4355, .F. ) ;
#985 = CARTESIAN_POINT ( 'NONE',  ( -1.753191488981250101, -0.4074556475131219657, -0.05000000000000000278 ) ) ;
#987 = ORIENTED_EDGE ( 'NONE', *, *, #8707, .F. ) ;
#986 = PRESENTATION_STYLE_ASSIGNMENT (( #3852 ) ) ;
#988 = EDGE_LOOP ( 'NONE', ( #9541, #3153, #5981, #9891 ) ) ;
#989 = CARTESIAN_POINT ( 'NONE',  ( 12.35999999999999943, 0.8000000000000000444, -2.899999999999999911 ) ) ;
#990 = EDGE_CURVE ( 'NONE', #2034, #10206, #2502, .T. ) ;
#991 = FILL_AREA_STYLE ('',( #288 ) ) ;
#992 = CARTESIAN_POINT ( 'NONE',  ( -12.85999999999999943, 3.000000000000000000, 0.000000000000000000 ) ) ;
#993 = AXIS2_PLACEMENT_3D ( 'NONE', #3707, #4635, #1703 ) ;
#994 = ORIENTED_EDGE ( 'NONE', *, *, #3370, .F. ) ;
#995 = EDGE_CURVE ( 'NONE', #4699, #7517, #367, .T. ) ;
#996 = PRESENTATION_STYLE_ASSIGNMENT (( #3981 ) ) ;
#997 = LINE ( 'NONE', #6914, #11244 ) ;
#998 = CARTESIAN_POINT ( 'NONE',  ( 4.679999999999999716, -4.000000000000000000, 0.000000000000000000 ) ) ;
#999 = ORIENTED_EDGE ( 'NONE', *, *, #3499, .F. ) ;
#1000 = ORIENTED_EDGE ( 'NONE', *, *, #6782, .T. ) ;
#1001 = CARTESIAN_POINT ( 'NONE',  ( 0.5899999999999860911, 0.2300000000000000100, -2.399999999999999911 ) ) ;
#1002 = CARTESIAN_POINT ( 'NONE',  ( -7.330000000000000071, 1.369999999999999885, 10.20000000000000107 ) ) ;
#1003 = CARTESIAN_POINT ( 'NONE',  ( -0.5500000000000080380, 0.2300000000000000100, -2.399999999999999911 ) ) ;
#1004 = EDGE_CURVE ( 'NONE', #472, #1754, #10788, .T. ) ;
#1005 = ORIENTED_EDGE ( 'NONE', *, *, #4781, .T. ) ;
#1006 = DIRECTION ( 'NONE',  ( 0.000000000000000000, 0.000000000000000000, -1.000000000000000000 ) ) ;
#1007 = FACE_OUTER_BOUND ( 'NONE', #9278, .T. ) ;
#1008 = SURFACE_STYLE_USAGE ( .BOTH. , #9568 ) ;
#1009 = CARTESIAN_POINT ( 'NONE',  ( -12.21000000000000085, 0.4500000000000000111, -3.399999999999999911 ) ) ;
#1010 = FACE_OUTER_BOUND ( 'NONE', #11536, .T. ) ;
#1011 = ORIENTED_EDGE ( 'NONE', *, *, #12036, .T. ) ;
#1012 =( NAMED_UNIT ( * ) SI_UNIT ( $, .STERADIAN. ) SOLID_ANGLE_UNIT ( ) );
#1013 = CARTESIAN_POINT ( 'NONE',  ( -11.40000000000000036, 0.8000000000000000444, 10.69999999999999929 ) ) ;
#1014 = LINE ( 'NONE', #7420, #10236 ) ;
#1015 = STYLED_ITEM ( 'NONE', ( #5761 ), #2323 ) ;
#1016 = CARTESIAN_POINT ( 'NONE',  ( -1.600000000000000089, 0.01754444785430959997, 0.000000000000000000 ) ) ;
#1017 = ORIENTED_EDGE ( 'NONE', *, *, #2713, .T. ) ;
#1018 = SURFACE_STYLE_FILL_AREA ( #2079 ) ;
#1019 = EDGE_CURVE ( 'NONE', #9862, #7666, #4176, .T. ) ;
#1020 = CARTESIAN_POINT ( 'NONE',  ( -2.161702132225040263, -0.09495555214569059710, 0.000000000000000000 ) ) ;
#1021 =( LENGTH_UNIT ( ) NAMED_UNIT ( * ) SI_UNIT ( .MILLI., .METRE. ) );
#1022 = AXIS2_PLACEMENT_3D ( 'NONE', #11345, #6555, #10344 ) ;
#1023 = FILL_AREA_STYLE ('',( #1948 ) ) ;
#1024 = SURFACE_SIDE_STYLE ('',( #2843 ) ) ;
#1025 =( NAMED_UNIT ( * ) SI_UNIT ( $, .STERADIAN. ) SOLID_ANGLE_UNIT ( ) );
#1026 = UNCERTAINTY_MEASURE_WITH_UNIT (LENGTH_MEASURE( 1.000000000000000082E-05 ), #8316, 'distance_accuracy_value', 'NONE');
#1027 = CARTESIAN_POINT ( 'NONE',  ( -2.110638308525089712, 1.092544424012449999, 0.000000000000000000 ) ) ;
#1028 = ORIENTED_EDGE ( 'NONE', *, *, #3993, .F. ) ;
#1029 = VECTOR ( 'NONE', #3286, 1000.000000000000000 ) ;
#1030 = EDGE_LOOP ( 'NONE', ( #8910, #186, #3513, #473 ) ) ;
#1031 = CARTESIAN_POINT ( 'NONE',  ( -12.50000000000000000, 4.000000000000000000, 0.5999999999999999778 ) ) ;
#1032 = ORIENTED_EDGE ( 'NONE', *, *, #8467, .F. ) ;
#1033 = PRESENTATION_LAYER_ASSIGNMENT (  '', '', ( #8031 ) ) ;
#1034 = VECTOR ( 'NONE', #6172, 1000.000000000000000 ) ;
#1035 = VECTOR ( 'NONE', #3710, 1000.000000000000000 ) ;
#1036 = ADVANCED_FACE ( 'NONE', ( #10113 ), #4242, .T. ) ;
#1037 = MECHANICAL_DESIGN_GEOMETRIC_PRESENTATION_REPRESENTATION (  '', ( #4420 ), #9015 ) ;
#1038 = CARTESIAN_POINT ( 'NONE',  ( -8.250000000000000000, 0.4500000000000000111, -3.399999999999999911 ) ) ;
#1039 =( NAMED_UNIT ( * ) PLANE_ANGLE_UNIT ( ) SI_UNIT ( $, .RADIAN. ) );
#1040 = UNCERTAINTY_MEASURE_WITH_UNIT (LENGTH_MEASURE( 1.000000000000000082E-05 ), #1675, 'distance_accuracy_value', 'NONE');
#1041 = FACE_OUTER_BOUND ( 'NONE', #11327, .T. ) ;
#1042 = PRESENTATION_STYLE_ASSIGNMENT (( #4726 ) ) ;
#1043 = VERTEX_POINT ( 'NONE', #11919 ) ;
#1044 = PLANE ( 'NONE',  #954 ) ;
#1045 = VERTEX_POINT ( 'NONE', #9996 ) ;
#1046 = COLOUR_RGB ( '',0.7803921568627451011, 0.7803921568627451011, 0.7803921568627451011 ) ;
#1047 = EDGE_LOOP ( 'NONE', ( #9980, #5152, #4213, #152 ) ) ;
#1048 = CARTESIAN_POINT ( 'NONE',  ( -3.589999999999999858, 0.4500000000000000111, 11.19999999999999929 ) ) ;
#1049 = SURFACE_SIDE_STYLE ('',( #9602 ) ) ;
#1050 = SURFACE_STYLE_FILL_AREA ( #991 ) ;
#1051 = FILL_AREA_STYLE_COLOUR ( '', #5635 ) ;
#1052 = COLOUR_RGB ( '',0.7803921568627451011, 0.7803921568627451011, 0.7803921568627451011 ) ;
#1053 = VECTOR ( 'NONE', #11086, 1000.000000000000000 ) ;
#1054 = COLOUR_RGB ( '',1.000000000000000000, 1.000000000000000000, 0.9450980392156862475 ) ;
#1055 = DIRECTION ( 'NONE',  ( -0.9766444667050901973, 0.000000000000000000, 0.2148617826751190452 ) ) ;
#1056 = EDGE_CURVE ( 'NONE', #5472, #5789, #6981, .T. ) ;
#1057 = FACE_OUTER_BOUND ( 'NONE', #9652, .T. ) ;
#1058 = VECTOR ( 'NONE', #10968, 1000.000000000000000 ) ;
#1059 = SURFACE_STYLE_USAGE ( .BOTH. , #2885 ) ;
#1060 = MECHANICAL_DESIGN_GEOMETRIC_PRESENTATION_REPRESENTATION (  '', ( #6642 ), #12012 ) ;
#1061 = PLANE ( 'NONE',  #7147 ) ;
#1062 = CARTESIAN_POINT ( 'NONE',  ( 7.590000000000000746, 1.149999999999999911, -3.399999999999999911 ) ) ;
#1063 = STYLED_ITEM ( 'NONE', ( #8548 ), #7226 ) ;
#1065 = VERTEX_POINT ( 'NONE', #7117 ) ;
#1064 = CARTESIAN_POINT ( 'NONE',  ( -3.370000000000000107, 0.2300000000000000100, -2.399999999999999911 ) ) ;
#1066 = VERTEX_POINT ( 'NONE', #1434 ) ;
#1067 = COLOUR_RGB ( '',1.000000000000000000, 1.000000000000000000, 0.9450980392156862475 ) ;
#1068 = SURFACE_STYLE_USAGE ( .BOTH. , #6875 ) ;
#1069 = SURFACE_STYLE_USAGE ( .BOTH. , #11732 ) ;
#1070 = AXIS2_PLACEMENT_3D ( 'NONE', #4190, #4442, #5318 ) ;
#1071 = VERTEX_POINT ( 'NONE', #10915 ) ;
#1072 = EDGE_CURVE ( 'NONE', #8242, #1833, #6175, .T. ) ;
#1073 = CARTESIAN_POINT ( 'NONE',  ( -1.957446801662450220, 0.7925444955380260836, -0.05000000000000000278 ) ) ;
#1074 = VECTOR ( 'NONE', #2880, 1000.000000000000114 ) ;
#1075 =( LENGTH_UNIT ( ) NAMED_UNIT ( * ) SI_UNIT ( .MILLI., .METRE. ) );
#1076 = VECTOR ( 'NONE', #12089, 999.9999999999998863 ) ;
#1077 =( GEOMETRIC_REPRESENTATION_CONTEXT ( 3 ) GLOBAL_UNCERTAINTY_ASSIGNED_CONTEXT ( ( #12280 ) ) GLOBAL_UNIT_ASSIGNED_CONTEXT ( ( #9890, #1324, #8763 ) ) REPRESENTATION_CONTEXT ( 'NONE', 'WORKASPACE' ) );
#1078 = AXIS2_PLACEMENT_3D ( 'NONE', #10927, #88, #4016 ) ;
#1079 = AXIS2_PLACEMENT_3D ( 'NONE', #5173, #8985, #3389 ) ;
#1080 =( GEOMETRIC_REPRESENTATION_CONTEXT ( 3 ) GLOBAL_UNCERTAINTY_ASSIGNED_CONTEXT ( ( #9394 ) ) GLOBAL_UNIT_ASSIGNED_CONTEXT ( ( #4542, #856, #11290 ) ) REPRESENTATION_CONTEXT ( 'NONE', 'WORKASPACE' ) );
#1081 = EDGE_LOOP ( 'NONE', ( #2669, #2877, #379, #3980 ) ) ;
#1082 = DIRECTION ( 'NONE',  ( -1.000000000000000000, 0.000000000000000000, 0.000000000000000000 ) ) ;
#1083 = LINE ( 'NONE', #1134, #9341 ) ;
#1084 = DIRECTION ( 'NONE',  ( 0.000000000000000000, 0.000000000000000000, -1.000000000000000000 ) ) ;
#1085 = EDGE_CURVE ( 'NONE', #8578, #8909, #5240, .T. ) ;
#1086 = SURFACE_STYLE_FILL_AREA ( #2068 ) ;
#1087 = STYLED_ITEM ( 'NONE', ( #12190 ), #3982 ) ;
#1088 = CARTESIAN_POINT ( 'NONE',  ( -12.50000000000000000, 0.000000000000000000, 0.000000000000000000 ) ) ;
#1089 = ORIENTED_EDGE ( 'NONE', *, *, #7884, .F. ) ;
#1090 = PLANE ( 'NONE',  #5601 ) ;
#1091 = MANIFOLD_SOLID_BREP ( 'Imported3', #6750 ) ;
#1092 = LINE ( 'NONE', #5073, #3254 ) ;
#1093 = ORIENTED_EDGE ( 'NONE', *, *, #9387, .F. ) ;
#1094 = CARTESIAN_POINT ( 'NONE',  ( -12.46000000000000085, 0.2000000000000000111, 0.5999999999999999778 ) ) ;
#1095 = PRESENTATION_STYLE_ASSIGNMENT (( #9768 ) ) ;
#1096 = SURFACE_SIDE_STYLE ('',( #1888 ) ) ;
#1097 = SURFACE_STYLE_FILL_AREA ( #9525 ) ;
#1098 = FILL_AREA_STYLE ('',( #10504 ) ) ;
#1099 = VERTEX_POINT ( 'NONE', #8125 ) ;
#1100 = FACE_OUTER_BOUND ( 'NONE', #8789, .T. ) ;
#1101 = CARTESIAN_POINT ( 'NONE',  ( -1.676595744490619877, 1.930044447854309952, -0.05000000000000000278 ) ) ;
#1102 = ORIENTED_EDGE ( 'NONE', *, *, #7533, .F. ) ;
#1103 = STYLED_ITEM ( 'NONE', ( #1133 ), #8164 ) ;
#1104 = ADVANCED_FACE ( 'NONE', ( #10784 ), #1375, .F. ) ;
#1105 = ORIENTED_EDGE ( 'NONE', *, *, #1524, .T. ) ;
#1106 =( LENGTH_UNIT ( ) NAMED_UNIT ( * ) SI_UNIT ( .MILLI., .METRE. ) );
#1107 = CARTESIAN_POINT ( 'NONE',  ( -0.3300000000000110068, 1.149999999999999911, 11.19999999999999929 ) ) ;
#1108 = UNCERTAINTY_MEASURE_WITH_UNIT (LENGTH_MEASURE( 1.000000000000000082E-05 ), #12249, 'distance_accuracy_value', 'NONE');
#1109 = FACE_BOUND ( 'NONE', #10688, .T. ) ;
#1110 = SURFACE_STYLE_FILL_AREA ( #4843 ) ;
#1111 = ORIENTED_EDGE ( 'NONE', *, *, #3111, .F. ) ;
#1113 = ORIENTED_EDGE ( 'NONE', *, *, #2996, .T. ) ;
#1112 = FACE_OUTER_BOUND ( 'NONE', #11348, .T. ) ;
#1114 = ORIENTED_EDGE ( 'NONE', *, *, #5017, .F. ) ;
#1115 = FILL_AREA_STYLE ('',( #3123 ) ) ;
#1116 = SURFACE_STYLE_USAGE ( .BOTH. , #3913 ) ;
#1117 = EDGE_CURVE ( 'NONE', #8941, #4734, #419, .T. ) ;
#1118 = SURFACE_SIDE_STYLE ('',( #37 ) ) ;
#1119 = LINE ( 'NONE', #9552, #7649 ) ;
#1120 = SURFACE_STYLE_USAGE ( .BOTH. , #1914 ) ;
#1121 =( NAMED_UNIT ( * ) SI_UNIT ( $, .STERADIAN. ) SOLID_ANGLE_UNIT ( ) );
#1122 = CARTESIAN_POINT ( 'NONE',  ( -2.187234044075009987, 1.080044471696169905, 0.000000000000000000 ) ) ;
#1123 = MANIFOLD_SOLID_BREP ( 'Imported2', #11927 ) ;
#1124 = CARTESIAN_POINT ( 'NONE',  ( -2.110638308525089712, -0.03245550446197449646, -0.05000000000000000278 ) ) ;
#1125 = EDGE_LOOP ( 'NONE', ( #7156, #1415, #8396, #3046 ) ) ;
#1126 = ORIENTED_EDGE ( 'NONE', *, *, #10901, .F. ) ;
#1127 =( NAMED_UNIT ( * ) PLANE_ANGLE_UNIT ( ) SI_UNIT ( $, .RADIAN. ) );
#1128 = DIRECTION ( 'NONE',  ( 0.000000000000000000, 0.000000000000000000, -1.000000000000000000 ) ) ;
#1129 = DIRECTION ( 'NONE',  ( -0.2100675449707450348, -0.2100675449707440079, 0.9548524771397560729 ) ) ;
#1130 = EDGE_CURVE ( 'NONE', #6890, #7301, #11046, .T. ) ;
#1131 = EDGE_CURVE ( 'NONE', #2012, #1837, #6171, .T. ) ;
#1132 = ORIENTED_EDGE ( 'NONE', *, *, #3725, .T. ) ;
#1133 = PRESENTATION_STYLE_ASSIGNMENT (( #10486 ) ) ;
#1134 = CARTESIAN_POINT ( 'NONE',  ( -1.804255312681200207, 1.455044435933379843, -0.05000000000000000278 ) ) ;
#1135 = LINE ( 'NONE', #426, #10010 ) ;
#1136 = CARTESIAN_POINT ( 'NONE',  ( -1.995744669437410357, -0.1824555044619740052, 0.000000000000000000 ) ) ;
#1137 = ORIENTED_EDGE ( 'NONE', *, *, #4501, .T. ) ;
#1138 = ADVANCED_FACE ( 'NONE', ( #3197 ), #6306, .T. ) ;
#1139 = VECTOR ( 'NONE', #6684, 1000.000000000000000 ) ;
#1140 = EDGE_CURVE ( 'NONE', #10860, #117, #2694, .T. ) ;
#1141 = VECTOR ( 'NONE', #5532, 1000.000000000000000 ) ;
#1142 = EDGE_CURVE ( 'NONE', #1848, #8867, #4495, .T. ) ;
#1143 = VECTOR ( 'NONE', #4278, 1000.000000000000000 ) ;
#1144 = ORIENTED_EDGE ( 'NONE', *, *, #1142, .T. ) ;
#1145 = DIRECTION ( 'NONE',  ( -0.9797706943096728960, -0.2001234283434639993, 0.000000000000000000 ) ) ;
#1146 =( NAMED_UNIT ( * ) SI_UNIT ( $, .STERADIAN. ) SOLID_ANGLE_UNIT ( ) );
#1147 = CARTESIAN_POINT ( 'NONE',  ( -7.330000000000000071, 0.2300000000000000100, -2.399999999999999911 ) ) ;
#1148 = SURFACE_STYLE_USAGE ( .BOTH. , #2140 ) ;
#1149 = STYLED_ITEM ( 'NONE', ( #6786 ), #5813 ) ;
#1150 = UNCERTAINTY_MEASURE_WITH_UNIT (LENGTH_MEASURE( 1.000000000000000082E-05 ), #3444, 'distance_accuracy_value', 'NONE');
#1151 = SURFACE_STYLE_USAGE ( .BOTH. , #5081 ) ;
#1152 = SURFACE_SIDE_STYLE ('',( #11647 ) ) ;
#1153 = ORIENTED_EDGE ( 'NONE', *, *, #10234, .F. ) ;
#1154 = COLOUR_RGB ( '',0.2941176470588235392, 0.2941176470588235392, 0.2941176470588235392 ) ;
#1155 = PRESENTATION_STYLE_ASSIGNMENT (( #272 ) ) ;
#1156 = PRESENTATION_STYLE_ASSIGNMENT (( #2788 ) ) ;
#1157 = VECTOR ( 'NONE', #4267, 1000.000000000000000 ) ;
#1158 = ORIENTED_EDGE ( 'NONE', *, *, #10615, .T. ) ;
#1159 = COLOUR_RGB ( '',1.000000000000000000, 1.000000000000000000, 0.9450980392156862475 ) ;
#1160 =( GEOMETRIC_REPRESENTATION_CONTEXT ( 3 ) GLOBAL_UNCERTAINTY_ASSIGNED_CONTEXT ( ( #7140 ) ) GLOBAL_UNIT_ASSIGNED_CONTEXT ( ( #11689, #11495, #3999 ) ) REPRESENTATION_CONTEXT ( 'NONE', 'WORKASPACE' ) );
#1161 = FILL_AREA_STYLE_COLOUR ( '', #4858 ) ;
#1162 = PRESENTATION_STYLE_ASSIGNMENT (( #4447 ) ) ;
#1163 = CARTESIAN_POINT ( 'NONE',  ( -11.28999999999999915, 1.369999999999999885, 10.20000000000000107 ) ) ;
#1164 = COLOUR_RGB ( '',1.000000000000000000, 1.000000000000000000, 0.9450980392156862475 ) ;
#1165 = UNCERTAINTY_MEASURE_WITH_UNIT (LENGTH_MEASURE( 1.000000000000000082E-05 ), #7396, 'distance_accuracy_value', 'NONE');
#1166 = VECTOR ( 'NONE', #7355, 1000.000000000000000 ) ;
#1167 = SURFACE_SIDE_STYLE ('',( #9723 ) ) ;
#1168 = CARTESIAN_POINT ( 'NONE',  ( 11.88000000000000078, 0.000000000000000000, 0.5999999999999999778 ) ) ;
#1169 = ORIENTED_EDGE ( 'NONE', *, *, #54, .F. ) ;
#1171 = ORIENTED_EDGE ( 'NONE', *, *, #11722, .T. ) ;
#1170 = FILL_AREA_STYLE_COLOUR ( '', #8052 ) ;
#1172 = ORIENTED_EDGE ( 'NONE', *, *, #8743, .F. ) ;
#1173 = DIRECTION ( 'NONE',  ( 0.000000000000000000, 1.000000000000000000, 0.000000000000000000 ) ) ;
#1174 = AXIS2_PLACEMENT_3D ( 'NONE', #12116, #6569, #8317 ) ;
#1175 = FILL_AREA_STYLE_COLOUR ( '', #6252 ) ;
#1176 = AXIS2_PLACEMENT_3D ( 'NONE', #180, #11487, #7694 ) ;
#1177 = ORIENTED_EDGE ( 'NONE', *, *, #12195, .T. ) ;
#1178 = AXIS2_PLACEMENT_3D ( 'NONE', #2212, #5026, #2337 ) ;
#1179 = LINE ( 'NONE', #1307, #3648 ) ;
#1180 = EDGE_CURVE ( 'NONE', #8529, #2259, #7380, .T. ) ;
#1181 = DIRECTION ( 'NONE',  ( -1.000000000000000000, 0.000000000000000000, 0.000000000000000000 ) ) ;
#1183 = ORIENTED_EDGE ( 'NONE', *, *, #1673, .T. ) ;
#1182 =( NAMED_UNIT ( * ) SI_UNIT ( $, .STERADIAN. ) SOLID_ANGLE_UNIT ( ) );
#1184 = VERTEX_POINT ( 'NONE', #802 ) ;
#1185 = PRESENTATION_STYLE_ASSIGNMENT (( #1068 ) ) ;
#1186 = DIRECTION ( 'NONE',  ( 0.000000000000000000, 1.000000000000000000, 0.000000000000000000 ) ) ;
#1187 = CARTESIAN_POINT ( 'NONE',  ( 7.240000000000000213, 4.000000000000000000, 0.000000000000000000 ) ) ;
#1188 =( NAMED_UNIT ( * ) PLANE_ANGLE_UNIT ( ) SI_UNIT ( $, .RADIAN. ) );
#1189 = SURFACE_STYLE_USAGE ( .BOTH. , #6809 ) ;
#1190 = PRESENTATION_LAYER_ASSIGNMENT (  '', '', ( #11952 ) ) ;
#1191 = ORIENTED_EDGE ( 'NONE', *, *, #3202, .F. ) ;
#1192 = CARTESIAN_POINT ( 'NONE',  ( -1.638297872245309872, -0.09495555214569059710, 0.000000000000000000 ) ) ;
#1193 = ADVANCED_FACE ( 'NONE', ( #9425 ), #747, .T. ) ;
#1194 = CARTESIAN_POINT ( 'NONE',  ( 0.5899999999999860911, 0.2300000000000000100, 10.20000000000000107 ) ) ;
#1195 = FILL_AREA_STYLE_COLOUR ( '', #1340 ) ;
#1196 = LINE ( 'NONE', #6759, #6868 ) ;
#1197 = DIRECTION ( 'NONE',  ( -0.2100675449707450348, 0.2100675449707440079, 0.9548524771397560729 ) ) ;
#1198 = ORIENTED_EDGE ( 'NONE', *, *, #11328, .T. ) ;
#1199 =( NAMED_UNIT ( * ) PLANE_ANGLE_UNIT ( ) SI_UNIT ( $, .RADIAN. ) );
#1200 = SURFACE_STYLE_FILL_AREA ( #10744 ) ;
#1201 = EDGE_LOOP ( 'NONE', ( #8006, #8875, #8506, #5455 ) ) ;
#1202 = ORIENTED_EDGE ( 'NONE', *, *, #4022, .F. ) ;
#1203 = PLANE ( 'NONE',  #11265 ) ;
#1204 = EDGE_CURVE ( 'NONE', #772, #3548, #2743, .T. ) ;
#1205 = CARTESIAN_POINT ( 'NONE',  ( -2.110638308525089712, 1.092544424012449999, -0.05000000000000000278 ) ) ;
#1206 = CARTESIAN_POINT ( 'NONE',  ( -1.714893621206280194, 1.055044424012449911, 0.000000000000000000 ) ) ;
#1207 =( NAMED_UNIT ( * ) SI_UNIT ( $, .STERADIAN. ) SOLID_ANGLE_UNIT ( ) );
#1208 = FILL_AREA_STYLE ('',( #8770 ) ) ;
#1209 = DIRECTION ( 'NONE',  ( 1.000000000000000000, 0.000000000000000000, 0.000000000000000000 ) ) ;
#1210 = CARTESIAN_POINT ( 'NONE',  ( 0.000000000000000000, 0.000000000000000000, 0.000000000000000000 ) ) ;
#1211 = SURFACE_SIDE_STYLE ('',( #2271 ) ) ;
#1212 = FILL_AREA_STYLE_COLOUR ( '', #3072 ) ;
#1213 = ADVANCED_FACE ( 'NONE', ( #8429 ), #612, .T. ) ;
#1214 = LINE ( 'NONE', #650, #2044 ) ;
#1215 = PRESENTATION_LAYER_ASSIGNMENT (  '', '', ( #8995 ) ) ;
#1216 = ORIENTED_EDGE ( 'NONE', *, *, #9919, .T. ) ;
#1217 = LINE ( 'NONE', #9964, #259 ) ;
#1218 = PRESENTATION_STYLE_ASSIGNMENT (( #11937 ) ) ;
#1219 =( NAMED_UNIT ( * ) PLANE_ANGLE_UNIT ( ) SI_UNIT ( $, .RADIAN. ) );
#1220 = UNCERTAINTY_MEASURE_WITH_UNIT (LENGTH_MEASURE( 1.000000000000000082E-05 ), #7944, 'distance_accuracy_value', 'NONE');
#1221 =( GEOMETRIC_REPRESENTATION_CONTEXT ( 3 ) GLOBAL_UNCERTAINTY_ASSIGNED_CONTEXT ( ( #1492 ) ) GLOBAL_UNIT_ASSIGNED_CONTEXT ( ( #8127, #11916, #7179 ) ) REPRESENTATION_CONTEXT ( 'NONE', 'WORKASPACE' ) );
#1222 = COLOUR_RGB ( '',0.2941176470588235392, 0.2941176470588235392, 0.2941176470588235392 ) ;
#1223 = SURFACE_STYLE_USAGE ( .BOTH. , #11712 ) ;
#1224 = VERTEX_POINT ( 'NONE', #9734 ) ;
#1225 = EDGE_CURVE ( 'NONE', #5028, #11337, #9255, .T. ) ;
#1226 = VERTEX_POINT ( 'NONE', #5906 ) ;
#1227 = ORIENTED_EDGE ( 'NONE', *, *, #3202, .T. ) ;
#1228 = SURFACE_STYLE_FILL_AREA ( #1115 ) ;
#1229 =( NAMED_UNIT ( * ) SI_UNIT ( $, .STERADIAN. ) SOLID_ANGLE_UNIT ( ) );
#1230 = ADVANCED_FACE ( 'NONE', ( #221 ), #5851, .F. ) ;
#1231 =( LENGTH_UNIT ( ) NAMED_UNIT ( * ) SI_UNIT ( .MILLI., .METRE. ) );
#1232 = COLOUR_RGB ( '',0.7803921568627451011, 0.7803921568627451011, 0.7803921568627451011 ) ;
#1233 = ORIENTED_EDGE ( 'NONE', *, *, #2907, .T. ) ;
#1234 = COLOUR_RGB ( '',0.7803921568627451011, 0.7803921568627451011, 0.7803921568627451011 ) ;
#1235 = PRESENTATION_LAYER_ASSIGNMENT (  '', '', ( #9016 ) ) ;
#1236 = SURFACE_STYLE_FILL_AREA ( #4916 ) ;
#1237 = CARTESIAN_POINT ( 'NONE',  ( -1.676595744490619877, 1.255044447854309908, 0.000000000000000000 ) ) ;
#1238 =( GEOMETRIC_REPRESENTATION_CONTEXT ( 3 ) GLOBAL_UNCERTAINTY_ASSIGNED_CONTEXT ( ( #7403 ) ) GLOBAL_UNIT_ASSIGNED_CONTEXT ( ( #5917, #1127, #4925 ) ) REPRESENTATION_CONTEXT ( 'NONE', 'WORKASPACE' ) );
#1239 = DIRECTION ( 'NONE',  ( 0.000000000000000000, 1.000000000000000000, 0.000000000000000000 ) ) ;
#1240 = MANIFOLD_SOLID_BREP ( 'Imported6', #1362 ) ;
#1241 = SURFACE_SIDE_STYLE ('',( #9800 ) ) ;
#1244 = ORIENTED_EDGE ( 'NONE', *, *, #1806, .T. ) ;
#1243 = COLOUR_RGB ( '',1.000000000000000000, 1.000000000000000000, 0.9450980392156862475 ) ;
#1242 = PLANE ( 'NONE',  #8038 ) ;
#1245 = ORIENTED_EDGE ( 'NONE', *, *, #5616, .F. ) ;
#1246 =( GEOMETRIC_REPRESENTATION_CONTEXT ( 3 ) GLOBAL_UNCERTAINTY_ASSIGNED_CONTEXT ( ( #1108 ) ) GLOBAL_UNIT_ASSIGNED_CONTEXT ( ( #12249, #11254, #3698 ) ) REPRESENTATION_CONTEXT ( 'NONE', 'WORKASPACE' ) );
#1247 = FILL_AREA_STYLE_COLOUR ( '', #5419 ) ;
#1248 = VECTOR ( 'NONE', #177, 1000.000000000000000 ) ;
#1249 = VECTOR ( 'NONE', #9813, 999.9999999999998863 ) ;
#1250 = CARTESIAN_POINT ( 'NONE',  ( 3.279999999999999805, 4.000000000000000000, 0.000000000000000000 ) ) ;
#1251 = MECHANICAL_DESIGN_GEOMETRIC_PRESENTATION_REPRESENTATION (  '', ( #11418 ), #3836 ) ;
#1252 = CARTESIAN_POINT ( 'NONE',  ( -2.046808493137360241, 1.042544471696169817, 0.000000000000000000 ) ) ;
#1253 = SURFACE_STYLE_FILL_AREA ( #366 ) ;
#1254 = PRESENTATION_LAYER_ASSIGNMENT (  '', '', ( #6449 ) ) ;
#1255 = AXIS2_PLACEMENT_3D ( 'NONE', #3911, #11537, #6731 ) ;
#1256 = EDGE_CURVE ( 'NONE', #3744, #11806, #10715, .T. ) ;
#1257 = AXIS2_PLACEMENT_3D ( 'NONE', #1364, #5103, #352 ) ;
#1258 = MECHANICAL_DESIGN_GEOMETRIC_PRESENTATION_REPRESENTATION (  '', ( #6454 ), #1650 ) ;
#1259 = VECTOR ( 'NONE', #2086, 1000.000000000000000 ) ;
#1260 = ORIENTED_EDGE ( 'NONE', *, *, #3677, .T. ) ;
#1261 = CARTESIAN_POINT ( 'NONE',  ( -7.200000000000000178, 4.000000000000000000, 0.000000000000000000 ) ) ;
#1262 = DIRECTION ( 'NONE',  ( -1.000000000000000000, 0.000000000000000000, 0.000000000000000000 ) ) ;
#1263 = STYLED_ITEM ( 'NONE', ( #7936 ), #1091 ) ;
#1264 =( LENGTH_UNIT ( ) NAMED_UNIT ( * ) SI_UNIT ( .MILLI., .METRE. ) );
#1265 = MECHANICAL_DESIGN_GEOMETRIC_PRESENTATION_REPRESENTATION (  '', ( #12023 ), #11629 ) ;
#1266 = CARTESIAN_POINT ( 'NONE',  ( -7.200000000000000178, 4.000000000000000000, 0.5999999999999999778 ) ) ;
#1267 = DIRECTION ( 'NONE',  ( 0.000000000000000000, 1.000000000000000000, 0.000000000000000000 ) ) ;
#1268 = ORIENTED_EDGE ( 'NONE', *, *, #5029, .T. ) ;
#1269 = LINE ( 'NONE', #2073, #8620 ) ;
#1270 = VECTOR ( 'NONE', #3556, 1000.000000000000000 ) ;
#1271 = PRESENTATION_LAYER_ASSIGNMENT (  '', '', ( #5046 ) ) ;
#1272 = FILL_AREA_STYLE_COLOUR ( '', #53 ) ;
#1273 = AXIS2_PLACEMENT_3D ( 'NONE', #10208, #6597, #11217 ) ;
#1274 = EDGE_CURVE ( 'NONE', #10706, #5993, #106, .T. ) ;
#1275 = MECHANICAL_DESIGN_GEOMETRIC_PRESENTATION_REPRESENTATION (  '', ( #9451 ), #5853 ) ;
#1276 = VECTOR ( 'NONE', #1344, 1000.000000000000000 ) ;
#1277 = STYLED_ITEM ( 'NONE', ( #906 ), #3634 ) ;
#1278 = ORIENTED_EDGE ( 'NONE', *, *, #7091, .T. ) ;
#1279 = CARTESIAN_POINT ( 'NONE',  ( 11.33000000000000007, 0.2300000000000000100, -2.399999999999999911 ) ) ;
#1280 = STYLED_ITEM ( 'NONE', ( #9526 ), #7551 ) ;
#1281 = STYLED_ITEM ( 'NONE', ( #51 ), #1961 ) ;
#1282 = CARTESIAN_POINT ( 'NONE',  ( -1.753191488981250101, 1.042544471696169817, 0.000000000000000000 ) ) ;
#1283 =( NAMED_UNIT ( * ) SI_UNIT ( $, .STERADIAN. ) SOLID_ANGLE_UNIT ( ) );
#1284 = DIRECTION ( 'NONE',  ( -1.000000000000000000, 0.000000000000000000, 0.000000000000000000 ) ) ;
#1285 =( NAMED_UNIT ( * ) SI_UNIT ( $, .STERADIAN. ) SOLID_ANGLE_UNIT ( ) );
#1286 = UNCERTAINTY_MEASURE_WITH_UNIT (LENGTH_MEASURE( 1.000000000000000082E-05 ), #2316, 'distance_accuracy_value', 'NONE');
#1287 = AXIS2_PLACEMENT_3D ( 'NONE', #7292, #11206, #6344 ) ;
#1288 = VERTEX_POINT ( 'NONE', #1488 ) ;
#1289 = FILL_AREA_STYLE_COLOUR ( '', #10818 ) ;
#1290 = EDGE_CURVE ( 'NONE', #9293, #1857, #5037, .T. ) ;
#1291 = VECTOR ( 'NONE', #1880, 1000.000000000000114 ) ;
#1292 = ORIENTED_EDGE ( 'NONE', *, *, #2651, .F. ) ;
#1293 = EDGE_CURVE ( 'NONE', #760, #8949, #9865, .T. ) ;
#1294 = LINE ( 'NONE', #5840, #7742 ) ;
#1295 = SURFACE_SIDE_STYLE ('',( #10652 ) ) ;
#1296 = DIRECTION ( 'NONE',  ( 0.000000000000000000, 0.000000000000000000, -1.000000000000000000 ) ) ;
#1297 = CARTESIAN_POINT ( 'NONE',  ( 4.679999999999999716, 4.000000000000000000, 0.5999999999999999778 ) ) ;
#1298 = PRODUCT ( 'conn-th_7p-p3x96_vh3x96-7a', 'conn-th_7p-p3x96_vh3x96-7a', '', ( #4756 ) ) ;
#1300 = ORIENTED_EDGE ( 'NONE', *, *, #5743, .F. ) ;
#1299 = PLANE ( 'NONE',  #2462 ) ;
#1301 = VERTEX_POINT ( 'NONE', #10964 ) ;
#1302 = FILL_AREA_STYLE_COLOUR ( '', #7602 ) ;
#1303 = ORIENTED_EDGE ( 'NONE', *, *, #7329, .T. ) ;
#1304 = EDGE_CURVE ( 'NONE', #5829, #10986, #8113, .T. ) ;
#1305 = FILL_AREA_STYLE_COLOUR ( '', #4443 ) ;
#1306 = DIRECTION ( 'NONE',  ( 0.000000000000000000, 1.000000000000000000, 0.000000000000000000 ) ) ;
#1307 = CARTESIAN_POINT ( 'NONE',  ( 12.50000000000000000, 4.000000000000000000, 7.500000000000000000 ) ) ;
#1308 = DIRECTION ( 'NONE',  ( -1.000000000000000000, 0.000000000000000000, 0.000000000000000000 ) ) ;
#1309 = DIRECTION ( 'NONE',  ( -1.000000000000000000, 0.000000000000000000, 0.000000000000000000 ) ) ;
#1311 = ORIENTED_EDGE ( 'NONE', *, *, #9475, .F. ) ;
#1310 =( LENGTH_UNIT ( ) NAMED_UNIT ( * ) SI_UNIT ( .MILLI., .METRE. ) );
#1312 = ORIENTED_EDGE ( 'NONE', *, *, #3262, .F. ) ;
#1313 = PLANE ( 'NONE',  #9821 ) ;
#1314 = DIRECTION ( 'NONE',  ( 0.000000000000000000, 0.000000000000000000, -1.000000000000000000 ) ) ;
#1315 =( NAMED_UNIT ( * ) SI_UNIT ( $, .STERADIAN. ) SOLID_ANGLE_UNIT ( ) );
#1316 = CARTESIAN_POINT ( 'NONE',  ( 7.339999999999999858, 0.2000000000000000111, 3.200000000000000178 ) ) ;
#1317 = ORIENTED_EDGE ( 'NONE', *, *, #1873, .F. ) ;
#1318 = DIRECTION ( 'NONE',  ( -1.000000000000000000, 0.000000000000000000, 0.000000000000000000 ) ) ;
#1319 = CARTESIAN_POINT ( 'NONE',  ( 3.409999999999999698, 0.2300000000000000100, 10.20000000000000107 ) ) ;
#1320 = CARTESIAN_POINT ( 'NONE',  ( -1.689361700415610068, 1.305044471696169994, 0.000000000000000000 ) ) ;
#1321 = SURFACE_STYLE_FILL_AREA ( #6761 ) ;
#1322 = ORIENTED_EDGE ( 'NONE', *, *, #7316, .T. ) ;
#1323 = PRESENTATION_STYLE_ASSIGNMENT (( #10685 ) ) ;
#1324 =( NAMED_UNIT ( * ) PLANE_ANGLE_UNIT ( ) SI_UNIT ( $, .RADIAN. ) );
#1325 = ORIENTED_EDGE ( 'NONE', *, *, #5673, .T. ) ;
#1326 = VECTOR ( 'NONE', #11751, 1000.000000000000000 ) ;
#1327 = CARTESIAN_POINT ( 'NONE',  ( -1.957446801662450220, 0.7925444955380260836, 0.000000000000000000 ) ) ;
#1328 = ORIENTED_EDGE ( 'NONE', *, *, #10976, .T. ) ;
#1329 =( NAMED_UNIT ( * ) PLANE_ANGLE_UNIT ( ) SI_UNIT ( $, .RADIAN. ) );
#1330 = CARTESIAN_POINT ( 'NONE',  ( 7.240000000000000213, 4.000000000000000000, 0.000000000000000000 ) ) ;
#1331 = CARTESIAN_POINT ( 'NONE',  ( 7.339999999999999858, 0.2000000000000000111, 0.5999999999999999778 ) ) ;
#1332 = CARTESIAN_POINT ( 'NONE',  ( -11.50999999999999979, 0.4500000000000000111, 11.19999999999999929 ) ) ;
#1333 = DIRECTION ( 'NONE',  ( 0.000000000000000000, 1.000000000000000000, 0.000000000000000000 ) ) ;
#1334 = ADVANCED_FACE ( 'NONE', ( #11845, #7220, #1358, #4347, #6032, #4099 ), #3366, .F. ) ;
#1335 = DIRECTION ( 'NONE',  ( 1.000000000000000000, 0.000000000000000000, 0.000000000000000000 ) ) ;
#1336 = CIRCLE ( 'NONE', #11108, 1.000000000000000000 ) ;
#1337 = CARTESIAN_POINT ( 'NONE',  ( 11.29999999999999893, 0.2000000000000000111, 3.200000000000000178 ) ) ;
#1338 = VERTEX_POINT ( 'NONE', #3308 ) ;
#1339 = FACE_OUTER_BOUND ( 'NONE', #11950, .T. ) ;
#1340 = COLOUR_RGB ( '',0.7803921568627451011, 0.7803921568627451011, 0.7803921568627451011 ) ;
#1341 = ORIENTED_EDGE ( 'NONE', *, *, #3563, .F. ) ;
#1342 = DIRECTION ( 'NONE',  ( -0.2100675449707450348, 0.2100675449707440079, -0.9548524771397560729 ) ) ;
#1343 = STYLED_ITEM ( 'NONE', ( #3963 ), #5836 ) ;
#1344 = DIRECTION ( 'NONE',  ( 0.000000000000000000, -1.000000000000000000, 0.000000000000000000 ) ) ;
#1345 = PRESENTATION_STYLE_ASSIGNMENT (( #11831 ) ) ;
#1346 = UNCERTAINTY_MEASURE_WITH_UNIT (LENGTH_MEASURE( 1.000000000000000082E-05 ), #7568, 'distance_accuracy_value', 'NONE');
#1347 =( LENGTH_UNIT ( ) NAMED_UNIT ( * ) SI_UNIT ( .MILLI., .METRE. ) );
#1348 = FACE_OUTER_BOUND ( 'NONE', #3259, .T. ) ;
#1349 = ADVANCED_FACE ( 'NONE', ( #4288 ), #7982, .T. ) ;
#1350 = CYLINDRICAL_SURFACE ( 'NONE', #3372, 1.000000000000000000 ) ;
#1351 = AXIS2_PLACEMENT_3D ( 'NONE', #8422, #9170, #3613 ) ;
#1352 = STYLED_ITEM ( 'NONE', ( #10950 ), #8708 ) ;
#1353 = ORIENTED_EDGE ( 'NONE', *, *, #7638, .T. ) ;
#1354 = VERTEX_POINT ( 'NONE', #5212 ) ;
#1355 = PRESENTATION_STYLE_ASSIGNMENT (( #1481 ) ) ;
#1356 = LINE ( 'NONE', #4344, #1053 ) ;
#1357 = CARTESIAN_POINT ( 'NONE',  ( -2.123404264450070134, 0.01754444785430959997, -0.05000000000000000278 ) ) ;
#1358 = FACE_BOUND ( 'NONE', #919, .T. ) ;
#1359 = EDGE_CURVE ( 'NONE', #8690, #8273, #5471, .T. ) ;
#1360 = ORIENTED_EDGE ( 'NONE', *, *, #7072, .F. ) ;
#1361 = VECTOR ( 'NONE', #9137, 1000.000000000000000 ) ;
#1362 = CLOSED_SHELL ( 'NONE', ( #6406, #2398, #4374, #7012, #8681, #5375, #11778, #4338, #12208, #9312, #5256, #10733, #3700, #2042 ) ) ;
#1363 =( LENGTH_UNIT ( ) NAMED_UNIT ( * ) SI_UNIT ( .MILLI., .METRE. ) );
#1364 = CARTESIAN_POINT ( 'NONE',  ( 0.000000000000000000, 0.000000000000000000, -0.05000000000000000278 ) ) ;
#1365 = EDGE_CURVE ( 'NONE', #7374, #4649, #11161, .T. ) ;
#1366 = SURFACE_SIDE_STYLE ('',( #6227 ) ) ;
#1367 = LINE ( 'NONE', #8062, #10506 ) ;
#1369 = ORIENTED_EDGE ( 'NONE', *, *, #9455, .T. ) ;
#1368 =( NAMED_UNIT ( * ) SI_UNIT ( $, .STERADIAN. ) SOLID_ANGLE_UNIT ( ) );
#1370 = EDGE_LOOP ( 'NONE', ( #6792, #3122, #4168, #1781 ) ) ;
#1371 = AXIS2_PLACEMENT_3D ( 'NONE', #11743, #9701, #1267 ) ;
#1372 = ADVANCED_FACE ( 'NONE', ( #4598 ), #1782, .T. ) ;
#1373 = FILL_AREA_STYLE_COLOUR ( '', #9020 ) ;
#1374 =( GEOMETRIC_REPRESENTATION_CONTEXT ( 3 ) GLOBAL_UNCERTAINTY_ASSIGNED_CONTEXT ( ( #575 ) ) GLOBAL_UNIT_ASSIGNED_CONTEXT ( ( #7296, #11279, #6350 ) ) REPRESENTATION_CONTEXT ( 'NONE', 'WORKASPACE' ) );
#1375 = PLANE ( 'NONE',  #1079 ) ;
#1376 = LINE ( 'NONE', #4111, #4813 ) ;
#1377 =( LENGTH_UNIT ( ) NAMED_UNIT ( * ) SI_UNIT ( .MILLI., .METRE. ) );
#1378 = EDGE_CURVE ( 'NONE', #6326, #1699, #12029, .T. ) ;
#1379 = STYLED_ITEM ( 'NONE', ( #11169 ), #6409 ) ;
#1380 = ORIENTED_EDGE ( 'NONE', *, *, #10238, .T. ) ;
#1381 = CARTESIAN_POINT ( 'NONE',  ( -0.5500000000000080380, 1.369999999999999885, 10.20000000000000107 ) ) ;
#1382 = COLOUR_RGB ( '',1.000000000000000000, 1.000000000000000000, 0.9450980392156862475 ) ;
#1383 = SURFACE_SIDE_STYLE ('',( #4305 ) ) ;
#1384 = MECHANICAL_DESIGN_GEOMETRIC_PRESENTATION_REPRESENTATION (  '', ( #786 ), #9713 ) ;
#1385 = SURFACE_SIDE_STYLE ('',( #6257 ) ) ;
#1386 = DIRECTION ( 'NONE',  ( 0.9506455412393908233, 0.3102789952956299668, 0.000000000000000000 ) ) ;
#1387 = EDGE_CURVE ( 'NONE', #5319, #9240, #7421, .T. ) ;
#1388 = ORIENTED_EDGE ( 'NONE', *, *, #8896, .T. ) ;
#1389 = COLOUR_RGB ( '',0.7803921568627451011, 0.7803921568627451011, 0.7803921568627451011 ) ;
#1390 = EDGE_LOOP ( 'NONE', ( #11609, #2272, #11441, #4819 ) ) ;
#1391 = CARTESIAN_POINT ( 'NONE',  ( -12.42999999999999972, 1.369999999999999885, 10.20000000000000107 ) ) ;
#1392 = DIRECTION ( 'NONE',  ( 0.000000000000000000, 1.000000000000000000, 0.000000000000000000 ) ) ;
#1393 = CARTESIAN_POINT ( 'NONE',  ( 11.54999999999999893, 0.4500000000000000111, -3.399999999999999911 ) ) ;
#1394 = PRESENTATION_STYLE_ASSIGNMENT (( #267 ) ) ;
#1395 = LINE ( 'NONE', #6126, #3333 ) ;
#1396 = CARTESIAN_POINT ( 'NONE',  ( -3.370000000000000107, 0.2300000000000000100, 11.19999999999999929 ) ) ;
#1397 = UNCERTAINTY_MEASURE_WITH_UNIT (LENGTH_MEASURE( 1.000000000000000082E-05 ), #1363, 'distance_accuracy_value', 'NONE');
#1398 = FILL_AREA_STYLE_COLOUR ( '', #1618 ) ;
#1399 = LINE ( 'NONE', #4199, #8861 ) ;
#1400 = DIRECTION ( 'NONE',  ( 0.000000000000000000, 0.000000000000000000, -1.000000000000000000 ) ) ;
#1401 = DIRECTION ( 'NONE',  ( 1.000000000000000000, 0.000000000000000000, 0.000000000000000000 ) ) ;
#1402 = ORIENTED_EDGE ( 'NONE', *, *, #7059, .F. ) ;
#1403 = ADVANCED_FACE ( 'NONE', ( #9162 ), #5582, .T. ) ;
#1404 = DIRECTION ( 'NONE',  ( -0.7145107489524067379, -0.6996244632883207304, 0.000000000000000000 ) ) ;
#1405 = LINE ( 'NONE', #10883, #5638 ) ;
#1406 = CARTESIAN_POINT ( 'NONE',  ( -1.638297872245309872, 1.030044447854310041, -0.05000000000000000278 ) ) ;
#1407 = PRESENTATION_STYLE_ASSIGNMENT (( #9095 ) ) ;
#1409 = ORIENTED_EDGE ( 'NONE', *, *, #7843, .T. ) ;
#1408 = FILL_AREA_STYLE ('',( #6290 ) ) ;
#1410 = ORIENTED_EDGE ( 'NONE', *, *, #7397, .F. ) ;
#1411 = SURFACE_STYLE_USAGE ( .BOTH. , #10659 ) ;
#1412 = SURFACE_STYLE_USAGE ( .BOTH. , #9976 ) ;
#1413 = LINE ( 'NONE', #476, #9241 ) ;
#1414 = FILL_AREA_STYLE ('',( #3182 ) ) ;
#1415 = ORIENTED_EDGE ( 'NONE', *, *, #4494, .F. ) ;
#1416 = EDGE_CURVE ( 'NONE', #1451, #10401, #10094, .T. ) ;
#1417 =( GEOMETRIC_REPRESENTATION_CONTEXT ( 3 ) GLOBAL_UNCERTAINTY_ASSIGNED_CONTEXT ( ( #6223 ) ) GLOBAL_UNIT_ASSIGNED_CONTEXT ( ( #2786, #1779, #969 ) ) REPRESENTATION_CONTEXT ( 'NONE', 'WORKASPACE' ) );
#1418 = CARTESIAN_POINT ( 'NONE',  ( -1.957446801662450220, 0.4675444478543100413, 0.000000000000000000 ) ) ;
#1419 = FILL_AREA_STYLE ('',( #9983 ) ) ;
#1420 = SURFACE_STYLE_USAGE ( .BOTH. , #10847 ) ;
#1421 = SURFACE_STYLE_USAGE ( .BOTH. , #1366 ) ;
#1422 = DIRECTION ( 'NONE',  ( -0.8265991871190659923, 0.5627910658975490144, 0.000000000000000000 ) ) ;
#1424 = ORIENTED_EDGE ( 'NONE', *, *, #11289, .F. ) ;
#1423 = CARTESIAN_POINT ( 'NONE',  ( -2.046808493137360241, 1.367544447854309952, -0.05000000000000000278 ) ) ;
#1425 = CIRCLE ( 'NONE', #8416, 1.000000000000000000 ) ;
#1426 = EDGE_LOOP ( 'NONE', ( #7938, #6880, #7623, #9842 ) ) ;
#1427 = SURFACE_STYLE_FILL_AREA ( #417 ) ;
#1428 = SURFACE_SIDE_STYLE ('',( #6236 ) ) ;
#1429 = SURFACE_SIDE_STYLE ('',( #2233 ) ) ;
#1430 = PLANE ( 'NONE',  #1821 ) ;
#1431 = FILL_AREA_STYLE_COLOUR ( '', #5793 ) ;
#1432 = EDGE_CURVE ( 'NONE', #2686, #6266, #11220, .T. ) ;
#1433 =( GEOMETRIC_REPRESENTATION_CONTEXT ( 3 ) GLOBAL_UNCERTAINTY_ASSIGNED_CONTEXT ( ( #9273 ) ) GLOBAL_UNIT_ASSIGNED_CONTEXT ( ( #11300, #12350, #1791 ) ) REPRESENTATION_CONTEXT ( 'NONE', 'WORKASPACE' ) );
#1434 = CARTESIAN_POINT ( 'NONE',  ( 7.370000000000000107, 0.2300000000000000100, -2.399999999999999911 ) ) ;
#1435 = LINE ( 'NONE', #9115, #2441 ) ;
#1436 = VERTEX_POINT ( 'NONE', #8664 ) ;
#1437 =( GEOMETRIC_REPRESENTATION_CONTEXT ( 3 ) GLOBAL_UNCERTAINTY_ASSIGNED_CONTEXT ( ( #7855 ) ) GLOBAL_UNIT_ASSIGNED_CONTEXT ( ( #11683, #1188, #6050 ) ) REPRESENTATION_CONTEXT ( 'NONE', 'WORKASPACE' ) );
#1438 = PLANE ( 'NONE',  #2559 ) ;
#1439 = ADVANCED_FACE ( 'NONE', ( #7670 ), #10390, .F. ) ;
#1440 = DIRECTION ( 'NONE',  ( -1.000000000000000000, 0.000000000000000000, 0.000000000000000000 ) ) ;
#1441 = FACE_OUTER_BOUND ( 'NONE', #9031, .T. ) ;
#1442 = FILL_AREA_STYLE ('',( #2508 ) ) ;
#1443 = DIRECTION ( 'NONE',  ( 0.000000000000000000, -1.000000000000000000, 0.000000000000000000 ) ) ;
#1444 = ORIENTED_EDGE ( 'NONE', *, *, #9386, .F. ) ;
#1445 = PRESENTATION_LAYER_ASSIGNMENT (  '', '', ( #3055 ) ) ;
#1446 = VECTOR ( 'NONE', #7750, 1000.000000000000114 ) ;
#1447 = VECTOR ( 'NONE', #2419, 1000.000000000000000 ) ;
#1448 =( GEOMETRIC_REPRESENTATION_CONTEXT ( 3 ) GLOBAL_UNCERTAINTY_ASSIGNED_CONTEXT ( ( #7732 ) ) GLOBAL_UNIT_ASSIGNED_CONTEXT ( ( #5015, #7849, #3220 ) ) REPRESENTATION_CONTEXT ( 'NONE', 'WORKASPACE' ) );
#1449 = ADVANCED_FACE ( 'NONE', ( #3900 ), #918, .T. ) ;
#1450 =( NAMED_UNIT ( * ) PLANE_ANGLE_UNIT ( ) SI_UNIT ( $, .RADIAN. ) );
#1451 = VERTEX_POINT ( 'NONE', #1031 ) ;
#1452 = DIRECTION ( 'NONE',  ( 0.000000000000000000, 0.000000000000000000, -1.000000000000000000 ) ) ;
#1453 = LINE ( 'NONE', #11808, #1684 ) ;
#1454 = CARTESIAN_POINT ( 'NONE',  ( 12.50000000000000000, 0.2000000000000000111, 3.200000000000000178 ) ) ;
#1455 = UNCERTAINTY_MEASURE_WITH_UNIT (LENGTH_MEASURE( 1.000000000000000082E-05 ), #523, 'distance_accuracy_value', 'NONE');
#1456 = CARTESIAN_POINT ( 'NONE',  ( -2.085106396675110219, -0.06995550446197459915, 0.000000000000000000 ) ) ;
#1457 =( GEOMETRIC_REPRESENTATION_CONTEXT ( 3 ) GLOBAL_UNCERTAINTY_ASSIGNED_CONTEXT ( ( #3966 ) ) GLOBAL_UNIT_ASSIGNED_CONTEXT ( ( #12172, #1683, #4553 ) ) REPRESENTATION_CONTEXT ( 'NONE', 'WORKASPACE' ) );
#1458 = PRESENTATION_STYLE_ASSIGNMENT (( #715 ) ) ;
#1459 = VECTOR ( 'NONE', #8423, 1000.000000000000000 ) ;
#1460 = DIRECTION ( 'NONE',  ( 0.000000000000000000, 1.000000000000000000, 0.000000000000000000 ) ) ;
#1461 = VECTOR ( 'NONE', #11651, 1000.000000000000000 ) ;
#1462 = STYLED_ITEM ( 'NONE', ( #763 ), #975 ) ;
#1463 = DIRECTION ( 'NONE',  ( -1.000000000000000000, 0.000000000000000000, 0.000000000000000000 ) ) ;
#1464 = MECHANICAL_DESIGN_GEOMETRIC_PRESENTATION_REPRESENTATION (  '', ( #455 ), #4662 ) ;
#1465 = MECHANICAL_DESIGN_GEOMETRIC_PRESENTATION_REPRESENTATION (  '', ( #2059 ), #2468 ) ;
#1466 = ORIENTED_EDGE ( 'NONE', *, *, #11818, .F. ) ;
#1467 = PRESENTATION_LAYER_ASSIGNMENT (  '', '', ( #1280 ) ) ;
#1468 = PRESENTATION_STYLE_ASSIGNMENT (( #12010 ) ) ;
#1469 = STYLED_ITEM ( 'NONE', ( #9878 ), #2106 ) ;
#1470 = MECHANICAL_DESIGN_GEOMETRIC_PRESENTATION_REPRESENTATION (  '', ( #5260 ), #7258 ) ;
#1471 = CARTESIAN_POINT ( 'NONE',  ( -1.600000000000000089, 0.4175444955380249734, 0.000000000000000000 ) ) ;
#1472 = UNCERTAINTY_MEASURE_WITH_UNIT (LENGTH_MEASURE( 1.000000000000000082E-05 ), #9733, 'distance_accuracy_value', 'NONE');
#1473 = VECTOR ( 'NONE', #10014, 1000.000000000000000 ) ;
#1474 = DIRECTION ( 'NONE',  ( -0.9506452063545657305, -0.3102800213276469266, 0.000000000000000000 ) ) ;
#1475 = LINE ( 'NONE', #3226, #6580 ) ;
#1476 = FILL_AREA_STYLE_COLOUR ( '', #1569 ) ;
#1477 =( NAMED_UNIT ( * ) PLANE_ANGLE_UNIT ( ) SI_UNIT ( $, .RADIAN. ) );
#1478 =( NAMED_UNIT ( * ) SI_UNIT ( $, .STERADIAN. ) SOLID_ANGLE_UNIT ( ) );
#1479 = CARTESIAN_POINT ( 'NONE',  ( 12.50000000000000000, 3.000000000000000000, 3.200000000000000178 ) ) ;
#1480 = EDGE_LOOP ( 'NONE', ( #4019, #4139, #11824, #290 ) ) ;
#1481 = SURFACE_STYLE_USAGE ( .BOTH. , #8109 ) ;
#1482 = ADVANCED_FACE ( 'NONE', ( #7787 ), #6664, .F. ) ;
#1483 = PRESENTATION_STYLE_ASSIGNMENT (( #9289 ) ) ;
#1484 = CARTESIAN_POINT ( 'NONE',  ( 12.50000000000000000, 1.399999999999999911, 3.200000000000000178 ) ) ;
#1485 = ORIENTED_EDGE ( 'NONE', *, *, #7205, .F. ) ;
#1486 = COLOUR_RGB ( '',0.7803921568627451011, 0.7803921568627451011, 0.7803921568627451011 ) ;
#1487 = DIRECTION ( 'NONE',  ( 0.000000000000000000, 1.000000000000000000, 0.000000000000000000 ) ) ;
#1488 = CARTESIAN_POINT ( 'NONE',  ( 7.240000000000000213, 4.000000000000000000, 0.5999999999999999778 ) ) ;
#1489 = COLOUR_RGB ( '',1.000000000000000000, 1.000000000000000000, 0.9450980392156862475 ) ;
#1490 = EDGE_LOOP ( 'NONE', ( #3070, #4375, #6595, #4876 ) ) ;
#1491 = DIRECTION ( 'NONE',  ( 0.000000000000000000, -1.000000000000000000, 0.000000000000000000 ) ) ;
#1492 = UNCERTAINTY_MEASURE_WITH_UNIT (LENGTH_MEASURE( 1.000000000000000082E-05 ), #8127, 'distance_accuracy_value', 'NONE');
#1493 = SURFACE_STYLE_USAGE ( .BOTH. , #11904 ) ;
#1494 = FILL_AREA_STYLE ('',( #4293 ) ) ;
#1495 = EDGE_LOOP ( 'NONE', ( #8132, #3178, #4478, #2133 ) ) ;
#1496 = ORIENTED_EDGE ( 'NONE', *, *, #2423, .T. ) ;
#1497 = ADVANCED_FACE ( 'NONE', ( #11821 ), #2396, .T. ) ;
#1498 =( NAMED_UNIT ( * ) SI_UNIT ( $, .STERADIAN. ) SOLID_ANGLE_UNIT ( ) );
#1499 = PLANE ( 'NONE',  #835 ) ;
#1500 = FACE_OUTER_BOUND ( 'NONE', #3769, .T. ) ;
#1501 = DIRECTION ( 'NONE',  ( 0.000000000000000000, 0.000000000000000000, 1.000000000000000000 ) ) ;
#1502 = SURFACE_SIDE_STYLE ('',( #3257 ) ) ;
#1503 = ORIENTED_EDGE ( 'NONE', *, *, #8887, .T. ) ;
#1504 = PLANE ( 'NONE',  #10795 ) ;
#1505 = FILL_AREA_STYLE_COLOUR ( '', #4119 ) ;
#1506 =( LENGTH_UNIT ( ) NAMED_UNIT ( * ) SI_UNIT ( .MILLI., .METRE. ) );
#1507 = LINE ( 'NONE', #9067, #7753 ) ;
#1508 = EDGE_CURVE ( 'NONE', #5052, #11960, #8840, .T. ) ;
#1509 = EDGE_LOOP ( 'NONE', ( #5503, #4246, #632, #175 ) ) ;
#1510 = EDGE_CURVE ( 'NONE', #3164, #9420, #4138, .T. ) ;
#1511 = VERTEX_POINT ( 'NONE', #10698 ) ;
#1512 =( NAMED_UNIT ( * ) PLANE_ANGLE_UNIT ( ) SI_UNIT ( $, .RADIAN. ) );
#1513 = DIRECTION ( 'NONE',  ( -0.8906053746977092844, 0.4547769415433821627, 0.000000000000000000 ) ) ;
#1514 = FACE_BOUND ( 'NONE', #1370, .T. ) ;
#1515 = SURFACE_STYLE_FILL_AREA ( #6187 ) ;
#1516 = LINE ( 'NONE', #576, #64 ) ;
#1517 = FILL_AREA_STYLE ('',( #10076 ) ) ;
#1518 = DIRECTION ( 'NONE',  ( 1.000000000000000000, 0.000000000000000000, 0.000000000000000000 ) ) ;
#1519 =( LENGTH_UNIT ( ) NAMED_UNIT ( * ) SI_UNIT ( .MILLI., .METRE. ) );
#1520 = UNCERTAINTY_MEASURE_WITH_UNIT (LENGTH_MEASURE( 1.000000000000000082E-05 ), #8952, 'distance_accuracy_value', 'NONE');
#1521 =( LENGTH_UNIT ( ) NAMED_UNIT ( * ) SI_UNIT ( .MILLI., .METRE. ) );
#1522 = SURFACE_SIDE_STYLE ('',( #3647 ) ) ;
#1523 = SURFACE_STYLE_USAGE ( .BOTH. , #11143 ) ;
#1524 = EDGE_CURVE ( 'NONE', #5279, #11582, #3166, .T. ) ;
#1525 = CARTESIAN_POINT ( 'NONE',  ( -0.6800000000000100409, 4.000000000000000000, 0.5999999999999999778 ) ) ;
#1526 = LINE ( 'NONE', #11076, #9261 ) ;
#1527 = CARTESIAN_POINT ( 'NONE',  ( 7.370000000000000107, 0.2300000000000000100, 10.20000000000000107 ) ) ;
#1528 = LINE ( 'NONE', #5341, #2878 ) ;
#1529 = CARTESIAN_POINT ( 'NONE',  ( -3.340000000000000302, 0.2000000000000000111, 3.200000000000000178 ) ) ;
#1530 = MECHANICAL_DESIGN_GEOMETRIC_PRESENTATION_REPRESENTATION (  '', ( #8322 ), #7723 ) ;
#1531 =( NAMED_UNIT ( * ) SI_UNIT ( $, .STERADIAN. ) SOLID_ANGLE_UNIT ( ) );
#1532 = FILL_AREA_STYLE_COLOUR ( '', #1052 ) ;
#1533 = CARTESIAN_POINT ( 'NONE',  ( -11.25999999999999979, 0.2000000000000000111, 3.200000000000000178 ) ) ;
#1534 = EDGE_LOOP ( 'NONE', ( #3194, #2728, #9802, #5998, #4059, #9554, #6069, #12263, #6598, #9583, #3049, #2847 ) ) ;
#1535 = FILL_AREA_STYLE_COLOUR ( '', #9424 ) ;
#1536 = STYLED_ITEM ( 'NONE', ( #4807 ), #9312 ) ;
#1537 = ORIENTED_EDGE ( 'NONE', *, *, #6321, .F. ) ;
#1538 = ADVANCED_FACE ( 'NONE', ( #1339 ), #6195, .T. ) ;
#1539 = EDGE_LOOP ( 'NONE', ( #6104, #1311, #2016, #10734 ) ) ;
#1540 = PRESENTATION_LAYER_ASSIGNMENT (  '', '', ( #3924 ) ) ;
#1541 = DIRECTION ( 'NONE',  ( 1.000000000000000000, 0.000000000000000000, 0.000000000000000000 ) ) ;
#1542 = DIRECTION ( 'NONE',  ( 1.000000000000000000, 0.000000000000000000, 0.000000000000000000 ) ) ;
#1543 = UNCERTAINTY_MEASURE_WITH_UNIT (LENGTH_MEASURE( 1.000000000000000082E-05 ), #935, 'distance_accuracy_value', 'NONE');
#1544 =( NAMED_UNIT ( * ) PLANE_ANGLE_UNIT ( ) SI_UNIT ( $, .RADIAN. ) );
#1545 = CARTESIAN_POINT ( 'NONE',  ( -0.5500000000000080380, 0.2300000000000000100, 10.20000000000000107 ) ) ;
#1547 = EDGE_LOOP ( 'NONE', ( #7404, #5724, #4506, #9784 ) ) ;
#1546 = FACE_OUTER_BOUND ( 'NONE', #1390, .T. ) ;
#1548 = ORIENTED_EDGE ( 'NONE', *, *, #5321, .T. ) ;
#1549 =( GEOMETRIC_REPRESENTATION_CONTEXT ( 3 ) GLOBAL_UNCERTAINTY_ASSIGNED_CONTEXT ( ( #8542 ) ) GLOBAL_UNIT_ASSIGNED_CONTEXT ( ( #3786, #977, #3846 ) ) REPRESENTATION_CONTEXT ( 'NONE', 'WORKASPACE' ) );
#1550 = LINE ( 'NONE', #11044, #2040 ) ;
#1551 = FILL_AREA_STYLE ('',( #1431 ) ) ;
#1552 = PRESENTATION_LAYER_ASSIGNMENT (  '', '', ( #347 ) ) ;
#1553 = VECTOR ( 'NONE', #4194, 1000.000000000000000 ) ;
#1554 =( GEOMETRIC_REPRESENTATION_CONTEXT ( 3 ) GLOBAL_UNCERTAINTY_ASSIGNED_CONTEXT ( ( #2317 ) ) GLOBAL_UNIT_ASSIGNED_CONTEXT ( ( #12112, #3693, #1686 ) ) REPRESENTATION_CONTEXT ( 'NONE', 'WORKASPACE' ) );
#1555 = CARTESIAN_POINT ( 'NONE',  ( -7.200000000000000178, 4.000000000000000000, 0.5999999999999999778 ) ) ;
#1556 = EDGE_CURVE ( 'NONE', #5878, #11411, #1214, .T. ) ;
#1557 =( GEOMETRIC_REPRESENTATION_CONTEXT ( 3 ) GLOBAL_UNCERTAINTY_ASSIGNED_CONTEXT ( ( #4024 ) ) GLOBAL_UNIT_ASSIGNED_CONTEXT ( ( #6814, #8811, #7764 ) ) REPRESENTATION_CONTEXT ( 'NONE', 'WORKASPACE' ) );
#1558 = LINE ( 'NONE', #9250, #6635 ) ;
#1559 =( NAMED_UNIT ( * ) PLANE_ANGLE_UNIT ( ) SI_UNIT ( $, .RADIAN. ) );
#1560 = ORIENTED_EDGE ( 'NONE', *, *, #6072, .F. ) ;
#1561 = PRESENTATION_STYLE_ASSIGNMENT (( #2433 ) ) ;
#1562 =( GEOMETRIC_REPRESENTATION_CONTEXT ( 3 ) GLOBAL_UNCERTAINTY_ASSIGNED_CONTEXT ( ( #3031 ) ) GLOBAL_UNIT_ASSIGNED_CONTEXT ( ( #10174, #8373, #11252 ) ) REPRESENTATION_CONTEXT ( 'NONE', 'WORKASPACE' ) );
#1563 = PRESENTATION_STYLE_ASSIGNMENT (( #6314 ) ) ;
#1564 =( NAMED_UNIT ( * ) PLANE_ANGLE_UNIT ( ) SI_UNIT ( $, .RADIAN. ) );
#1565 = LINE ( 'NONE', #3399, #9849 ) ;
#1566 = ORIENTED_EDGE ( 'NONE', *, *, #11299, .F. ) ;
#1567 = ADVANCED_FACE ( 'NONE', ( #5385 ), #12006, .T. ) ;
#1568 = VERTEX_POINT ( 'NONE', #7345 ) ;
#1569 = COLOUR_RGB ( '',0.2941176470588235392, 0.2941176470588235392, 0.2941176470588235392 ) ;
#1570 = FILL_AREA_STYLE_COLOUR ( '', #8925 ) ;
#1571 = FILL_AREA_STYLE_COLOUR ( '', #12254 ) ;
#1572 = DIRECTION ( 'NONE',  ( 0.000000000000000000, 1.000000000000000000, 0.000000000000000000 ) ) ;
#1573 = UNCERTAINTY_MEASURE_WITH_UNIT (LENGTH_MEASURE( 1.000000000000000082E-05 ), #6895, 'distance_accuracy_value', 'NONE');
#1574 = DIRECTION ( 'NONE',  ( -0.9713210491250657830, 0.2377717803411109332, 0.000000000000000000 ) ) ;
#1575 = FACE_BOUND ( 'NONE', #6377, .T. ) ;
#1576 = DIRECTION ( 'NONE',  ( -0.6996250055016631775, -0.7145102180352621568, 0.000000000000000000 ) ) ;
#1577 = PLANE ( 'NONE',  #1766 ) ;
#1578 = FACE_OUTER_BOUND ( 'NONE', #3701, .T. ) ;
#1579 = CARTESIAN_POINT ( 'NONE',  ( -11.86000000000000121, 1.260000000000000009, 10.69999999999999929 ) ) ;
#1580 = ORIENTED_EDGE ( 'NONE', *, *, #11103, .F. ) ;
#1581 = ADVANCED_FACE ( 'NONE', ( #3480 ), #4286, .F. ) ;
#1582 = LINE ( 'NONE', #1471, #6926 ) ;
#1583 = UNCERTAINTY_MEASURE_WITH_UNIT (LENGTH_MEASURE( 1.000000000000000082E-05 ), #6834, 'distance_accuracy_value', 'NONE');
#1584 = CARTESIAN_POINT ( 'NONE',  ( -2.123404264450070134, 1.142544447854309864, 0.000000000000000000 ) ) ;
#1585 = SURFACE_SIDE_STYLE ('',( #1714 ) ) ;
#1586 = PLANE ( 'NONE',  #8517 ) ;
#1587 =( NAMED_UNIT ( * ) PLANE_ANGLE_UNIT ( ) SI_UNIT ( $, .RADIAN. ) );
#1588 = EDGE_CURVE ( 'NONE', #8683, #4682, #1356, .T. ) ;
#1589 = LINE ( 'NONE', #10279, #6665 ) ;
#1590 = ORIENTED_EDGE ( 'NONE', *, *, #8555, .T. ) ;
#1591 = FILL_AREA_STYLE_COLOUR ( '', #8828 ) ;
#1592 = LINE ( 'NONE', #3363, #6456 ) ;
#1593 = EDGE_LOOP ( 'NONE', ( #10700, #6260, #1600, #6249, #8718, #2758 ) ) ;
#1594 =( LENGTH_UNIT ( ) NAMED_UNIT ( * ) SI_UNIT ( .MILLI., .METRE. ) );
#1595 = ORIENTED_EDGE ( 'NONE', *, *, #5171, .F. ) ;
#1596 = PRESENTATION_STYLE_ASSIGNMENT (( #9229 ) ) ;
#1597 = LINE ( 'NONE', #12102, #1270 ) ;
#1598 = DIRECTION ( 'NONE',  ( -0.5627909312417391785, -0.8265992787996224722, 0.000000000000000000 ) ) ;
#1599 = FILL_AREA_STYLE ('',( #10161 ) ) ;
#1600 = ORIENTED_EDGE ( 'NONE', *, *, #11289, .T. ) ;
#1602 = VERTEX_POINT ( 'NONE', #12026 ) ;
#1601 = PRESENTATION_STYLE_ASSIGNMENT (( #11350 ) ) ;
#1603 = ORIENTED_EDGE ( 'NONE', *, *, #5978, .F. ) ;
#1604 = CARTESIAN_POINT ( 'NONE',  ( -12.21000000000000085, 1.149999999999999911, 11.19999999999999929 ) ) ;
#1605 =( NAMED_UNIT ( * ) PLANE_ANGLE_UNIT ( ) SI_UNIT ( $, .RADIAN. ) );
#1606 = FILL_AREA_STYLE_COLOUR ( '', #11638 ) ;
#1607 = DIRECTION ( 'NONE',  ( 0.000000000000000000, 0.9766444667050906414, -0.2148617826751169080 ) ) ;
#1608 = VECTOR ( 'NONE', #219, 1000.000000000000114 ) ;
#1609 = DIRECTION ( 'NONE',  ( -1.000000000000000000, 0.000000000000000000, 0.000000000000000000 ) ) ;
#1610 = FILL_AREA_STYLE_COLOUR ( '', #8055 ) ;
#1611 = SURFACE_STYLE_USAGE ( .BOTH. , #8705 ) ;
#1612 = VERTEX_POINT ( 'NONE', #7980 ) ;
#1613 = PRESENTATION_STYLE_ASSIGNMENT (( #11525 ) ) ;
#1614 = LINE ( 'NONE', #11182, #5360 ) ;
#1615 = SURFACE_SIDE_STYLE ('',( #808 ) ) ;
#1616 =( GEOMETRIC_REPRESENTATION_CONTEXT ( 3 ) GLOBAL_UNCERTAINTY_ASSIGNED_CONTEXT ( ( #2492 ) ) GLOBAL_UNIT_ASSIGNED_CONTEXT ( ( #11578, #2980, #6900 ) ) REPRESENTATION_CONTEXT ( 'NONE', 'WORKASPACE' ) );
#1617 = DIRECTION ( 'NONE',  ( 0.000000000000000000, -1.000000000000000000, 0.000000000000000000 ) ) ;
#1618 = COLOUR_RGB ( '',0.7803921568627451011, 0.7803921568627451011, 0.7803921568627451011 ) ;
#1619 =( LENGTH_UNIT ( ) NAMED_UNIT ( * ) SI_UNIT ( .MILLI., .METRE. ) );
#1620 = SURFACE_SIDE_STYLE ('',( #8195 ) ) ;
#1621 = CARTESIAN_POINT ( 'NONE',  ( -1.880851066112519954, 0.7925444955380260836, 0.000000000000000000 ) ) ;
#1622 = EDGE_CURVE ( 'NONE', #9048, #3360, #5349, .T. ) ;
#1623 = PRESENTATION_LAYER_ASSIGNMENT (  '', '', ( #11775 ) ) ;
#1624 = VECTOR ( 'NONE', #803, 1000.000000000000000 ) ;
#1625 = LINE ( 'NONE', #381, #2447 ) ;
#1626 = COLOUR_RGB ( '',0.7803921568627451011, 0.7803921568627451011, 0.7803921568627451011 ) ;
#1627 = ORIENTED_EDGE ( 'NONE', *, *, #565, .T. ) ;
#1628 =( NAMED_UNIT ( * ) PLANE_ANGLE_UNIT ( ) SI_UNIT ( $, .RADIAN. ) );
#1629 = FILL_AREA_STYLE ('',( #12136 ) ) ;
#1630 = VECTOR ( 'NONE', #12107, 1000.000000000000114 ) ;
#1631 = CARTESIAN_POINT ( 'NONE',  ( -3.239999999999999769, 4.000000000000000000, 0.5999999999999999778 ) ) ;
#1632 = SURFACE_SIDE_STYLE ('',( #9392 ) ) ;
#1633 = CARTESIAN_POINT ( 'NONE',  ( 0.000000000000000000, 0.000000000000000000, -0.05000000000000000278 ) ) ;
#1634 =( LENGTH_UNIT ( ) NAMED_UNIT ( * ) SI_UNIT ( .MILLI., .METRE. ) );
#1635 = FILL_AREA_STYLE_COLOUR ( '', #6365 ) ;
#1636 = UNCERTAINTY_MEASURE_WITH_UNIT (LENGTH_MEASURE( 1.000000000000000082E-05 ), #7060, 'distance_accuracy_value', 'NONE');
#1637 = ORIENTED_EDGE ( 'NONE', *, *, #9323, .F. ) ;
#1638 = SURFACE_STYLE_USAGE ( .BOTH. , #9140 ) ;
#1639 = DIRECTION ( 'NONE',  ( 0.000000000000000000, -0.9766444667050904194, 0.2148617826751180737 ) ) ;
#1640 = VECTOR ( 'NONE', #12095, 1000.000000000000000 ) ;
#1641 = EDGE_CURVE ( 'NONE', #3666, #5106, #3495, .T. ) ;
#1642 = CARTESIAN_POINT ( 'NONE',  ( -13.86000000000000121, 2.000000000000000000, 3.200000000000000178 ) ) ;
#1643 = PRESENTATION_LAYER_ASSIGNMENT (  '', '', ( #8820 ) ) ;
#1644 = VECTOR ( 'NONE', #2219, 1000.000000000000000 ) ;
#1645 = EDGE_LOOP ( 'NONE', ( #4029, #6962, #2599, #5974 ) ) ;
#1646 =( GEOMETRIC_REPRESENTATION_CONTEXT ( 3 ) GLOBAL_UNCERTAINTY_ASSIGNED_CONTEXT ( ( #10372 ) ) GLOBAL_UNIT_ASSIGNED_CONTEXT ( ( #11719, #8911, #7029 ) ) REPRESENTATION_CONTEXT ( 'NONE', 'WORKASPACE' ) );
#1647 = EDGE_CURVE ( 'NONE', #5177, #1778, #3422, .T. ) ;
#1648 = PLANE ( 'NONE',  #5237 ) ;
#1649 = AXIS2_PLACEMENT_3D ( 'NONE', #1786, #8597, #3680 ) ;
#1650 =( GEOMETRIC_REPRESENTATION_CONTEXT ( 3 ) GLOBAL_UNCERTAINTY_ASSIGNED_CONTEXT ( ( #1472 ) ) GLOBAL_UNIT_ASSIGNED_CONTEXT ( ( #9733, #220, #3125 ) ) REPRESENTATION_CONTEXT ( 'NONE', 'WORKASPACE' ) );
#1651 = PRESENTATION_STYLE_ASSIGNMENT (( #9399 ) ) ;
#1652 =( LENGTH_UNIT ( ) NAMED_UNIT ( * ) SI_UNIT ( .MILLI., .METRE. ) );
#1653 = AXIS2_PLACEMENT_3D ( 'NONE', #1484, #6155, #10838 ) ;
#1654 = CARTESIAN_POINT ( 'NONE',  ( -0.3300000000000099520, 0.4500000000000000111, 11.19999999999999929 ) ) ;
#1655 = SURFACE_STYLE_USAGE ( .BOTH. , #8474 ) ;
#1656 =( NAMED_UNIT ( * ) PLANE_ANGLE_UNIT ( ) SI_UNIT ( $, .RADIAN. ) );
#1657 = VECTOR ( 'NONE', #8930, 1000.000000000000000 ) ;
#1658 = CARTESIAN_POINT ( 'NONE',  ( 0.5899999999999860911, 1.369999999999999885, 10.20000000000000107 ) ) ;
#1659 = FACE_OUTER_BOUND ( 'NONE', #7953, .T. ) ;
#1660 =( LENGTH_UNIT ( ) NAMED_UNIT ( * ) SI_UNIT ( .MILLI., .METRE. ) );
#1661 =( GEOMETRIC_REPRESENTATION_CONTEXT ( 3 ) GLOBAL_UNCERTAINTY_ASSIGNED_CONTEXT ( ( #10139 ) ) GLOBAL_UNIT_ASSIGNED_CONTEXT ( ( #5485, #5420, #8497 ) ) REPRESENTATION_CONTEXT ( 'NONE', 'WORKASPACE' ) );
#1662 = ORIENTED_EDGE ( 'NONE', *, *, #9581, .T. ) ;
#1663 = ADVANCED_FACE ( 'NONE', ( #9160 ), #10153, .T. ) ;
#1664 = DIRECTION ( 'NONE',  ( 0.000000000000000000, 1.000000000000000000, 0.000000000000000000 ) ) ;
#1665 =( NAMED_UNIT ( * ) PLANE_ANGLE_UNIT ( ) SI_UNIT ( $, .RADIAN. ) );
#1666 = ORIENTED_EDGE ( 'NONE', *, *, #11882, .T. ) ;
#1667 = PRESENTATION_STYLE_ASSIGNMENT (( #4812 ) ) ;
#1668 = VECTOR ( 'NONE', #1474, 1000.000000000000114 ) ;
#1669 = VECTOR ( 'NONE', #11160, 1000.000000000000000 ) ;
#1670 = MECHANICAL_DESIGN_GEOMETRIC_PRESENTATION_REPRESENTATION (  '', ( #1280 ), #12044 ) ;
#1671 = ORIENTED_EDGE ( 'NONE', *, *, #2160, .F. ) ;
#1672 = PRESENTATION_LAYER_ASSIGNMENT (  '', '', ( #9053 ) ) ;
#1673 = EDGE_CURVE ( 'NONE', #1784, #4399, #1592, .T. ) ;
#1674 = VECTOR ( 'NONE', #2355, 1000.000000000000000 ) ;
#1675 =( LENGTH_UNIT ( ) NAMED_UNIT ( * ) SI_UNIT ( .MILLI., .METRE. ) );
#1676 = PRESENTATION_LAYER_ASSIGNMENT (  '', '', ( #1087 ) ) ;
#1677 = LINE ( 'NONE', #5406, #10787 ) ;
#1678 = ORIENTED_EDGE ( 'NONE', *, *, #6010, .T. ) ;
#1679 = CARTESIAN_POINT ( 'NONE',  ( 0.3699999999999860067, 0.4500000000000000111, 11.19999999999999929 ) ) ;
#1680 = EDGE_LOOP ( 'NONE', ( #2550, #6432, #9883, #7808 ) ) ;
#1681 = EDGE_LOOP ( 'NONE', ( #5496, #11788, #984, #5465 ) ) ;
#1682 =( NAMED_UNIT ( * ) PLANE_ANGLE_UNIT ( ) SI_UNIT ( $, .RADIAN. ) );
#1683 =( NAMED_UNIT ( * ) PLANE_ANGLE_UNIT ( ) SI_UNIT ( $, .RADIAN. ) );
#1684 = VECTOR ( 'NONE', #316, 1000.000000000000000 ) ;
#1685 = EDGE_CURVE ( 'NONE', #9385, #11473, #10961, .T. ) ;
#1686 =( NAMED_UNIT ( * ) SI_UNIT ( $, .STERADIAN. ) SOLID_ANGLE_UNIT ( ) );
#1687 = PRESENTATION_STYLE_ASSIGNMENT (( #6566 ) ) ;
#1688 = EDGE_LOOP ( 'NONE', ( #12213, #4785, #11571, #8436 ) ) ;
#1689 = DIRECTION ( 'NONE',  ( 0.000000000000000000, 0.000000000000000000, 1.000000000000000000 ) ) ;
#1690 = DIRECTION ( 'NONE',  ( 1.000000000000000000, 0.000000000000000000, 0.000000000000000000 ) ) ;
#1691 = COLOUR_RGB ( '',0.7803921568627451011, 0.7803921568627451011, 0.7803921568627451011 ) ;
#1692 = FILL_AREA_STYLE_COLOUR ( '', #11792 ) ;
#1693 = DIRECTION ( 'NONE',  ( 1.000000000000000000, 0.000000000000000000, 0.000000000000000000 ) ) ;
#1694 = MECHANICAL_DESIGN_GEOMETRIC_PRESENTATION_REPRESENTATION (  '', ( #1103 ), #10858 ) ;
#1695 = FILL_AREA_STYLE_COLOUR ( '', #1823 ) ;
#1696 = CARTESIAN_POINT ( 'NONE',  ( -7.550000000000000711, 1.149999999999999911, -3.399999999999999911 ) ) ;
#1697 = ORIENTED_EDGE ( 'NONE', *, *, #8008, .T. ) ;
#1698 =( LENGTH_UNIT ( ) NAMED_UNIT ( * ) SI_UNIT ( .MILLI., .METRE. ) );
#1699 = VERTEX_POINT ( 'NONE', #9217 ) ;
#1700 = DIRECTION ( 'NONE',  ( 0.9766444667050901973, 0.000000000000000000, -0.2148617826751190452 ) ) ;
#1701 = FILL_AREA_STYLE ('',( #8199 ) ) ;
#1702 = SURFACE_STYLE_FILL_AREA ( #446 ) ;
#1703 = DIRECTION ( 'NONE',  ( -1.000000000000000000, 0.000000000000000000, 0.000000000000000000 ) ) ;
#1704 = PLANE ( 'NONE',  #4136 ) ;
#1705 = ORIENTED_EDGE ( 'NONE', *, *, #12079, .T. ) ;
#1706 =( NAMED_UNIT ( * ) SI_UNIT ( $, .STERADIAN. ) SOLID_ANGLE_UNIT ( ) );
#1707 = SURFACE_STYLE_USAGE ( .BOTH. , #9331 ) ;
#1708 = ORIENTED_EDGE ( 'NONE', *, *, #4943, .F. ) ;
#1709 = ORIENTED_EDGE ( 'NONE', *, *, #5083, .F. ) ;
#1710 = EDGE_CURVE ( 'NONE', #1436, #6093, #7030, .T. ) ;
#1711 = DIRECTION ( 'NONE',  ( 1.000000000000000000, 0.000000000000000000, 0.000000000000000000 ) ) ;
#1712 = LINE ( 'NONE', #12201, #11520 ) ;
#1713 =( LENGTH_UNIT ( ) NAMED_UNIT ( * ) SI_UNIT ( .MILLI., .METRE. ) );
#1714 = SURFACE_STYLE_FILL_AREA ( #6348 ) ;
#1715 = FACE_OUTER_BOUND ( 'NONE', #11174, .T. ) ;
#1716 = DIRECTION ( 'NONE',  ( 1.000000000000000000, 0.000000000000000000, 0.000000000000000000 ) ) ;
#1717 = ORIENTED_EDGE ( 'NONE', *, *, #408, .F. ) ;
#1718 = CARTESIAN_POINT ( 'NONE',  ( -1.753191488981250101, 1.367544447854309952, 0.000000000000000000 ) ) ;
#1719 = CARTESIAN_POINT ( 'NONE',  ( 0.7199999999999910916, 4.000000000000000000, 0.5999999999999999778 ) ) ;
#1720 = VERTEX_POINT ( 'NONE', #6210 ) ;
#1721 = FACE_OUTER_BOUND ( 'NONE', #5294, .T. ) ;
#1722 = ORIENTED_EDGE ( 'NONE', *, *, #2006, .F. ) ;
#1723 = ADVANCED_FACE ( 'NONE', ( #11023 ), #8408, .T. ) ;
#1724 = COLOUR_RGB ( '',1.000000000000000000, 1.000000000000000000, 0.9450980392156862475 ) ;
#1725 = LINE ( 'NONE', #7307, #2946 ) ;
#1726 = UNCERTAINTY_MEASURE_WITH_UNIT (LENGTH_MEASURE( 1.000000000000000082E-05 ), #7087, 'distance_accuracy_value', 'NONE');
#1727 = LINE ( 'NONE', #7231, #5432 ) ;
#1728 = CARTESIAN_POINT ( 'NONE',  ( -2.085106396675110219, 1.342544471696169861, 0.000000000000000000 ) ) ;
#1729 = VERTEX_POINT ( 'NONE', #4665 ) ;
#1730 = FILL_AREA_STYLE ('',( #10399 ) ) ;
#1732 = VERTEX_POINT ( 'NONE', #11284 ) ;
#1731 = LINE ( 'NONE', #10400, #1459 ) ;
#1733 = VERTEX_POINT ( 'NONE', #3547 ) ;
#1734 = EDGE_CURVE ( 'NONE', #2624, #1893, #4595, .T. ) ;
#1735 =( NAMED_UNIT ( * ) PLANE_ANGLE_UNIT ( ) SI_UNIT ( $, .RADIAN. ) );
#1736 = CARTESIAN_POINT ( 'NONE',  ( 12.85999999999999943, -3.000000000000000000, 21.88419999999999987 ) ) ;
#1737 = COLOUR_RGB ( '',0.2941176470588235392, 0.2941176470588235392, 0.2941176470588235392 ) ;
#1738 = DIRECTION ( 'NONE',  ( 0.000000000000000000, -1.000000000000000000, 0.000000000000000000 ) ) ;
#1739 = ADVANCED_FACE ( 'NONE', ( #5519 ), #4477, .T. ) ;
#1740 = DIRECTION ( 'NONE',  ( 0.000000000000000000, 0.000000000000000000, -1.000000000000000000 ) ) ;
#1741 = VERTEX_POINT ( 'NONE', #10282 ) ;
#1742 = CARTESIAN_POINT ( 'NONE',  ( -2.200000000000000178, 2.005044447854310352, 0.000000000000000000 ) ) ;
#1743 = CARTESIAN_POINT ( 'NONE',  ( -2.200000000000000178, 0.8675444240124519091, 0.000000000000000000 ) ) ;
#1744 =( NAMED_UNIT ( * ) PLANE_ANGLE_UNIT ( ) SI_UNIT ( $, .RADIAN. ) );
#1745 = SURFACE_STYLE_USAGE ( .BOTH. , #11430 ) ;
#1746 = AXIS2_PLACEMENT_3D ( 'NONE', #282, #4093, #10767 ) ;
#1747 = EDGE_CURVE ( 'NONE', #1954, #1354, #2601, .T. ) ;
#1748 = MECHANICAL_DESIGN_GEOMETRIC_PRESENTATION_REPRESENTATION (  '', ( #4544 ), #3356 ) ;
#1749 = CARTESIAN_POINT ( 'NONE',  ( -7.900000000000000355, 0.3400000000000000244, -2.899999999999999911 ) ) ;
#1750 = FACE_OUTER_BOUND ( 'NONE', #405, .T. ) ;
#1751 = ORIENTED_EDGE ( 'NONE', *, *, #11906, .F. ) ;
#1752 = STYLED_ITEM ( 'NONE', ( #8991 ), #6127 ) ;
#1753 = FILL_AREA_STYLE ('',( #6519 ) ) ;
#1754 = VERTEX_POINT ( 'NONE', #4717 ) ;
#1755 = DIRECTION ( 'NONE',  ( -0.2100675449707450348, 0.2100675449707440079, -0.9548524771397560729 ) ) ;
#1756 = LINE ( 'NONE', #9265, #3062 ) ;
#1757 = LINE ( 'NONE', #5499, #8144 ) ;
#1758 = DIRECTION ( 'NONE',  ( 0.000000000000000000, -1.000000000000000000, 0.000000000000000000 ) ) ;
#1759 = DIRECTION ( 'NONE',  ( -1.000000000000000000, 0.000000000000000000, 0.000000000000000000 ) ) ;
#1760 = EDGE_CURVE ( 'NONE', #3326, #7266, #12333, .T. ) ;
#1761 = UNCERTAINTY_MEASURE_WITH_UNIT (LENGTH_MEASURE( 1.000000000000000082E-05 ), #9991, 'distance_accuracy_value', 'NONE');
#1762 = ORIENTED_EDGE ( 'NONE', *, *, #373, .T. ) ;
#1763 = FILL_AREA_STYLE ('',( #10320 ) ) ;
#1764 = CARTESIAN_POINT ( 'NONE',  ( -7.900000000000000355, 0.3400000000000000244, 10.69999999999999929 ) ) ;
#1765 = STYLED_ITEM ( 'NONE', ( #2176 ), #10215 ) ;
#1766 = AXIS2_PLACEMENT_3D ( 'NONE', #8281, #7341, #11136 ) ;
#1767 = VECTOR ( 'NONE', #9234, 1000.000000000000000 ) ;
#1768 = CARTESIAN_POINT ( 'NONE',  ( -3.479999999999999982, 0.8000000000000000444, -2.899999999999999911 ) ) ;
#1769 = ORIENTED_EDGE ( 'NONE', *, *, #11868, .F. ) ;
#1770 = FILL_AREA_STYLE_COLOUR ( '', #7130 ) ;
#1771 = FILL_AREA_STYLE ('',( #4764 ) ) ;
#1772 = DIRECTION ( 'NONE',  ( 0.000000000000000000, -1.000000000000000000, 0.000000000000000000 ) ) ;
#1773 = VECTOR ( 'NONE', #10050, 1000.000000000000000 ) ;
#1774 = FILL_AREA_STYLE_COLOUR ( '', #3953 ) ;
#1775 = UNCERTAINTY_MEASURE_WITH_UNIT (LENGTH_MEASURE( 1.000000000000000082E-05 ), #3175, 'distance_accuracy_value', 'NONE');
#1776 = MECHANICAL_DESIGN_GEOMETRIC_PRESENTATION_REPRESENTATION (  '', ( #4158 ), #582 ) ;
#1777 = DIRECTION ( 'NONE',  ( 0.2377704967206480113, 0.9713213633443961159, 0.000000000000000000 ) ) ;
#1778 = VERTEX_POINT ( 'NONE', #9290 ) ;
#1779 =( NAMED_UNIT ( * ) PLANE_ANGLE_UNIT ( ) SI_UNIT ( $, .RADIAN. ) );
#1780 = DIRECTION ( 'NONE',  ( 0.000000000000000000, -1.000000000000000000, 0.000000000000000000 ) ) ;
#1781 = ORIENTED_EDGE ( 'NONE', *, *, #8848, .T. ) ;
#1782 = PLANE ( 'NONE',  #3448 ) ;
#1783 = EDGE_CURVE ( 'NONE', #3134, #6393, #10458, .T. ) ;
#1784 = VERTEX_POINT ( 'NONE', #8296 ) ;
#1785 = COLOUR_RGB ( '',1.000000000000000000, 1.000000000000000000, 0.9450980392156862475 ) ;
#1786 = CARTESIAN_POINT ( 'NONE',  ( 0.4799999999999860489, 0.8000000000000000444, 10.69999999999999929 ) ) ;
#1787 = CARTESIAN_POINT ( 'NONE',  ( 3.409999999999999698, 0.2300000000000000100, -2.399999999999999911 ) ) ;
#1788 = ORIENTED_EDGE ( 'NONE', *, *, #3184, .F. ) ;
#1789 = EDGE_LOOP ( 'NONE', ( #2985, #1028, #4974, #6859 ) ) ;
#1790 = ORIENTED_EDGE ( 'NONE', *, *, #767, .T. ) ;
#1791 =( NAMED_UNIT ( * ) SI_UNIT ( $, .STERADIAN. ) SOLID_ANGLE_UNIT ( ) );
#1792 = FILL_AREA_STYLE ('',( #10350 ) ) ;
#1793 = DIRECTION ( 'NONE',  ( 1.000000000000000000, 0.000000000000000000, 0.000000000000000000 ) ) ;
#1794 = EDGE_CURVE ( 'NONE', #669, #3744, #7124, .T. ) ;
#1795 = SURFACE_STYLE_USAGE ( .BOTH. , #4559 ) ;
#1796 = PRESENTATION_STYLE_ASSIGNMENT (( #11304 ) ) ;
#1797 = DIRECTION ( 'NONE',  ( 1.000000000000000000, 0.000000000000000000, 0.000000000000000000 ) ) ;
#1798 = ORIENTED_EDGE ( 'NONE', *, *, #6727, .F. ) ;
#1799 = DIRECTION ( 'NONE',  ( -1.000000000000000000, 0.000000000000000000, 0.000000000000000000 ) ) ;
#1800 = DIRECTION ( 'NONE',  ( -0.000000000000000000, 1.000000000000000000, 0.000000000000000000 ) ) ;
#1801 = DIRECTION ( 'NONE',  ( 0.000000000000000000, 0.000000000000000000, -1.000000000000000000 ) ) ;
#1802 = SURFACE_SIDE_STYLE ('',( #8445 ) ) ;
#1803 = ADVANCED_FACE ( 'NONE', ( #4831 ), #2382, .T. ) ;
#1804 = ORIENTED_EDGE ( 'NONE', *, *, #5554, .T. ) ;
#1805 = EDGE_CURVE ( 'NONE', #8854, #2362, #8721, .T. ) ;
#1806 = EDGE_CURVE ( 'NONE', #4682, #2505, #3956, .T. ) ;
#1807 = VERTEX_POINT ( 'NONE', #7667 ) ;
#1808 = AXIS2_PLACEMENT_3D ( 'NONE', #3439, #8188, #6308 ) ;
#1809 = SURFACE_STYLE_USAGE ( .BOTH. , #4510 ) ;
#1810 = DIRECTION ( 'NONE',  ( 0.9766444667050901973, 0.000000000000000000, -0.2148617826751190452 ) ) ;
#1811 = LINE ( 'NONE', #1009, #3086 ) ;
#1812 = FILL_AREA_STYLE_COLOUR ( '', #5726 ) ;
#1813 = VERTEX_POINT ( 'NONE', #2015 ) ;
#1814 = PRESENTATION_LAYER_ASSIGNMENT (  '', '', ( #5411 ) ) ;
#1815 = COLOUR_RGB ( '',0.7803921568627451011, 0.7803921568627451011, 0.7803921568627451011 ) ;
#1816 = AXIS2_PLACEMENT_3D ( 'NONE', #3748, #1867, #1617 ) ;
#1817 =( NAMED_UNIT ( * ) SI_UNIT ( $, .STERADIAN. ) SOLID_ANGLE_UNIT ( ) );
#1818 = VERTEX_POINT ( 'NONE', #1101 ) ;
#1819 = CARTESIAN_POINT ( 'NONE',  ( -2.110638308525089712, 1.417544435933379754, 0.000000000000000000 ) ) ;
#1820 =( NAMED_UNIT ( * ) SI_UNIT ( $, .STERADIAN. ) SOLID_ANGLE_UNIT ( ) );
#1821 = AXIS2_PLACEMENT_3D ( 'NONE', #3438, #12051, #2554 ) ;
#1822 = CARTESIAN_POINT ( 'NONE',  ( -1.638297872245309872, 1.030044447854310041, 0.000000000000000000 ) ) ;
#1823 = COLOUR_RGB ( '',0.7803921568627451011, 0.7803921568627451011, 0.7803921568627451011 ) ;
#1824 = CARTESIAN_POINT ( 'NONE',  ( 11.19999999999999929, -4.000000000000000000, 0.000000000000000000 ) ) ;
#1825 = FACE_OUTER_BOUND ( 'NONE', #2982, .T. ) ;
#1826 = MECHANICAL_DESIGN_GEOMETRIC_PRESENTATION_REPRESENTATION (  '', ( #4428 ), #3832 ) ;
#1827 = AXIS2_PLACEMENT_3D ( 'NONE', #3327, #8934, #10791 ) ;
#1828 = PRESENTATION_STYLE_ASSIGNMENT (( #7484 ) ) ;
#1829 = ORIENTED_EDGE ( 'NONE', *, *, #6965, .T. ) ;
#1830 = COLOUR_RGB ( '',0.2941176470588235392, 0.2941176470588235392, 0.2941176470588235392 ) ;
#1831 = SURFACE_STYLE_FILL_AREA ( #10335 ) ;
#1832 = SURFACE_STYLE_USAGE ( .BOTH. , #3668 ) ;
#1833 = VERTEX_POINT ( 'NONE', #4899 ) ;
#1834 = VECTOR ( 'NONE', #4366, 1000.000000000000000 ) ;
#1835 = DIRECTION ( 'NONE',  ( 1.000000000000000000, 0.000000000000000000, 0.000000000000000000 ) ) ;
#1836 = MECHANICAL_DESIGN_GEOMETRIC_PRESENTATION_REPRESENTATION (  '', ( #11800 ), #9019 ) ;
#1837 = VERTEX_POINT ( 'NONE', #5828 ) ;
#1838 = MECHANICAL_DESIGN_GEOMETRIC_PRESENTATION_REPRESENTATION (  '', ( #7237 ), #10419 ) ;
#1839 = PRESENTATION_LAYER_ASSIGNMENT (  '', '', ( #5825 ) ) ;
#1840 = VECTOR ( 'NONE', #4258, 1000.000000000000000 ) ;
#1841 = CARTESIAN_POINT ( 'NONE',  ( 11.19999999999999929, -4.000000000000000000, 0.5999999999999999778 ) ) ;
#1842 =( GEOMETRIC_REPRESENTATION_CONTEXT ( 3 ) GLOBAL_UNCERTAINTY_ASSIGNED_CONTEXT ( ( #390 ) ) GLOBAL_UNIT_ASSIGNED_CONTEXT ( ( #12305, #5612, #8509 ) ) REPRESENTATION_CONTEXT ( 'NONE', 'WORKASPACE' ) );
#1843 = STYLED_ITEM ( 'NONE', ( #4039 ), #10809 ) ;
#1844 = LINE ( 'NONE', #4971, #5957 ) ;
#1845 = EDGE_CURVE ( 'NONE', #2551, #7543, #148, .T. ) ;
#1846 = ORIENTED_EDGE ( 'NONE', *, *, #7638, .F. ) ;
#1848 = VERTEX_POINT ( 'NONE', #10643 ) ;
#1847 = CARTESIAN_POINT ( 'NONE',  ( -1.995744669437410357, 1.380044471696169950, -0.05000000000000000278 ) ) ;
#1849 = VERTEX_POINT ( 'NONE', #2088 ) ;
#1850 = AXIS2_PLACEMENT_3D ( 'NONE', #4400, #8298, #10494 ) ;
#1851 = AXIS2_PLACEMENT_3D ( 'NONE', #3120, #3791, #11408 ) ;
#1852 = LINE ( 'NONE', #7433, #8829 ) ;
#1853 = FILL_AREA_STYLE ('',( #1606 ) ) ;
#1854 = STYLED_ITEM ( 'NONE', ( #10123 ), #1889 ) ;
#1855 = CARTESIAN_POINT ( 'NONE',  ( -2.123404264450070134, 0.2425444478543100080, -0.05000000000000000278 ) ) ;
#1856 = VECTOR ( 'NONE', #11342, 1000.000000000000000 ) ;
#1857 = VERTEX_POINT ( 'NONE', #7785 ) ;
#1858 = FILL_AREA_STYLE_COLOUR ( '', #3643 ) ;
#1859 = VERTEX_POINT ( 'NONE', #2145 ) ;
#1860 = FILL_AREA_STYLE ('',( #11603 ) ) ;
#1861 =( NAMED_UNIT ( * ) SI_UNIT ( $, .STERADIAN. ) SOLID_ANGLE_UNIT ( ) );
#1862 = ADVANCED_FACE ( 'NONE', ( #9776 ), #6181, .T. ) ;
#1863 = PRESENTATION_LAYER_ASSIGNMENT (  '', '', ( #8631 ) ) ;
#1864 = EDGE_CURVE ( 'NONE', #10896, #4150, #3519, .T. ) ;
#1865 = DIRECTION ( 'NONE',  ( 0.000000000000000000, 1.000000000000000000, 0.000000000000000000 ) ) ;
#1866 = VECTOR ( 'NONE', #5883, 1000.000000000000000 ) ;
#1867 = DIRECTION ( 'NONE',  ( 0.9766444667050901973, 0.000000000000000000, -0.2148617826751190452 ) ) ;
#1868 =( GEOMETRIC_REPRESENTATION_CONTEXT ( 3 ) GLOBAL_UNCERTAINTY_ASSIGNED_CONTEXT ( ( #11711 ) ) GLOBAL_UNIT_ASSIGNED_CONTEXT ( ( #7466, #1934, #10316 ) ) REPRESENTATION_CONTEXT ( 'NONE', 'WORKASPACE' ) );
#1869 = COLOUR_RGB ( '',0.2941176470588235392, 0.2941176470588235392, 0.2941176470588235392 ) ;
#1870 = ORIENTED_EDGE ( 'NONE', *, *, #10471, .F. ) ;
#1871 = DIRECTION ( 'NONE',  ( 0.000000000000000000, -1.000000000000000000, 0.000000000000000000 ) ) ;
#1872 = CARTESIAN_POINT ( 'NONE',  ( -1.600000000000000089, -0.7074556475131219546, 0.000000000000000000 ) ) ;
#1873 = EDGE_CURVE ( 'NONE', #9107, #9750, #4373, .T. ) ;
#1874 =( NAMED_UNIT ( * ) PLANE_ANGLE_UNIT ( ) SI_UNIT ( $, .RADIAN. ) );
#1875 = PRESENTATION_STYLE_ASSIGNMENT (( #768 ) ) ;
#1876 = STYLED_ITEM ( 'NONE', ( #5438 ), #8013 ) ;
#1877 = CARTESIAN_POINT ( 'NONE',  ( -1.612765957042580078, 1.317544424012449866, -0.05000000000000000278 ) ) ;
#1878 = UNCERTAINTY_MEASURE_WITH_UNIT (LENGTH_MEASURE( 1.000000000000000082E-05 ), #3297, 'distance_accuracy_value', 'NONE');
#1879 = ORIENTED_EDGE ( 'NONE', *, *, #11965, .F. ) ;
#1880 = DIRECTION ( 'NONE',  ( -0.2100675449707440356, 0.2100675449707440356, 0.9548524771397562949 ) ) ;
#1881 = EDGE_CURVE ( 'NONE', #9670, #7301, #562, .T. ) ;
#1882 = ORIENTED_EDGE ( 'NONE', *, *, #1508, .T. ) ;
#1883 = FILL_AREA_STYLE_COLOUR ( '', #7270 ) ;
#1884 = DIRECTION ( 'NONE',  ( 0.9506452063545660636, -0.3102800213276460384, 0.000000000000000000 ) ) ;
#1885 = SURFACE_SIDE_STYLE ('',( #2913 ) ) ;
#1886 = CARTESIAN_POINT ( 'NONE',  ( 0.6199999999999890044, 1.399999999999999911, 0.5999999999999999778 ) ) ;
#1887 = CARTESIAN_POINT ( 'NONE',  ( -2.110638308525089712, -0.03245550446197460054, 0.000000000000000000 ) ) ;
#1888 = SURFACE_STYLE_FILL_AREA ( #3894 ) ;
#1889 = ADVANCED_FACE ( 'NONE', ( #8196 ), #9316, .T. ) ;
#1890 = UNCERTAINTY_MEASURE_WITH_UNIT (LENGTH_MEASURE( 1.000000000000000082E-05 ), #9727, 'distance_accuracy_value', 'NONE');
#1891 = PLANE ( 'NONE',  #7613 ) ;
#1892 = FILL_AREA_STYLE ('',( #8775 ) ) ;
#1893 = VERTEX_POINT ( 'NONE', #706 ) ;
#1894 = EDGE_CURVE ( 'NONE', #8793, #2362, #7185, .T. ) ;
#1895 =( NAMED_UNIT ( * ) PLANE_ANGLE_UNIT ( ) SI_UNIT ( $, .RADIAN. ) );
#1896 = CARTESIAN_POINT ( 'NONE',  ( -2.085106396675110219, 1.055044424012449911, -0.05000000000000000278 ) ) ;
#1897 = EDGE_CURVE ( 'NONE', #10195, #9792, #1565, .T. ) ;
#1898 = VERTEX_POINT ( 'NONE', #2509 ) ;
#1899 =( NAMED_UNIT ( * ) SI_UNIT ( $, .STERADIAN. ) SOLID_ANGLE_UNIT ( ) );
#1900 = VERTEX_POINT ( 'NONE', #9070 ) ;
#1901 = SURFACE_SIDE_STYLE ('',( #6669 ) ) ;
#1902 = DIRECTION ( 'NONE',  ( 0.000000000000000000, 1.000000000000000000, 0.000000000000000000 ) ) ;
#1903 = ORIENTED_EDGE ( 'NONE', *, *, #3918, .F. ) ;
#1904 = FILL_AREA_STYLE_COLOUR ( '', #1154 ) ;
#1906 = VERTEX_POINT ( 'NONE', #625 ) ;
#1905 = LINE ( 'NONE', #11534, #11437 ) ;
#1907 = ORIENTED_EDGE ( 'NONE', *, *, #6687, .F. ) ;
#1908 = SURFACE_STYLE_USAGE ( .BOTH. , #4909 ) ;
#1909 = EDGE_CURVE ( 'NONE', #7543, #6387, #759, .T. ) ;
#1910 =( NAMED_UNIT ( * ) SI_UNIT ( $, .STERADIAN. ) SOLID_ANGLE_UNIT ( ) );
#1911 = DIRECTION ( 'NONE',  ( 0.4547769415433881024, 0.8906053746977062868, 0.000000000000000000 ) ) ;
#1912 = LINE ( 'NONE', #930, #5284 ) ;
#1913 = LINE ( 'NONE', #38, #3847 ) ;
#1914 = SURFACE_SIDE_STYLE ('',( #171 ) ) ;
#1915 = ORIENTED_EDGE ( 'NONE', *, *, #8086, .T. ) ;
#1916 = DIRECTION ( 'NONE',  ( -1.000000000000000000, 0.000000000000000000, 0.000000000000000000 ) ) ;
#1917 = CARTESIAN_POINT ( 'NONE',  ( -3.589999999999999858, 1.149999999999999911, -3.399999999999999911 ) ) ;
#1918 = ORIENTED_EDGE ( 'NONE', *, *, #11906, .T. ) ;
#1919 = ORIENTED_EDGE ( 'NONE', *, *, #696, .F. ) ;
#1920 = DIRECTION ( 'NONE',  ( 1.000000000000000000, 0.000000000000000000, 0.000000000000000000 ) ) ;
#1921 = SURFACE_STYLE_FILL_AREA ( #10307 ) ;
#1922 = PRESENTATION_LAYER_ASSIGNMENT (  '', '', ( #3738 ) ) ;
#1923 = PLANE ( 'NONE',  #5018 ) ;
#1924 = DIRECTION ( 'NONE',  ( -0.2473831068378018472, -0.9689177459677764670, 0.000000000000000000 ) ) ;
#1925 =( LENGTH_UNIT ( ) NAMED_UNIT ( * ) SI_UNIT ( .MILLI., .METRE. ) );
#1926 = EDGE_CURVE ( 'NONE', #1699, #5798, #12124, .T. ) ;
#1927 = STYLED_ITEM ( 'NONE', ( #1218 ), #5856 ) ;
#1928 = EDGE_LOOP ( 'NONE', ( #11054, #3423, #9357, #11155 ) ) ;
#1929 = DIRECTION ( 'NONE',  ( 0.000000000000000000, -1.000000000000000000, 0.000000000000000000 ) ) ;
#1931 = PRESENTATION_LAYER_ASSIGNMENT (  '', '', ( #7346 ) ) ;
#1930 = DIRECTION ( 'NONE',  ( 0.000000000000000000, -1.000000000000000000, 0.000000000000000000 ) ) ;
#1932 = DIRECTION ( 'NONE',  ( 1.000000000000000000, 0.000000000000000000, 0.000000000000000000 ) ) ;
#1933 = PRESENTATION_LAYER_ASSIGNMENT (  '', '', ( #1352 ) ) ;
#1934 =( NAMED_UNIT ( * ) PLANE_ANGLE_UNIT ( ) SI_UNIT ( $, .RADIAN. ) );
#1935 = CARTESIAN_POINT ( 'NONE',  ( -2.187234044075009987, -0.04495559982940600108, 0.000000000000000000 ) ) ;
#1936 = VERTEX_POINT ( 'NONE', #11185 ) ;
#1937 = PRESENTATION_LAYER_ASSIGNMENT (  '', '', ( #11522 ) ) ;
#1938 = FACE_OUTER_BOUND ( 'NONE', #8098, .T. ) ;
#1939 = EDGE_CURVE ( 'NONE', #10727, #6326, #6451, .T. ) ;
#1940 = VECTOR ( 'NONE', #2519, 1000.000000000000000 ) ;
#1941 =( GEOMETRIC_REPRESENTATION_CONTEXT ( 3 ) GLOBAL_UNCERTAINTY_ASSIGNED_CONTEXT ( ( #6775 ) ) GLOBAL_UNIT_ASSIGNED_CONTEXT ( ( #2709, #9510, #11319 ) ) REPRESENTATION_CONTEXT ( 'NONE', 'WORKASPACE' ) );
#1942 = CLOSED_SHELL ( 'NONE', ( #975, #4698, #8409, #9839, #3339, #3021, #4629, #3976, #2106, #11584, #9165, #271, #201, #2257 ) ) ;
#1943 =( LENGTH_UNIT ( ) NAMED_UNIT ( * ) SI_UNIT ( .MILLI., .METRE. ) );
#1944 = ORIENTED_EDGE ( 'NONE', *, *, #8011, .F. ) ;
#1945 = COLOUR_RGB ( '',1.000000000000000000, 1.000000000000000000, 0.9450980392156862475 ) ;
#1946 = CARTESIAN_POINT ( 'NONE',  ( 3.279999999999999805, -4.000000000000000000, 0.5999999999999999778 ) ) ;
#1947 = CARTESIAN_POINT ( 'NONE',  ( -12.50000000000000000, 3.000000000000000000, 7.500000000000000000 ) ) ;
#1948 = FILL_AREA_STYLE_COLOUR ( '', #1389 ) ;
#1949 = DIRECTION ( 'NONE',  ( 0.000000000000000000, 1.000000000000000000, 0.000000000000000000 ) ) ;
#1950 = DIRECTION ( 'NONE',  ( -1.000000000000000000, 0.000000000000000000, 0.000000000000000000 ) ) ;
#1951 =( NAMED_UNIT ( * ) PLANE_ANGLE_UNIT ( ) SI_UNIT ( $, .RADIAN. ) );
#1952 =( NAMED_UNIT ( * ) SI_UNIT ( $, .STERADIAN. ) SOLID_ANGLE_UNIT ( ) );
#1953 = MECHANICAL_DESIGN_GEOMETRIC_PRESENTATION_REPRESENTATION (  '', ( #6939 ), #1374 ) ;
#1954 = VERTEX_POINT ( 'NONE', #5316 ) ;
#1955 = LINE ( 'NONE', #4664, #11982 ) ;
#1956 =( NAMED_UNIT ( * ) SI_UNIT ( $, .STERADIAN. ) SOLID_ANGLE_UNIT ( ) );
#1957 = VERTEX_POINT ( 'NONE', #502 ) ;
#1958 = EDGE_CURVE ( 'NONE', #3713, #2624, #8378, .T. ) ;
#1959 = ORIENTED_EDGE ( 'NONE', *, *, #5399, .F. ) ;
#1960 = SURFACE_STYLE_FILL_AREA ( #5838 ) ;
#1961 = ADVANCED_FACE ( 'NONE', ( #7451 ), #11256, .T. ) ;
#1962 =( GEOMETRIC_REPRESENTATION_CONTEXT ( 3 ) GLOBAL_UNCERTAINTY_ASSIGNED_CONTEXT ( ( #9688 ) ) GLOBAL_UNIT_ASSIGNED_CONTEXT ( ( #11149, #662, #9209 ) ) REPRESENTATION_CONTEXT ( 'NONE', 'WORKASPACE' ) );
#1963 = SURFACE_STYLE_FILL_AREA ( #6671 ) ;
#1964 = UNCERTAINTY_MEASURE_WITH_UNIT (LENGTH_MEASURE( 1.000000000000000082E-05 ), #5255, 'distance_accuracy_value', 'NONE');
#1965 = PRESENTATION_STYLE_ASSIGNMENT (( #4779 ) ) ;
#1966 =( NAMED_UNIT ( * ) PLANE_ANGLE_UNIT ( ) SI_UNIT ( $, .RADIAN. ) );
#1967 = PRESENTATION_LAYER_ASSIGNMENT (  '', '', ( #10527 ) ) ;
#1968 = ORIENTED_EDGE ( 'NONE', *, *, #11504, .T. ) ;
#1969 = DIRECTION ( 'NONE',  ( 0.000000000000000000, 0.000000000000000000, -1.000000000000000000 ) ) ;
#1970 = EDGE_LOOP ( 'NONE', ( #7798, #10540, #12349, #5107 ) ) ;
#1971 = ORIENTED_EDGE ( 'NONE', *, *, #6613, .T. ) ;
#1972 = CARTESIAN_POINT ( 'NONE',  ( -1.753191488981250101, 0.9675444716961679736, 0.000000000000000000 ) ) ;
#1973 = CARTESIAN_POINT ( 'NONE',  ( -1.638297872245309872, -0.09495555214569059710, 0.000000000000000000 ) ) ;
#1974 = CARTESIAN_POINT ( 'NONE',  ( -1.689361700415610068, 1.092544424012449999, -0.05000000000000000278 ) ) ;
#1975 = VECTOR ( 'NONE', #11750, 1000.000000000000000 ) ;
#1976 =( NAMED_UNIT ( * ) PLANE_ANGLE_UNIT ( ) SI_UNIT ( $, .RADIAN. ) );
#1977 =( NAMED_UNIT ( * ) PLANE_ANGLE_UNIT ( ) SI_UNIT ( $, .RADIAN. ) );
#1978 = CARTESIAN_POINT ( 'NONE',  ( -12.56000000000000050, -4.000000000000000000, 0.000000000000000000 ) ) ;
#1979 = CARTESIAN_POINT ( 'NONE',  ( -11.50999999999999979, 0.4500000000000000111, 11.19999999999999929 ) ) ;
#1981 = ORIENTED_EDGE ( 'NONE', *, *, #6082, .T. ) ;
#1980 = SURFACE_STYLE_FILL_AREA ( #9393 ) ;
#1982 = VERTEX_POINT ( 'NONE', #7698 ) ;
#1983 = CARTESIAN_POINT ( 'NONE',  ( -8.470000000000000639, 1.369999999999999885, -2.399999999999999911 ) ) ;
#1984 = CARTESIAN_POINT ( 'NONE',  ( -12.85999999999999943, -4.000000000000000000, 3.200000000000000178 ) ) ;
#1985 = SURFACE_SIDE_STYLE ('',( #8876 ) ) ;
#1986 = LINE ( 'NONE', #10363, #8464 ) ;
#1987 = EDGE_LOOP ( 'NONE', ( #9530, #5558, #8618, #10678 ) ) ;
#1988 = DIRECTION ( 'NONE',  ( 1.000000000000000000, 0.000000000000000000, 0.000000000000000000 ) ) ;
#1989 = CARTESIAN_POINT ( 'NONE',  ( -2.200000000000000178, 1.255044447854309908, -0.05000000000000000278 ) ) ;
#1990 = CARTESIAN_POINT ( 'NONE',  ( -12.21000000000000085, 0.4500000000000000111, 11.19999999999999929 ) ) ;
#1991 = CARTESIAN_POINT ( 'NONE',  ( -4.509999999999999787, 1.369999999999999885, -2.399999999999999911 ) ) ;
#1992 = LINE ( 'NONE', #2961, #8812 ) ;
#1993 = EDGE_CURVE ( 'NONE', #1066, #1936, #2949, .T. ) ;
#1994 = ORIENTED_EDGE ( 'NONE', *, *, #7706, .F. ) ;
#1995 = PLANE ( 'NONE',  #5810 ) ;
#1996 = FACE_OUTER_BOUND ( 'NONE', #5207, .T. ) ;
#1997 = CARTESIAN_POINT ( 'NONE',  ( -8.250000000000000000, 1.149999999999999911, -3.399999999999999911 ) ) ;
#1998 = STYLED_ITEM ( 'NONE', ( #8680 ), #2187 ) ;
#1999 = DIRECTION ( 'NONE',  ( 1.000000000000000000, 0.000000000000000000, 0.000000000000000000 ) ) ;
#2000 = ORIENTED_EDGE ( 'NONE', *, *, #5555, .T. ) ;
#2001 = DIRECTION ( 'NONE',  ( -0.2001234283434639993, 0.9797706943096728960, 0.000000000000000000 ) ) ;
#2002 = LINE ( 'NONE', #2080, #7479 ) ;
#2003 = DIRECTION ( 'NONE',  ( -0.8981377963584211699, -0.4397141102494200871, 0.000000000000000000 ) ) ;
#2004 = CARTESIAN_POINT ( 'NONE',  ( -1.638297872245309872, 1.030044447854310041, 0.000000000000000000 ) ) ;
#2005 =( LENGTH_UNIT ( ) NAMED_UNIT ( * ) SI_UNIT ( .MILLI., .METRE. ) );
#2006 = EDGE_CURVE ( 'NONE', #1898, #6982, #6576, .T. ) ;
#2007 = CARTESIAN_POINT ( 'NONE',  ( -1.689361700415610068, -0.03245550446197449646, -0.05000000000000000278 ) ) ;
#2008 = UNCERTAINTY_MEASURE_WITH_UNIT (LENGTH_MEASURE( 1.000000000000000082E-05 ), #5699, 'distance_accuracy_value', 'NONE');
#2009 = DIRECTION ( 'NONE',  ( 0.5627909312417429533, -0.8265992787996199187, 0.000000000000000000 ) ) ;
#2010 = PLANE ( 'NONE',  #6862 ) ;
#2011 = MECHANICAL_DESIGN_GEOMETRIC_PRESENTATION_REPRESENTATION (  '', ( #11987 ), #2424 ) ;
#2012 = VERTEX_POINT ( 'NONE', #11365 ) ;
#2013 = COLOUR_RGB ( '',0.7803921568627451011, 0.7803921568627451011, 0.7803921568627451011 ) ;
#2014 = SURFACE_SIDE_STYLE ('',( #10560 ) ) ;
#2015 = CARTESIAN_POINT ( 'NONE',  ( -1.804255312681200207, -0.6449554567782590508, -0.05000000000000000278 ) ) ;
#2016 = ORIENTED_EDGE ( 'NONE', *, *, #5924, .T. ) ;
#2017 = SURFACE_STYLE_FILL_AREA ( #11580 ) ;
#2018 = ORIENTED_EDGE ( 'NONE', *, *, #4645, .F. ) ;
#2019 =( GEOMETRIC_REPRESENTATION_CONTEXT ( 3 ) GLOBAL_UNCERTAINTY_ASSIGNED_CONTEXT ( ( #2394 ) ) GLOBAL_UNIT_ASSIGNED_CONTEXT ( ( #7113, #2363, #7314 ) ) REPRESENTATION_CONTEXT ( 'NONE', 'WORKASPACE' ) );
#2020 = VECTOR ( 'NONE', #8496, 1000.000000000000000 ) ;
#2021 = AXIS2_PLACEMENT_3D ( 'NONE', #8323, #12364, #11184 ) ;
#2022 = AXIS2_PLACEMENT_3D ( 'NONE', #1136, #5067, #9632 ) ;
#2023 =( NAMED_UNIT ( * ) PLANE_ANGLE_UNIT ( ) SI_UNIT ( $, .RADIAN. ) );
#2024 = VECTOR ( 'NONE', #155, 1000.000000000000114 ) ;
#2025 = UNCERTAINTY_MEASURE_WITH_UNIT (LENGTH_MEASURE( 1.000000000000000082E-05 ), #1594, 'distance_accuracy_value', 'NONE');
#2026 = FILL_AREA_STYLE_COLOUR ( '', #7850 ) ;
#2027 = PLANE ( 'NONE',  #2166 ) ;
#2028 = CARTESIAN_POINT ( 'NONE',  ( 3.629999999999999893, 0.4500000000000000111, -3.399999999999999911 ) ) ;
#2029 = EDGE_CURVE ( 'NONE', #11446, #11652, #1986, .T. ) ;
#2030 = ORIENTED_EDGE ( 'NONE', *, *, #3661, .T. ) ;
#2031 = LINE ( 'NONE', #4783, #3935 ) ;
#2033 = ORIENTED_EDGE ( 'NONE', *, *, #9682, .T. ) ;
#2032 = SURFACE_SIDE_STYLE ('',( #4729 ) ) ;
#2034 = VERTEX_POINT ( 'NONE', #7516 ) ;
#2035 = DIRECTION ( 'NONE',  ( 0.000000000000000000, 0.000000000000000000, -1.000000000000000000 ) ) ;
#2036 = PRESENTATION_STYLE_ASSIGNMENT (( #10579 ) ) ;
#2037 = EDGE_CURVE ( 'NONE', #11316, #2290, #10483, .T. ) ;
#2038 = SURFACE_STYLE_FILL_AREA ( #6795 ) ;
#2039 =( NAMED_UNIT ( * ) PLANE_ANGLE_UNIT ( ) SI_UNIT ( $, .RADIAN. ) );
#2040 = VECTOR ( 'NONE', #10167, 1000.000000000000000 ) ;
#2042 = ADVANCED_FACE ( 'NONE', ( #4697 ), #8568, .T. ) ;
#2041 = VECTOR ( 'NONE', #7720, 1000.000000000000000 ) ;
#2043 = COLOUR_RGB ( '',0.2941176470588235392, 0.2941176470588235392, 0.2941176470588235392 ) ;
#2044 = VECTOR ( 'NONE', #10143, 1000.000000000000000 ) ;
#2045 = VECTOR ( 'NONE', #902, 1000.000000000000000 ) ;
#2046 = AXIS2_PLACEMENT_3D ( 'NONE', #7986, #2489, #1541 ) ;
#2047 = PLANE ( 'NONE',  #10662 ) ;
#2048 = PLANE ( 'NONE',  #5239 ) ;
#2049 = PRESENTATION_STYLE_ASSIGNMENT (( #11481 ) ) ;
#2050 =( LENGTH_UNIT ( ) NAMED_UNIT ( * ) SI_UNIT ( .MILLI., .METRE. ) );
#2051 = VECTOR ( 'NONE', #4149, 1000.000000000000000 ) ;
#2052 = ORIENTED_EDGE ( 'NONE', *, *, #3100, .F. ) ;
#2053 = EDGE_LOOP ( 'NONE', ( #764, #11218, #798, #10745 ) ) ;
#2054 = VECTOR ( 'NONE', #5467, 1000.000000000000227 ) ;
#2055 = STYLED_ITEM ( 'NONE', ( #10989 ), #878 ) ;
#2056 = EDGE_CURVE ( 'NONE', #8328, #7666, #3928, .T. ) ;
#2057 = FILL_AREA_STYLE_COLOUR ( '', #8626 ) ;
#2058 = STYLED_ITEM ( 'NONE', ( #12223 ), #10970 ) ;
#2059 = STYLED_ITEM ( 'NONE', ( #3155 ), #3700 ) ;
#2060 = VECTOR ( 'NONE', #6416, 1000.000000000000000 ) ;
#2061 = VECTOR ( 'NONE', #9447, 1000.000000000000000 ) ;
#2062 =( GEOMETRIC_REPRESENTATION_CONTEXT ( 3 ) GLOBAL_UNCERTAINTY_ASSIGNED_CONTEXT ( ( #712 ) ) GLOBAL_UNIT_ASSIGNED_CONTEXT ( ( #8310, #11597, #9605 ) ) REPRESENTATION_CONTEXT ( 'NONE', 'WORKASPACE' ) );
#2063 = STYLED_ITEM ( 'NONE', ( #7000 ), #11584 ) ;
#2064 = ORIENTED_EDGE ( 'NONE', *, *, #4175, .F. ) ;
#2065 = LINE ( 'NONE', #11490, #2089 ) ;
#2066 = SURFACE_STYLE_FILL_AREA ( #3878 ) ;
#2067 = CARTESIAN_POINT ( 'NONE',  ( -1.804255312681200207, -0.6449554567782590508, 0.000000000000000000 ) ) ;
#2068 = FILL_AREA_STYLE ('',( #3143 ) ) ;
#2069 = SURFACE_STYLE_FILL_AREA ( #7888 ) ;
#2070 = SURFACE_STYLE_FILL_AREA ( #7705 ) ;
#2071 = VERTEX_POINT ( 'NONE', #6517 ) ;
#2072 = STYLED_ITEM ( 'NONE', ( #12145 ), #7650 ) ;
#2073 = CARTESIAN_POINT ( 'NONE',  ( 0.7199999999999900924, -4.000000000000000000, 0.000000000000000000 ) ) ;
#2074 = PRESENTATION_STYLE_ASSIGNMENT (( #11567 ) ) ;
#2075 = VECTOR ( 'NONE', #1392, 1000.000000000000000 ) ;
#2076 = COLOUR_RGB ( '',1.000000000000000000, 1.000000000000000000, 0.9450980392156862475 ) ;
#2077 =( LENGTH_UNIT ( ) NAMED_UNIT ( * ) SI_UNIT ( .MILLI., .METRE. ) );
#2078 = ORIENTED_EDGE ( 'NONE', *, *, #4402, .T. ) ;
#2079 = FILL_AREA_STYLE ('',( #2134 ) ) ;
#2080 = CARTESIAN_POINT ( 'NONE',  ( -7.330000000000000071, 1.369999999999999885, 10.20000000000000107 ) ) ;
#2081 = CARTESIAN_POINT ( 'NONE',  ( -2.200000000000000178, -0.5824555521456900031, 0.000000000000000000 ) ) ;
#2082 = DIRECTION ( 'NONE',  ( 0.8265992787996224722, 0.5627909312417391785, 0.000000000000000000 ) ) ;
#2083 = CARTESIAN_POINT ( 'NONE',  ( -8.359999999999999432, 0.8000000000000000444, -2.899999999999999911 ) ) ;
#2084 = SURFACE_SIDE_STYLE ('',( #8524 ) ) ;
#2085 = DIRECTION ( 'NONE',  ( 0.2473834390652920601, 0.9689176611437262387, 0.000000000000000000 ) ) ;
#2086 = DIRECTION ( 'NONE',  ( 0.000000000000000000, 0.000000000000000000, -1.000000000000000000 ) ) ;
#2087 = ORIENTED_EDGE ( 'NONE', *, *, #6965, .F. ) ;
#2088 = CARTESIAN_POINT ( 'NONE',  ( -1.600000000000000089, 1.255044447854309908, -0.05000000000000000278 ) ) ;
#2089 = VECTOR ( 'NONE', #1006, 1000.000000000000000 ) ;
#2090 = FILL_AREA_STYLE_COLOUR ( '', #6645 ) ;
#2091 = VERTEX_POINT ( 'NONE', #10308 ) ;
#2092 = ADVANCED_FACE ( 'NONE', ( #1750 ), #5551, .T. ) ;
#2093 =( NAMED_UNIT ( * ) SI_UNIT ( $, .STERADIAN. ) SOLID_ANGLE_UNIT ( ) );
#2094 = SURFACE_STYLE_FILL_AREA ( #9721 ) ;
#2095 = DIRECTION ( 'NONE',  ( -0.1921820436730150572, -0.9813592930673573633, 0.000000000000000000 ) ) ;
#2096 = UNCERTAINTY_MEASURE_WITH_UNIT (LENGTH_MEASURE( 1.000000000000000082E-05 ), #1521, 'distance_accuracy_value', 'NONE');
#2097 = CARTESIAN_POINT ( 'NONE',  ( -1.689361700415610068, -0.03245550446197449646, 0.000000000000000000 ) ) ;
#2098 = CARTESIAN_POINT ( 'NONE',  ( -12.56000000000000050, -4.000000000000000000, 0.000000000000000000 ) ) ;
#2099 = VERTEX_POINT ( 'NONE', #10677 ) ;
#2100 = ORIENTED_EDGE ( 'NONE', *, *, #11765, .F. ) ;
#2101 = ORIENTED_EDGE ( 'NONE', *, *, #6912, .F. ) ;
#2102 = LINE ( 'NONE', #1048, #11617 ) ;
#2103 = CARTESIAN_POINT ( 'NONE',  ( -11.86000000000000121, 0.3400000000000000244, 10.69999999999999929 ) ) ;
#2104 =( NAMED_UNIT ( * ) PLANE_ANGLE_UNIT ( ) SI_UNIT ( $, .RADIAN. ) );
#2105 = ORIENTED_EDGE ( 'NONE', *, *, #3168, .T. ) ;
#2106 = ADVANCED_FACE ( 'NONE', ( #3137 ), #4174, .T. ) ;
#2107 = FILL_AREA_STYLE ('',( #10586 ) ) ;
#2108 = SURFACE_STYLE_FILL_AREA ( #227 ) ;
#2110 = ORIENTED_EDGE ( 'NONE', *, *, #11499, .T. ) ;
#2109 = DIRECTION ( 'NONE',  ( 0.000000000000000000, 0.000000000000000000, -1.000000000000000000 ) ) ;
#2111 = ORIENTED_EDGE ( 'NONE', *, *, #11103, .T. ) ;
#2112 = SURFACE_SIDE_STYLE ('',( #3301 ) ) ;
#2113 = SURFACE_SIDE_STYLE ('',( #7751 ) ) ;
#2114 = LINE ( 'NONE', #3196, #6627 ) ;
#2115 =( NAMED_UNIT ( * ) PLANE_ANGLE_UNIT ( ) SI_UNIT ( $, .RADIAN. ) );
#2116 = ADVANCED_FACE ( 'NONE', ( #8879 ), #2179, .T. ) ;
#2117 = ORIENTED_EDGE ( 'NONE', *, *, #5421, .T. ) ;
#2118 = LINE ( 'NONE', #3932, #7011 ) ;
#2119 = STYLED_ITEM ( 'NONE', ( #11132 ), #6927 ) ;
#2120 = ADVANCED_FACE ( 'NONE', ( #1500 ), #11858, .T. ) ;
#2121 = DIRECTION ( 'NONE',  ( 0.000000000000000000, 1.000000000000000000, 0.000000000000000000 ) ) ;
#2122 = SURFACE_STYLE_USAGE ( .BOTH. , #10544 ) ;
#2123 = PRESENTATION_LAYER_ASSIGNMENT (  '', '', ( #5355 ) ) ;
#2124 = ORIENTED_EDGE ( 'NONE', *, *, #1378, .T. ) ;
#2125 = CARTESIAN_POINT ( 'NONE',  ( 0.7199999999999900924, -4.000000000000000000, 0.000000000000000000 ) ) ;
#2126 = FACE_OUTER_BOUND ( 'NONE', #8766, .T. ) ;
#2127 = ORIENTED_EDGE ( 'NONE', *, *, #12130, .F. ) ;
#2128 = AXIS2_PLACEMENT_3D ( 'NONE', #8057, #2414, #1306 ) ;
#2129 = PRESENTATION_LAYER_ASSIGNMENT (  '', '', ( #11318 ) ) ;
#2130 = EDGE_CURVE ( 'NONE', #10890, #9750, #7245, .T. ) ;
#2131 = FACE_OUTER_BOUND ( 'NONE', #9517, .T. ) ;
#2132 = VECTOR ( 'NONE', #5340, 1000.000000000000000 ) ;
#2133 = ORIENTED_EDGE ( 'NONE', *, *, #12055, .T. ) ;
#2134 = FILL_AREA_STYLE_COLOUR ( '', #7883 ) ;
#2135 = PRESENTATION_LAYER_ASSIGNMENT (  '', '', ( #12125 ) ) ;
#2136 = CARTESIAN_POINT ( 'NONE',  ( 11.54999999999999893, 1.149999999999999911, -3.399999999999999911 ) ) ;
#2137 = ADVANCED_FACE ( 'NONE', ( #3322 ), #7115, .T. ) ;
#2138 = DIRECTION ( 'NONE',  ( 0.000000000000000000, -1.000000000000000000, 0.000000000000000000 ) ) ;
#2139 = DIRECTION ( 'NONE',  ( 0.000000000000000000, -1.000000000000000000, 0.000000000000000000 ) ) ;
#2140 = SURFACE_SIDE_STYLE ('',( #7589 ) ) ;
#2141 = LINE ( 'NONE', #10940, #12099 ) ;
#2142 = UNCERTAINTY_MEASURE_WITH_UNIT (LENGTH_MEASURE( 1.000000000000000082E-05 ), #3472, 'distance_accuracy_value', 'NONE');
#2143 = ORIENTED_EDGE ( 'NONE', *, *, #8792, .T. ) ;
#2144 = DIRECTION ( 'NONE',  ( -0.9766444667050901973, 0.000000000000000000, 0.2148617826751190452 ) ) ;
#2145 = CARTESIAN_POINT ( 'NONE',  ( -1.753191488981250101, -0.09495555214569059710, -0.05000000000000000278 ) ) ;
#2146 = STYLED_ITEM ( 'NONE', ( #9699 ), #9203 ) ;
#2147 = PRESENTATION_STYLE_ASSIGNMENT (( #10023 ) ) ;
#2148 = ORIENTED_EDGE ( 'NONE', *, *, #10985, .F. ) ;
#2149 = COLOUR_RGB ( '',0.7803921568627451011, 0.7803921568627451011, 0.7803921568627451011 ) ;
#2150 =( NAMED_UNIT ( * ) PLANE_ANGLE_UNIT ( ) SI_UNIT ( $, .RADIAN. ) );
#2151 = CARTESIAN_POINT ( 'NONE',  ( -2.123404264450070134, 0.4175444955380249734, -0.05000000000000000278 ) ) ;
#2152 = CARTESIAN_POINT ( 'NONE',  ( 13.86000000000000121, 4.000000000000000000, 0.000000000000000000 ) ) ;
#2153 = CARTESIAN_POINT ( 'NONE',  ( 16.45999999999999730, 0.000000000000000000, 11.19999999999999929 ) ) ;
#2154 = PRESENTATION_STYLE_ASSIGNMENT (( #1223 ) ) ;
#2155 = VERTEX_POINT ( 'NONE', #11669 ) ;
#2156 = LINE ( 'NONE', #5328, #1361 ) ;
#2158 = ORIENTED_EDGE ( 'NONE', *, *, #9919, .F. ) ;
#2157 = FILL_AREA_STYLE ('',( #5969 ) ) ;
#2159 = ORIENTED_EDGE ( 'NONE', *, *, #4572, .T. ) ;
#2160 = EDGE_CURVE ( 'NONE', #4048, #1982, #3975, .T. ) ;
#2161 = STYLED_ITEM ( 'NONE', ( #807 ), #6198 ) ;
#2162 =( NAMED_UNIT ( * ) PLANE_ANGLE_UNIT ( ) SI_UNIT ( $, .RADIAN. ) );
#2163 = SURFACE_STYLE_FILL_AREA ( #7865 ) ;
#2164 = DIRECTION ( 'NONE',  ( 1.000000000000000000, 0.000000000000000000, 0.000000000000000000 ) ) ;
#2165 = ORIENTED_EDGE ( 'NONE', *, *, #3969, .T. ) ;
#2166 = AXIS2_PLACEMENT_3D ( 'NONE', #2153, #7909, #97 ) ;
#2167 = MECHANICAL_DESIGN_GEOMETRIC_PRESENTATION_REPRESENTATION (  '', ( #983 ), #9756 ) ;
#2168 = DIRECTION ( 'NONE',  ( -0.5627909312417519461, -0.8265992787996139235, 0.000000000000000000 ) ) ;
#2169 = UNCERTAINTY_MEASURE_WITH_UNIT (LENGTH_MEASURE( 1.000000000000000082E-05 ), #4487, 'distance_accuracy_value', 'NONE');
#2170 = DIRECTION ( 'NONE',  ( 0.000000000000000000, 0.000000000000000000, -1.000000000000000000 ) ) ;
#2171 = FILL_AREA_STYLE_COLOUR ( '', #10522 ) ;
#2172 = CARTESIAN_POINT ( 'NONE',  ( 4.679999999999999716, 4.000000000000000000, 0.000000000000000000 ) ) ;
#2174 = EDGE_LOOP ( 'NONE', ( #4499, #9786, #3107, #11900 ) ) ;
#2173 = DIRECTION ( 'NONE',  ( 0.000000000000000000, -1.000000000000000000, 0.000000000000000000 ) ) ;
#2175 = ORIENTED_EDGE ( 'NONE', *, *, #1864, .F. ) ;
#2176 = PRESENTATION_STYLE_ASSIGNMENT (( #10728 ) ) ;
#2177 = EDGE_CURVE ( 'NONE', #5903, #4423, #8860, .T. ) ;
#2178 =( NAMED_UNIT ( * ) SI_UNIT ( $, .STERADIAN. ) SOLID_ANGLE_UNIT ( ) );
#2179 = PLANE ( 'NONE',  #7470 ) ;
#2180 = ORIENTED_EDGE ( 'NONE', *, *, #953, .T. ) ;
#2181 = CARTESIAN_POINT ( 'NONE',  ( 12.50000000000000000, 4.080000000000000071, 9.500000000000000000 ) ) ;
#2182 = LINE ( 'NONE', #5987, #7349 ) ;
#2183 = DIRECTION ( 'NONE',  ( -0.5627910658975490144, 0.8265991871190659923, 0.000000000000000000 ) ) ;
#2184 =( NAMED_UNIT ( * ) SI_UNIT ( $, .STERADIAN. ) SOLID_ANGLE_UNIT ( ) );
#2185 = DIRECTION ( 'NONE',  ( -1.000000000000000000, 0.000000000000000000, 0.000000000000000000 ) ) ;
#2186 = CARTESIAN_POINT ( 'NONE',  ( 7.240000000000000213, -4.000000000000000000, 0.000000000000000000 ) ) ;
#2187 = ADVANCED_FACE ( 'NONE', ( #11595 ), #6861, .T. ) ;
#2188 = EDGE_LOOP ( 'NONE', ( #3906, #3498, #6062, #4328 ) ) ;
#2189 = DIRECTION ( 'NONE',  ( -1.000000000000000000, 0.000000000000000000, 0.000000000000000000 ) ) ;
#2190 = VERTEX_POINT ( 'NONE', #1973 ) ;
#2191 = EDGE_CURVE ( 'NONE', #7919, #1288, #6794, .T. ) ;
#2192 = CARTESIAN_POINT ( 'NONE',  ( -2.085106396675110219, 1.342544471696169861, -0.05000000000000000278 ) ) ;
#2193 = ORIENTED_EDGE ( 'NONE', *, *, #6097, .T. ) ;
#2194 = FILL_AREA_STYLE ('',( #137 ) ) ;
#2195 = CARTESIAN_POINT ( 'NONE',  ( -2.123404264450070134, 1.142544447854309864, -0.05000000000000000278 ) ) ;
#2196 = FILL_AREA_STYLE ('',( #6190 ) ) ;
#2197 = PRESENTATION_STYLE_ASSIGNMENT (( #10755 ) ) ;
#2198 = PRESENTATION_STYLE_ASSIGNMENT (( #6076 ) ) ;
#2199 =( LENGTH_UNIT ( ) NAMED_UNIT ( * ) SI_UNIT ( .MILLI., .METRE. ) );
#2200 = LINE ( 'NONE', #5084, #10 ) ;
#2201 = VERTEX_POINT ( 'NONE', #5777 ) ;
#2202 =( NAMED_UNIT ( * ) SI_UNIT ( $, .STERADIAN. ) SOLID_ANGLE_UNIT ( ) );
#2203 = PRESENTATION_LAYER_ASSIGNMENT (  '', '', ( #1998 ) ) ;
#2204 = ORIENTED_EDGE ( 'NONE', *, *, #8287, .T. ) ;
#2205 = DIRECTION ( 'NONE',  ( 0.000000000000000000, -1.000000000000000000, 0.000000000000000000 ) ) ;
#2206 = DIRECTION ( 'NONE',  ( -0.9689177459677755788, 0.2473831068378058717, 0.000000000000000000 ) ) ;
#2207 = UNCERTAINTY_MEASURE_WITH_UNIT (LENGTH_MEASURE( 1.000000000000000082E-05 ), #7325, 'distance_accuracy_value', 'NONE');
#2208 = VECTOR ( 'NONE', #6133, 1000.000000000000114 ) ;
#2209 = PLANE ( 'NONE',  #8049 ) ;
#2210 = PLANE ( 'NONE',  #9375 ) ;
#2211 = STYLED_ITEM ( 'NONE', ( #4959 ), #4629 ) ;
#2212 = CARTESIAN_POINT ( 'NONE',  ( -11.40000000000000036, 0.8000000000000000444, -2.899999999999999911 ) ) ;
#2213 = FILL_AREA_STYLE_COLOUR ( '', #8143 ) ;
#2214 = ORIENTED_EDGE ( 'NONE', *, *, #2937, .F. ) ;
#2215 = EDGE_LOOP ( 'NONE', ( #11476, #1126, #2159, #865 ) ) ;
#2216 =( NAMED_UNIT ( * ) PLANE_ANGLE_UNIT ( ) SI_UNIT ( $, .RADIAN. ) );
#2217 = DIRECTION ( 'NONE',  ( 0.000000000000000000, 0.2538981284121001325, -0.9672309653794344264 ) ) ;
#2218 = PRESENTATION_LAYER_ASSIGNMENT (  '', '', ( #6431 ) ) ;
#2219 = DIRECTION ( 'NONE',  ( 0.000000000000000000, -1.000000000000000000, 0.000000000000000000 ) ) ;
#2220 = VECTOR ( 'NONE', #1911, 1000.000000000000227 ) ;
#2221 = ORIENTED_EDGE ( 'NONE', *, *, #1734, .T. ) ;
#2222 = MECHANICAL_DESIGN_GEOMETRIC_PRESENTATION_REPRESENTATION (  '', ( #2830 ), #9410 ) ;
#2223 = VECTOR ( 'NONE', #10607, 1000.000000000000000 ) ;
#2224 = EDGE_CURVE ( 'NONE', #5106, #9163, #3000, .T. ) ;
#2225 =( NAMED_UNIT ( * ) SI_UNIT ( $, .STERADIAN. ) SOLID_ANGLE_UNIT ( ) );
#2226 = STYLED_ITEM ( 'NONE', ( #11551 ), #10291 ) ;
#2227 = VERTEX_POINT ( 'NONE', #5905 ) ;
#2228 = ORIENTED_EDGE ( 'NONE', *, *, #11740, .T. ) ;
#2229 = STYLED_ITEM ( 'NONE', ( #7114 ), #5143 ) ;
#2230 = STYLED_ITEM ( 'NONE', ( #1828 ), #4482 ) ;
#2231 = STYLED_ITEM ( 'NONE', ( #7806 ), #6940 ) ;
#2232 = LINE ( 'NONE', #6047, #31 ) ;
#2233 = SURFACE_STYLE_FILL_AREA ( #4298 ) ;
#2234 = FILL_AREA_STYLE ('',( #7933 ) ) ;
#2235 = VECTOR ( 'NONE', #3151, 1000.000000000000227 ) ;
#2236 =( GEOMETRIC_REPRESENTATION_CONTEXT ( 3 ) GLOBAL_UNCERTAINTY_ASSIGNED_CONTEXT ( ( #11375 ) ) GLOBAL_UNIT_ASSIGNED_CONTEXT ( ( #7979, #2216, #8170 ) ) REPRESENTATION_CONTEXT ( 'NONE', 'WORKASPACE' ) );
#2237 = AXIS2_PLACEMENT_3D ( 'NONE', #8112, #9864, #2409 ) ;
#2238 = EDGE_CURVE ( 'NONE', #3164, #6591, #3181, .T. ) ;
#2239 = VECTOR ( 'NONE', #7006, 1000.000000000000000 ) ;
#2240 = DIRECTION ( 'NONE',  ( -1.000000000000000000, 0.000000000000000000, 0.000000000000000000 ) ) ;
#2241 = EDGE_CURVE ( 'NONE', #1066, #9030, #8912, .T. ) ;
#2242 = MECHANICAL_DESIGN_GEOMETRIC_PRESENTATION_REPRESENTATION (  '', ( #10232 ), #4838 ) ;
#2243 = ORIENTED_EDGE ( 'NONE', *, *, #438, .T. ) ;
#2244 = DIRECTION ( 'NONE',  ( 0.000000000000000000, 0.000000000000000000, -1.000000000000000000 ) ) ;
#2245 = VECTOR ( 'NONE', #4084, 1000.000000000000000 ) ;
#2246 = DIRECTION ( 'NONE',  ( -0.2001232084927520583, 0.9797707392153361949, 0.000000000000000000 ) ) ;
#2247 =( GEOMETRIC_REPRESENTATION_CONTEXT ( 3 ) GLOBAL_UNCERTAINTY_ASSIGNED_CONTEXT ( ( #12142 ) ) GLOBAL_UNIT_ASSIGNED_CONTEXT ( ( #7870, #11422, #11672 ) ) REPRESENTATION_CONTEXT ( 'NONE', 'WORKASPACE' ) );
#2248 = CARTESIAN_POINT ( 'NONE',  ( 11.33000000000000007, 0.2300000000000000100, 10.20000000000000107 ) ) ;
#2249 = ORIENTED_EDGE ( 'NONE', *, *, #7373, .T. ) ;
#2250 = COLOUR_RGB ( '',0.2941176470588235392, 0.2941176470588235392, 0.2941176470588235392 ) ;
#2251 = COLOUR_RGB ( '',0.7803921568627451011, 0.7803921568627451011, 0.7803921568627451011 ) ;
#2252 = CARTESIAN_POINT ( 'NONE',  ( -11.25999999999999979, 0.2000000000000000111, 3.200000000000000178 ) ) ;
#2253 = ORIENTED_EDGE ( 'NONE', *, *, #4446, .F. ) ;
#2254 = STYLED_ITEM ( 'NONE', ( #4896 ), #7557 ) ;
#2255 = COLOUR_RGB ( '',0.7803921568627451011, 0.7803921568627451011, 0.7803921568627451011 ) ;
#2256 = COLOUR_RGB ( '',0.2941176470588235392, 0.2941176470588235392, 0.2941176470588235392 ) ;
#2257 = ADVANCED_FACE ( 'NONE', ( #4326 ), #3667, .T. ) ;
#2258 = AXIS2_PLACEMENT_3D ( 'NONE', #7896, #3029, #2139 ) ;
#2259 = VERTEX_POINT ( 'NONE', #4594 ) ;
#2260 = CARTESIAN_POINT ( 'NONE',  ( 24.37999999999999901, 0.000000000000000000, -3.399999999999999911 ) ) ;
#2261 = CARTESIAN_POINT ( 'NONE',  ( -12.85999999999999943, -4.000000000000000000, 3.200000000000000178 ) ) ;
#2262 = COLOUR_RGB ( '',0.7803921568627451011, 0.7803921568627451011, 0.7803921568627451011 ) ;
#2263 = PRESENTATION_LAYER_ASSIGNMENT (  '', '', ( #7268 ) ) ;
#2264 = FILL_AREA_STYLE_COLOUR ( '', #6663 ) ;
#2265 = DIRECTION ( 'NONE',  ( 0.000000000000000000, 0.000000000000000000, -1.000000000000000000 ) ) ;
#2266 = DIRECTION ( 'NONE',  ( 0.2473831068378049003, 0.9689177459677756898, 0.000000000000000000 ) ) ;
#2267 = SURFACE_SIDE_STYLE ('',( #7197 ) ) ;
#2268 = EDGE_CURVE ( 'NONE', #6591, #8691, #1955, .T. ) ;
#2269 = UNCERTAINTY_MEASURE_WITH_UNIT (LENGTH_MEASURE( 1.000000000000000082E-05 ), #11171, 'distance_accuracy_value', 'NONE');
#2270 = SURFACE_STYLE_USAGE ( .BOTH. , #10757 ) ;
#2271 = SURFACE_STYLE_FILL_AREA ( #9012 ) ;
#2272 = ORIENTED_EDGE ( 'NONE', *, *, #7843, .F. ) ;
#2273 = SURFACE_STYLE_USAGE ( .BOTH. , #8097 ) ;
#2274 = EDGE_LOOP ( 'NONE', ( #3071, #8755, #2214, #6152 ) ) ;
#2275 = EDGE_CURVE ( 'NONE', #4667, #7752, #2920, .T. ) ;
#2276 = CARTESIAN_POINT ( 'NONE',  ( 7.240000000000000213, -4.000000000000000000, 0.000000000000000000 ) ) ;
#2277 = LINE ( 'NONE', #10029, #1276 ) ;
#2278 = DIRECTION ( 'NONE',  ( -0.2473831068377950193, -0.9689177459677781323, 0.000000000000000000 ) ) ;
#2279 =( NAMED_UNIT ( * ) SI_UNIT ( $, .STERADIAN. ) SOLID_ANGLE_UNIT ( ) );
#2280 = DIRECTION ( 'NONE',  ( 0.000000000000000000, -1.000000000000000000, 0.000000000000000000 ) ) ;
#2281 = EDGE_CURVE ( 'NONE', #5257, #10105, #11338, .T. ) ;
#2282 = VECTOR ( 'NONE', #9076, 1000.000000000000000 ) ;
#2284 = ORIENTED_EDGE ( 'NONE', *, *, #5673, .F. ) ;
#2283 = LINE ( 'NONE', #9911, #9037 ) ;
#2285 = ORIENTED_EDGE ( 'NONE', *, *, #7889, .F. ) ;
#2286 = PRESENTATION_STYLE_ASSIGNMENT (( #1411 ) ) ;
#2287 = DIRECTION ( 'NONE',  ( -0.6996244945570724294, -0.7145107183351143698, 0.000000000000000000 ) ) ;
#2288 =( LENGTH_UNIT ( ) NAMED_UNIT ( * ) SI_UNIT ( .MILLI., .METRE. ) );
#2289 = PRESENTATION_STYLE_ASSIGNMENT (( #10895 ) ) ;
#2290 = VERTEX_POINT ( 'NONE', #12332 ) ;
#2291 = LINE ( 'NONE', #3310, #8263 ) ;
#2292 = DIRECTION ( 'NONE',  ( -0.2473831068378058440, 0.9689177459677754678, 0.000000000000000000 ) ) ;
#2293 = CARTESIAN_POINT ( 'NONE',  ( 12.25000000000000000, 1.149999999999999911, 11.19999999999999929 ) ) ;
#2294 = CARTESIAN_POINT ( 'NONE',  ( -1.676595744490619877, 0.7925444955380260836, -0.05000000000000000278 ) ) ;
#2295 = EDGE_CURVE ( 'NONE', #9625, #4907, #8407, .T. ) ;
#2296 = CARTESIAN_POINT ( 'NONE',  ( -11.16000000000000014, 4.000000000000000000, 0.000000000000000000 ) ) ;
#2297 = ORIENTED_EDGE ( 'NONE', *, *, #1760, .T. ) ;
#2298 = VERTEX_POINT ( 'NONE', #1718 ) ;
#2299 = FILL_AREA_STYLE ('',( #10106 ) ) ;
#2300 = CARTESIAN_POINT ( 'NONE',  ( -4.540000000000000036, 0.2000000000000000111, 3.200000000000000178 ) ) ;
#2301 = FILL_AREA_STYLE ('',( #9110 ) ) ;
#2302 = CARTESIAN_POINT ( 'NONE',  ( 4.679999999999999716, -4.000000000000000000, 0.5999999999999999778 ) ) ;
#2303 = FILL_AREA_STYLE_COLOUR ( '', #3079 ) ;
#2304 = SURFACE_SIDE_STYLE ('',( #3256 ) ) ;
#2305 = ORIENTED_EDGE ( 'NONE', *, *, #459, .T. ) ;
#2306 = PRESENTATION_STYLE_ASSIGNMENT (( #9884 ) ) ;
#2307 = LINE ( 'NONE', #1381, #10916 ) ;
#2308 = SURFACE_SIDE_STYLE ('',( #11865 ) ) ;
#2309 = FACE_OUTER_BOUND ( 'NONE', #2797, .T. ) ;
#2310 = PRESENTATION_STYLE_ASSIGNMENT (( #5185 ) ) ;
#2311 = EDGE_CURVE ( 'NONE', #3940, #7342, #6596, .T. ) ;
#2312 = ORIENTED_EDGE ( 'NONE', *, *, #3183, .T. ) ;
#2313 = AXIS2_PLACEMENT_3D ( 'NONE', #3343, #388, #11813 ) ;
#2314 = CARTESIAN_POINT ( 'NONE',  ( 11.19999999999999929, -4.000000000000000000, 0.000000000000000000 ) ) ;
#2315 = ORIENTED_EDGE ( 'NONE', *, *, #7455, .F. ) ;
#2316 =( LENGTH_UNIT ( ) NAMED_UNIT ( * ) SI_UNIT ( .MILLI., .METRE. ) );
#2317 = UNCERTAINTY_MEASURE_WITH_UNIT (LENGTH_MEASURE( 1.000000000000000082E-05 ), #12112, 'distance_accuracy_value', 'NONE');
#2318 = FILL_AREA_STYLE_COLOUR ( '', #12052 ) ;
#2319 = FILL_AREA_STYLE_COLOUR ( '', #3591 ) ;
#2320 = LINE ( 'NONE', #2392, #5506 ) ;
#2321 = CARTESIAN_POINT ( 'NONE',  ( 11.29999999999999893, 0.2000000000000000111, 3.200000000000000178 ) ) ;
#2322 = CARTESIAN_POINT ( 'NONE',  ( 4.549999999999999822, 1.369999999999999885, 10.20000000000000107 ) ) ;
#2323 = ADVANCED_FACE ( 'NONE', ( #10457 ), #6713, .F. ) ;
#2324 = COLOUR_RGB ( '',0.2941176470588235392, 0.2941176470588235392, 0.2941176470588235392 ) ;
#2325 = FACE_OUTER_BOUND ( 'NONE', #223, .T. ) ;
#2326 = ORIENTED_EDGE ( 'NONE', *, *, #8011, .T. ) ;
#2327 = ORIENTED_EDGE ( 'NONE', *, *, #3753, .F. ) ;
#2328 = MECHANICAL_DESIGN_GEOMETRIC_PRESENTATION_REPRESENTATION (  '', ( #2951 ), #4127 ) ;
#2329 =( NAMED_UNIT ( * ) PLANE_ANGLE_UNIT ( ) SI_UNIT ( $, .RADIAN. ) );
#2330 = AXIS2_PLACEMENT_3D ( 'NONE', #11883, #4330, #7203 ) ;
#2331 = PRESENTATION_LAYER_ASSIGNMENT (  '', '', ( #1149 ) ) ;
#2332 = DIRECTION ( 'NONE',  ( 1.000000000000000000, 0.000000000000000000, 0.000000000000000000 ) ) ;
#2333 = CARTESIAN_POINT ( 'NONE',  ( -1.600000000000000089, -0.2824555521456910134, -0.05000000000000000278 ) ) ;
#2334 = UNCERTAINTY_MEASURE_WITH_UNIT (LENGTH_MEASURE( 1.000000000000000082E-05 ), #5045, 'distance_accuracy_value', 'NONE');
#2335 = CARTESIAN_POINT ( 'NONE',  ( -2.110638308525089712, 1.305044471696169994, 0.000000000000000000 ) ) ;
#2336 = SURFACE_STYLE_USAGE ( .BOTH. , #7974 ) ;
#2337 = DIRECTION ( 'NONE',  ( 0.000000000000000000, -1.000000000000000000, 0.000000000000000000 ) ) ;
#2338 = VECTOR ( 'NONE', #9271, 1000.000000000000000 ) ;
#2339 = STYLED_ITEM ( 'NONE', ( #1345 ), #8569 ) ;
#2340 = PLANE ( 'NONE',  #4644 ) ;
#2341 = ORIENTED_EDGE ( 'NONE', *, *, #1805, .F. ) ;
#2342 = VECTOR ( 'NONE', #12042, 1000.000000000000000 ) ;
#2343 = ORIENTED_EDGE ( 'NONE', *, *, #6164, .F. ) ;
#2344 = LINE ( 'NONE', #342, #3255 ) ;
#2345 = EDGE_CURVE ( 'NONE', #4388, #8520, #11216, .T. ) ;
#2346 = FACE_OUTER_BOUND ( 'NONE', #6640, .T. ) ;
#2347 = CARTESIAN_POINT ( 'NONE',  ( -12.46000000000000085, 1.399999999999999911, 3.200000000000000178 ) ) ;
#2348 = CARTESIAN_POINT ( 'NONE',  ( -2.161702132225040263, 1.367544447854309952, 0.000000000000000000 ) ) ;
#2349 = SURFACE_STYLE_FILL_AREA ( #9101 ) ;
#2350 = ADVANCED_FACE ( 'NONE', ( #8777 ), #5827, .F. ) ;
#2351 = ORIENTED_EDGE ( 'NONE', *, *, #11877, .F. ) ;
#2352 = STYLED_ITEM ( 'NONE', ( #5492 ), #10180 ) ;
#2353 = EDGE_CURVE ( 'NONE', #10206, #9486, #8901, .T. ) ;
#2354 = STYLED_ITEM ( 'NONE', ( #8276 ), #9072 ) ;
#2355 = DIRECTION ( 'NONE',  ( 0.000000000000000000, 1.000000000000000000, 0.000000000000000000 ) ) ;
#2356 = FILL_AREA_STYLE_COLOUR ( '', #2324 ) ;
#2357 = CARTESIAN_POINT ( 'NONE',  ( -12.50000000000000000, 4.500000000000000000, 7.900000000000000355 ) ) ;
#2358 = LINE ( 'NONE', #11771, #7164 ) ;
#2359 = CARTESIAN_POINT ( 'NONE',  ( 11.33000000000000007, 0.2300000000000000100, -2.399999999999999911 ) ) ;
#2361 = ORIENTED_EDGE ( 'NONE', *, *, #9247, .F. ) ;
#2360 = SURFACE_SIDE_STYLE ('',( #486 ) ) ;
#2362 = VERTEX_POINT ( 'NONE', #10642 ) ;
#2363 =( NAMED_UNIT ( * ) PLANE_ANGLE_UNIT ( ) SI_UNIT ( $, .RADIAN. ) );
#2364 = VECTOR ( 'NONE', #12362, 1000.000000000000000 ) ;
#2365 = FILL_AREA_STYLE ('',( #1373 ) ) ;
#2366 = STYLED_ITEM ( 'NONE', ( #9647 ), #201 ) ;
#2367 = SURFACE_STYLE_USAGE ( .BOTH. , #7177 ) ;
#2368 = DIRECTION ( 'NONE',  ( 0.000000000000000000, 1.000000000000000000, 0.000000000000000000 ) ) ;
#2369 = DIRECTION ( 'NONE',  ( 0.000000000000000000, 0.000000000000000000, -1.000000000000000000 ) ) ;
#2370 = VECTOR ( 'NONE', #8598, 1000.000000000000000 ) ;
#2371 = CARTESIAN_POINT ( 'NONE',  ( -7.299999999999999822, 1.399999999999999911, 3.200000000000000178 ) ) ;
#2372 = DIRECTION ( 'NONE',  ( 0.000000000000000000, -1.000000000000000000, 0.000000000000000000 ) ) ;
#2373 = ORIENTED_EDGE ( 'NONE', *, *, #11395, .F. ) ;
#2374 = AXIS2_PLACEMENT_3D ( 'NONE', #7317, #1738, #9176 ) ;
#2375 = DIRECTION ( 'NONE',  ( 1.000000000000000000, 0.000000000000000000, 0.000000000000000000 ) ) ;
#2376 = VECTOR ( 'NONE', #11383, 1000.000000000000000 ) ;
#2377 = CARTESIAN_POINT ( 'NONE',  ( -4.290000000000000036, 0.4500000000000000111, -3.399999999999999911 ) ) ;
#2378 = DIRECTION ( 'NONE',  ( 0.2001234283434539518, 0.9797706943096748944, 0.000000000000000000 ) ) ;
#2379 = VECTOR ( 'NONE', #7482, 1000.000000000000000 ) ;
#2380 = PRESENTATION_STYLE_ASSIGNMENT (( #11059 ) ) ;
#2381 = CARTESIAN_POINT ( 'NONE',  ( -1.600000000000000089, 1.555044447854309952, -0.05000000000000000278 ) ) ;
#2382 = PLANE ( 'NONE',  #1078 ) ;
#2383 = ORIENTED_EDGE ( 'NONE', *, *, #1897, .T. ) ;
#2384 = PRESENTATION_LAYER_ASSIGNMENT (  '', '', ( #7783 ) ) ;
#2385 = FILL_AREA_STYLE ('',( #3334 ) ) ;
#2386 = EDGE_LOOP ( 'NONE', ( #1466, #9354, #4191, #2731 ) ) ;
#2387 = DIRECTION ( 'NONE',  ( 0.8981380447713308568, -0.4397136028534149865, 0.000000000000000000 ) ) ;
#2388 = EDGE_CURVE ( 'NONE', #7752, #11671, #6079, .T. ) ;
#2389 = LINE ( 'NONE', #8087, #2889 ) ;
#2390 = LINE ( 'NONE', #6333, #7056 ) ;
#2391 =( NAMED_UNIT ( * ) SI_UNIT ( $, .STERADIAN. ) SOLID_ANGLE_UNIT ( ) );
#2392 = CARTESIAN_POINT ( 'NONE',  ( -1.689361700415610068, 1.092544424012449999, 0.000000000000000000 ) ) ;
#2393 = DIRECTION ( 'NONE',  ( 0.000000000000000000, 0.000000000000000000, 1.000000000000000000 ) ) ;
#2394 = UNCERTAINTY_MEASURE_WITH_UNIT (LENGTH_MEASURE( 1.000000000000000082E-05 ), #7113, 'distance_accuracy_value', 'NONE');
#2395 = LINE ( 'NONE', #10018, #7277 ) ;
#2396 = PLANE ( 'NONE',  #7842 ) ;
#2397 = ORIENTED_EDGE ( 'NONE', *, *, #6533, .F. ) ;
#2398 = ADVANCED_FACE ( 'NONE', ( #1100 ), #10696, .T. ) ;
#2399 = CARTESIAN_POINT ( 'NONE',  ( -11.28999999999999915, 0.2300000000000000100, -2.399999999999999911 ) ) ;
#2400 = CARTESIAN_POINT ( 'NONE',  ( -1.600000000000000089, 0.3175444478543100191, -0.05000000000000000278 ) ) ;
#2401 = SURFACE_STYLE_FILL_AREA ( #8967 ) ;
#2402 = FACE_OUTER_BOUND ( 'NONE', #4313, .T. ) ;
#2403 = DIRECTION ( 'NONE',  ( -1.000000000000000000, 0.000000000000000000, 0.000000000000000000 ) ) ;
#2404 = ORIENTED_EDGE ( 'NONE', *, *, #6550, .F. ) ;
#2405 = DIRECTION ( 'NONE',  ( 0.000000000000000000, -1.000000000000000000, 0.000000000000000000 ) ) ;
#2406 = FILL_AREA_STYLE ('',( #2535 ) ) ;
#2407 = DIRECTION ( 'NONE',  ( -0.2001232253107650960, -0.9797707357801704875, 0.000000000000000000 ) ) ;
#2408 = ORIENTED_EDGE ( 'NONE', *, *, #4723, .F. ) ;
#2409 = DIRECTION ( 'NONE',  ( -1.000000000000000000, 0.000000000000000000, 0.000000000000000000 ) ) ;
#2410 = VERTEX_POINT ( 'NONE', #9904 ) ;
#2411 = AXIS2_PLACEMENT_3D ( 'NONE', #2103, #6732, #10523 ) ;
#2412 = EDGE_CURVE ( 'NONE', #6889, #1568, #2200, .T. ) ;
#2413 = PRESENTATION_STYLE_ASSIGNMENT (( #11901 ) ) ;
#2414 = DIRECTION ( 'NONE',  ( -0.9766444667050901973, 0.000000000000000000, -0.2148617826751190452 ) ) ;
#2415 = CARTESIAN_POINT ( 'NONE',  ( -1.676595744490619877, 0.4175444955380249734, 0.000000000000000000 ) ) ;
#2416 = FACE_OUTER_BOUND ( 'NONE', #10801, .T. ) ;
#2417 = CARTESIAN_POINT ( 'NONE',  ( 3.409999999999999698, 1.369999999999999885, -2.399999999999999911 ) ) ;
#2418 = CARTESIAN_POINT ( 'NONE',  ( -12.21000000000000085, 1.149999999999999911, -3.399999999999999911 ) ) ;
#2420 = EDGE_LOOP ( 'NONE', ( #12103, #10852, #5317, #145 ) ) ;
#2419 = DIRECTION ( 'NONE',  ( 1.000000000000000000, 0.000000000000000000, 0.000000000000000000 ) ) ;
#2421 = STYLED_ITEM ( 'NONE', ( #9233 ), #11891 ) ;
#2422 = ORIENTED_EDGE ( 'NONE', *, *, #7598, .F. ) ;
#2423 = EDGE_CURVE ( 'NONE', #3138, #7419, #7008, .T. ) ;
#2424 =( GEOMETRIC_REPRESENTATION_CONTEXT ( 3 ) GLOBAL_UNCERTAINTY_ASSIGNED_CONTEXT ( ( #5474 ) ) GLOBAL_UNIT_ASSIGNED_CONTEXT ( ( #6808, #10538, #7697 ) ) REPRESENTATION_CONTEXT ( 'NONE', 'WORKASPACE' ) );
#2425 = FILL_AREA_STYLE ('',( #10057 ) ) ;
#2426 = COLOUR_RGB ( '',0.2941176470588235392, 0.2941176470588235392, 0.2941176470588235392 ) ;
#2427 = COLOUR_RGB ( '',0.2941176470588235392, 0.2941176470588235392, 0.2941176470588235392 ) ;
#2428 = SURFACE_STYLE_USAGE ( .BOTH. , #2304 ) ;
#2429 = UNCERTAINTY_MEASURE_WITH_UNIT (LENGTH_MEASURE( 1.000000000000000082E-05 ), #12342, 'distance_accuracy_value', 'NONE');
#2430 = VERTEX_POINT ( 'NONE', #3898 ) ;
#2431 = VECTOR ( 'NONE', #12290, 1000.000000000000000 ) ;
#2432 = AXIS2_PLACEMENT_3D ( 'NONE', #7390, #12300, #5671 ) ;
#2433 = SURFACE_STYLE_USAGE ( .BOTH. , #7064 ) ;
#2434 = EDGE_CURVE ( 'NONE', #10093, #9253, #11515, .T. ) ;
#2435 =( LENGTH_UNIT ( ) NAMED_UNIT ( * ) SI_UNIT ( .MILLI., .METRE. ) );
#2436 = PRESENTATION_LAYER_ASSIGNMENT (  '', '', ( #3821 ) ) ;
#2437 = VECTOR ( 'NONE', #5522, 1000.000000000000000 ) ;
#2438 = FILL_AREA_STYLE ('',( #10983 ) ) ;
#2439 = PLANE ( 'NONE',  #4142 ) ;
#2440 =( NAMED_UNIT ( * ) SI_UNIT ( $, .STERADIAN. ) SOLID_ANGLE_UNIT ( ) );
#2441 = VECTOR ( 'NONE', #6247, 1000.000000000000000 ) ;
#2442 =( NAMED_UNIT ( * ) PLANE_ANGLE_UNIT ( ) SI_UNIT ( $, .RADIAN. ) );
#2443 = ORIENTED_EDGE ( 'NONE', *, *, #2512, .T. ) ;
#2444 = MECHANICAL_DESIGN_GEOMETRIC_PRESENTATION_REPRESENTATION (  '', ( #3055 ), #2853 ) ;
#2445 =( GEOMETRIC_REPRESENTATION_CONTEXT ( 3 ) GLOBAL_UNCERTAINTY_ASSIGNED_CONTEXT ( ( #332 ) ) GLOBAL_UNIT_ASSIGNED_CONTEXT ( ( #10298, #1735, #5537 ) ) REPRESENTATION_CONTEXT ( 'NONE', 'WORKASPACE' ) );
#2446 = AXIS2_PLACEMENT_3D ( 'NONE', #4474, #8293, #5515 ) ;
#2447 = VECTOR ( 'NONE', #9001, 1000.000000000000000 ) ;
#2448 = AXIS2_PLACEMENT_3D ( 'NONE', #7576, #1084, #3812 ) ;
#2449 = MECHANICAL_DESIGN_GEOMETRIC_PRESENTATION_REPRESENTATION (  '', ( #1843 ), #2247 ) ;
#2450 = ORIENTED_EDGE ( 'NONE', *, *, #1072, .T. ) ;
#2451 = DIRECTION ( 'NONE',  ( -1.000000000000000000, 0.000000000000000000, 0.000000000000000000 ) ) ;
#2452 = FACE_OUTER_BOUND ( 'NONE', #6608, .T. ) ;
#2453 = SURFACE_STYLE_USAGE ( .BOTH. , #5322 ) ;
#2454 = UNCERTAINTY_MEASURE_WITH_UNIT (LENGTH_MEASURE( 1.000000000000000082E-05 ), #3159, 'distance_accuracy_value', 'NONE');
#2455 = VECTOR ( 'NONE', #8486, 1000.000000000000000 ) ;
#2456 = DIRECTION ( 'NONE',  ( -0.9506452063545657305, -0.3102800213276469266, 0.000000000000000000 ) ) ;
#2457 = SURFACE_SIDE_STYLE ('',( #11812 ) ) ;
#2458 = VECTOR ( 'NONE', #6420, 1000.000000000000000 ) ;
#2459 = PLANE ( 'NONE',  #3651 ) ;
#2460 = DIRECTION ( 'NONE',  ( 0.000000000000000000, -1.000000000000000000, 0.000000000000000000 ) ) ;
#2461 = PLANE ( 'NONE',  #5716 ) ;
#2462 = AXIS2_PLACEMENT_3D ( 'NONE', #10889, #2403, #3177 ) ;
#2463 = PRESENTATION_STYLE_ASSIGNMENT (( #5569 ) ) ;
#2464 = VECTOR ( 'NONE', #492, 1000.000000000000000 ) ;
#2465 = CARTESIAN_POINT ( 'NONE',  ( -2.059574484825129836, 1.442544447854309908, 0.000000000000000000 ) ) ;
#2466 = VECTOR ( 'NONE', #10763, 1000.000000000000114 ) ;
#2467 = SURFACE_STYLE_FILL_AREA ( #6279 ) ;
#2468 =( GEOMETRIC_REPRESENTATION_CONTEXT ( 3 ) GLOBAL_UNCERTAINTY_ASSIGNED_CONTEXT ( ( #11077 ) ) GLOBAL_UNIT_ASSIGNED_CONTEXT ( ( #6946, #4954, #4892 ) ) REPRESENTATION_CONTEXT ( 'NONE', 'WORKASPACE' ) );
#2469 = EDGE_LOOP ( 'NONE', ( #281, #7431, #6804, #6730 ) ) ;
#2470 = SURFACE_STYLE_FILL_AREA ( #7148 ) ;
#2471 = PRESENTATION_LAYER_ASSIGNMENT (  '', '', ( #1469 ) ) ;
#2472 =( GEOMETRIC_REPRESENTATION_CONTEXT ( 3 ) GLOBAL_UNCERTAINTY_ASSIGNED_CONTEXT ( ( #10221 ) ) GLOBAL_UNIT_ASSIGNED_CONTEXT ( ( #7596, #6781, #10563 ) ) REPRESENTATION_CONTEXT ( 'NONE', 'WORKASPACE' ) );
#2473 = LINE ( 'NONE', #721, #477 ) ;
#2474 = PRESENTATION_LAYER_ASSIGNMENT (  '', '', ( #5060 ) ) ;
#2475 = DIRECTION ( 'NONE',  ( 0.8981380447713299686, -0.4397136028534169849, 0.000000000000000000 ) ) ;
#2476 = DIRECTION ( 'NONE',  ( 0.000000000000000000, -1.000000000000000000, 0.000000000000000000 ) ) ;
#2477 = FILL_AREA_STYLE ('',( #11836 ) ) ;
#2478 = LINE ( 'NONE', #6207, #8438 ) ;
#2480 = PRESENTATION_LAYER_ASSIGNMENT (  '', '', ( #7272 ) ) ;
#2479 = CARTESIAN_POINT ( 'NONE',  ( -7.200000000000000178, -4.000000000000000000, 0.000000000000000000 ) ) ;
#2481 = VERTEX_POINT ( 'NONE', #2588 ) ;
#2482 = VERTEX_POINT ( 'NONE', #12082 ) ;
#2483 = COLOUR_RGB ( '',0.7803921568627451011, 0.7803921568627451011, 0.7803921568627451011 ) ;
#2484 = CARTESIAN_POINT ( 'NONE',  ( -3.239999999999999769, 4.000000000000000000, 0.000000000000000000 ) ) ;
#2485 = FILL_AREA_STYLE ('',( #4536 ) ) ;
#2486 = EDGE_CURVE ( 'NONE', #6743, #3958, #4272, .T. ) ;
#2487 = VECTOR ( 'NONE', #1930, 1000.000000000000000 ) ;
#2488 = ORIENTED_EDGE ( 'NONE', *, *, #12126, .T. ) ;
#2489 = DIRECTION ( 'NONE',  ( 0.000000000000000000, -1.000000000000000000, 0.000000000000000000 ) ) ;
#2490 = SURFACE_SIDE_STYLE ('',( #10097 ) ) ;
#2491 = MECHANICAL_DESIGN_GEOMETRIC_PRESENTATION_REPRESENTATION (  '', ( #481 ), #7490 ) ;
#2492 = UNCERTAINTY_MEASURE_WITH_UNIT (LENGTH_MEASURE( 1.000000000000000082E-05 ), #11578, 'distance_accuracy_value', 'NONE');
#2493 = PRESENTATION_STYLE_ASSIGNMENT (( #11035 ) ) ;
#2494 = DIRECTION ( 'NONE',  ( -1.000000000000000000, 0.000000000000000000, 0.000000000000000000 ) ) ;
#2495 = PRESENTATION_STYLE_ASSIGNMENT (( #1421 ) ) ;
#2496 = ORIENTED_EDGE ( 'NONE', *, *, #1794, .T. ) ;
#2497 = ORIENTED_EDGE ( 'NONE', *, *, #4091, .T. ) ;
#2498 = SURFACE_SIDE_STYLE ('',( #1427 ) ) ;
#2499 = CARTESIAN_POINT ( 'NONE',  ( 0.5899999999999860911, 1.369999999999999885, -2.399999999999999911 ) ) ;
#2500 = SURFACE_STYLE_FILL_AREA ( #1551 ) ;
#2501 = ADVANCED_FACE ( 'NONE', ( #2325 ), #6339, .T. ) ;
#2502 = LINE ( 'NONE', #2371, #7246 ) ;
#2503 = DIRECTION ( 'NONE',  ( 0.000000000000000000, 0.000000000000000000, -1.000000000000000000 ) ) ;
#2504 = CARTESIAN_POINT ( 'NONE',  ( -7.299999999999999822, 0.2000000000000000111, 3.200000000000000178 ) ) ;
#2505 = VERTEX_POINT ( 'NONE', #7086 ) ;
#2506 = DIRECTION ( 'NONE',  ( -1.000000000000000000, 0.000000000000000000, 0.000000000000000000 ) ) ;
#2507 = DIRECTION ( 'NONE',  ( -1.000000000000000000, 0.000000000000000000, 0.000000000000000000 ) ) ;
#2508 = FILL_AREA_STYLE_COLOUR ( '', #8215 ) ;
#2509 = CARTESIAN_POINT ( 'NONE',  ( -1.600000000000000089, -0.3574555521456899698, 0.000000000000000000 ) ) ;
#2510 = EDGE_CURVE ( 'NONE', #4423, #10089, #6194, .T. ) ;
#2511 = EDGE_LOOP ( 'NONE', ( #4072, #3493, #5772, #3695 ) ) ;
#2512 = EDGE_CURVE ( 'NONE', #3082, #107, #12004, .T. ) ;
#2513 = SURFACE_STYLE_USAGE ( .BOTH. , #12070 ) ;
#2514 = ORIENTED_EDGE ( 'NONE', *, *, #6494, .T. ) ;
#2515 = FILL_AREA_STYLE_COLOUR ( '', #12117 ) ;
#2516 = CARTESIAN_POINT ( 'NONE',  ( 7.939999999999999503, 0.3400000000000000244, 10.69999999999999929 ) ) ;
#2517 = DIRECTION ( 'NONE',  ( 0.000000000000000000, -1.000000000000000000, 0.000000000000000000 ) ) ;
#2518 = LINE ( 'NONE', #8148, #11048 ) ;
#2519 = DIRECTION ( 'NONE',  ( 0.000000000000000000, 0.000000000000000000, -1.000000000000000000 ) ) ;
#2520 = PRESENTATION_STYLE_ASSIGNMENT (( #5448 ) ) ;
#2521 = UNCERTAINTY_MEASURE_WITH_UNIT (LENGTH_MEASURE( 1.000000000000000082E-05 ), #3043, 'distance_accuracy_value', 'NONE');
#2522 = FACE_OUTER_BOUND ( 'NONE', #11549, .T. ) ;
#2523 = FILL_AREA_STYLE_COLOUR ( '', #2819 ) ;
#2524 = FILL_AREA_STYLE ('',( #9145 ) ) ;
#2525 = COLOUR_RGB ( '',1.000000000000000000, 1.000000000000000000, 0.9450980392156862475 ) ;
#2526 = VERTEX_POINT ( 'NONE', #10141 ) ;
#2527 =( LENGTH_UNIT ( ) NAMED_UNIT ( * ) SI_UNIT ( .MILLI., .METRE. ) );
#2528 = LINE ( 'NONE', #7207, #8929 ) ;
#2529 = LINE ( 'NONE', #9153, #3268 ) ;
#2530 = DIRECTION ( 'NONE',  ( 0.000000000000000000, 0.9766444667050906414, 0.2148617826751169080 ) ) ;
#2531 = DIRECTION ( 'NONE',  ( 0.000000000000000000, 0.000000000000000000, -1.000000000000000000 ) ) ;
#2532 = SURFACE_STYLE_USAGE ( .BOTH. , #3599 ) ;
#2533 = CARTESIAN_POINT ( 'NONE',  ( -3.370000000000000107, 0.2300000000000000100, -2.399999999999999911 ) ) ;
#2534 = ORIENTED_EDGE ( 'NONE', *, *, #7862, .F. ) ;
#2535 = FILL_AREA_STYLE_COLOUR ( '', #655 ) ;
#2536 = VECTOR ( 'NONE', #9380, 1000.000000000000000 ) ;
#2537 = SURFACE_STYLE_FILL_AREA ( #6293 ) ;
#2538 = ORIENTED_EDGE ( 'NONE', *, *, #7240, .F. ) ;
#2539 = DIRECTION ( 'NONE',  ( 1.000000000000000000, 0.000000000000000000, 0.000000000000000000 ) ) ;
#2540 = CARTESIAN_POINT ( 'NONE',  ( -1.676595744490619877, 0.2425444478543100080, 0.000000000000000000 ) ) ;
#2541 = ORIENTED_EDGE ( 'NONE', *, *, #4926, .T. ) ;
#2542 = COLOUR_RGB ( '',0.2941176470588235392, 0.2941176470588235392, 0.2941176470588235392 ) ;
#2543 = SURFACE_STYLE_FILL_AREA ( #8302 ) ;
#2544 = DIRECTION ( 'NONE',  ( -1.000000000000000000, 0.000000000000000000, 0.000000000000000000 ) ) ;
#2545 = AXIS2_PLACEMENT_3D ( 'NONE', #10449, #4588, #8583 ) ;
#2546 = LINE ( 'NONE', #2684, #9035 ) ;
#2547 = EDGE_CURVE ( 'NONE', #9253, #5732, #4387, .T. ) ;
#2548 =( LENGTH_UNIT ( ) NAMED_UNIT ( * ) SI_UNIT ( .MILLI., .METRE. ) );
#2549 = DIRECTION ( 'NONE',  ( 0.000000000000000000, 0.000000000000000000, -1.000000000000000000 ) ) ;
#2550 = ORIENTED_EDGE ( 'NONE', *, *, #168, .T. ) ;
#2551 = VERTEX_POINT ( 'NONE', #1642 ) ;
#2552 = SURFACE_STYLE_FILL_AREA ( #3735 ) ;
#2553 = DIRECTION ( 'NONE',  ( -1.000000000000000000, 0.000000000000000000, 0.000000000000000000 ) ) ;
#2554 = DIRECTION ( 'NONE',  ( 0.000000000000000000, 1.000000000000000000, 0.000000000000000000 ) ) ;
#2555 =( GEOMETRIC_REPRESENTATION_CONTEXT ( 3 ) GLOBAL_UNCERTAINTY_ASSIGNED_CONTEXT ( ( #5134 ) ) GLOBAL_UNIT_ASSIGNED_CONTEXT ( ( #3528, #7340, #6961 ) ) REPRESENTATION_CONTEXT ( 'NONE', 'WORKASPACE' ) );
#2556 =( GEOMETRIC_REPRESENTATION_CONTEXT ( 3 ) GLOBAL_UNCERTAINTY_ASSIGNED_CONTEXT ( ( #8656 ) ) GLOBAL_UNIT_ASSIGNED_CONTEXT ( ( #385, #4263, #5323 ) ) REPRESENTATION_CONTEXT ( 'NONE', 'WORKASPACE' ) );
#2557 = MECHANICAL_DESIGN_GEOMETRIC_PRESENTATION_REPRESENTATION (  '', ( #10324 ), #1554 ) ;
#2558 = CARTESIAN_POINT ( 'NONE',  ( -1.804255312681200207, 1.455044435933379843, 0.000000000000000000 ) ) ;
#2559 = AXIS2_PLACEMENT_3D ( 'NONE', #12179, #12297, #5669 ) ;
#2560 = LINE ( 'NONE', #2504, #11664 ) ;
#2561 = ORIENTED_EDGE ( 'NONE', *, *, #8414, .T. ) ;
#2562 = SURFACE_STYLE_USAGE ( .BOTH. , #4425 ) ;
#2563 =( NAMED_UNIT ( * ) SI_UNIT ( $, .STERADIAN. ) SOLID_ANGLE_UNIT ( ) );
#2564 = EDGE_CURVE ( 'NONE', #2298, #8824, #10878, .T. ) ;
#2565 =( GEOMETRIC_REPRESENTATION_CONTEXT ( 3 ) GLOBAL_UNCERTAINTY_ASSIGNED_CONTEXT ( ( #9010 ) ) GLOBAL_UNIT_ASSIGNED_CONTEXT ( ( #6391, #10119, #10984 ) ) REPRESENTATION_CONTEXT ( 'NONE', 'WORKASPACE' ) );
#2566 = DIRECTION ( 'NONE',  ( 0.000000000000000000, 0.2538981284121001325, -0.9672309653794344264 ) ) ;
#2567 = VECTOR ( 'NONE', #9347, 1000.000000000000000 ) ;
#2568 = PLANE ( 'NONE',  #7212 ) ;
#2569 = PRESENTATION_STYLE_ASSIGNMENT (( #4433 ) ) ;
#2570 = FILL_AREA_STYLE_COLOUR ( '', #1815 ) ;
#2571 = CARTESIAN_POINT ( 'NONE',  ( -1.600000000000000089, 2.005044447854310352, -0.05000000000000000278 ) ) ;
#2572 = EDGE_CURVE ( 'NONE', #8909, #11100, #7200, .T. ) ;
#2573 = ORIENTED_EDGE ( 'NONE', *, *, #550, .F. ) ;
#2574 =( GEOMETRIC_REPRESENTATION_CONTEXT ( 3 ) GLOBAL_UNCERTAINTY_ASSIGNED_CONTEXT ( ( #8089 ) ) GLOBAL_UNIT_ASSIGNED_CONTEXT ( ( #5329, #12141, #6336 ) ) REPRESENTATION_CONTEXT ( 'NONE', 'WORKASPACE' ) );
#2575 = COLOUR_RGB ( '',1.000000000000000000, 1.000000000000000000, 0.9450980392156862475 ) ;
#2576 = LINE ( 'NONE', #6395, #11017 ) ;
#2577 = VERTEX_POINT ( 'NONE', #2465 ) ;
#2578 = DIRECTION ( 'NONE',  ( 0.2100675449707440356, -0.2100675449707440356, 0.9548524771397562949 ) ) ;
#2579 = COLOUR_RGB ( '',0.7803921568627451011, 0.7803921568627451011, 0.7803921568627451011 ) ;
#2580 = ADVANCED_FACE ( 'NONE', ( #9198 ), #8095, .T. ) ;
#2581 = FACE_OUTER_BOUND ( 'NONE', #1645, .T. ) ;
#2582 = UNCERTAINTY_MEASURE_WITH_UNIT (LENGTH_MEASURE( 1.000000000000000082E-05 ), #5457, 'distance_accuracy_value', 'NONE');
#2583 = CARTESIAN_POINT ( 'NONE',  ( -1.600000000000000089, 0.4175444955380249734, 0.000000000000000000 ) ) ;
#2584 = FILL_AREA_STYLE ('',( #2213 ) ) ;
#2585 = LINE ( 'NONE', #9138, #10535 ) ;
#2586 = VERTEX_POINT ( 'NONE', #7406 ) ;
#2587 =( NAMED_UNIT ( * ) PLANE_ANGLE_UNIT ( ) SI_UNIT ( $, .RADIAN. ) );
#2588 = CARTESIAN_POINT ( 'NONE',  ( -12.42999999999999972, 0.2300000000000000100, -2.399999999999999911 ) ) ;
#2589 = ADVANCED_FACE ( 'NONE', ( #10676 ), #6751, .T. ) ;
#2590 = ORIENTED_EDGE ( 'NONE', *, *, #9981, .F. ) ;
#2591 = PLANE ( 'NONE',  #4867 ) ;
#2592 = SURFACE_STYLE_FILL_AREA ( #3537 ) ;
#2593 = UNCERTAINTY_MEASURE_WITH_UNIT (LENGTH_MEASURE( 1.000000000000000082E-05 ), #10440, 'distance_accuracy_value', 'NONE');
#2594 = LINE ( 'NONE', #4334, #8647 ) ;
#2595 = CARTESIAN_POINT ( 'NONE',  ( -2.110638308525089712, 1.417544435933379754, 0.000000000000000000 ) ) ;
#2596 = CARTESIAN_POINT ( 'NONE',  ( -2.161702132225040263, 1.367544447854309952, -0.05000000000000000278 ) ) ;
#2597 = DIRECTION ( 'NONE',  ( 1.000000000000000000, 0.000000000000000000, 0.000000000000000000 ) ) ;
#2598 = LINE ( 'NONE', #11082, #2060 ) ;
#2599 = ORIENTED_EDGE ( 'NONE', *, *, #9846, .F. ) ;
#2600 =( NAMED_UNIT ( * ) SI_UNIT ( $, .STERADIAN. ) SOLID_ANGLE_UNIT ( ) );
#2601 = LINE ( 'NONE', #1719, #4857 ) ;
#2602 = EDGE_CURVE ( 'NONE', #2482, #9868, #9620, .T. ) ;
#2603 = ORIENTED_EDGE ( 'NONE', *, *, #1225, .T. ) ;
#2604 = LINE ( 'NONE', #11088, #253 ) ;
#2605 = CARTESIAN_POINT ( 'NONE',  ( -11.28999999999999915, 0.2300000000000000100, 10.20000000000000107 ) ) ;
#2606 = ORIENTED_EDGE ( 'NONE', *, *, #11358, .T. ) ;
#2607 = DIRECTION ( 'NONE',  ( 0.000000000000000000, 1.000000000000000000, 0.000000000000000000 ) ) ;
#2608 = DIRECTION ( 'NONE',  ( 0.5627910658975531222, 0.8265991871190631057, 0.000000000000000000 ) ) ;
#2609 = UNCERTAINTY_MEASURE_WITH_UNIT (LENGTH_MEASURE( 1.000000000000000082E-05 ), #581, 'distance_accuracy_value', 'NONE');
#2610 = DIRECTION ( 'NONE',  ( -1.000000000000000000, 0.000000000000000000, 0.000000000000000000 ) ) ;
#2611 = SURFACE_SIDE_STYLE ('',( #11294 ) ) ;
#2612 = ORIENTED_EDGE ( 'NONE', *, *, #3798, .T. ) ;
#2613 =( NAMED_UNIT ( * ) PLANE_ANGLE_UNIT ( ) SI_UNIT ( $, .RADIAN. ) );
#2615 = ORIENTED_EDGE ( 'NONE', *, *, #10219, .T. ) ;
#2614 = SURFACE_STYLE_FILL_AREA ( #8362 ) ;
#2616 = EDGE_LOOP ( 'NONE', ( #8786, #5581, #6694, #136 ) ) ;
#2617 = PLANE ( 'NONE',  #10210 ) ;
#2618 = FILL_AREA_STYLE_COLOUR ( '', #7838 ) ;
#2619 =( LENGTH_UNIT ( ) NAMED_UNIT ( * ) SI_UNIT ( .MILLI., .METRE. ) );
#2620 =( NAMED_UNIT ( * ) PLANE_ANGLE_UNIT ( ) SI_UNIT ( $, .RADIAN. ) );
#2621 = SURFACE_SIDE_STYLE ('',( #6509 ) ) ;
#2622 = CARTESIAN_POINT ( 'NONE',  ( -7.299999999999999822, 1.399999999999999911, 3.200000000000000178 ) ) ;
#2623 = FILL_AREA_STYLE_COLOUR ( '', #2483 ) ;
#2624 = VERTEX_POINT ( 'NONE', #9690 ) ;
#2625 =( GEOMETRIC_REPRESENTATION_CONTEXT ( 3 ) GLOBAL_UNCERTAINTY_ASSIGNED_CONTEXT ( ( #6639 ) ) GLOBAL_UNIT_ASSIGNED_CONTEXT ( ( #682, #12226, #3849 ) ) REPRESENTATION_CONTEXT ( 'NONE', 'WORKASPACE' ) );
#2626 = PRESENTATION_LAYER_ASSIGNMENT (  '', '', ( #5011 ) ) ;
#2627 = FILL_AREA_STYLE ('',( #11183 ) ) ;
#2628 = SURFACE_SIDE_STYLE ('',( #4746 ) ) ;
#2629 = CARTESIAN_POINT ( 'NONE',  ( -8.470000000000000639, 0.2300000000000000100, -2.399999999999999911 ) ) ;
#2630 = EDGE_LOOP ( 'NONE', ( #2018, #5652, #2835, #4092 ) ) ;
#2631 = EDGE_CURVE ( 'NONE', #729, #6342, #3992, .T. ) ;
#2632 = PRESENTATION_LAYER_ASSIGNMENT (  '', '', ( #2830 ) ) ;
#2633 =( GEOMETRIC_REPRESENTATION_CONTEXT ( 3 ) GLOBAL_UNCERTAINTY_ASSIGNED_CONTEXT ( ( #7352 ) ) GLOBAL_UNIT_ASSIGNED_CONTEXT ( ( #1506, #8939, #11928 ) ) REPRESENTATION_CONTEXT ( 'NONE', 'WORKASPACE' ) );
#2634 = SURFACE_STYLE_FILL_AREA ( #1753 ) ;
#2635 = ORIENTED_EDGE ( 'NONE', *, *, #7533, .T. ) ;
#2636 = DIRECTION ( 'NONE',  ( 1.000000000000000000, 0.000000000000000000, 0.000000000000000000 ) ) ;
#2637 = VECTOR ( 'NONE', #11921, 1000.000000000000000 ) ;
#2638 = LINE ( 'NONE', #3760, #888 ) ;
#2639 = DIRECTION ( 'NONE',  ( 1.000000000000000000, 0.000000000000000000, 0.000000000000000000 ) ) ;
#2640 = SURFACE_SIDE_STYLE ('',( #577 ) ) ;
#2641 = LINE ( 'NONE', #8888, #11733 ) ;
#2642 = UNCERTAINTY_MEASURE_WITH_UNIT (LENGTH_MEASURE( 1.000000000000000082E-05 ), #2527, 'distance_accuracy_value', 'NONE');
#2643 = VERTEX_POINT ( 'NONE', #5794 ) ;
#2644 = FACE_OUTER_BOUND ( 'NONE', #5598, .T. ) ;
#2645 = MECHANICAL_DESIGN_GEOMETRIC_PRESENTATION_REPRESENTATION (  '', ( #7442 ), #10212 ) ;
#2646 = VECTOR ( 'NONE', #2947, 1000.000000000000000 ) ;
#2647 = PRESENTATION_STYLE_ASSIGNMENT (( #11616 ) ) ;
#2648 = VECTOR ( 'NONE', #2977, 1000.000000000000000 ) ;
#2649 = AXIS2_PLACEMENT_3D ( 'NONE', #4229, #5224, #9171 ) ;
#2650 =( GEOMETRIC_REPRESENTATION_CONTEXT ( 3 ) GLOBAL_UNCERTAINTY_ASSIGNED_CONTEXT ( ( #11469 ) ) GLOBAL_UNIT_ASSIGNED_CONTEXT ( ( #10894, #11962, #670 ) ) REPRESENTATION_CONTEXT ( 'NONE', 'WORKASPACE' ) );
#2651 = EDGE_CURVE ( 'NONE', #11006, #9803, #12365, .T. ) ;
#2652 = COLOUR_RGB ( '',1.000000000000000000, 1.000000000000000000, 0.9450980392156862475 ) ;
#2653 = EDGE_LOOP ( 'NONE', ( #92, #971, #256, #1244 ) ) ;
#2654 = VECTOR ( 'NONE', #4285, 1000.000000000000000 ) ;
#2655 = SURFACE_STYLE_USAGE ( .BOTH. , #9397 ) ;
#2656 = VECTOR ( 'NONE', #399, 1000.000000000000000 ) ;
#2657 = ORIENTED_EDGE ( 'NONE', *, *, #459, .F. ) ;
#2658 = PRESENTATION_LAYER_ASSIGNMENT (  '', '', ( #6642 ) ) ;
#2659 = EDGE_CURVE ( 'NONE', #7099, #2298, #4873, .T. ) ;
#2660 =( NAMED_UNIT ( * ) SI_UNIT ( $, .STERADIAN. ) SOLID_ANGLE_UNIT ( ) );
#2661 = PRESENTATION_LAYER_ASSIGNMENT (  '', '', ( #5244 ) ) ;
#2662 = STYLED_ITEM ( 'NONE', ( #730 ), #1723 ) ;
#2663 = CARTESIAN_POINT ( 'NONE',  ( 0.3699999999999849520, 1.149999999999999911, 11.19999999999999929 ) ) ;
#2664 = VECTOR ( 'NONE', #9262, 1000.000000000000114 ) ;
#2665 = PRESENTATION_STYLE_ASSIGNMENT (( #9473 ) ) ;
#2666 = UNCERTAINTY_MEASURE_WITH_UNIT (LENGTH_MEASURE( 1.000000000000000082E-05 ), #2005, 'distance_accuracy_value', 'NONE');
#2667 = LINE ( 'NONE', #784, #7657 ) ;
#2668 = MECHANICAL_DESIGN_GEOMETRIC_PRESENTATION_REPRESENTATION (  '', ( #11820 ), #1661 ) ;
#2669 = ORIENTED_EDGE ( 'NONE', *, *, #2734, .T. ) ;
#2670 = FILL_AREA_STYLE_COLOUR ( '', #8405 ) ;
#2671 = DIRECTION ( 'NONE',  ( 0.9713213633443960049, 0.2377704967206480113, 0.000000000000000000 ) ) ;
#2672 = ORIENTED_EDGE ( 'NONE', *, *, #1204, .F. ) ;
#2673 = COLOUR_RGB ( '',0.2941176470588235392, 0.2941176470588235392, 0.2941176470588235392 ) ;
#2674 = CARTESIAN_POINT ( 'NONE',  ( -1.740425533056259910, -0.1699555521456899976, 0.000000000000000000 ) ) ;
#2675 = COLOUR_RGB ( '',0.2941176470588235392, 0.2941176470588235392, 0.2941176470588235392 ) ;
#2676 = ADVANCED_FACE ( 'NONE', ( #8624 ), #119, .T. ) ;
#2677 = COLOUR_RGB ( '',1.000000000000000000, 1.000000000000000000, 0.9450980392156862475 ) ;
#2678 = VERTEX_POINT ( 'NONE', #8986 ) ;
#2679 = VECTOR ( 'NONE', #9123, 1000.000000000000000 ) ;
#2680 = PRESENTATION_LAYER_ASSIGNMENT (  '', '', ( #9040 ) ) ;
#2681 = SURFACE_STYLE_USAGE ( .BOTH. , #10158 ) ;
#2682 = EDGE_CURVE ( 'NONE', #310, #9803, #8926, .T. ) ;
#2683 = LINE ( 'NONE', #10220, #11500 ) ;
#2684 = CARTESIAN_POINT ( 'NONE',  ( 0.6199999999999890044, 1.399999999999999911, 0.5999999999999999778 ) ) ;
#2685 = SURFACE_SIDE_STYLE ('',( #7425 ) ) ;
#2686 = VERTEX_POINT ( 'NONE', #3198 ) ;
#2687 = CARTESIAN_POINT ( 'NONE',  ( -1.612765957042569864, -0.04495559982940600108, 0.000000000000000000 ) ) ;
#2688 =( GEOMETRIC_REPRESENTATION_CONTEXT ( 3 ) GLOBAL_UNCERTAINTY_ASSIGNED_CONTEXT ( ( #11386 ) ) GLOBAL_UNIT_ASSIGNED_CONTEXT ( ( #4270, #6078, #7141 ) ) REPRESENTATION_CONTEXT ( 'NONE', 'WORKASPACE' ) );
#2690 = VERTEX_POINT ( 'NONE', #2302 ) ;
#2689 = DIRECTION ( 'NONE',  ( 0.000000000000000000, -1.000000000000000000, 0.000000000000000000 ) ) ;
#2691 = ORIENTED_EDGE ( 'NONE', *, *, #3948, .F. ) ;
#2692 = CARTESIAN_POINT ( 'NONE',  ( -1.600000000000000089, 1.555044447854309952, 0.000000000000000000 ) ) ;
#2693 = AXIS2_PLACEMENT_3D ( 'NONE', #1020, #6652, #8521 ) ;
#2694 = LINE ( 'NONE', #871, #6046 ) ;
#2695 =( NAMED_UNIT ( * ) SI_UNIT ( $, .STERADIAN. ) SOLID_ANGLE_UNIT ( ) );
#2696 =( LENGTH_UNIT ( ) NAMED_UNIT ( * ) SI_UNIT ( .MILLI., .METRE. ) );
#2697 = DIRECTION ( 'NONE',  ( 0.000000000000000000, 1.000000000000000000, 0.000000000000000000 ) ) ;
#2698 = EDGE_CURVE ( 'NONE', #9378, #9702, #239, .T. ) ;
#2699 = ORIENTED_EDGE ( 'NONE', *, *, #2967, .T. ) ;
#2700 = FACE_OUTER_BOUND ( 'NONE', #5410, .T. ) ;
#2701 = FILL_AREA_STYLE ('',( #4695 ) ) ;
#2702 = CARTESIAN_POINT ( 'NONE',  ( 0.5899999999999860911, 0.2300000000000000100, 10.20000000000000107 ) ) ;
#2703 = FILL_AREA_STYLE ('',( #4308 ) ) ;
#2704 = EDGE_CURVE ( 'NONE', #10195, #2290, #10856, .T. ) ;
#2705 = ORIENTED_EDGE ( 'NONE', *, *, #953, .F. ) ;
#2706 = CARTESIAN_POINT ( 'NONE',  ( -1.612765957042569864, 1.317544424012449866, -0.05000000000000000278 ) ) ;
#2707 = ORIENTED_EDGE ( 'NONE', *, *, #762, .F. ) ;
#2708 = CARTESIAN_POINT ( 'NONE',  ( -0.5800000000000109512, 1.399999999999999911, 3.200000000000000178 ) ) ;
#2709 =( LENGTH_UNIT ( ) NAMED_UNIT ( * ) SI_UNIT ( .MILLI., .METRE. ) );
#2710 = FILL_AREA_STYLE_COLOUR ( '', #10249 ) ;
#2711 =( NAMED_UNIT ( * ) SI_UNIT ( $, .STERADIAN. ) SOLID_ANGLE_UNIT ( ) );
#2712 = PLANE ( 'NONE',  #6644 ) ;
#2713 = EDGE_CURVE ( 'NONE', #8941, #9779, #8070, .T. ) ;
#2714 = SURFACE_STYLE_FILL_AREA ( #11267 ) ;
#2715 = EDGE_LOOP ( 'NONE', ( #1132, #6116, #9743, #733 ) ) ;
#2716 = DIRECTION ( 'NONE',  ( 0.9766444667050901973, -0.000000000000000000, 0.2148617826751190452 ) ) ;
#2717 = FILL_AREA_STYLE_COLOUR ( '', #1054 ) ;
#2718 = ORIENTED_EDGE ( 'NONE', *, *, #6785, .T. ) ;
#2719 = DIRECTION ( 'NONE',  ( 0.8981380143666169991, 0.4397136649566290023, 0.000000000000000000 ) ) ;
#2720 = CARTESIAN_POINT ( 'NONE',  ( -2.059574484825129836, -0.1699555521456899976, 0.000000000000000000 ) ) ;
#2721 = DIRECTION ( 'NONE',  ( 1.000000000000000000, 0.000000000000000000, 0.000000000000000000 ) ) ;
#2722 = EDGE_CURVE ( 'NONE', #3994, #9658, #1376, .T. ) ;
#2723 = CARTESIAN_POINT ( 'NONE',  ( -11.28999999999999915, 0.2300000000000000100, 10.20000000000000107 ) ) ;
#2724 =( LENGTH_UNIT ( ) NAMED_UNIT ( * ) SI_UNIT ( .MILLI., .METRE. ) );
#2725 = LINE ( 'NONE', #1533, #11028 ) ;
#2726 = ORIENTED_EDGE ( 'NONE', *, *, #9310, .T. ) ;
#2727 = CARTESIAN_POINT ( 'NONE',  ( 11.54999999999999893, 0.4500000000000000111, -3.399999999999999911 ) ) ;
#2728 = ORIENTED_EDGE ( 'NONE', *, *, #8841, .T. ) ;
#2729 = PLANE ( 'NONE',  #7251 ) ;
#2730 =( NAMED_UNIT ( * ) SI_UNIT ( $, .STERADIAN. ) SOLID_ANGLE_UNIT ( ) );
#2731 = ORIENTED_EDGE ( 'NONE', *, *, #7493, .T. ) ;
#2732 = COLOUR_RGB ( '',0.2941176470588235392, 0.2941176470588235392, 0.2941176470588235392 ) ;
#2733 = CARTESIAN_POINT ( 'NONE',  ( 12.25000000000000000, 0.4500000000000000111, -3.399999999999999911 ) ) ;
#2734 = EDGE_CURVE ( 'NONE', #3331, #310, #5174, .T. ) ;
#2735 = ORIENTED_EDGE ( 'NONE', *, *, #4999, .T. ) ;
#2736 = PRESENTATION_LAYER_ASSIGNMENT (  '', '', ( #2146 ) ) ;
#2737 = SURFACE_STYLE_USAGE ( .BOTH. , #9237 ) ;
#2739 = ORIENTED_EDGE ( 'NONE', *, *, #1293, .T. ) ;
#2738 = CARTESIAN_POINT ( 'NONE',  ( -4.540000000000000036, 1.399999999999999911, 3.200000000000000178 ) ) ;
#2740 = VERTEX_POINT ( 'NONE', #11857 ) ;
#2741 = LINE ( 'NONE', #5535, #3041 ) ;
#2742 = DIRECTION ( 'NONE',  ( 0.000000000000000000, 0.000000000000000000, -1.000000000000000000 ) ) ;
#2743 = LINE ( 'NONE', #11106, #7471 ) ;
#2744 = FACE_OUTER_BOUND ( 'NONE', #10625, .T. ) ;
#2745 = VECTOR ( 'NONE', #8870, 1000.000000000000000 ) ;
#2746 = ADVANCED_FACE ( 'NONE', ( #6106 ), #7994, .F. ) ;
#2747 = COLOUR_RGB ( '',0.7803921568627451011, 0.7803921568627451011, 0.7803921568627451011 ) ;
#2748 = AXIS2_PLACEMENT_3D ( 'NONE', #3223, #2206, #9852 ) ;
#2749 =( NAMED_UNIT ( * ) SI_UNIT ( $, .STERADIAN. ) SOLID_ANGLE_UNIT ( ) );
#2750 = PLANE ( 'NONE',  #859 ) ;
#2751 = CARTESIAN_POINT ( 'NONE',  ( -2.085106396675110219, 1.342544471696169861, 0.000000000000000000 ) ) ;
#2752 = ORIENTED_EDGE ( 'NONE', *, *, #3653, .T. ) ;
#2753 = LINE ( 'NONE', #1742, #9534 ) ;
#2754 = FILL_AREA_STYLE ('',( #3574 ) ) ;
#2755 = EDGE_CURVE ( 'NONE', #5958, #8683, #9806, .T. ) ;
#2756 = AXIS2_PLACEMENT_3D ( 'NONE', #3017, #7766, #5803 ) ;
#2757 = SURFACE_SIDE_STYLE ('',( #3807 ) ) ;
#2758 = ORIENTED_EDGE ( 'NONE', *, *, #4494, .T. ) ;
#2759 = AXIS2_PLACEMENT_3D ( 'NONE', #9887, #3144, #5992 ) ;
#2760 = VECTOR ( 'NONE', #8797, 1000.000000000000114 ) ;
#2761 = ORIENTED_EDGE ( 'NONE', *, *, #5940, .T. ) ;
#2762 = VECTOR ( 'NONE', #2531, 1000.000000000000000 ) ;
#2763 = DIRECTION ( 'NONE',  ( -0.2377717803411078801, -0.9713210491250665601, 0.000000000000000000 ) ) ;
#2764 = CARTESIAN_POINT ( 'NONE',  ( -7.299999999999999822, 1.399999999999999911, 0.5999999999999999778 ) ) ;
#2765 = CARTESIAN_POINT ( 'NONE',  ( -1.995744669437410357, 1.380044471696169950, -0.05000000000000000278 ) ) ;
#2766 = CARTESIAN_POINT ( 'NONE',  ( 12.50000000000000000, 3.000000000000000000, 7.500000000000000000 ) ) ;
#2767 = MECHANICAL_DESIGN_GEOMETRIC_PRESENTATION_REPRESENTATION (  '', ( #2161 ), #4353 ) ;
#2768 = FACE_OUTER_BOUND ( 'NONE', #619, .T. ) ;
#2769 = UNCERTAINTY_MEASURE_WITH_UNIT (LENGTH_MEASURE( 1.000000000000000082E-05 ), #8365, 'distance_accuracy_value', 'NONE');
#2770 = ORIENTED_EDGE ( 'NONE', *, *, #6341, .F. ) ;
#2771 = SURFACE_SIDE_STYLE ('',( #9330 ) ) ;
#2772 = CARTESIAN_POINT ( 'NONE',  ( -2.200000000000000178, 0.3175444478543100191, 0.000000000000000000 ) ) ;
#2773 = VECTOR ( 'NONE', #9616, 1000.000000000000000 ) ;
#2774 = ADVANCED_FACE ( 'NONE', ( #9994 ), #1430, .T. ) ;
#2775 = STYLED_ITEM ( 'NONE', ( #1407 ), #6575 ) ;
#2776 = ORIENTED_EDGE ( 'NONE', *, *, #10197, .F. ) ;
#2777 = CARTESIAN_POINT ( 'NONE',  ( -1.804255312681200207, -0.1824555044619740052, 0.000000000000000000 ) ) ;
#2778 = LINE ( 'NONE', #6592, #10708 ) ;
#2779 = CARTESIAN_POINT ( 'NONE',  ( 3.409999999999999698, 1.369999999999999885, 10.20000000000000107 ) ) ;
#2780 = CARTESIAN_POINT ( 'NONE',  ( -3.340000000000000302, 0.2000000000000000111, 0.5999999999999999778 ) ) ;
#2781 = UNCERTAINTY_MEASURE_WITH_UNIT (LENGTH_MEASURE( 1.000000000000000082E-05 ), #11139, 'distance_accuracy_value', 'NONE');
#2782 = MECHANICAL_DESIGN_GEOMETRIC_PRESENTATION_REPRESENTATION (  '', ( #8175 ), #6767 ) ;
#2783 = PRESENTATION_STYLE_ASSIGNMENT (( #3663 ) ) ;
#2784 = PLANE ( 'NONE',  #687 ) ;
#2785 = ORIENTED_EDGE ( 'NONE', *, *, #2651, .T. ) ;
#2786 =( LENGTH_UNIT ( ) NAMED_UNIT ( * ) SI_UNIT ( .MILLI., .METRE. ) );
#2787 = VERTEX_POINT ( 'NONE', #10300 ) ;
#2788 = SURFACE_STYLE_USAGE ( .BOTH. , #10461 ) ;
#2789 = ORIENTED_EDGE ( 'NONE', *, *, #602, .T. ) ;
#2790 = ADVANCED_FACE ( 'NONE', ( #9111 ), #4610, .T. ) ;
#2791 =( GEOMETRIC_REPRESENTATION_CONTEXT ( 3 ) GLOBAL_UNCERTAINTY_ASSIGNED_CONTEXT ( ( #11268 ) ) GLOBAL_UNIT_ASSIGNED_CONTEXT ( ( #9836, #6125, #1283 ) ) REPRESENTATION_CONTEXT ( 'NONE', 'WORKASPACE' ) );
#2792 = DIRECTION ( 'NONE',  ( 0.000000000000000000, 1.000000000000000000, 0.000000000000000000 ) ) ;
#2793 = FILL_AREA_STYLE_COLOUR ( '', #9929 ) ;
#2794 = UNCERTAINTY_MEASURE_WITH_UNIT (LENGTH_MEASURE( 1.000000000000000082E-05 ), #8540, 'distance_accuracy_value', 'NONE');
#2795 = FILL_AREA_STYLE ('',( #11344 ) ) ;
#2796 = CARTESIAN_POINT ( 'NONE',  ( -7.330000000000000071, 0.2300000000000000100, 11.19999999999999929 ) ) ;
#2797 = EDGE_LOOP ( 'NONE', ( #7255, #2148, #5095, #3402 ) ) ;
#2799 = VERTEX_POINT ( 'NONE', #7244 ) ;
#2798 = PRESENTATION_STYLE_ASSIGNMENT (( #9419 ) ) ;
#2800 = ORIENTED_EDGE ( 'NONE', *, *, #104, .F. ) ;
#2801 = SURFACE_STYLE_USAGE ( .BOTH. , #6433 ) ;
#2802 = DIRECTION ( 'NONE',  ( 1.000000000000000000, 0.000000000000000000, 0.000000000000000000 ) ) ;
#2803 = CARTESIAN_POINT ( 'NONE',  ( -1.880851066112519954, 0.4675444478543100413, -0.05000000000000000278 ) ) ;
#2804 = EDGE_CURVE ( 'NONE', #1224, #10695, #6506, .T. ) ;
#2805 = EDGE_CURVE ( 'NONE', #880, #8690, #3620, .T. ) ;
#2806 = CARTESIAN_POINT ( 'NONE',  ( 8.640000000000000568, -4.000000000000000000, 0.000000000000000000 ) ) ;
#2807 = EDGE_LOOP ( 'NONE', ( #4604, #4358, #8648, #4980 ) ) ;
#2808 =( NAMED_UNIT ( * ) PLANE_ANGLE_UNIT ( ) SI_UNIT ( $, .RADIAN. ) );
#2809 =( LENGTH_UNIT ( ) NAMED_UNIT ( * ) SI_UNIT ( .MILLI., .METRE. ) );
#2810 = ADVANCED_FACE ( 'NONE', ( #5364 ), #1499, .F. ) ;
#2811 = PRESENTATION_STYLE_ASSIGNMENT (( #3747 ) ) ;
#2812 = DIRECTION ( 'NONE',  ( 1.000000000000000000, 0.000000000000000000, 0.000000000000000000 ) ) ;
#2813 = CARTESIAN_POINT ( 'NONE',  ( -2.200000000000000178, 1.142544447854309864, 0.000000000000000000 ) ) ;
#2814 = VECTOR ( 'NONE', #287, 1000.000000000000000 ) ;
#2815 = SURFACE_STYLE_USAGE ( .BOTH. , #2757 ) ;
#2816 = EDGE_CURVE ( 'NONE', #11249, #5763, #8553, .T. ) ;
#2817 = EDGE_CURVE ( 'NONE', #10654, #6560, #6563, .T. ) ;
#2818 = ORIENTED_EDGE ( 'NONE', *, *, #2805, .T. ) ;
#2819 = COLOUR_RGB ( '',0.7803921568627451011, 0.7803921568627451011, 0.7803921568627451011 ) ;
#2820 = SURFACE_STYLE_FILL_AREA ( #12072 ) ;
#2821 = MECHANICAL_DESIGN_GEOMETRIC_PRESENTATION_REPRESENTATION (  '', ( #6615 ), #4998 ) ;
#2822 = DIRECTION ( 'NONE',  ( -1.000000000000000000, 0.000000000000000000, 0.000000000000000000 ) ) ;
#2823 = PLANE ( 'NONE',  #10612 ) ;
#2824 = EDGE_CURVE ( 'NONE', #1754, #11282, #9495, .T. ) ;
#2825 =( LENGTH_UNIT ( ) NAMED_UNIT ( * ) SI_UNIT ( .MILLI., .METRE. ) );
#2826 = ORIENTED_EDGE ( 'NONE', *, *, #905, .T. ) ;
#2827 = LINE ( 'NONE', #900, #3863 ) ;
#2828 = COLOUR_RGB ( '',0.7803921568627451011, 0.7803921568627451011, 0.7803921568627451011 ) ;
#2829 =( GEOMETRIC_REPRESENTATION_CONTEXT ( 3 ) GLOBAL_UNCERTAINTY_ASSIGNED_CONTEXT ( ( #11954 ) ) GLOBAL_UNIT_ASSIGNED_CONTEXT ( ( #6475, #10267, #773 ) ) REPRESENTATION_CONTEXT ( 'NONE', 'WORKASPACE' ) );
#2830 = STYLED_ITEM ( 'NONE', ( #8762 ), #4757 ) ;
#2831 = AXIS2_PLACEMENT_3D ( 'NONE', #1088, #2185, #5991 ) ;
#2832 =( GEOMETRIC_REPRESENTATION_CONTEXT ( 3 ) GLOBAL_UNCERTAINTY_ASSIGNED_CONTEXT ( ( #2008 ) ) GLOBAL_UNIT_ASSIGNED_CONTEXT ( ( #5699, #11111, #8258 ) ) REPRESENTATION_CONTEXT ( 'NONE', 'WORKASPACE' ) );
#2833 = EDGE_CURVE ( 'NONE', #8273, #1848, #3737, .T. ) ;
#2834 =( GEOMETRIC_REPRESENTATION_CONTEXT ( 3 ) GLOBAL_UNCERTAINTY_ASSIGNED_CONTEXT ( ( #1761 ) ) GLOBAL_UNIT_ASSIGNED_CONTEXT ( ( #9991, #11042, #12048 ) ) REPRESENTATION_CONTEXT ( 'NONE', 'WORKASPACE' ) );
#2835 = ORIENTED_EDGE ( 'NONE', *, *, #7190, .T. ) ;
#2836 = LINE ( 'NONE', #8651, #3867 ) ;
#2837 = EDGE_CURVE ( 'NONE', #11411, #5311, #6612, .T. ) ;
#2838 = PRESENTATION_STYLE_ASSIGNMENT (( #7587 ) ) ;
#2839 = COLOUR_RGB ( '',1.000000000000000000, 1.000000000000000000, 0.9450980392156862475 ) ;
#2840 =( NAMED_UNIT ( * ) SI_UNIT ( $, .STERADIAN. ) SOLID_ANGLE_UNIT ( ) );
#2841 = LINE ( 'NONE', #6894, #7964 ) ;
#2842 = VECTOR ( 'NONE', #11913, 1000.000000000000114 ) ;
#2843 = SURFACE_STYLE_FILL_AREA ( #9580 ) ;
#2844 = PRESENTATION_LAYER_ASSIGNMENT (  '', '', ( #10604 ) ) ;
#2845 = LINE ( 'NONE', #4660, #11801 ) ;
#2846 =( LENGTH_UNIT ( ) NAMED_UNIT ( * ) SI_UNIT ( .MILLI., .METRE. ) );
#2847 = ORIENTED_EDGE ( 'NONE', *, *, #11203, .T. ) ;
#2848 = COLOUR_RGB ( '',0.2941176470588235392, 0.2941176470588235392, 0.2941176470588235392 ) ;
#2849 = AXIS2_PLACEMENT_3D ( 'NONE', #5685, #3768, #5509 ) ;
#2850 = ORIENTED_EDGE ( 'NONE', *, *, #8945, .F. ) ;
#2851 = STYLED_ITEM ( 'NONE', ( #6176 ), #10583 ) ;
#2852 = SURFACE_SIDE_STYLE ('',( #11394 ) ) ;
#2853 =( GEOMETRIC_REPRESENTATION_CONTEXT ( 3 ) GLOBAL_UNCERTAINTY_ASSIGNED_CONTEXT ( ( #2334 ) ) GLOBAL_UNIT_ASSIGNED_CONTEXT ( ( #5045, #7923, #4163 ) ) REPRESENTATION_CONTEXT ( 'NONE', 'WORKASPACE' ) );
#2854 = ORIENTED_EDGE ( 'NONE', *, *, #10502, .F. ) ;
#2855 = AXIS2_PLACEMENT_3D ( 'NONE', #6679, #7379, #10469 ) ;
#2856 = STYLED_ITEM ( 'NONE', ( #8834 ), #4656 ) ;
#2857 =( GEOMETRIC_REPRESENTATION_CONTEXT ( 3 ) GLOBAL_UNCERTAINTY_ASSIGNED_CONTEXT ( ( #6538 ) ) GLOBAL_UNIT_ASSIGNED_CONTEXT ( ( #295, #10725, #7747 ) ) REPRESENTATION_CONTEXT ( 'NONE', 'WORKASPACE' ) );
#2858 = AXIS2_PLACEMENT_3D ( 'NONE', #9087, #5956, #9778 ) ;
#2859 = FILL_AREA_STYLE ('',( #8593 ) ) ;
#2860 = SURFACE_SIDE_STYLE ('',( #9536 ) ) ;
#2861 = PRESENTATION_STYLE_ASSIGNMENT (( #4500 ) ) ;
#2862 = AXIS2_PLACEMENT_3D ( 'NONE', #8686, #3917, #5910 ) ;
#2863 = SURFACE_SIDE_STYLE ('',( #6554 ) ) ;
#2864 = DIRECTION ( 'NONE',  ( -1.000000000000000000, 0.000000000000000000, 0.000000000000000000 ) ) ;
#2865 = CARTESIAN_POINT ( 'NONE',  ( -11.28999999999999915, 1.369999999999999885, 11.19999999999999929 ) ) ;
#2866 = ORIENTED_EDGE ( 'NONE', *, *, #767, .F. ) ;
#2869 = ORIENTED_EDGE ( 'NONE', *, *, #6097, .F. ) ;
#2868 = VECTOR ( 'NONE', #860, 1000.000000000000114 ) ;
#2867 = CARTESIAN_POINT ( 'NONE',  ( -1.676595744490619877, 0.4175444955380249734, 0.000000000000000000 ) ) ;
#2870 = ORIENTED_EDGE ( 'NONE', *, *, #8592, .F. ) ;
#2871 = MECHANICAL_DESIGN_GEOMETRIC_PRESENTATION_REPRESENTATION (  '', ( #5046 ), #8326 ) ;
#2872 = EDGE_CURVE ( 'NONE', #5264, #731, #928, .T. ) ;
#2873 = VECTOR ( 'NONE', #5654, 1000.000000000000227 ) ;
#2874 = SURFACE_STYLE_USAGE ( .BOTH. , #11478 ) ;
#2875 = MECHANICAL_DESIGN_GEOMETRIC_PRESENTATION_REPRESENTATION (  '', ( #9039 ), #7048 ) ;
#2876 = CARTESIAN_POINT ( 'NONE',  ( 7.339999999999999858, 0.2000000000000000111, 3.200000000000000178 ) ) ;
#2877 = ORIENTED_EDGE ( 'NONE', *, *, #2682, .T. ) ;
#2878 = VECTOR ( 'NONE', #7293, 1000.000000000000000 ) ;
#2879 = SURFACE_STYLE_FILL_AREA ( #7015 ) ;
#2880 = DIRECTION ( 'NONE',  ( 0.2100675449707450348, 0.2100675449707440079, 0.9548524771397560729 ) ) ;
#2881 =( NAMED_UNIT ( * ) PLANE_ANGLE_UNIT ( ) SI_UNIT ( $, .RADIAN. ) );
#2882 =( GEOMETRIC_REPRESENTATION_CONTEXT ( 3 ) GLOBAL_UNCERTAINTY_ASSIGNED_CONTEXT ( ( #6004 ) ) GLOBAL_UNIT_ASSIGNED_CONTEXT ( ( #10639, #913, #4827 ) ) REPRESENTATION_CONTEXT ( 'NONE', 'WORKASPACE' ) );
#2883 = ORIENTED_EDGE ( 'NONE', *, *, #3579, .F. ) ;
#2884 = AXIS2_PLACEMENT_3D ( 'NONE', #8696, #7627, #120 ) ;
#2885 = SURFACE_SIDE_STYLE ('',( #5719 ) ) ;
#2886 = CARTESIAN_POINT ( 'NONE',  ( -1.676595744490619877, 0.4175444955380249734, 0.000000000000000000 ) ) ;
#2887 = VECTOR ( 'NONE', #7686, 1000.000000000000000 ) ;
#2888 = DIRECTION ( 'NONE',  ( 0.000000000000000000, 0.000000000000000000, 1.000000000000000000 ) ) ;
#2889 = VECTOR ( 'NONE', #9951, 1000.000000000000114 ) ;
#2890 = ORIENTED_EDGE ( 'NONE', *, *, #5462, .F. ) ;
#2891 = ORIENTED_EDGE ( 'NONE', *, *, #3661, .F. ) ;
#2892 = DIRECTION ( 'NONE',  ( 0.000000000000000000, 0.9766444667050906414, 0.2148617826751169080 ) ) ;
#2893 = EDGE_CURVE ( 'NONE', #7266, #1859, #11414, .T. ) ;
#2894 = LINE ( 'NONE', #887, #9013 ) ;
#2895 = SURFACE_STYLE_FILL_AREA ( #9276 ) ;
#2896 = MECHANICAL_DESIGN_GEOMETRIC_PRESENTATION_REPRESENTATION (  '', ( #11452 ), #3279 ) ;
#2897 = ORIENTED_EDGE ( 'NONE', *, *, #4467, .F. ) ;
#2898 = DIRECTION ( 'NONE',  ( 0.000000000000000000, 0.000000000000000000, 1.000000000000000000 ) ) ;
#2899 = DIRECTION ( 'NONE',  ( 0.000000000000000000, 0.000000000000000000, -1.000000000000000000 ) ) ;
#2900 = LINE ( 'NONE', #3705, #11124 ) ;
#2901 = VECTOR ( 'NONE', #6999, 1000.000000000000114 ) ;
#2902 = CARTESIAN_POINT ( 'NONE',  ( -0.5800000000000109512, 1.399999999999999911, 3.200000000000000178 ) ) ;
#2903 = EDGE_CURVE ( 'NONE', #11731, #6092, #9548, .T. ) ;
#2904 = VERTEX_POINT ( 'NONE', #2876 ) ;
#2905 = PLANE ( 'NONE',  #10792 ) ;
#2906 = CARTESIAN_POINT ( 'NONE',  ( 12.50000000000000000, 0.2000000000000000111, 3.200000000000000178 ) ) ;
#2907 = EDGE_CURVE ( 'NONE', #3413, #7376, #9426, .T. ) ;
#2908 = FACE_OUTER_BOUND ( 'NONE', #4049, .T. ) ;
#2909 = ORIENTED_EDGE ( 'NONE', *, *, #8388, .T. ) ;
#2910 = SURFACE_SIDE_STYLE ('',( #3947 ) ) ;
#2911 = SURFACE_SIDE_STYLE ('',( #8768 ) ) ;
#2912 = CARTESIAN_POINT ( 'NONE',  ( -2.085106396675110219, -0.06995550446197459915, 0.000000000000000000 ) ) ;
#2913 = SURFACE_STYLE_FILL_AREA ( #9578 ) ;
#2914 = DIRECTION ( 'NONE',  ( 1.000000000000000000, 0.000000000000000000, 0.000000000000000000 ) ) ;
#2915 = DIRECTION ( 'NONE',  ( 0.000000000000000000, -1.000000000000000000, 0.000000000000000000 ) ) ;
#2916 = CARTESIAN_POINT ( 'NONE',  ( 0.5899999999999860911, 1.369999999999999885, 11.19999999999999929 ) ) ;
#2917 = UNCERTAINTY_MEASURE_WITH_UNIT (LENGTH_MEASURE( 1.000000000000000082E-05 ), #1652, 'distance_accuracy_value', 'NONE');
#2918 = SURFACE_STYLE_FILL_AREA ( #8586 ) ;
#2919 = ORIENTED_EDGE ( 'NONE', *, *, #8264, .F. ) ;
#2920 = LINE ( 'NONE', #915, #10183 ) ;
#2921 = ORIENTED_EDGE ( 'NONE', *, *, #4079, .F. ) ;
#2922 = DIRECTION ( 'NONE',  ( -0.9506450282288423370, -0.3102805670740331756, 0.000000000000000000 ) ) ;
#2923 = ORIENTED_EDGE ( 'NONE', *, *, #5689, .T. ) ;
#2924 = SURFACE_SIDE_STYLE ('',( #10463 ) ) ;
#2925 = FILL_AREA_STYLE ('',( #5844 ) ) ;
#2926 = SURFACE_STYLE_FILL_AREA ( #7734 ) ;
#2927 = ORIENTED_EDGE ( 'NONE', *, *, #9532, .T. ) ;
#2928 = CARTESIAN_POINT ( 'NONE',  ( -2.123404264450070134, 1.255044447854309908, 0.000000000000000000 ) ) ;
#2930 = ORIENTED_EDGE ( 'NONE', *, *, #11967, .F. ) ;
#2929 = DIRECTION ( 'NONE',  ( 1.000000000000000000, 0.000000000000000000, 0.000000000000000000 ) ) ;
#2931 = ORIENTED_EDGE ( 'NONE', *, *, #4063, .T. ) ;
#2932 = FILL_AREA_STYLE_COLOUR ( '', #243 ) ;
#2933 = DIRECTION ( 'NONE',  ( 0.000000000000000000, -1.000000000000000000, 0.000000000000000000 ) ) ;
#2934 = ORIENTED_EDGE ( 'NONE', *, *, #11961, .T. ) ;
#2935 = PRESENTATION_LAYER_ASSIGNMENT (  '', '', ( #8322 ) ) ;
#2936 =( NAMED_UNIT ( * ) PLANE_ANGLE_UNIT ( ) SI_UNIT ( $, .RADIAN. ) );
#2937 = EDGE_CURVE ( 'NONE', #9787, #8307, #5710, .T. ) ;
#2938 = SURFACE_SIDE_STYLE ('',( #11480 ) ) ;
#2939 = CARTESIAN_POINT ( 'NONE',  ( -1.600000000000000089, 0.01754444785430959997, -0.05000000000000000278 ) ) ;
#2940 =( NAMED_UNIT ( * ) SI_UNIT ( $, .STERADIAN. ) SOLID_ANGLE_UNIT ( ) );
#2941 = CARTESIAN_POINT ( 'NONE',  ( -3.370000000000000107, 1.369999999999999885, 11.19999999999999929 ) ) ;
#2942 = ORIENTED_EDGE ( 'NONE', *, *, #4938, .T. ) ;
#2943 = EDGE_LOOP ( 'NONE', ( #7476, #2691, #2361, #2612 ) ) ;
#2944 = CARTESIAN_POINT ( 'NONE',  ( 7.370000000000000107, 0.2300000000000000100, 10.20000000000000107 ) ) ;
#2945 = LINE ( 'NONE', #6746, #9749 ) ;
#2946 = VECTOR ( 'NONE', #2608, 1000.000000000000114 ) ;
#2947 = DIRECTION ( 'NONE',  ( 0.000000000000000000, 0.000000000000000000, -1.000000000000000000 ) ) ;
#2948 = DIRECTION ( 'NONE',  ( -0.8373793591562752603, 0.5466221810894851263, 0.000000000000000000 ) ) ;
#2949 = LINE ( 'NONE', #11434, #12245 ) ;
#2950 = AXIS2_PLACEMENT_3D ( 'NONE', #10002, #10981, #1440 ) ;
#2951 = STYLED_ITEM ( 'NONE', ( #320 ), #271 ) ;
#2952 = ADVANCED_FACE ( 'NONE', ( #2744 ), #5348, .T. ) ;
#2953 = COLOUR_RGB ( '',0.2941176470588235392, 0.2941176470588235392, 0.2941176470588235392 ) ;
#2954 = ORIENTED_EDGE ( 'NONE', *, *, #3840, .T. ) ;
#2955 =( NAMED_UNIT ( * ) PLANE_ANGLE_UNIT ( ) SI_UNIT ( $, .RADIAN. ) );
#2956 = DIRECTION ( 'NONE',  ( 0.000000000000000000, -1.000000000000000000, 0.000000000000000000 ) ) ;
#2958 = MECHANICAL_DESIGN_GEOMETRIC_PRESENTATION_REPRESENTATION (  '', ( #4735 ), #9322 ) ;
#2957 = PRESENTATION_STYLE_ASSIGNMENT (( #5677 ) ) ;
#2959 = CARTESIAN_POINT ( 'NONE',  ( 12.50000000000000000, 4.500000000000000000, 7.500000000000000000 ) ) ;
#2960 = VECTOR ( 'NONE', #2719, 1000.000000000000000 ) ;
#2961 = CARTESIAN_POINT ( 'NONE',  ( -1.957446801662450220, 0.4675444478543100413, -0.05000000000000000278 ) ) ;
#2962 = ORIENTED_EDGE ( 'NONE', *, *, #6625, .T. ) ;
#2963 = FILL_AREA_STYLE_COLOUR ( '', #889 ) ;
#2964 = STYLED_ITEM ( 'NONE', ( #10680 ), #6067 ) ;
#2965 = PRESENTATION_LAYER_ASSIGNMENT (  '', '', ( #7356 ) ) ;
#2966 = COLOUR_RGB ( '',1.000000000000000000, 1.000000000000000000, 0.9450980392156862475 ) ;
#2967 = EDGE_CURVE ( 'NONE', #11559, #8379, #11085, .T. ) ;
#2968 = DIRECTION ( 'NONE',  ( -0.7145102486525781726, -0.6996249742329322396, 0.000000000000000000 ) ) ;
#2969 = ORIENTED_EDGE ( 'NONE', *, *, #11031, .F. ) ;
#2970 =( GEOMETRIC_REPRESENTATION_CONTEXT ( 3 ) GLOBAL_UNCERTAINTY_ASSIGNED_CONTEXT ( ( #9797 ) ) GLOBAL_UNIT_ASSIGNED_CONTEXT ( ( #9502, #7689, #2940 ) ) REPRESENTATION_CONTEXT ( 'NONE', 'WORKASPACE' ) );
#2971 = DIRECTION ( 'NONE',  ( 1.000000000000000000, 0.000000000000000000, 0.000000000000000000 ) ) ;
#2972 =( NAMED_UNIT ( * ) SI_UNIT ( $, .STERADIAN. ) SOLID_ANGLE_UNIT ( ) );
#2973 = FILL_AREA_STYLE_COLOUR ( '', #8058 ) ;
#2974 =( LENGTH_UNIT ( ) NAMED_UNIT ( * ) SI_UNIT ( .MILLI., .METRE. ) );
#2975 = DIRECTION ( 'NONE',  ( 0.2001234283434539518, 0.9797706943096748944, 0.000000000000000000 ) ) ;
#2976 = EDGE_CURVE ( 'NONE', #11485, #1729, #11156, .T. ) ;
#2977 = DIRECTION ( 'NONE',  ( 0.000000000000000000, 1.000000000000000000, 0.000000000000000000 ) ) ;
#2978 = VECTOR ( 'NONE', #6774, 1000.000000000000000 ) ;
#2979 = VERTEX_POINT ( 'NONE', #7216 ) ;
#2980 =( NAMED_UNIT ( * ) PLANE_ANGLE_UNIT ( ) SI_UNIT ( $, .RADIAN. ) );
#2981 = PRESENTATION_STYLE_ASSIGNMENT (( #4774 ) ) ;
#2982 = EDGE_LOOP ( 'NONE', ( #6783, #7441, #10657, #2327 ) ) ;
#2983 = PRESENTATION_STYLE_ASSIGNMENT (( #9717 ) ) ;
#2984 = PRESENTATION_LAYER_ASSIGNMENT (  '', '', ( #4159 ) ) ;
#2985 = ORIENTED_EDGE ( 'NONE', *, *, #4890, .F. ) ;
#2986 = DIRECTION ( 'NONE',  ( 0.000000000000000000, -1.000000000000000000, 0.000000000000000000 ) ) ;
#2987 = ADVANCED_FACE ( 'NONE', ( #11895 ), #10207, .T. ) ;
#2988 = SURFACE_STYLE_USAGE ( .BOTH. , #8484 ) ;
#2989 = PRESENTATION_LAYER_ASSIGNMENT (  '', '', ( #8175 ) ) ;
#2990 = CARTESIAN_POINT ( 'NONE',  ( -1.676595744490619877, 0.4175444955380249734, -0.05000000000000000278 ) ) ;
#2991 = UNCERTAINTY_MEASURE_WITH_UNIT (LENGTH_MEASURE( 1.000000000000000082E-05 ), #9931, 'distance_accuracy_value', 'NONE');
#2992 = DIRECTION ( 'NONE',  ( 0.000000000000000000, 0.000000000000000000, 1.000000000000000000 ) ) ;
#2993 =( LENGTH_UNIT ( ) NAMED_UNIT ( * ) SI_UNIT ( .MILLI., .METRE. ) );
#2994 = AXIS2_PLACEMENT_3D ( 'NONE', #5342, #2530, #7295 ) ;
#2995 = ORIENTED_EDGE ( 'NONE', *, *, #5477, .T. ) ;
#2996 = EDGE_CURVE ( 'NONE', #7099, #7530, #5210, .T. ) ;
#2997 =( LENGTH_UNIT ( ) NAMED_UNIT ( * ) SI_UNIT ( .MILLI., .METRE. ) );
#2998 = ORIENTED_EDGE ( 'NONE', *, *, #1359, .T. ) ;
#2999 = CARTESIAN_POINT ( 'NONE',  ( -8.599999999999999645, -4.000000000000000000, 0.5999999999999999778 ) ) ;
#3000 = LINE ( 'NONE', #9789, #9793 ) ;
#3001 = CARTESIAN_POINT ( 'NONE',  ( -11.16000000000000014, -4.000000000000000000, 0.5999999999999999778 ) ) ;
#3002 = VECTOR ( 'NONE', #3828, 1000.000000000000114 ) ;
#3003 = ORIENTED_EDGE ( 'NONE', *, *, #664, .F. ) ;
#3004 = DIRECTION ( 'NONE',  ( 0.000000000000000000, 1.000000000000000000, 0.000000000000000000 ) ) ;
#3005 = DIRECTION ( 'NONE',  ( -0.5466221810894863475, -0.8373793591562744831, 0.000000000000000000 ) ) ;
#3006 = DIRECTION ( 'NONE',  ( 0.000000000000000000, 1.000000000000000000, 0.000000000000000000 ) ) ;
#3007 =( NAMED_UNIT ( * ) SI_UNIT ( $, .STERADIAN. ) SOLID_ANGLE_UNIT ( ) );
#3008 = VERTEX_POINT ( 'NONE', #10152 ) ;
#3009 = ORIENTED_EDGE ( 'NONE', *, *, #9570, .T. ) ;
#3010 =( NAMED_UNIT ( * ) SI_UNIT ( $, .STERADIAN. ) SOLID_ANGLE_UNIT ( ) );
#3011 = ORIENTED_EDGE ( 'NONE', *, *, #11693, .T. ) ;
#3012 = CARTESIAN_POINT ( 'NONE',  ( 12.50000000000000000, 3.000000000000000000, 3.200000000000000178 ) ) ;
#3013 = SURFACE_STYLE_USAGE ( .BOTH. , #11555 ) ;
#3014 = ORIENTED_EDGE ( 'NONE', *, *, #8537, .T. ) ;
#3015 = DIRECTION ( 'NONE',  ( 0.000000000000000000, 0.000000000000000000, -1.000000000000000000 ) ) ;
#3016 =( NAMED_UNIT ( * ) SI_UNIT ( $, .STERADIAN. ) SOLID_ANGLE_UNIT ( ) );
#3017 = CARTESIAN_POINT ( 'NONE',  ( 4.580000000000000071, 0.2000000000000000111, 3.200000000000000178 ) ) ;
#3018 =( NAMED_UNIT ( * ) SI_UNIT ( $, .STERADIAN. ) SOLID_ANGLE_UNIT ( ) );
#3019 = ORIENTED_EDGE ( 'NONE', *, *, #4402, .F. ) ;
#3020 = SURFACE_STYLE_FILL_AREA ( #4884 ) ;
#3021 = ADVANCED_FACE ( 'NONE', ( #2346 ), #7620, .T. ) ;
#3022 = DIRECTION ( 'NONE',  ( 1.000000000000000000, 0.000000000000000000, 0.000000000000000000 ) ) ;
#3023 = PRESENTATION_LAYER_ASSIGNMENT (  '', '', ( #6807 ) ) ;
#3024 = LINE ( 'NONE', #6827, #2235 ) ;
#3025 = ORIENTED_EDGE ( 'NONE', *, *, #5907, .F. ) ;
#3026 = SURFACE_STYLE_USAGE ( .BOTH. , #8649 ) ;
#3027 = LINE ( 'NONE', #7957, #4557 ) ;
#3028 = STYLED_ITEM ( 'NONE', ( #1965 ), #11930 ) ;
#3029 = DIRECTION ( 'NONE',  ( 0.9766444667050901973, 0.000000000000000000, -0.2148617826751190452 ) ) ;
#3030 = CARTESIAN_POINT ( 'NONE',  ( 4.330000000000000071, 0.4500000000000000111, -3.399999999999999911 ) ) ;
#3031 = UNCERTAINTY_MEASURE_WITH_UNIT (LENGTH_MEASURE( 1.000000000000000082E-05 ), #10174, 'distance_accuracy_value', 'NONE');
#3032 = CARTESIAN_POINT ( 'NONE',  ( -1.676595744490619877, 0.7925444955380260836, 0.000000000000000000 ) ) ;
#3033 = COLOUR_RGB ( '',0.2941176470588235392, 0.2941176470588235392, 0.2941176470588235392 ) ;
#3034 = ORIENTED_EDGE ( 'NONE', *, *, #6082, .F. ) ;
#3035 = STYLED_ITEM ( 'NONE', ( #6763 ), #4740 ) ;
#3036 = EDGE_CURVE ( 'NONE', #5028, #671, #41, .T. ) ;
#3037 = CARTESIAN_POINT ( 'NONE',  ( 8.509999999999999787, 1.369999999999999885, 10.20000000000000107 ) ) ;
#3038 =( LENGTH_UNIT ( ) NAMED_UNIT ( * ) SI_UNIT ( .MILLI., .METRE. ) );
#3039 = ORIENTED_EDGE ( 'NONE', *, *, #11031, .T. ) ;
#3040 = ORIENTED_EDGE ( 'NONE', *, *, #5278, .F. ) ;
#3041 = VECTOR ( 'NONE', #5481, 1000.000000000000000 ) ;
#3042 =( GEOMETRIC_REPRESENTATION_CONTEXT ( 3 ) GLOBAL_UNCERTAINTY_ASSIGNED_CONTEXT ( ( #3224 ) ) GLOBAL_UNIT_ASSIGNED_CONTEXT ( ( #6988, #65, #3997 ) ) REPRESENTATION_CONTEXT ( 'NONE', 'WORKASPACE' ) );
#3043 =( LENGTH_UNIT ( ) NAMED_UNIT ( * ) SI_UNIT ( .MILLI., .METRE. ) );
#3044 = CARTESIAN_POINT ( 'NONE',  ( -1.600000000000000089, 1.555044447854309952, 0.000000000000000000 ) ) ;
#3045 = PRESENTATION_LAYER_ASSIGNMENT (  '', '', ( #8042 ) ) ;
#3046 = ORIENTED_EDGE ( 'NONE', *, *, #5399, .T. ) ;
#3047 =( NAMED_UNIT ( * ) PLANE_ANGLE_UNIT ( ) SI_UNIT ( $, .RADIAN. ) );
#3049 = ORIENTED_EDGE ( 'NONE', *, *, #3804, .T. ) ;
#3048 = CARTESIAN_POINT ( 'NONE',  ( -8.500000000000000000, 0.2000000000000000111, 0.5999999999999999778 ) ) ;
#3050 = EDGE_LOOP ( 'NONE', ( #1328, #4211, #2954, #10319 ) ) ;
#3051 = SURFACE_STYLE_FILL_AREA ( #8426 ) ;
#3052 = ADVANCED_FACE ( 'NONE', ( #6801 ), #11482, .T. ) ;
#3053 = PRESENTATION_LAYER_ASSIGNMENT (  '', '', ( #11221 ) ) ;
#3054 = LINE ( 'NONE', #1974, #6848 ) ;
#3055 = STYLED_ITEM ( 'NONE', ( #483 ), #3200 ) ;
#3056 = DIRECTION ( 'NONE',  ( -1.000000000000000000, 0.000000000000000000, 0.000000000000000000 ) ) ;
#3057 = PRESENTATION_LAYER_ASSIGNMENT (  '', '', ( #8627 ) ) ;
#3058 = VECTOR ( 'NONE', #5409, 1000.000000000000000 ) ;
#3059 = MECHANICAL_DESIGN_GEOMETRIC_PRESENTATION_REPRESENTATION (  '', ( #6238 ), #1448 ) ;
#3060 = CIRCLE ( 'NONE', #8054, 1.000000000000000000 ) ;
#3061 = EDGE_CURVE ( 'NONE', #2678, #11446, #10418, .T. ) ;
#3062 = VECTOR ( 'NONE', #9189, 1000.000000000000227 ) ;
#3063 = DIRECTION ( 'NONE',  ( 0.000000000000000000, -1.000000000000000000, 0.000000000000000000 ) ) ;
#3064 = DIRECTION ( 'NONE',  ( 0.000000000000000000, 0.000000000000000000, -1.000000000000000000 ) ) ;
#3065 = STYLED_ITEM ( 'NONE', ( #9854 ), #3409 ) ;
#3066 = SURFACE_STYLE_FILL_AREA ( #1419 ) ;
#3067 = PRESENTATION_STYLE_ASSIGNMENT (( #5720 ) ) ;
#3068 = CARTESIAN_POINT ( 'NONE',  ( 3.409999999999999698, 0.2300000000000000100, -2.399999999999999911 ) ) ;
#3070 = ORIENTED_EDGE ( 'NONE', *, *, #3128, .T. ) ;
#3069 = DIRECTION ( 'NONE',  ( -1.000000000000000000, 0.000000000000000000, 0.000000000000000000 ) ) ;
#3071 = ORIENTED_EDGE ( 'NONE', *, *, #8376, .T. ) ;
#3072 = COLOUR_RGB ( '',0.7803921568627451011, 0.7803921568627451011, 0.7803921568627451011 ) ;
#3073 = CARTESIAN_POINT ( 'NONE',  ( -2.200000000000000178, 1.142544447854309864, 0.000000000000000000 ) ) ;
#3074 = DIRECTION ( 'NONE',  ( 0.000000000000000000, 0.000000000000000000, -1.000000000000000000 ) ) ;
#3075 =( GEOMETRIC_REPRESENTATION_CONTEXT ( 3 ) GLOBAL_UNCERTAINTY_ASSIGNED_CONTEXT ( ( #11878 ) ) GLOBAL_UNIT_ASSIGNED_CONTEXT ( ( #3607, #10286, #7496 ) ) REPRESENTATION_CONTEXT ( 'NONE', 'WORKASPACE' ) );
#3076 = ADVANCED_FACE ( 'NONE', ( #8500 ), #3984, .F. ) ;
#3077 = EDGE_CURVE ( 'NONE', #10727, #296, #9922, .T. ) ;
#3078 = PRESENTATION_LAYER_ASSIGNMENT (  '', '', ( #8269 ) ) ;
#3079 = COLOUR_RGB ( '',0.7803921568627451011, 0.7803921568627451011, 0.7803921568627451011 ) ;
#3080 = MECHANICAL_DESIGN_GEOMETRIC_PRESENTATION_REPRESENTATION (  '', ( #677 ), #2062 ) ;
#3081 =( GEOMETRIC_REPRESENTATION_CONTEXT ( 3 ) GLOBAL_UNCERTAINTY_ASSIGNED_CONTEXT ( ( #3285 ) ) GLOBAL_UNIT_ASSIGNED_CONTEXT ( ( #960, #4889, #1146 ) ) REPRESENTATION_CONTEXT ( 'NONE', 'WORKASPACE' ) );
#3082 = VERTEX_POINT ( 'NONE', #2293 ) ;
#3083 = DIRECTION ( 'NONE',  ( -1.000000000000000000, 0.000000000000000000, 0.000000000000000000 ) ) ;
#3084 = DIRECTION ( 'NONE',  ( -0.8265991871190659923, -0.5627910658975490144, 0.000000000000000000 ) ) ;
#3085 = DIRECTION ( 'NONE',  ( 0.000000000000000000, 0.000000000000000000, 1.000000000000000000 ) ) ;
#3086 = VECTOR ( 'NONE', #10370, 1000.000000000000000 ) ;
#3087 = FACE_OUTER_BOUND ( 'NONE', #5592, .T. ) ;
#3088 =( LENGTH_UNIT ( ) NAMED_UNIT ( * ) SI_UNIT ( .MILLI., .METRE. ) );
#3089 = ORIENTED_EDGE ( 'NONE', *, *, #10762, .T. ) ;
#3090 = VECTOR ( 'NONE', #9177, 1000.000000000000000 ) ;
#3091 = SURFACE_SIDE_STYLE ('',( #8942 ) ) ;
#3092 = LINE ( 'NONE', #6065, #8844 ) ;
#3093 = EDGE_LOOP ( 'NONE', ( #8066, #2883, #1879, #1548 ) ) ;
#3094 = STYLED_ITEM ( 'NONE', ( #2957 ), #11684 ) ;
#3095 = VECTOR ( 'NONE', #8253, 1000.000000000000000 ) ;
#3096 = VECTOR ( 'NONE', #2387, 1000.000000000000114 ) ;
#3097 =( NAMED_UNIT ( * ) SI_UNIT ( $, .STERADIAN. ) SOLID_ANGLE_UNIT ( ) );
#3098 = ORIENTED_EDGE ( 'NONE', *, *, #11504, .F. ) ;
#3099 = PRESENTATION_STYLE_ASSIGNMENT (( #4888 ) ) ;
#3100 = EDGE_CURVE ( 'NONE', #6376, #10888, #9737, .T. ) ;
#3101 = CARTESIAN_POINT ( 'NONE',  ( -4.509999999999999787, 1.369999999999999885, 10.20000000000000107 ) ) ;
#3102 = LINE ( 'NONE', #6892, #8349 ) ;
#3103 = SURFACE_STYLE_FILL_AREA ( #5817 ) ;
#3104 = FILL_AREA_STYLE_COLOUR ( '', #4521 ) ;
#3105 = SURFACE_STYLE_FILL_AREA ( #6077 ) ;
#3106 = CARTESIAN_POINT ( 'NONE',  ( 11.54999999999999893, 1.149999999999999911, 11.19999999999999929 ) ) ;
#3107 = ORIENTED_EDGE ( 'NONE', *, *, #8128, .F. ) ;
#3108 = CARTESIAN_POINT ( 'NONE',  ( -13.86000000000000121, 2.000000000000000000, 3.200000000000000178 ) ) ;
#3109 = ORIENTED_EDGE ( 'NONE', *, *, #7614, .T. ) ;
#3110 = ORIENTED_EDGE ( 'NONE', *, *, #5314, .F. ) ;
#3111 = EDGE_CURVE ( 'NONE', #7786, #10401, #1179, .T. ) ;
#3112 = FILL_AREA_STYLE_COLOUR ( '', #2542 ) ;
#3113 = CARTESIAN_POINT ( 'NONE',  ( -7.330000000000000071, 1.369999999999999885, -2.399999999999999911 ) ) ;
#3114 = UNCERTAINTY_MEASURE_WITH_UNIT (LENGTH_MEASURE( 1.000000000000000082E-05 ), #12119, 'distance_accuracy_value', 'NONE');
#3115 = FACE_BOUND ( 'NONE', #7885, .T. ) ;
#3116 = PRESENTATION_STYLE_ASSIGNMENT (( #5770 ) ) ;
#3117 = DIRECTION ( 'NONE',  ( 1.000000000000000000, 0.000000000000000000, 0.000000000000000000 ) ) ;
#3118 = EDGE_LOOP ( 'NONE', ( #7580, #11593, #12357, #6960 ) ) ;
#3119 = CARTESIAN_POINT ( 'NONE',  ( -1.612765957042569864, 1.080044471696169905, -0.05000000000000000278 ) ) ;
#3121 = ORIENTED_EDGE ( 'NONE', *, *, #10976, .F. ) ;
#3120 = CARTESIAN_POINT ( 'NONE',  ( 12.47000000000000064, 1.369999999999999885, 11.19999999999999929 ) ) ;
#3122 = ORIENTED_EDGE ( 'NONE', *, *, #10674, .T. ) ;
#3123 = FILL_AREA_STYLE_COLOUR ( '', #11007 ) ;
#3124 = CARTESIAN_POINT ( 'NONE',  ( -2.059574484825129836, -0.1699555521456899976, -0.05000000000000000278 ) ) ;
#3125 =( NAMED_UNIT ( * ) SI_UNIT ( $, .STERADIAN. ) SOLID_ANGLE_UNIT ( ) );
#3126 = DIRECTION ( 'NONE',  ( 0.000000000000000000, 0.000000000000000000, -1.000000000000000000 ) ) ;
#3127 = ORIENTED_EDGE ( 'NONE', *, *, #10565, .T. ) ;
#3128 = EDGE_CURVE ( 'NONE', #2577, #6358, #11675, .T. ) ;
#3129 = FILL_AREA_STYLE_COLOUR ( '', #7247 ) ;
#3130 = DIRECTION ( 'NONE',  ( -0.9689177459677755788, -0.2473831068378058717, 0.000000000000000000 ) ) ;
#3131 = DIRECTION ( 'NONE',  ( 0.000000000000000000, 0.000000000000000000, -1.000000000000000000 ) ) ;
#3132 = PLANE ( 'NONE',  #8532 ) ;
#3133 = ORIENTED_EDGE ( 'NONE', *, *, #2572, .F. ) ;
#3134 = VERTEX_POINT ( 'NONE', #11851 ) ;
#3135 = EDGE_CURVE ( 'NONE', #9163, #4085, #8117, .T. ) ;
#3136 = LINE ( 'NONE', #9689, #2646 ) ;
#3137 = FACE_OUTER_BOUND ( 'NONE', #7915, .T. ) ;
#3138 = VERTEX_POINT ( 'NONE', #292 ) ;
#3139 = CARTESIAN_POINT ( 'NONE',  ( -1.714893621206280194, -0.06995550446197459915, -0.05000000000000000278 ) ) ;
#3140 = LINE ( 'NONE', #10737, #12128 ) ;
#3141 = VECTOR ( 'NONE', #640, 1000.000000000000114 ) ;
#3142 =( NAMED_UNIT ( * ) PLANE_ANGLE_UNIT ( ) SI_UNIT ( $, .RADIAN. ) );
#3143 = FILL_AREA_STYLE_COLOUR ( '', #10720 ) ;
#3144 = DIRECTION ( 'NONE',  ( -1.000000000000000000, 0.000000000000000000, 0.000000000000000000 ) ) ;
#3145 = VECTOR ( 'NONE', #7066, 1000.000000000000227 ) ;
#3146 = ORIENTED_EDGE ( 'NONE', *, *, #4515, .F. ) ;
#3147 = SURFACE_STYLE_USAGE ( .BOTH. , #3210 ) ;
#3148 = ORIENTED_EDGE ( 'NONE', *, *, #11187, .F. ) ;
#3149 = VECTOR ( 'NONE', #4983, 1000.000000000000000 ) ;
#3150 = VECTOR ( 'NONE', #4985, 1000.000000000000114 ) ;
#3151 = DIRECTION ( 'NONE',  ( -0.2001232084927530297, 0.9797707392153359729, 0.000000000000000000 ) ) ;
#3152 = VECTOR ( 'NONE', #5962, 1000.000000000000114 ) ;
#3153 = ORIENTED_EDGE ( 'NONE', *, *, #5048, .F. ) ;
#3154 =( NAMED_UNIT ( * ) PLANE_ANGLE_UNIT ( ) SI_UNIT ( $, .RADIAN. ) );
#3155 = PRESENTATION_STYLE_ASSIGNMENT (( #139 ) ) ;
#3156 = DIRECTION ( 'NONE',  ( 0.000000000000000000, 1.000000000000000000, 0.000000000000000000 ) ) ;
#3157 = CARTESIAN_POINT ( 'NONE',  ( -1.676595744490619877, 0.4175444955380249734, 0.000000000000000000 ) ) ;
#3158 =( GEOMETRIC_REPRESENTATION_CONTEXT ( 3 ) GLOBAL_UNCERTAINTY_ASSIGNED_CONTEXT ( ( #2794 ) ) GLOBAL_UNIT_ASSIGNED_CONTEXT ( ( #8540, #9591, #4724 ) ) REPRESENTATION_CONTEXT ( 'NONE', 'WORKASPACE' ) );
#3159 =( LENGTH_UNIT ( ) NAMED_UNIT ( * ) SI_UNIT ( .MILLI., .METRE. ) );
#3160 = UNCERTAINTY_MEASURE_WITH_UNIT (LENGTH_MEASURE( 1.000000000000000082E-05 ), #9650, 'distance_accuracy_value', 'NONE');
#3161 = LINE ( 'NONE', #4134, #2239 ) ;
#3162 = FILL_AREA_STYLE_COLOUR ( '', #11447 ) ;
#3163 = FILL_AREA_STYLE ('',( #7845 ) ) ;
#3164 = VERTEX_POINT ( 'NONE', #3240 ) ;
#3165 = VECTOR ( 'NONE', #7276, 1000.000000000000000 ) ;
#3166 = LINE ( 'NONE', #7145, #8039 ) ;
#3167 = PRESENTATION_LAYER_ASSIGNMENT (  '', '', ( #7153 ) ) ;
#3168 = EDGE_CURVE ( 'NONE', #3954, #6889, #3312, .T. ) ;
#3169 = ORIENTED_EDGE ( 'NONE', *, *, #11228, .F. ) ;
#3170 = VECTOR ( 'NONE', #1755, 1000.000000000000114 ) ;
#3171 = PRESENTATION_LAYER_ASSIGNMENT (  '', '', ( #8357 ) ) ;
#3172 = PRESENTATION_LAYER_ASSIGNMENT (  '', '', ( #6939 ) ) ;
#3173 =( NAMED_UNIT ( * ) SI_UNIT ( $, .STERADIAN. ) SOLID_ANGLE_UNIT ( ) );
#3174 = CARTESIAN_POINT ( 'NONE',  ( -2.161702132225040263, 1.367544447854309952, 0.000000000000000000 ) ) ;
#3175 =( LENGTH_UNIT ( ) NAMED_UNIT ( * ) SI_UNIT ( .MILLI., .METRE. ) );
#3176 = VERTEX_POINT ( 'NONE', #6915 ) ;
#3178 = ORIENTED_EDGE ( 'NONE', *, *, #599, .F. ) ;
#3177 = DIRECTION ( 'NONE',  ( 0.000000000000000000, -1.000000000000000000, 0.000000000000000000 ) ) ;
#3179 = ORIENTED_EDGE ( 'NONE', *, *, #9151, .T. ) ;
#3180 = MECHANICAL_DESIGN_GEOMETRIC_PRESENTATION_REPRESENTATION (  '', ( #8160 ), #8558 ) ;
#3181 = LINE ( 'NONE', #6029, #9186 ) ;
#3182 = FILL_AREA_STYLE_COLOUR ( '', #5023 ) ;
#3183 = EDGE_CURVE ( 'NONE', #1754, #7111, #10721, .T. ) ;
#3184 = EDGE_CURVE ( 'NONE', #488, #1612, #8795, .T. ) ;
#3185 = ORIENTED_EDGE ( 'NONE', *, *, #7924, .T. ) ;
#3186 = VECTOR ( 'NONE', #12204, 1000.000000000000000 ) ;
#3187 = STYLED_ITEM ( 'NONE', ( #1042 ), #6508 ) ;
#3188 = SURFACE_SIDE_STYLE ('',( #7167 ) ) ;
#3189 = UNCERTAINTY_MEASURE_WITH_UNIT (LENGTH_MEASURE( 1.000000000000000082E-05 ), #3682, 'distance_accuracy_value', 'NONE');
#3190 = FILL_AREA_STYLE_COLOUR ( '', #8943 ) ;
#3191 = LINE ( 'NONE', #10051, #12121 ) ;
#3193 = EDGE_LOOP ( 'NONE', ( #10164, #4549, #7486, #8710 ) ) ;
#3192 =( NAMED_UNIT ( * ) SI_UNIT ( $, .STERADIAN. ) SOLID_ANGLE_UNIT ( ) );
#3194 = ORIENTED_EDGE ( 'NONE', *, *, #6357, .T. ) ;
#3195 = AXIS2_PLACEMENT_3D ( 'NONE', #2083, #9520, #5947 ) ;
#3196 = CARTESIAN_POINT ( 'NONE',  ( -2.200000000000000178, 1.930044447854309952, 0.000000000000000000 ) ) ;
#3197 = FACE_OUTER_BOUND ( 'NONE', #1680, .T. ) ;
#3198 = CARTESIAN_POINT ( 'NONE',  ( -1.740425533056259910, -0.1699555521456899976, 0.000000000000000000 ) ) ;
#3199 =( NAMED_UNIT ( * ) PLANE_ANGLE_UNIT ( ) SI_UNIT ( $, .RADIAN. ) );
#3200 = ADVANCED_FACE ( 'NONE', ( #10775 ), #9798, .T. ) ;
#3201 = DIRECTION ( 'NONE',  ( 1.000000000000000000, 0.000000000000000000, 0.000000000000000000 ) ) ;
#3202 = EDGE_CURVE ( 'NONE', #3392, #5763, #11770, .T. ) ;
#3203 = ORIENTED_EDGE ( 'NONE', *, *, #12180, .T. ) ;
#3204 = FILL_AREA_STYLE_COLOUR ( '', #9808 ) ;
#3205 = CARTESIAN_POINT ( 'NONE',  ( 12.59999999999999964, -4.000000000000000000, 0.000000000000000000 ) ) ;
#3206 = CARTESIAN_POINT ( 'NONE',  ( 11.29999999999999893, 1.399999999999999911, 3.200000000000000178 ) ) ;
#3207 =( NAMED_UNIT ( * ) PLANE_ANGLE_UNIT ( ) SI_UNIT ( $, .RADIAN. ) );
#3208 = ORIENTED_EDGE ( 'NONE', *, *, #2564, .F. ) ;
#3209 = ADVANCED_FACE ( 'NONE', ( #8978 ), #4224, .F. ) ;
#3210 = SURFACE_SIDE_STYLE ('',( #9761 ) ) ;
#3211 = ORIENTED_EDGE ( 'NONE', *, *, #10884, .T. ) ;
#3212 = ADVANCED_FACE ( 'NONE', ( #9166 ), #4545, .T. ) ;
#3213 = LINE ( 'NONE', #3945, #11005 ) ;
#3214 = EDGE_LOOP ( 'NONE', ( #9026, #3876, #503, #6302 ) ) ;
#3215 = DIRECTION ( 'NONE',  ( 0.000000000000000000, 0.000000000000000000, -1.000000000000000000 ) ) ;
#3216 = FILL_AREA_STYLE ('',( #10690 ) ) ;
#3217 = DIRECTION ( 'NONE',  ( 0.000000000000000000, 0.000000000000000000, -1.000000000000000000 ) ) ;
#3218 = CARTESIAN_POINT ( 'NONE',  ( -1.880851066112519954, 0.4675444478543100413, 0.000000000000000000 ) ) ;
#3219 =( NAMED_UNIT ( * ) SI_UNIT ( $, .STERADIAN. ) SOLID_ANGLE_UNIT ( ) );
#3220 =( NAMED_UNIT ( * ) SI_UNIT ( $, .STERADIAN. ) SOLID_ANGLE_UNIT ( ) );
#3221 = EDGE_LOOP ( 'NONE', ( #8924, #6600, #6803 ) ) ;
#3222 = EDGE_CURVE ( 'NONE', #9049, #3666, #738, .T. ) ;
#3223 = CARTESIAN_POINT ( 'NONE',  ( -1.689361700415610068, 1.092544424012449999, 0.000000000000000000 ) ) ;
#3224 = UNCERTAINTY_MEASURE_WITH_UNIT (LENGTH_MEASURE( 1.000000000000000082E-05 ), #6988, 'distance_accuracy_value', 'NONE');
#3225 =( NAMED_UNIT ( * ) PLANE_ANGLE_UNIT ( ) SI_UNIT ( $, .RADIAN. ) );
#3226 = CARTESIAN_POINT ( 'NONE',  ( -1.676595744490619877, 0.01754444785430959997, -0.05000000000000000278 ) ) ;
#3227 = COLOUR_RGB ( '',0.7921568627450980005, 0.8196078431372548767, 0.9333333333333333481 ) ;
#3228 =( NAMED_UNIT ( * ) PLANE_ANGLE_UNIT ( ) SI_UNIT ( $, .RADIAN. ) );
#3229 = FACE_OUTER_BOUND ( 'NONE', #9236, .T. ) ;
#3231 = ORIENTED_EDGE ( 'NONE', *, *, #6565, .T. ) ;
#3230 =( NAMED_UNIT ( * ) PLANE_ANGLE_UNIT ( ) SI_UNIT ( $, .RADIAN. ) );
#3232 = ORIENTED_EDGE ( 'NONE', *, *, #63, .F. ) ;
#3233 = FILL_AREA_STYLE ('',( #7981 ) ) ;
#3234 = VECTOR ( 'NONE', #3610, 1000.000000000000000 ) ;
#3235 =( LENGTH_UNIT ( ) NAMED_UNIT ( * ) SI_UNIT ( .MILLI., .METRE. ) );
#3236 = ORIENTED_EDGE ( 'NONE', *, *, #5988, .F. ) ;
#3237 = PRESENTATION_LAYER_ASSIGNMENT (  '', '', ( #628 ) ) ;
#3238 = PRESENTATION_LAYER_ASSIGNMENT (  '', '', ( #7224 ) ) ;
#3239 = CARTESIAN_POINT ( 'NONE',  ( -4.639999999999999680, -4.000000000000000000, 0.000000000000000000 ) ) ;
#3240 = CARTESIAN_POINT ( 'NONE',  ( -3.370000000000000107, 1.369999999999999885, 10.20000000000000107 ) ) ;
#3241 = LINE ( 'NONE', #9799, #4560 ) ;
#3242 = EDGE_CURVE ( 'NONE', #6499, #10684, #11970, .T. ) ;
#3243 =( NAMED_UNIT ( * ) SI_UNIT ( $, .STERADIAN. ) SOLID_ANGLE_UNIT ( ) );
#3245 = ORIENTED_EDGE ( 'NONE', *, *, #5386, .T. ) ;
#3244 = LINE ( 'NONE', #10850, #11620 ) ;
#3246 = ORIENTED_EDGE ( 'NONE', *, *, #7387, .T. ) ;
#3247 = VECTOR ( 'NONE', #8984, 1000.000000000000000 ) ;
#3248 = DIRECTION ( 'NONE',  ( 0.000000000000000000, 0.000000000000000000, -1.000000000000000000 ) ) ;
#3249 = AXIS2_PLACEMENT_3D ( 'NONE', #5690, #4714, #3778 ) ;
#3250 =( GEOMETRIC_REPRESENTATION_CONTEXT ( 3 ) GLOBAL_UNCERTAINTY_ASSIGNED_CONTEXT ( ( #8898 ) ) GLOBAL_UNIT_ASSIGNED_CONTEXT ( ( #10778, #6102, #1368 ) ) REPRESENTATION_CONTEXT ( 'NONE', 'WORKASPACE' ) );
#3251 = SURFACE_STYLE_USAGE ( .BOTH. , #1428 ) ;
#3252 = DIRECTION ( 'NONE',  ( -1.000000000000000000, 0.000000000000000000, 0.000000000000000000 ) ) ;
#3253 = DIRECTION ( 'NONE',  ( -0.9766444667050901973, 0.000000000000000000, -0.2148617826751190452 ) ) ;
#3254 = VECTOR ( 'NONE', #8890, 1000.000000000000000 ) ;
#3255 = VECTOR ( 'NONE', #3362, 1000.000000000000000 ) ;
#3256 = SURFACE_STYLE_FILL_AREA ( #9881 ) ;
#3257 = SURFACE_STYLE_FILL_AREA ( #8988 ) ;
#3258 = COLOUR_RGB ( '',1.000000000000000000, 1.000000000000000000, 0.9450980392156862475 ) ;
#3259 = EDGE_LOOP ( 'NONE', ( #8308, #2285, #7028, #11819 ) ) ;
#3260 = CARTESIAN_POINT ( 'NONE',  ( 12.50000000000000000, 3.000000000000000000, 0.5999999999999999778 ) ) ;
#3261 = SURFACE_STYLE_FILL_AREA ( #371 ) ;
#3262 = EDGE_CURVE ( 'NONE', #12143, #8683, #2546, .T. ) ;
#3263 = COLOUR_RGB ( '',1.000000000000000000, 1.000000000000000000, 0.9450980392156862475 ) ;
#3264 = PRESENTATION_STYLE_ASSIGNMENT (( #8001 ) ) ;
#3265 = PRESENTATION_STYLE_ASSIGNMENT (( #7323 ) ) ;
#3266 = VERTEX_POINT ( 'NONE', #6369 ) ;
#3267 = DIRECTION ( 'NONE',  ( 1.000000000000000000, 0.000000000000000000, 0.000000000000000000 ) ) ;
#3268 = VECTOR ( 'NONE', #11078, 1000.000000000000114 ) ;
#3269 = ORIENTED_EDGE ( 'NONE', *, *, #8096, .F. ) ;
#3270 = PRESENTATION_LAYER_ASSIGNMENT (  '', '', ( #2662 ) ) ;
#3271 = VECTOR ( 'NONE', #5307, 1000.000000000000114 ) ;
#3272 = VECTOR ( 'NONE', #5404, 1000.000000000000000 ) ;
#3273 = CARTESIAN_POINT ( 'NONE',  ( 12.50000000000000000, 3.000000000000000000, 7.500000000000000000 ) ) ;
#3274 = MECHANICAL_DESIGN_GEOMETRIC_PRESENTATION_REPRESENTATION (  '', ( #5066 ), #8466 ) ;
#3275 = ORIENTED_EDGE ( 'NONE', *, *, #2824, .F. ) ;
#3276 = SURFACE_STYLE_FILL_AREA ( #11807 ) ;
#3277 = EDGE_CURVE ( 'NONE', #6489, #472, #1597, .T. ) ;
#3278 = CARTESIAN_POINT ( 'NONE',  ( -12.21000000000000085, 0.4500000000000000111, -3.399999999999999911 ) ) ;
#3279 =( GEOMETRIC_REPRESENTATION_CONTEXT ( 3 ) GLOBAL_UNCERTAINTY_ASSIGNED_CONTEXT ( ( #2781 ) ) GLOBAL_UNIT_ASSIGNED_CONTEXT ( ( #11139, #2587, #4641 ) ) REPRESENTATION_CONTEXT ( 'NONE', 'WORKASPACE' ) );
#3280 = LINE ( 'NONE', #7079, #6477 ) ;
#3281 = SURFACE_STYLE_FILL_AREA ( #2196 ) ;
#3282 = CARTESIAN_POINT ( 'NONE',  ( -12.46000000000000085, 1.399999999999999911, 3.200000000000000178 ) ) ;
#3283 = SURFACE_STYLE_FILL_AREA ( #7960 ) ;
#3284 = EDGE_CURVE ( 'NONE', #1954, #675, #7370, .T. ) ;
#3285 = UNCERTAINTY_MEASURE_WITH_UNIT (LENGTH_MEASURE( 1.000000000000000082E-05 ), #960, 'distance_accuracy_value', 'NONE');
#3286 = DIRECTION ( 'NONE',  ( 1.000000000000000000, 0.000000000000000000, 0.000000000000000000 ) ) ;
#3287 = LINE ( 'NONE', #8900, #4056 ) ;
#3288 = VECTOR ( 'NONE', #5002, 1000.000000000000000 ) ;
#3289 = DIRECTION ( 'NONE',  ( 0.000000000000000000, -1.000000000000000000, 0.000000000000000000 ) ) ;
#3290 = EDGE_CURVE ( 'NONE', #6756, #8446, #7169, .T. ) ;
#3291 = ORIENTED_EDGE ( 'NONE', *, *, #3798, .F. ) ;
#3292 = PRESENTATION_STYLE_ASSIGNMENT (( #2273 ) ) ;
#3293 =( GEOMETRIC_REPRESENTATION_CONTEXT ( 3 ) GLOBAL_UNCERTAINTY_ASSIGNED_CONTEXT ( ( #6657 ) ) GLOBAL_UNIT_ASSIGNED_CONTEXT ( ( #5749, #7776, #5075 ) ) REPRESENTATION_CONTEXT ( 'NONE', 'WORKASPACE' ) );
#3294 = ORIENTED_EDGE ( 'NONE', *, *, #9903, .F. ) ;
#3295 = FACE_OUTER_BOUND ( 'NONE', #2943, .T. ) ;
#3296 = LINE ( 'NONE', #2335, #7652 ) ;
#3297 =( LENGTH_UNIT ( ) NAMED_UNIT ( * ) SI_UNIT ( .MILLI., .METRE. ) );
#3298 =( NAMED_UNIT ( * ) SI_UNIT ( $, .STERADIAN. ) SOLID_ANGLE_UNIT ( ) );
#3299 = EDGE_CURVE ( 'NONE', #4107, #6715, #1727, .T. ) ;
#3300 = VECTOR ( 'NONE', #6695, 1000.000000000000000 ) ;
#3301 = SURFACE_STYLE_FILL_AREA ( #10672 ) ;
#3303 = ORIENTED_EDGE ( 'NONE', *, *, #7126, .F. ) ;
#3302 = DIRECTION ( 'NONE',  ( 0.000000000000000000, -1.000000000000000000, 0.000000000000000000 ) ) ;
#3304 = EDGE_LOOP ( 'NONE', ( #6288, #2739, #10576, #26, #4283, #5544, #1662, #9172, #3561, #9389, #10154, #7385, #3808, #974, #3702, #195, #917, #4870, #9823, #10304, #4187, #4987, #7726, #1566, #9543, #1111, #245, #774 ) ) ;
#3305 = LINE ( 'NONE', #9975, #10806 ) ;
#3306 = DIRECTION ( 'NONE',  ( 1.000000000000000000, 0.000000000000000000, 0.000000000000000000 ) ) ;
#3307 = DIRECTION ( 'NONE',  ( 0.000000000000000000, -1.000000000000000000, 0.000000000000000000 ) ) ;
#3308 = CARTESIAN_POINT ( 'NONE',  ( -1.600000000000000089, -0.7074556475131219546, 0.000000000000000000 ) ) ;
#3309 = ORIENTED_EDGE ( 'NONE', *, *, #9745, .F. ) ;
#3310 = CARTESIAN_POINT ( 'NONE',  ( 4.549999999999999822, 1.369999999999999885, 10.20000000000000107 ) ) ;
#3311 = FACE_OUTER_BOUND ( 'NONE', #12058, .T. ) ;
#3312 = LINE ( 'NONE', #7871, #12011 ) ;
#3313 = CARTESIAN_POINT ( 'NONE',  ( -8.470000000000000639, 1.369999999999999885, -2.399999999999999911 ) ) ;
#3314 = LINE ( 'NONE', #4292, #2342 ) ;
#3315 = CARTESIAN_POINT ( 'NONE',  ( 13.86000000000000121, -3.000000000000000000, 3.200000000000000178 ) ) ;
#3317 = ORIENTED_EDGE ( 'NONE', *, *, #499, .T. ) ;
#3316 = PRESENTATION_STYLE_ASSIGNMENT (( #11853 ) ) ;
#3318 = ORIENTED_EDGE ( 'NONE', *, *, #9570, .F. ) ;
#3319 = SURFACE_STYLE_USAGE ( .BOTH. , #7238 ) ;
#3320 = CARTESIAN_POINT ( 'NONE',  ( 0.6199999999999890044, 0.2000000000000000111, 3.200000000000000178 ) ) ;
#3321 = DIRECTION ( 'NONE',  ( 0.000000000000000000, -1.000000000000000000, 0.000000000000000000 ) ) ;
#3322 = FACE_OUTER_BOUND ( 'NONE', #12147, .T. ) ;
#3323 = EDGE_CURVE ( 'NONE', #1778, #6121, #10223, .T. ) ;
#3324 = DIRECTION ( 'NONE',  ( 0.000000000000000000, 1.000000000000000000, 0.000000000000000000 ) ) ;
#3325 = SURFACE_STYLE_USAGE ( .BOTH. , #1502 ) ;
#3326 = VERTEX_POINT ( 'NONE', #4674 ) ;
#3327 = CARTESIAN_POINT ( 'NONE',  ( 7.370000000000000107, 1.369999999999999885, 11.19999999999999929 ) ) ;
#3328 =( LENGTH_UNIT ( ) NAMED_UNIT ( * ) SI_UNIT ( .MILLI., .METRE. ) );
#3329 = PLANE ( 'NONE',  #5811 ) ;
#3330 = PRESENTATION_STYLE_ASSIGNMENT (( #10005 ) ) ;
#3331 = VERTEX_POINT ( 'NONE', #6673 ) ;
#3332 = EDGE_CURVE ( 'NONE', #9420, #8691, #10343, .T. ) ;
#3333 = VECTOR ( 'NONE', #8957, 1000.000000000000000 ) ;
#3334 = FILL_AREA_STYLE_COLOUR ( '', #11816 ) ;
#3335 = VERTEX_POINT ( 'NONE', #11293 ) ;
#3336 = FACE_OUTER_BOUND ( 'NONE', #6811, .T. ) ;
#3338 = MECHANICAL_DESIGN_GEOMETRIC_PRESENTATION_REPRESENTATION (  '', ( #1536 ), #5909 ) ;
#3337 = LINE ( 'NONE', #1330, #1473 ) ;
#3339 = ADVANCED_FACE ( 'NONE', ( #1041 ), #96, .T. ) ;
#3340 = DIRECTION ( 'NONE',  ( 0.000000000000000000, 1.000000000000000000, 0.000000000000000000 ) ) ;
#3341 = UNCERTAINTY_MEASURE_WITH_UNIT (LENGTH_MEASURE( 1.000000000000000082E-05 ), #1698, 'distance_accuracy_value', 'NONE');
#3342 = CARTESIAN_POINT ( 'NONE',  ( 12.47000000000000064, 1.369999999999999885, 10.20000000000000107 ) ) ;
#3343 = CARTESIAN_POINT ( 'NONE',  ( -3.939999999999999947, 0.3400000000000000244, -2.899999999999999911 ) ) ;
#3344 = SURFACE_SIDE_STYLE ('',( #3283 ) ) ;
#3345 = DIRECTION ( 'NONE',  ( 0.000000000000000000, -1.000000000000000000, 0.000000000000000000 ) ) ;
#3346 = ADVANCED_FACE ( 'NONE', ( #9662 ), #9413, .T. ) ;
#3347 = STYLED_ITEM ( 'NONE', ( #3382 ), #9731 ) ;
#3348 = EDGE_LOOP ( 'NONE', ( #5759, #6322, #8305, #7047 ) ) ;
#3349 = MECHANICAL_DESIGN_GEOMETRIC_PRESENTATION_REPRESENTATION (  '', ( #1343 ), #1549 ) ;
#3350 = FILL_AREA_STYLE ('',( #9850 ) ) ;
#3351 = EDGE_CURVE ( 'NONE', #9481, #741, #980, .T. ) ;
#3352 = PLANE ( 'NONE',  #11715 ) ;
#3353 = UNCERTAINTY_MEASURE_WITH_UNIT (LENGTH_MEASURE( 1.000000000000000082E-05 ), #12264, 'distance_accuracy_value', 'NONE');
#3354 = FILL_AREA_STYLE ('',( #6958 ) ) ;
#3355 = CARTESIAN_POINT ( 'NONE',  ( 11.90000000000000036, 0.3400000000000000244, 10.69999999999999929 ) ) ;
#3356 =( GEOMETRIC_REPRESENTATION_CONTEXT ( 3 ) GLOBAL_UNCERTAINTY_ASSIGNED_CONTEXT ( ( #142 ) ) GLOBAL_UNIT_ASSIGNED_CONTEXT ( ( #1021, #11382, #1820 ) ) REPRESENTATION_CONTEXT ( 'NONE', 'WORKASPACE' ) );
#3357 = SURFACE_STYLE_FILL_AREA ( #6745 ) ;
#3358 = SURFACE_STYLE_FILL_AREA ( #403 ) ;
#3359 = COLOUR_RGB ( '',1.000000000000000000, 1.000000000000000000, 0.9450980392156862475 ) ;
#3360 = VERTEX_POINT ( 'NONE', #21 ) ;
#3361 = VECTOR ( 'NONE', #10189, 1000.000000000000114 ) ;
#3362 = DIRECTION ( 'NONE',  ( 1.000000000000000000, 0.000000000000000000, 0.000000000000000000 ) ) ;
#3363 = CARTESIAN_POINT ( 'NONE',  ( 7.590000000000000746, 0.4500000000000000111, 11.19999999999999929 ) ) ;
#3364 = EDGE_LOOP ( 'NONE', ( #5408, #302, #8975, #3854 ) ) ;
#3365 = CARTESIAN_POINT ( 'NONE',  ( 7.339999999999999858, 1.399999999999999911, 0.5999999999999999778 ) ) ;
#3366 = PLANE ( 'NONE',  #9226 ) ;
#3367 = ADVANCED_FACE ( 'NONE', ( #6723, #6788, #1109, #8419, #12225, #7500, #3115, #11659 ), #2209, .T. ) ;
#3368 = ORIENTED_EDGE ( 'NONE', *, *, #5760, .T. ) ;
#3369 = VECTOR ( 'NONE', #5931, 1000.000000000000114 ) ;
#3370 = EDGE_CURVE ( 'NONE', #1071, #4388, #6957, .T. ) ;
#3371 = VECTOR ( 'NONE', #3215, 1000.000000000000000 ) ;
#3372 = AXIS2_PLACEMENT_3D ( 'NONE', #8908, #5287, #2280 ) ;
#3373 = STYLED_ITEM ( 'NONE', ( #2520 ), #361 ) ;
#3374 = PRESENTATION_STYLE_ASSIGNMENT (( #8056 ) ) ;
#3375 = EDGE_CURVE ( 'NONE', #9486, #1099, #4208, .T. ) ;
#3376 =( NAMED_UNIT ( * ) PLANE_ANGLE_UNIT ( ) SI_UNIT ( $, .RADIAN. ) );
#3377 = UNCERTAINTY_MEASURE_WITH_UNIT (LENGTH_MEASURE( 1.000000000000000082E-05 ), #4911, 'distance_accuracy_value', 'NONE');
#3378 = CARTESIAN_POINT ( 'NONE',  ( 0.7199999999999900924, 4.000000000000000000, 0.5999999999999999778 ) ) ;
#3379 = DIRECTION ( 'NONE',  ( 0.000000000000000000, 1.000000000000000000, 0.000000000000000000 ) ) ;
#3380 =( GEOMETRIC_REPRESENTATION_CONTEXT ( 3 ) GLOBAL_UNCERTAINTY_ASSIGNED_CONTEXT ( ( #11674 ) ) GLOBAL_UNIT_ASSIGNED_CONTEXT ( ( #7170, #539, #11971 ) ) REPRESENTATION_CONTEXT ( 'NONE', 'WORKASPACE' ) );
#3381 = FILL_AREA_STYLE_COLOUR ( '', #4341 ) ;
#3382 = PRESENTATION_STYLE_ASSIGNMENT (( #11907 ) ) ;
#3384 = ORIENTED_EDGE ( 'NONE', *, *, #3875, .T. ) ;
#3383 = PLANE ( 'NONE',  #2649 ) ;
#3385 = EDGE_LOOP ( 'NONE', ( #11406, #11717, #9329, #276 ) ) ;
#3386 = FACE_OUTER_BOUND ( 'NONE', #1125, .T. ) ;
#3387 = VECTOR ( 'NONE', #11253, 1000.000000000000000 ) ;
#3388 = CARTESIAN_POINT ( 'NONE',  ( -2.123404264450070134, 0.2425444478543100080, 0.000000000000000000 ) ) ;
#3389 = DIRECTION ( 'NONE',  ( 0.000000000000000000, -1.000000000000000000, 0.000000000000000000 ) ) ;
#3390 = SURFACE_SIDE_STYLE ('',( #11915 ) ) ;
#3391 = AXIS2_PLACEMENT_3D ( 'NONE', #794, #6371, #12227 ) ;
#3392 = VERTEX_POINT ( 'NONE', #10704 ) ;
#3393 = LINE ( 'NONE', #554, #11793 ) ;
#3394 = COLOUR_RGB ( '',0.2941176470588235392, 0.2941176470588235392, 0.2941176470588235392 ) ;
#3395 = PLANE ( 'NONE',  #8744 ) ;
#3396 = STYLED_ITEM ( 'NONE', ( #3116 ), #11946 ) ;
#3397 = SURFACE_STYLE_USAGE ( .BOTH. , #8262 ) ;
#3398 =( LENGTH_UNIT ( ) NAMED_UNIT ( * ) SI_UNIT ( .MILLI., .METRE. ) );
#3399 = CARTESIAN_POINT ( 'NONE',  ( 0.5899999999999860911, 0.2300000000000000100, 10.20000000000000107 ) ) ;
#3400 = ORIENTED_EDGE ( 'NONE', *, *, #9809, .T. ) ;
#3401 = SURFACE_SIDE_STYLE ('',( #7074 ) ) ;
#3402 = ORIENTED_EDGE ( 'NONE', *, *, #9155, .T. ) ;
#3403 = CARTESIAN_POINT ( 'NONE',  ( -2.200000000000000178, 1.930044447854309952, -0.05000000000000000278 ) ) ;
#3404 = PLANE ( 'NONE',  #2448 ) ;
#3405 = LINE ( 'NONE', #7192, #10128 ) ;
#3406 = LINE ( 'NONE', #7136, #5454 ) ;
#3407 = CARTESIAN_POINT ( 'NONE',  ( -8.599999999999999645, -4.000000000000000000, 0.000000000000000000 ) ) ;
#3408 = CARTESIAN_POINT ( 'NONE',  ( 11.33000000000000007, 1.369999999999999885, 10.20000000000000107 ) ) ;
#3409 = ADVANCED_FACE ( 'NONE', ( #6144 ), #7973, .T. ) ;
#3410 = SURFACE_SIDE_STYLE ('',( #5968 ) ) ;
#3411 = UNCERTAINTY_MEASURE_WITH_UNIT (LENGTH_MEASURE( 1.000000000000000082E-05 ), #2825, 'distance_accuracy_value', 'NONE');
#3412 = DIRECTION ( 'NONE',  ( -1.000000000000000000, 0.000000000000000000, 0.000000000000000000 ) ) ;
#3413 = VERTEX_POINT ( 'NONE', #8040 ) ;
#3414 =( LENGTH_UNIT ( ) NAMED_UNIT ( * ) SI_UNIT ( .MILLI., .METRE. ) );
#3415 = DIRECTION ( 'NONE',  ( 0.000000000000000000, 0.000000000000000000, -1.000000000000000000 ) ) ;
#3416 = CARTESIAN_POINT ( 'NONE',  ( 0.6199999999999890044, 0.2000000000000000111, 3.200000000000000178 ) ) ;
#3417 = CARTESIAN_POINT ( 'NONE',  ( -3.589999999999999858, 1.149999999999999911, 11.19999999999999929 ) ) ;
#3418 = EDGE_CURVE ( 'NONE', #2678, #6066, #3296, .T. ) ;
#3419 = PLANE ( 'NONE',  #7951 ) ;
#3420 =( NAMED_UNIT ( * ) PLANE_ANGLE_UNIT ( ) SI_UNIT ( $, .RADIAN. ) );
#3421 = ORIENTED_EDGE ( 'NONE', *, *, #6703, .T. ) ;
#3422 = LINE ( 'NONE', #8047, #6035 ) ;
#3423 = ORIENTED_EDGE ( 'NONE', *, *, #602, .F. ) ;
#3424 =( LENGTH_UNIT ( ) NAMED_UNIT ( * ) SI_UNIT ( .MILLI., .METRE. ) );
#3425 = SURFACE_STYLE_USAGE ( .BOTH. , #345 ) ;
#3426 = FILL_AREA_STYLE_COLOUR ( '', #11703 ) ;
#3427 = CARTESIAN_POINT ( 'NONE',  ( -2.200000000000000178, 1.930044447854309952, 0.000000000000000000 ) ) ;
#3428 = ADVANCED_FACE ( 'NONE', ( #157 ), #3967, .T. ) ;
#3429 = CARTESIAN_POINT ( 'NONE',  ( -1.804255312681200207, -0.1824555044619740052, -0.05000000000000000278 ) ) ;
#3430 =( LENGTH_UNIT ( ) NAMED_UNIT ( * ) SI_UNIT ( .MILLI., .METRE. ) );
#3432 = ORIENTED_EDGE ( 'NONE', *, *, #7598, .T. ) ;
#3431 =( NAMED_UNIT ( * ) PLANE_ANGLE_UNIT ( ) SI_UNIT ( $, .RADIAN. ) );
#3433 = VECTOR ( 'NONE', #3995, 1000.000000000000000 ) ;
#3434 = ORIENTED_EDGE ( 'NONE', *, *, #8537, .F. ) ;
#3435 = DIRECTION ( 'NONE',  ( 0.000000000000000000, 0.000000000000000000, -1.000000000000000000 ) ) ;
#3436 = MECHANICAL_DESIGN_GEOMETRIC_PRESENTATION_REPRESENTATION (  '', ( #12196 ), #4618 ) ;
#3437 = SURFACE_STYLE_FILL_AREA ( #2425 ) ;
#3438 = CARTESIAN_POINT ( 'NONE',  ( -3.479999999999999982, 0.8000000000000000444, 10.69999999999999929 ) ) ;
#3439 = CARTESIAN_POINT ( 'NONE',  ( -1.600000000000000089, -0.7074556475131219546, 0.000000000000000000 ) ) ;
#3441 = EDGE_CURVE ( 'NONE', #4415, #213, #1528, .T. ) ;
#3440 = VECTOR ( 'NONE', #11892, 1000.000000000000000 ) ;
#3442 = DIRECTION ( 'NONE',  ( 0.000000000000000000, -1.000000000000000000, 0.000000000000000000 ) ) ;
#3443 = ORIENTED_EDGE ( 'NONE', *, *, #7825, .T. ) ;
#3444 =( LENGTH_UNIT ( ) NAMED_UNIT ( * ) SI_UNIT ( .MILLI., .METRE. ) );
#3445 =( GEOMETRIC_REPRESENTATION_CONTEXT ( 3 ) GLOBAL_UNCERTAINTY_ASSIGNED_CONTEXT ( ( #8101 ) ) GLOBAL_UNIT_ASSIGNED_CONTEXT ( ( #4591, #9212, #1478 ) ) REPRESENTATION_CONTEXT ( 'NONE', 'WORKASPACE' ) );
#3446 =( NAMED_UNIT ( * ) SI_UNIT ( $, .STERADIAN. ) SOLID_ANGLE_UNIT ( ) );
#3447 = MECHANICAL_DESIGN_GEOMETRIC_PRESENTATION_REPRESENTATION (  '', ( #7224 ), #2832 ) ;
#3448 = AXIS2_PLACEMENT_3D ( 'NONE', #11089, #7492, #10337 ) ;
#3449 = DIRECTION ( 'NONE',  ( 0.000000000000000000, -1.000000000000000000, 0.000000000000000000 ) ) ;
#3450 = PLANE ( 'NONE',  #360 ) ;
#3451 =( NAMED_UNIT ( * ) PLANE_ANGLE_UNIT ( ) SI_UNIT ( $, .RADIAN. ) );
#3452 = VECTOR ( 'NONE', #6310, 1000.000000000000000 ) ;
#3453 =( NAMED_UNIT ( * ) SI_UNIT ( $, .STERADIAN. ) SOLID_ANGLE_UNIT ( ) );
#3454 = EDGE_CURVE ( 'NONE', #9398, #3266, #10952, .T. ) ;
#3455 = EDGE_LOOP ( 'NONE', ( #3968, #1409, #8492, #10697, #9905, #10596, #11101, #2408, #3462 ) ) ;
#3456 = AXIS2_PLACEMENT_3D ( 'NONE', #6209, #10092, #1664 ) ;
#3457 = MECHANICAL_DESIGN_GEOMETRIC_PRESENTATION_REPRESENTATION (  '', ( #6997 ), #6643 ) ;
#3458 = PRESENTATION_LAYER_ASSIGNMENT (  '', '', ( #8835 ) ) ;
#3459 = VECTOR ( 'NONE', #3442, 1000.000000000000000 ) ;
#3460 = AXIS2_PLACEMENT_3D ( 'NONE', #11192, #2636, #3525 ) ;
#3461 = DIRECTION ( 'NONE',  ( 0.000000000000000000, -1.000000000000000000, 0.000000000000000000 ) ) ;
#3462 = ORIENTED_EDGE ( 'NONE', *, *, #2388, .F. ) ;
#3463 = DIRECTION ( 'NONE',  ( 0.000000000000000000, -1.000000000000000000, 0.000000000000000000 ) ) ;
#3464 = DIRECTION ( 'NONE',  ( 0.4547769415433821627, 0.8906053746977092844, 0.000000000000000000 ) ) ;
#3465 = CARTESIAN_POINT ( 'NONE',  ( -2.123404264450070134, 1.255044447854309908, -0.05000000000000000278 ) ) ;
#3466 = PRESENTATION_STYLE_ASSIGNMENT (( #508 ) ) ;
#3467 = UNCERTAINTY_MEASURE_WITH_UNIT (LENGTH_MEASURE( 1.000000000000000082E-05 ), #2548, 'distance_accuracy_value', 'NONE');
#3468 =( GEOMETRIC_REPRESENTATION_CONTEXT ( 3 ) GLOBAL_UNCERTAINTY_ASSIGNED_CONTEXT ( ( #11832 ) ) GLOBAL_UNIT_ASSIGNED_CONTEXT ( ( #9783, #3225, #4088 ) ) REPRESENTATION_CONTEXT ( 'NONE', 'WORKASPACE' ) );
#3469 = LINE ( 'NONE', #7338, #9655 ) ;
#3470 = CARTESIAN_POINT ( 'NONE',  ( -1.638297872245309872, -0.09495555214569059710, -0.05000000000000000278 ) ) ;
#3471 = MECHANICAL_DESIGN_GEOMETRIC_PRESENTATION_REPRESENTATION (  '', ( #8650 ), #1077 ) ;
#3472 =( LENGTH_UNIT ( ) NAMED_UNIT ( * ) SI_UNIT ( .MILLI., .METRE. ) );
#3473 = CARTESIAN_POINT ( 'NONE',  ( -2.085106396675110219, 1.055044424012449911, 0.000000000000000000 ) ) ;
#3474 = CARTESIAN_POINT ( 'NONE',  ( -2.123404264450070134, 0.01754444785430959997, -0.05000000000000000278 ) ) ;
#3475 = COLOUR_RGB ( '',0.7803921568627451011, 0.7803921568627451011, 0.7803921568627451011 ) ;
#3476 = FACE_OUTER_BOUND ( 'NONE', #10575, .T. ) ;
#3477 = VECTOR ( 'NONE', #7846, 1000.000000000000114 ) ;
#3478 = SURFACE_STYLE_FILL_AREA ( #5384 ) ;
#3479 = VECTOR ( 'NONE', #2205, 1000.000000000000000 ) ;
#3480 = FACE_OUTER_BOUND ( 'NONE', #5646, .T. ) ;
#3481 = VERTEX_POINT ( 'NONE', #1406 ) ;
#3482 = EDGE_CURVE ( 'NONE', #5789, #2787, #2594, .T. ) ;
#3483 = MECHANICAL_DESIGN_GEOMETRIC_PRESENTATION_REPRESENTATION (  '', ( #9046 ), #10630 ) ;
#3484 = VECTOR ( 'NONE', #6360, 1000.000000000000000 ) ;
#3485 = SURFACE_STYLE_FILL_AREA ( #12149 ) ;
#3486 = UNCERTAINTY_MEASURE_WITH_UNIT (LENGTH_MEASURE( 1.000000000000000082E-05 ), #3848, 'distance_accuracy_value', 'NONE');
#3487 = DIRECTION ( 'NONE',  ( 0.4397136028534169849, 0.8981380447713299686, 0.000000000000000000 ) ) ;
#3488 = DIRECTION ( 'NONE',  ( -0.8981377659536451397, 0.4397141723526720170, 0.000000000000000000 ) ) ;
#3489 = FILL_AREA_STYLE ('',( #1774 ) ) ;
#3490 = CARTESIAN_POINT ( 'NONE',  ( 8.290000000000000924, 1.149999999999999911, 11.19999999999999929 ) ) ;
#3492 = COLOUR_RGB ( '',0.2941176470588235392, 0.2941176470588235392, 0.2941176470588235392 ) ;
#3491 = LINE ( 'NONE', #594, #9252 ) ;
#3493 = ORIENTED_EDGE ( 'NONE', *, *, #9889, .F. ) ;
#3494 = DIRECTION ( 'NONE',  ( 1.000000000000000000, 0.000000000000000000, 0.000000000000000000 ) ) ;
#3495 = LINE ( 'NONE', #7102, #11429 ) ;
#3496 = ORIENTED_EDGE ( 'NONE', *, *, #2353, .F. ) ;
#3497 = FILL_AREA_STYLE_COLOUR ( '', #2848 ) ;
#3498 = ORIENTED_EDGE ( 'NONE', *, *, #422, .F. ) ;
#3499 = EDGE_CURVE ( 'NONE', #6358, #6095, #2529, .T. ) ;
#3500 = CARTESIAN_POINT ( 'NONE',  ( -1.995744669437410357, -0.1074555044619750072, -0.05000000000000000278 ) ) ;
#3501 = DIRECTION ( 'NONE',  ( 0.000000000000000000, 0.000000000000000000, 1.000000000000000000 ) ) ;
#3502 = MECHANICAL_DESIGN_GEOMETRIC_PRESENTATION_REPRESENTATION (  '', ( #1876 ), #7687 ) ;
#3503 = DIRECTION ( 'NONE',  ( -0.3162279017270631098, -0.9486832528137613130, 0.000000000000000000 ) ) ;
#3504 = EDGE_CURVE ( 'NONE', #10095, #899, #11955, .T. ) ;
#3505 = CARTESIAN_POINT ( 'NONE',  ( -1.804255312681200207, -0.1074555044619750072, 0.000000000000000000 ) ) ;
#3506 = ORIENTED_EDGE ( 'NONE', *, *, #5776, .F. ) ;
#3507 = ORIENTED_EDGE ( 'NONE', *, *, #5333, .T. ) ;
#3508 = LINE ( 'NONE', #5232, #9824 ) ;
#3509 = CARTESIAN_POINT ( 'NONE',  ( -7.900000000000000355, 1.260000000000000009, -2.899999999999999911 ) ) ;
#3510 = EDGE_CURVE ( 'NONE', #10213, #5264, #9025, .T. ) ;
#3511 = FACE_OUTER_BOUND ( 'NONE', #10516, .T. ) ;
#3512 = FACE_OUTER_BOUND ( 'NONE', #1480, .T. ) ;
#3513 = ORIENTED_EDGE ( 'NONE', *, *, #3222, .F. ) ;
#3514 = FACE_OUTER_BOUND ( 'NONE', #4151, .T. ) ;
#3515 = FILL_AREA_STYLE_COLOUR ( '', #164 ) ;
#3516 = EDGE_CURVE ( 'NONE', #4123, #675, #8213, .T. ) ;
#3517 = LINE ( 'NONE', #1743, #2536 ) ;
#3518 = DIRECTION ( 'NONE',  ( 0.000000000000000000, 0.000000000000000000, 1.000000000000000000 ) ) ;
#3519 = LINE ( 'NONE', #5430, #2679 ) ;
#3520 = ORIENTED_EDGE ( 'NONE', *, *, #9675, .T. ) ;
#3521 = EDGE_CURVE ( 'NONE', #4415, #5215, #590, .T. ) ;
#3522 = EDGE_LOOP ( 'NONE', ( #7775, #3121, #2590, #3211 ) ) ;
#3523 = LINE ( 'NONE', #7333, #7499 ) ;
#3524 = FILL_AREA_STYLE ('',( #3112 ) ) ;
#3525 = DIRECTION ( 'NONE',  ( 0.000000000000000000, -1.000000000000000000, 0.000000000000000000 ) ) ;
#3526 = CARTESIAN_POINT ( 'NONE',  ( -1.995744669437410357, -0.1824555044619740052, 0.000000000000000000 ) ) ;
#3527 = DIRECTION ( 'NONE',  ( 0.000000000000000000, -1.000000000000000000, 0.000000000000000000 ) ) ;
#3528 =( LENGTH_UNIT ( ) NAMED_UNIT ( * ) SI_UNIT ( .MILLI., .METRE. ) );
#3529 = UNCERTAINTY_MEASURE_WITH_UNIT (LENGTH_MEASURE( 1.000000000000000082E-05 ), #2974, 'distance_accuracy_value', 'NONE');
#3530 = EDGE_LOOP ( 'NONE', ( #4963, #7416, #9185, #75 ) ) ;
#3531 = FILL_AREA_STYLE_COLOUR ( '', #3810 ) ;
#3532 = FILL_AREA_STYLE_COLOUR ( '', #12053 ) ;
#3533 = AXIS2_PLACEMENT_3D ( 'NONE', #12270, #4712, #8830 ) ;
#3534 = ORIENTED_EDGE ( 'NONE', *, *, #11008, .F. ) ;
#3535 = CARTESIAN_POINT ( 'NONE',  ( 13.86000000000000121, 2.000000000000000000, 0.000000000000000000 ) ) ;
#3536 = PLANE ( 'NONE',  #2693 ) ;
#3537 = FILL_AREA_STYLE ('',( #9152 ) ) ;
#3538 = LINE ( 'NONE', #10087, #12039 ) ;
#3539 = CARTESIAN_POINT ( 'NONE',  ( 0.5899999999999860911, 1.369999999999999885, -2.399999999999999911 ) ) ;
#3540 = CARTESIAN_POINT ( 'NONE',  ( -1.676595744490619877, 0.7925444955380260836, 0.000000000000000000 ) ) ;
#3541 = FILL_AREA_STYLE ('',( #7297 ) ) ;
#3542 = PRESENTATION_STYLE_ASSIGNMENT (( #728 ) ) ;
#3543 = ORIENTED_EDGE ( 'NONE', *, *, #8505, .T. ) ;
#3544 = EDGE_CURVE ( 'NONE', #5706, #7857, #723, .T. ) ;
#3545 =( LENGTH_UNIT ( ) NAMED_UNIT ( * ) SI_UNIT ( .MILLI., .METRE. ) );
#3546 = COLOUR_RGB ( '',0.7803921568627451011, 0.7803921568627451011, 0.7803921568627451011 ) ;
#3547 = CARTESIAN_POINT ( 'NONE',  ( -1.689361700415610068, 1.305044471696169994, -0.05000000000000000278 ) ) ;
#3548 = VERTEX_POINT ( 'NONE', #10146 ) ;
#3549 = SURFACE_STYLE_FILL_AREA ( #7710 ) ;
#3550 = DIRECTION ( 'NONE',  ( 0.000000000000000000, -1.000000000000000000, 0.000000000000000000 ) ) ;
#3551 = ORIENTED_EDGE ( 'NONE', *, *, #3601, .F. ) ;
#3552 = MECHANICAL_DESIGN_GEOMETRIC_PRESENTATION_REPRESENTATION (  '', ( #8536 ), #6928 ) ;
#3553 = COLOUR_RGB ( '',0.2941176470588235392, 0.2941176470588235392, 0.2941176470588235392 ) ;
#3554 = FILL_AREA_STYLE ('',( #11165 ) ) ;
#3555 = CARTESIAN_POINT ( 'NONE',  ( 19.80000000000000071, 0.000000000000000000, 0.5999999999999999778 ) ) ;
#3556 = DIRECTION ( 'NONE',  ( 1.000000000000000000, 0.000000000000000000, 0.000000000000000000 ) ) ;
#3557 = SURFACE_STYLE_FILL_AREA ( #1599 ) ;
#3558 = ORIENTED_EDGE ( 'NONE', *, *, #5936, .T. ) ;
#3559 = CARTESIAN_POINT ( 'NONE',  ( -2.200000000000000178, 1.255044447854309908, 0.000000000000000000 ) ) ;
#3560 = VERTEX_POINT ( 'NONE', #9093 ) ;
#3561 = ORIENTED_EDGE ( 'NONE', *, *, #7921, .F. ) ;
#3562 = EDGE_CURVE ( 'NONE', #1957, #9116, #520, .T. ) ;
#3563 = EDGE_CURVE ( 'NONE', #6092, #9200, #5392, .T. ) ;
#3564 = CARTESIAN_POINT ( 'NONE',  ( -1.638297872245309872, 1.030044447854310041, 0.000000000000000000 ) ) ;
#3565 = MECHANICAL_DESIGN_GEOMETRIC_PRESENTATION_REPRESENTATION (  '', ( #547 ), #11523 ) ;
#3566 = VECTOR ( 'NONE', #5884, 1000.000000000000000 ) ;
#3567 = DIRECTION ( 'NONE',  ( 0.000000000000000000, -1.000000000000000000, 0.000000000000000000 ) ) ;
#3568 = FILL_AREA_STYLE_COLOUR ( '', #5830 ) ;
#3569 = CARTESIAN_POINT ( 'NONE',  ( -12.50000000000000000, 3.000000000000000000, 7.500000000000000000 ) ) ;
#3570 = ORIENTED_EDGE ( 'NONE', *, *, #8250, .T. ) ;
#3571 = CARTESIAN_POINT ( 'NONE',  ( -7.330000000000000071, 0.2300000000000000100, 10.20000000000000107 ) ) ;
#3572 = PLANE ( 'NONE',  #8753 ) ;
#3573 = PRESENTATION_LAYER_ASSIGNMENT (  '', '', ( #11141 ) ) ;
#3574 = FILL_AREA_STYLE_COLOUR ( '', #3546 ) ;
#3575 = EDGE_CURVE ( 'NONE', #6890, #2430, #3538, .T. ) ;
#3576 = CARTESIAN_POINT ( 'NONE',  ( -13.86000000000000121, -3.000000000000000000, 3.200000000000000178 ) ) ;
#3577 = PRESENTATION_LAYER_ASSIGNMENT (  '', '', ( #1379 ) ) ;
#3578 = ORIENTED_EDGE ( 'NONE', *, *, #9215, .F. ) ;
#3579 = EDGE_CURVE ( 'NONE', #117, #10842, #4471, .T. ) ;
#3580 = COLOUR_RGB ( '',0.2941176470588235392, 0.2941176470588235392, 0.2941176470588235392 ) ;
#3581 = DIRECTION ( 'NONE',  ( 0.2001234451614839482, -0.9797706908745018595, 0.000000000000000000 ) ) ;
#3582 = VERTEX_POINT ( 'NONE', #1654 ) ;
#3583 =( LENGTH_UNIT ( ) NAMED_UNIT ( * ) SI_UNIT ( .MILLI., .METRE. ) );
#3584 = DIRECTION ( 'NONE',  ( 0.000000000000000000, -1.000000000000000000, 0.000000000000000000 ) ) ;
#3585 = DIRECTION ( 'NONE',  ( 0.000000000000000000, -1.000000000000000000, 0.000000000000000000 ) ) ;
#3586 = CARTESIAN_POINT ( 'NONE',  ( -2.200000000000000178, 0.3175444478543100191, -0.05000000000000000278 ) ) ;
#3587 = CARTESIAN_POINT ( 'NONE',  ( -2.123404264450070134, 0.7925444955380260836, 0.000000000000000000 ) ) ;
#3588 = EDGE_CURVE ( 'NONE', #7807, #12158, #8346, .T. ) ;
#3589 = ORIENTED_EDGE ( 'NONE', *, *, #5924, .F. ) ;
#3590 = DIRECTION ( 'NONE',  ( 1.000000000000000000, 0.000000000000000000, 0.000000000000000000 ) ) ;
#3591 = COLOUR_RGB ( '',0.2941176470588235392, 0.2941176470588235392, 0.2941176470588235392 ) ;
#3592 = EDGE_CURVE ( 'NONE', #741, #4048, #11208, .T. ) ;
#3593 = VERTEX_POINT ( 'NONE', #2779 ) ;
#3594 = CARTESIAN_POINT ( 'NONE',  ( -2.059574484825129836, -0.1699555521456899976, 0.000000000000000000 ) ) ;
#3595 =( NAMED_UNIT ( * ) SI_UNIT ( $, .STERADIAN. ) SOLID_ANGLE_UNIT ( ) );
#3596 = AXIS2_PLACEMENT_3D ( 'NONE', #4881, #11372, #126 ) ;
#3597 =( NAMED_UNIT ( * ) SI_UNIT ( $, .STERADIAN. ) SOLID_ANGLE_UNIT ( ) );
#3598 = LINE ( 'NONE', #7413, #2567 ) ;
#3599 = SURFACE_SIDE_STYLE ('',( #11213 ) ) ;
#3600 = ORIENTED_EDGE ( 'NONE', *, *, #5462, .T. ) ;
#3601 = EDGE_CURVE ( 'NONE', #7666, #5846, #3773, .T. ) ;
#3602 = ORIENTED_EDGE ( 'NONE', *, *, #6243, .F. ) ;
#3603 = LINE ( 'NONE', #1997, #1669 ) ;
#3604 =( NAMED_UNIT ( * ) PLANE_ANGLE_UNIT ( ) SI_UNIT ( $, .RADIAN. ) );
#3605 = EDGE_CURVE ( 'NONE', #6982, #11298, #9470, .T. ) ;
#3606 = VERTEX_POINT ( 'NONE', #9519 ) ;
#3607 =( LENGTH_UNIT ( ) NAMED_UNIT ( * ) SI_UNIT ( .MILLI., .METRE. ) );
#3608 = LINE ( 'NONE', #4351, #5331 ) ;
#3609 = UNCERTAINTY_MEASURE_WITH_UNIT (LENGTH_MEASURE( 1.000000000000000082E-05 ), #3671, 'distance_accuracy_value', 'NONE');
#3610 = DIRECTION ( 'NONE',  ( 0.000000000000000000, 0.000000000000000000, -1.000000000000000000 ) ) ;
#3611 = ADVANCED_FACE ( 'NONE', ( #4 ), #4823, .T. ) ;
#3612 = VERTEX_POINT ( 'NONE', #10328 ) ;
#3613 = DIRECTION ( 'NONE',  ( 0.9506450282288423370, -0.3102805670740331756, 0.000000000000000000 ) ) ;
#3615 = ORIENTED_EDGE ( 'NONE', *, *, #378, .F. ) ;
#3614 = PLANE ( 'NONE',  #9450 ) ;
#3616 = ORIENTED_EDGE ( 'NONE', *, *, #63, .T. ) ;
#3617 = LINE ( 'NONE', #868, #1630 ) ;
#3618 = SURFACE_SIDE_STYLE ('',( #9423 ) ) ;
#3619 =( LENGTH_UNIT ( ) NAMED_UNIT ( * ) SI_UNIT ( .MILLI., .METRE. ) );
#3620 = LINE ( 'NONE', #11177, #1624 ) ;
#3621 = PRESENTATION_LAYER_ASSIGNMENT (  '', '', ( #4997 ) ) ;
#3622 = CARTESIAN_POINT ( 'NONE',  ( 3.380000000000000338, 0.2000000000000000111, 3.200000000000000178 ) ) ;
#3623 = EDGE_CURVE ( 'NONE', #9658, #9989, #8473, .T. ) ;
#3624 = VERTEX_POINT ( 'NONE', #7532 ) ;
#3625 = VECTOR ( 'NONE', #9697, 1000.000000000000000 ) ;
#3626 = FILL_AREA_STYLE ('',( #3515 ) ) ;
#3627 = MECHANICAL_DESIGN_GEOMETRIC_PRESENTATION_REPRESENTATION (  '', ( #7424 ), #4406 ) ;
#3628 = CARTESIAN_POINT ( 'NONE',  ( -1.995744669437410357, -0.1074555044619750072, 0.000000000000000000 ) ) ;
#3629 = CARTESIAN_POINT ( 'NONE',  ( 3.279999999999999805, 4.000000000000000000, 0.5999999999999999778 ) ) ;
#3630 = DIRECTION ( 'NONE',  ( 0.000000000000000000, 0.000000000000000000, -1.000000000000000000 ) ) ;
#3631 = ORIENTED_EDGE ( 'NONE', *, *, #4875, .T. ) ;
#3632 = VECTOR ( 'NONE', #5595, 1000.000000000000000 ) ;
#3633 = VECTOR ( 'NONE', #11311, 1000.000000000000000 ) ;
#3634 = ADVANCED_FACE ( 'NONE', ( #9344 ), #5573, .T. ) ;
#3635 = COLOUR_RGB ( '',0.7803921568627451011, 0.7803921568627451011, 0.7803921568627451011 ) ;
#3636 = CARTESIAN_POINT ( 'NONE',  ( -2.085106396675110219, 1.055044424012449911, 0.000000000000000000 ) ) ;
#3637 = VECTOR ( 'NONE', #11759, 1000.000000000000000 ) ;
#3638 = EDGE_LOOP ( 'NONE', ( #10509, #10641, #3800, #7312 ) ) ;
#3639 = PRESENTATION_STYLE_ASSIGNMENT (( #3757 ) ) ;
#3640 = PRESENTATION_STYLE_ASSIGNMENT (( #8510 ) ) ;
#3641 = FILL_AREA_STYLE_COLOUR ( '', #4979 ) ;
#3642 =( NAMED_UNIT ( * ) SI_UNIT ( $, .STERADIAN. ) SOLID_ANGLE_UNIT ( ) );
#3643 = COLOUR_RGB ( '',0.7803921568627451011, 0.7803921568627451011, 0.7803921568627451011 ) ;
#3644 = UNCERTAINTY_MEASURE_WITH_UNIT (LENGTH_MEASURE( 1.000000000000000082E-05 ), #7209, 'distance_accuracy_value', 'NONE');
#3645 = ORIENTED_EDGE ( 'NONE', *, *, #9693, .F. ) ;
#3646 =( NAMED_UNIT ( * ) PLANE_ANGLE_UNIT ( ) SI_UNIT ( $, .RADIAN. ) );
#3647 = SURFACE_STYLE_FILL_AREA ( #12194 ) ;
#3648 = VECTOR ( 'NONE', #4984, 1000.000000000000000 ) ;
#3649 = STYLED_ITEM ( 'NONE', ( #7176 ), #5213 ) ;
#3650 = VECTOR ( 'NONE', #8106, 1000.000000000000000 ) ;
#3651 = AXIS2_PLACEMENT_3D ( 'NONE', #1633, #6273, #3527 ) ;
#3652 = VECTOR ( 'NONE', #4215, 1000.000000000000000 ) ;
#3653 = EDGE_CURVE ( 'NONE', #8790, #1807, #8653, .T. ) ;
#3654 = PRESENTATION_STYLE_ASSIGNMENT (( #2655 ) ) ;
#3655 = PRESENTATION_LAYER_ASSIGNMENT (  '', '', ( #9844 ) ) ;
#3656 = ORIENTED_EDGE ( 'NONE', *, *, #7096, .F. ) ;
#3657 = PRESENTATION_LAYER_ASSIGNMENT (  '', '', ( #7237 ) ) ;
#3658 = CARTESIAN_POINT ( 'NONE',  ( -4.509999999999999787, 0.2300000000000000100, 10.20000000000000107 ) ) ;
#3659 =( NAMED_UNIT ( * ) PLANE_ANGLE_UNIT ( ) SI_UNIT ( $, .RADIAN. ) );
#3660 = DIRECTION ( 'NONE',  ( 1.000000000000000000, 0.000000000000000000, 0.000000000000000000 ) ) ;
#3661 = EDGE_CURVE ( 'NONE', #6093, #8534, #7836, .T. ) ;
#3662 = UNCERTAINTY_MEASURE_WITH_UNIT (LENGTH_MEASURE( 1.000000000000000082E-05 ), #645, 'distance_accuracy_value', 'NONE');
#3663 = SURFACE_STYLE_USAGE ( .BOTH. , #4770 ) ;
#3664 = LINE ( 'NONE', #8220, #7864 ) ;
#3665 = AXIS2_PLACEMENT_3D ( 'NONE', #6904, #7729, #7674 ) ;
#3666 = VERTEX_POINT ( 'NONE', #11811 ) ;
#3667 = PLANE ( 'NONE',  #10773 ) ;
#3668 = SURFACE_SIDE_STYLE ('',( #7594 ) ) ;
#3669 = ORIENTED_EDGE ( 'NONE', *, *, #9963, .T. ) ;
#3670 = VECTOR ( 'NONE', #9282, 1000.000000000000000 ) ;
#3671 =( LENGTH_UNIT ( ) NAMED_UNIT ( * ) SI_UNIT ( .MILLI., .METRE. ) );
#3672 = STYLED_ITEM ( 'NONE', ( #3542 ), #7473 ) ;
#3673 = VERTEX_POINT ( 'NONE', #198 ) ;
#3674 = AXIS2_PLACEMENT_3D ( 'NONE', #4856, #8604, #3978 ) ;
#3675 = VECTOR ( 'NONE', #11381, 1000.000000000000000 ) ;
#3676 = CARTESIAN_POINT ( 'NONE',  ( -2.110638308525089712, 0.9800444240124520645, 0.000000000000000000 ) ) ;
#3677 = EDGE_CURVE ( 'NONE', #11854, #7374, #11749, .T. ) ;
#3678 = DIRECTION ( 'NONE',  ( 0.000000000000000000, 0.000000000000000000, -1.000000000000000000 ) ) ;
#3679 = VECTOR ( 'NONE', #9459, 1000.000000000000000 ) ;
#3680 = DIRECTION ( 'NONE',  ( 0.000000000000000000, 1.000000000000000000, 0.000000000000000000 ) ) ;
#3681 = FACE_OUTER_BOUND ( 'NONE', #7377, .T. ) ;
#3682 =( LENGTH_UNIT ( ) NAMED_UNIT ( * ) SI_UNIT ( .MILLI., .METRE. ) );
#3683 = ORIENTED_EDGE ( 'NONE', *, *, #2903, .F. ) ;
#3684 = FILL_AREA_STYLE ('',( #12229 ) ) ;
#3685 = PRESENTATION_LAYER_ASSIGNMENT (  '', '', ( #4863 ) ) ;
#3687 = ORIENTED_EDGE ( 'NONE', *, *, #12363, .F. ) ;
#3686 = FILL_AREA_STYLE ('',( #4490 ) ) ;
#3688 = ORIENTED_EDGE ( 'NONE', *, *, #1894, .T. ) ;
#3689 = FACE_OUTER_BOUND ( 'NONE', #6418, .T. ) ;
#3690 = PRESENTATION_LAYER_ASSIGNMENT (  '', '', ( #9027 ) ) ;
#3691 = DIRECTION ( 'NONE',  ( 0.2473831068378018472, -0.9689177459677764670, 0.000000000000000000 ) ) ;
#3692 = AXIS2_PLACEMENT_3D ( 'NONE', #10750, #8892, #314 ) ;
#3693 =( NAMED_UNIT ( * ) PLANE_ANGLE_UNIT ( ) SI_UNIT ( $, .RADIAN. ) );
#3694 = DIRECTION ( 'NONE',  ( 0.000000000000000000, 1.000000000000000000, 0.000000000000000000 ) ) ;
#3695 = ORIENTED_EDGE ( 'NONE', *, *, #4178, .F. ) ;
#3696 = SURFACE_STYLE_FILL_AREA ( #4563 ) ;
#3697 = CARTESIAN_POINT ( 'NONE',  ( 3.279999999999999805, -4.000000000000000000, 0.000000000000000000 ) ) ;
#3698 =( NAMED_UNIT ( * ) SI_UNIT ( $, .STERADIAN. ) SOLID_ANGLE_UNIT ( ) );
#3699 = CARTESIAN_POINT ( 'NONE',  ( -1.600000000000000089, -0.3574555521456899698, 0.000000000000000000 ) ) ;
#3700 = ADVANCED_FACE ( 'NONE', ( #8019 ), #386, .T. ) ;
#3701 = EDGE_LOOP ( 'NONE', ( #1697, #7235, #5553, #3368 ) ) ;
#3702 = ORIENTED_EDGE ( 'NONE', *, *, #5684, .T. ) ;
#3703 = LINE ( 'NONE', #5559, #494 ) ;
#3704 =( NAMED_UNIT ( * ) SI_UNIT ( $, .STERADIAN. ) SOLID_ANGLE_UNIT ( ) );
#3705 = CARTESIAN_POINT ( 'NONE',  ( -1.676595744490619877, 0.2425444478543100080, 0.000000000000000000 ) ) ;
#3706 = PLANE ( 'NONE',  #6265 ) ;
#3707 = CARTESIAN_POINT ( 'NONE',  ( 15.83999999999999986, 0.000000000000000000, 0.5999999999999999778 ) ) ;
#3708 = DIRECTION ( 'NONE',  ( 0.000000000000000000, -1.000000000000000000, 0.000000000000000000 ) ) ;
#3709 = ORIENTED_EDGE ( 'NONE', *, *, #704, .T. ) ;
#3710 = DIRECTION ( 'NONE',  ( 0.000000000000000000, 1.000000000000000000, 0.000000000000000000 ) ) ;
#3711 = ADVANCED_FACE ( 'NONE', ( #4009 ), #9835, .T. ) ;
#3712 = SURFACE_SIDE_STYLE ('',( #10446 ) ) ;
#3713 = VERTEX_POINT ( 'NONE', #1282 ) ;
#3714 = SURFACE_SIDE_STYLE ('',( #3485 ) ) ;
#3715 = SURFACE_SIDE_STYLE ('',( #3 ) ) ;
#3716 = DIRECTION ( 'NONE',  ( 0.000000000000000000, -1.000000000000000000, 0.000000000000000000 ) ) ;
#3717 =( NAMED_UNIT ( * ) PLANE_ANGLE_UNIT ( ) SI_UNIT ( $, .RADIAN. ) );
#3718 = LINE ( 'NONE', #1887, #9509 ) ;
#3719 = CARTESIAN_POINT ( 'NONE',  ( -3.589999999999999858, 0.4500000000000000111, -3.399999999999999911 ) ) ;
#3720 = CARTESIAN_POINT ( 'NONE',  ( -2.200000000000000178, -0.4824556475131219768, 0.000000000000000000 ) ) ;
#3721 = ORIENTED_EDGE ( 'NONE', *, *, #748, .F. ) ;
#3722 = ORIENTED_EDGE ( 'NONE', *, *, #1673, .F. ) ;
#3723 = DIRECTION ( 'NONE',  ( -1.000000000000000000, 0.000000000000000000, 0.000000000000000000 ) ) ;
#3724 = VERTEX_POINT ( 'NONE', #5885 ) ;
#3725 = EDGE_CURVE ( 'NONE', #3612, #925, #5078, .T. ) ;
#3726 = PRESENTATION_LAYER_ASSIGNMENT (  '', '', ( #2119 ) ) ;
#3727 = DIRECTION ( 'NONE',  ( -0.4547775049247477774, -0.8906050870135544528, 0.000000000000000000 ) ) ;
#3728 = UNCERTAINTY_MEASURE_WITH_UNIT (LENGTH_MEASURE( 1.000000000000000082E-05 ), #1075, 'distance_accuracy_value', 'NONE');
#3729 = SURFACE_STYLE_USAGE ( .BOTH. , #2685 ) ;
#3730 = FACE_OUTER_BOUND ( 'NONE', #1688, .T. ) ;
#3731 = ORIENTED_EDGE ( 'NONE', *, *, #9826, .T. ) ;
#3733 = ORIENTED_EDGE ( 'NONE', *, *, #9456, .F. ) ;
#3732 = SURFACE_SIDE_STYLE ('',( #2614 ) ) ;
#3734 = VERTEX_POINT ( 'NONE', #1332 ) ;
#3735 = FILL_AREA_STYLE ('',( #7432 ) ) ;
#3736 = PRESENTATION_STYLE_ASSIGNMENT (( #4686 ) ) ;
#3737 = LINE ( 'NONE', #10470, #4416 ) ;
#3738 = STYLED_ITEM ( 'NONE', ( #2049 ), #5546 ) ;
#3739 = EDGE_LOOP ( 'NONE', ( #8370, #2921, #6559, #3098 ) ) ;
#3740 = EDGE_CURVE ( 'NONE', #8534, #12367, #5131, .T. ) ;
#3741 = EDGE_CURVE ( 'NONE', #3612, #5362, #6773, .T. ) ;
#3742 = FILL_AREA_STYLE ('',( #10353 ) ) ;
#3743 = CARTESIAN_POINT ( 'NONE',  ( -4.540000000000000036, 0.2000000000000000111, 3.200000000000000178 ) ) ;
#3744 = VERTEX_POINT ( 'NONE', #10187 ) ;
#3745 = DIRECTION ( 'NONE',  ( -1.000000000000000000, 0.000000000000000000, 0.000000000000000000 ) ) ;
#3746 = SURFACE_STYLE_FILL_AREA ( #3626 ) ;
#3747 = SURFACE_STYLE_USAGE ( .BOTH. , #1615 ) ;
#3748 = CARTESIAN_POINT ( 'NONE',  ( -7.440000000000000391, 0.8000000000000000444, -2.899999999999999911 ) ) ;
#3749 = CARTESIAN_POINT ( 'NONE',  ( -1.804255312681200207, -0.4199554567782590175, 0.000000000000000000 ) ) ;
#3750 = CARTESIAN_POINT ( 'NONE',  ( -0.3300000000000099520, 1.149999999999999911, -3.399999999999999911 ) ) ;
#3751 = VECTOR ( 'NONE', #8119, 1000.000000000000000 ) ;
#3752 = PRESENTATION_LAYER_ASSIGNMENT (  '', '', ( #1752 ) ) ;
#3753 = EDGE_CURVE ( 'NONE', #842, #760, #2390, .T. ) ;
#3754 = PRESENTATION_LAYER_ASSIGNMENT (  '', '', ( #9143 ) ) ;
#3755 = COLOUR_RGB ( '',0.7803921568627451011, 0.7803921568627451011, 0.7803921568627451011 ) ;
#3756 = ORIENTED_EDGE ( 'NONE', *, *, #9197, .T. ) ;
#3757 = SURFACE_STYLE_USAGE ( .BOTH. , #7395 ) ;
#3758 = CARTESIAN_POINT ( 'NONE',  ( 12.25000000000000000, 0.4500000000000000111, 11.19999999999999929 ) ) ;
#3759 = FILL_AREA_STYLE ('',( #818 ) ) ;
#3760 = CARTESIAN_POINT ( 'NONE',  ( -2.123404264450070134, 0.4175444955380249734, 0.000000000000000000 ) ) ;
#3761 = VECTOR ( 'NONE', #8796, 1000.000000000000227 ) ;
#3762 = UNCERTAINTY_MEASURE_WITH_UNIT (LENGTH_MEASURE( 1.000000000000000082E-05 ), #4359, 'distance_accuracy_value', 'NONE');
#3763 = ORIENTED_EDGE ( 'NONE', *, *, #7304, .T. ) ;
#3764 = FILL_AREA_STYLE_COLOUR ( '', #1486 ) ;
#3765 = VECTOR ( 'NONE', #11036, 1000.000000000000000 ) ;
#3766 = PRESENTATION_LAYER_ASSIGNMENT (  '', '', ( #7570 ) ) ;
#3767 = PRESENTATION_LAYER_ASSIGNMENT (  '', '', ( #2775 ) ) ;
#3768 = DIRECTION ( 'NONE',  ( 0.000000000000000000, -1.000000000000000000, 0.000000000000000000 ) ) ;
#3769 = EDGE_LOOP ( 'NONE', ( #12178, #11678, #3236, #3909 ) ) ;
#3770 = EDGE_CURVE ( 'NONE', #11477, #10533, #2518, .T. ) ;
#3771 = CARTESIAN_POINT ( 'NONE',  ( 12.50000000000000000, 4.000000000000000000, 7.500000000000000000 ) ) ;
#3772 = FILL_AREA_STYLE_COLOUR ( '', #10323 ) ;
#3773 = LINE ( 'NONE', #8399, #9258 ) ;
#3774 = CARTESIAN_POINT ( 'NONE',  ( 8.640000000000000568, -4.000000000000000000, 0.000000000000000000 ) ) ;
#3775 = DIRECTION ( 'NONE',  ( 0.000000000000000000, 0.000000000000000000, 1.000000000000000000 ) ) ;
#3776 = UNCERTAINTY_MEASURE_WITH_UNIT (LENGTH_MEASURE( 1.000000000000000082E-05 ), #8371, 'distance_accuracy_value', 'NONE');
#3777 = VECTOR ( 'NONE', #6002, 1000.000000000000000 ) ;
#3778 = DIRECTION ( 'NONE',  ( -1.000000000000000000, 0.000000000000000000, 0.000000000000000000 ) ) ;
#3779 = FACE_OUTER_BOUND ( 'NONE', #2511, .T. ) ;
#3780 = ORIENTED_EDGE ( 'NONE', *, *, #3504, .F. ) ;
#3781 = SURFACE_STYLE_FILL_AREA ( #9529 ) ;
#3782 = VERTEX_POINT ( 'NONE', #8201 ) ;
#3783 = VERTEX_POINT ( 'NONE', #11995 ) ;
#3784 = EDGE_CURVE ( 'NONE', #9124, #2227, #3469, .T. ) ;
#3785 = DIRECTION ( 'NONE',  ( 0.4547769889117429520, -0.8906053505096228617, 0.000000000000000000 ) ) ;
#3786 =( LENGTH_UNIT ( ) NAMED_UNIT ( * ) SI_UNIT ( .MILLI., .METRE. ) );
#3787 = UNCERTAINTY_MEASURE_WITH_UNIT (LENGTH_MEASURE( 1.000000000000000082E-05 ), #11360, 'distance_accuracy_value', 'NONE');
#3788 = DIRECTION ( 'NONE',  ( 0.000000000000000000, 0.000000000000000000, 1.000000000000000000 ) ) ;
#3789 =( NAMED_UNIT ( * ) PLANE_ANGLE_UNIT ( ) SI_UNIT ( $, .RADIAN. ) );
#3790 = ORIENTED_EDGE ( 'NONE', *, *, #2893, .T. ) ;
#3792 = ORIENTED_EDGE ( 'NONE', *, *, #8665, .F. ) ;
#3791 = DIRECTION ( 'NONE',  ( 0.000000000000000000, 1.000000000000000000, 0.000000000000000000 ) ) ;
#3793 = ORIENTED_EDGE ( 'NONE', *, *, #4091, .F. ) ;
#3794 = FILL_AREA_STYLE_COLOUR ( '', #2427 ) ;
#3795 = DIRECTION ( 'NONE',  ( 0.000000000000000000, -1.000000000000000000, 0.000000000000000000 ) ) ;
#3796 = DIRECTION ( 'NONE',  ( 0.000000000000000000, -1.000000000000000000, 0.000000000000000000 ) ) ;
#3797 = LINE ( 'NONE', #4737, #9235 ) ;
#3798 = EDGE_CURVE ( 'NONE', #3815, #7013, #6189, .T. ) ;
#3799 = SURFACE_SIDE_STYLE ('',( #8559 ) ) ;
#3800 = ORIENTED_EDGE ( 'NONE', *, *, #9465, .F. ) ;
#3801 =( NAMED_UNIT ( * ) PLANE_ANGLE_UNIT ( ) SI_UNIT ( $, .RADIAN. ) );
#3802 = VERTEX_POINT ( 'NONE', #9081 ) ;
#3803 = SURFACE_SIDE_STYLE ('',( #6514 ) ) ;
#3804 = EDGE_CURVE ( 'NONE', #11100, #8446, #3406, .T. ) ;
#3805 =( LENGTH_UNIT ( ) NAMED_UNIT ( * ) SI_UNIT ( .MILLI., .METRE. ) );
#3806 = CARTESIAN_POINT ( 'NONE',  ( -2.110638308525089712, 1.305044471696169994, 0.000000000000000000 ) ) ;
#3807 = SURFACE_STYLE_FILL_AREA ( #2703 ) ;
#3808 = ORIENTED_EDGE ( 'NONE', *, *, #3516, .F. ) ;
#3809 = VECTOR ( 'NONE', #1400, 1000.000000000000000 ) ;
#3810 = COLOUR_RGB ( '',0.7803921568627451011, 0.7803921568627451011, 0.7803921568627451011 ) ;
#3811 = FILL_AREA_STYLE_COLOUR ( '', #1159 ) ;
#3812 = DIRECTION ( 'NONE',  ( -1.000000000000000000, 0.000000000000000000, 0.000000000000000000 ) ) ;
#3813 = CARTESIAN_POINT ( 'NONE',  ( -2.110638308525089712, 1.092544424012449999, 0.000000000000000000 ) ) ;
#3814 = FILL_AREA_STYLE ('',( #9512 ) ) ;
#3815 = VERTEX_POINT ( 'NONE', #1456 ) ;
#3816 = DIRECTION ( 'NONE',  ( 0.000000000000000000, 1.000000000000000000, 0.000000000000000000 ) ) ;
#3817 =( NAMED_UNIT ( * ) SI_UNIT ( $, .STERADIAN. ) SOLID_ANGLE_UNIT ( ) );
#3818 =( GEOMETRIC_REPRESENTATION_CONTEXT ( 3 ) GLOBAL_UNCERTAINTY_ASSIGNED_CONTEXT ( ( #771 ) ) GLOBAL_UNIT_ASSIGNED_CONTEXT ( ( #7501, #3789, #10224 ) ) REPRESENTATION_CONTEXT ( 'NONE', 'WORKASPACE' ) );
#3819 = PRESENTATION_LAYER_ASSIGNMENT (  '', '', ( #9207 ) ) ;
#3820 = PRESENTATION_LAYER_ASSIGNMENT (  '', '', ( #4815 ) ) ;
#3821 = STYLED_ITEM ( 'NONE', ( #7939 ), #8311 ) ;
#3822 =( GEOMETRIC_REPRESENTATION_CONTEXT ( 3 ) GLOBAL_UNCERTAINTY_ASSIGNED_CONTEXT ( ( #2769 ) ) GLOBAL_UNIT_ASSIGNED_CONTEXT ( ( #8365, #1682, #4607 ) ) REPRESENTATION_CONTEXT ( 'NONE', 'WORKASPACE' ) );
#3823 = ORIENTED_EDGE ( 'NONE', *, *, #2837, .F. ) ;
#3824 = PRESENTATION_STYLE_ASSIGNMENT (( #5814 ) ) ;
#3825 = SURFACE_STYLE_USAGE ( .BOTH. , #3715 ) ;
#3826 = STYLED_ITEM ( 'NONE', ( #9034 ), #3021 ) ;
#3827 = PRESENTATION_STYLE_ASSIGNMENT (( #6534 ) ) ;
#3828 = DIRECTION ( 'NONE',  ( -0.9813592930673576964, 0.1921820436730129200, 0.000000000000000000 ) ) ;
#3829 = VECTOR ( 'NONE', #6979, 1000.000000000000000 ) ;
#3830 = FACE_OUTER_BOUND ( 'NONE', #1509, .T. ) ;
#3831 = PLANE ( 'NONE',  #947 ) ;
#3832 =( GEOMETRIC_REPRESENTATION_CONTEXT ( 3 ) GLOBAL_UNCERTAINTY_ASSIGNED_CONTEXT ( ( #6956 ) ) GLOBAL_UNIT_ASSIGNED_CONTEXT ( ( #10534, #47, #3010 ) ) REPRESENTATION_CONTEXT ( 'NONE', 'WORKASPACE' ) );
#3833 = MECHANICAL_DESIGN_GEOMETRIC_PRESENTATION_REPRESENTATION (  '', ( #5231 ), #3250 ) ;
#3834 = SURFACE_STYLE_USAGE ( .BOTH. , #1152 ) ;
#3835 = ORIENTED_EDGE ( 'NONE', *, *, #499, .F. ) ;
#3836 =( GEOMETRIC_REPRESENTATION_CONTEXT ( 3 ) GLOBAL_UNCERTAINTY_ASSIGNED_CONTEXT ( ( #482 ) ) GLOBAL_UNIT_ASSIGNED_CONTEXT ( ( #3235, #10840, #289 ) ) REPRESENTATION_CONTEXT ( 'NONE', 'WORKASPACE' ) );
#3837 = SURFACE_SIDE_STYLE ('',( #205 ) ) ;
#3838 = EDGE_LOOP ( 'NONE', ( #3496, #7392, #5571, #10965 ) ) ;
#3839 =( NAMED_UNIT ( * ) PLANE_ANGLE_UNIT ( ) SI_UNIT ( $, .RADIAN. ) );
#3840 = EDGE_CURVE ( 'NONE', #9293, #925, #5269, .T. ) ;
#3841 = PRESENTATION_LAYER_ASSIGNMENT (  '', '', ( #9238 ) ) ;
#3842 = EDGE_LOOP ( 'NONE', ( #11755, #7332, #5198, #12127 ) ) ;
#3843 = STYLED_ITEM ( 'NONE', ( #11240 ), #5242 ) ;
#3844 = STYLED_ITEM ( 'NONE', ( #2798 ), #7159 ) ;
#3845 = MECHANICAL_DESIGN_GEOMETRIC_PRESENTATION_REPRESENTATION (  '', ( #665 ), #10244 ) ;
#3846 =( NAMED_UNIT ( * ) SI_UNIT ( $, .STERADIAN. ) SOLID_ANGLE_UNIT ( ) );
#3847 = VECTOR ( 'NONE', #3983, 1000.000000000000000 ) ;
#3848 =( LENGTH_UNIT ( ) NAMED_UNIT ( * ) SI_UNIT ( .MILLI., .METRE. ) );
#3849 =( NAMED_UNIT ( * ) SI_UNIT ( $, .STERADIAN. ) SOLID_ANGLE_UNIT ( ) );
#3850 = CARTESIAN_POINT ( 'NONE',  ( -4.509999999999999787, 1.369999999999999885, -2.399999999999999911 ) ) ;
#3851 = ORIENTED_EDGE ( 'NONE', *, *, #7998, .T. ) ;
#3854 = ORIENTED_EDGE ( 'NONE', *, *, #6243, .T. ) ;
#3853 =( GEOMETRIC_REPRESENTATION_CONTEXT ( 3 ) GLOBAL_UNCERTAINTY_ASSIGNED_CONTEXT ( ( #6087 ) ) GLOBAL_UNIT_ASSIGNED_CONTEXT ( ( #12322, #3891, #11507 ) ) REPRESENTATION_CONTEXT ( 'NONE', 'WORKASPACE' ) );
#3852 = SURFACE_STYLE_USAGE ( .BOTH. , #2032 ) ;
#3855 = EDGE_LOOP ( 'NONE', ( #8677, #3534, #6711, #12157 ) ) ;
#3856 = VECTOR ( 'NONE', #6491, 1000.000000000000114 ) ;
#3857 = MECHANICAL_DESIGN_GEOMETRIC_PRESENTATION_REPRESENTATION (  '', ( #2662 ), #5247 ) ;
#3858 = EDGE_CURVE ( 'NONE', #5215, #12071, #509, .T. ) ;
#3859 = MECHANICAL_DESIGN_GEOMETRIC_PRESENTATION_REPRESENTATION (  '', ( #874 ), #11829 ) ;
#3860 = PRESENTATION_LAYER_ASSIGNMENT (  '', '', ( #6258 ) ) ;
#3861 = PRESENTATION_STYLE_ASSIGNMENT (( #7743 ) ) ;
#3862 = CARTESIAN_POINT ( 'NONE',  ( -1.804255312681200207, -0.6449554567782590508, -0.05000000000000000278 ) ) ;
#3863 = VECTOR ( 'NONE', #4706, 1000.000000000000227 ) ;
#3864 =( GEOMETRIC_REPRESENTATION_CONTEXT ( 3 ) GLOBAL_UNCERTAINTY_ASSIGNED_CONTEXT ( ( #2991 ) ) GLOBAL_UNIT_ASSIGNED_CONTEXT ( ( #9931, #6924, #4929 ) ) REPRESENTATION_CONTEXT ( 'NONE', 'WORKASPACE' ) );
#3865 =( NAMED_UNIT ( * ) PLANE_ANGLE_UNIT ( ) SI_UNIT ( $, .RADIAN. ) );
#3866 = FILL_AREA_STYLE_COLOUR ( '', #4124 ) ;
#3867 = VECTOR ( 'NONE', #4710, 1000.000000000000000 ) ;
#3868 = VERTEX_POINT ( 'NONE', #2583 ) ;
#3869 = EDGE_LOOP ( 'NONE', ( #2761, #6502, #9764, #5661 ) ) ;
#3870 = CARTESIAN_POINT ( 'NONE',  ( -7.299999999999999822, 0.2000000000000000111, 0.5999999999999999778 ) ) ;
#3871 = FILL_AREA_STYLE_COLOUR ( '', #7149 ) ;
#3872 = CARTESIAN_POINT ( 'NONE',  ( -1.714893621206280194, 1.055044424012449911, 0.000000000000000000 ) ) ;
#3873 = EDGE_CURVE ( 'NONE', #5264, #10447, #7194, .T. ) ;
#3874 = VECTOR ( 'NONE', #7133, 1000.000000000000000 ) ;
#3875 = EDGE_CURVE ( 'NONE', #2298, #3994, #11874, .T. ) ;
#3876 = ORIENTED_EDGE ( 'NONE', *, *, #10404, .F. ) ;
#3877 = CYLINDRICAL_SURFACE ( 'NONE', #631, 1.000000000000000888 ) ;
#3878 = FILL_AREA_STYLE ('',( #4933 ) ) ;
#3879 = SURFACE_SIDE_STYLE ('',( #8574 ) ) ;
#3880 = DIRECTION ( 'NONE',  ( 0.000000000000000000, 0.000000000000000000, -1.000000000000000000 ) ) ;
#3881 = AXIS2_PLACEMENT_3D ( 'NONE', #10366, #1700, #12304 ) ;
#3882 = LINE ( 'NONE', #7704, #5607 ) ;
#3883 = FACE_OUTER_BOUND ( 'NONE', #10295, .T. ) ;
#3884 = ORIENTED_EDGE ( 'NONE', *, *, #9294, .F. ) ;
#3885 =( NAMED_UNIT ( * ) SI_UNIT ( $, .STERADIAN. ) SOLID_ANGLE_UNIT ( ) );
#3886 = EDGE_CURVE ( 'NONE', #9481, #8198, #9192, .T. ) ;
#3887 = DIRECTION ( 'NONE',  ( -0.3162279017270619441, 0.9486832528137617571, 0.000000000000000000 ) ) ;
#3888 = ORIENTED_EDGE ( 'NONE', *, *, #2804, .T. ) ;
#3889 =( NAMED_UNIT ( * ) SI_UNIT ( $, .STERADIAN. ) SOLID_ANGLE_UNIT ( ) );
#3890 = LINE ( 'NONE', #904, #6055 ) ;
#3891 =( NAMED_UNIT ( * ) PLANE_ANGLE_UNIT ( ) SI_UNIT ( $, .RADIAN. ) );
#3892 = PRESENTATION_STYLE_ASSIGNMENT (( #9579 ) ) ;
#3893 = LINE ( 'NONE', #1824, #6712 ) ;
#3894 = FILL_AREA_STYLE ('',( #9582 ) ) ;
#3895 = UNCERTAINTY_MEASURE_WITH_UNIT (LENGTH_MEASURE( 1.000000000000000082E-05 ), #174, 'distance_accuracy_value', 'NONE');
#3896 =( NAMED_UNIT ( * ) PLANE_ANGLE_UNIT ( ) SI_UNIT ( $, .RADIAN. ) );
#3897 = ORIENTED_EDGE ( 'NONE', *, *, #12265, .T. ) ;
#3898 = CARTESIAN_POINT ( 'NONE',  ( -12.42999999999999972, 1.369999999999999885, -2.399999999999999911 ) ) ;
#3899 = VERTEX_POINT ( 'NONE', #10075 ) ;
#3900 = FACE_OUTER_BOUND ( 'NONE', #11189, .T. ) ;
#3901 = ORIENTED_EDGE ( 'NONE', *, *, #10142, .T. ) ;
#3902 = SURFACE_STYLE_FILL_AREA ( #7675 ) ;
#3903 = CARTESIAN_POINT ( 'NONE',  ( 0.000000000000000000, 0.000000000000000000, 0.000000000000000000 ) ) ;
#3904 = CARTESIAN_POINT ( 'NONE',  ( 4.330000000000000071, 0.4500000000000000111, 11.19999999999999929 ) ) ;
#3905 = DIRECTION ( 'NONE',  ( 0.000000000000000000, 0.000000000000000000, 1.000000000000000000 ) ) ;
#3906 = ORIENTED_EDGE ( 'NONE', *, *, #3886, .T. ) ;
#3907 = PRESENTATION_STYLE_ASSIGNMENT (( #6858 ) ) ;
#3909 = ORIENTED_EDGE ( 'NONE', *, *, #6321, .T. ) ;
#3908 =( NAMED_UNIT ( * ) PLANE_ANGLE_UNIT ( ) SI_UNIT ( $, .RADIAN. ) );
#3910 = ORIENTED_EDGE ( 'NONE', *, *, #5161, .F. ) ;
#3911 = CARTESIAN_POINT ( 'NONE',  ( -2.123404264450070134, 0.01754444785430959997, 0.000000000000000000 ) ) ;
#3912 = SURFACE_SIDE_STYLE ('',( #7916 ) ) ;
#3913 = SURFACE_SIDE_STYLE ('',( #2038 ) ) ;
#3914 = FILL_AREA_STYLE ('',( #1175 ) ) ;
#3915 = VECTOR ( 'NONE', #7081, 1000.000000000000000 ) ;
#3916 = DIRECTION ( 'NONE',  ( -1.000000000000000000, 0.000000000000000000, 0.000000000000000000 ) ) ;
#3917 = DIRECTION ( 'NONE',  ( 0.000000000000000000, 0.9766444667050906414, -0.2148617826751169080 ) ) ;
#3918 = EDGE_CURVE ( 'NONE', #9893, #11006, #8278, .T. ) ;
#3920 = ORIENTED_EDGE ( 'NONE', *, *, #7921, .T. ) ;
#3919 = LINE ( 'NONE', #1064, #10605 ) ;
#3921 = ORIENTED_EDGE ( 'NONE', *, *, #6052, .F. ) ;
#3922 = CARTESIAN_POINT ( 'NONE',  ( 3.979999999999999982, 0.3400000000000000244, 10.69999999999999929 ) ) ;
#3923 = FACE_OUTER_BOUND ( 'NONE', #6567, .T. ) ;
#3924 = STYLED_ITEM ( 'NONE', ( #1596 ), #5764 ) ;
#3925 = ORIENTED_EDGE ( 'NONE', *, *, #9052, .T. ) ;
#3926 = FACE_OUTER_BOUND ( 'NONE', #6690, .T. ) ;
#3927 = CARTESIAN_POINT ( 'NONE',  ( -1.600000000000000089, -0.3574555521456899698, -0.05000000000000000278 ) ) ;
#3928 = LINE ( 'NONE', #812, #4670 ) ;
#3929 = VECTOR ( 'NONE', #9872, 1000.000000000000000 ) ;
#3930 = COLOUR_RGB ( '',0.2941176470588235392, 0.2941176470588235392, 0.2941176470588235392 ) ;
#3931 = ORIENTED_EDGE ( 'NONE', *, *, #8707, .T. ) ;
#3932 = CARTESIAN_POINT ( 'NONE',  ( -1.676595744490619877, 1.142544447854309864, 0.000000000000000000 ) ) ;
#3933 = EDGE_CURVE ( 'NONE', #3176, #162, #4265, .T. ) ;
#3935 = VECTOR ( 'NONE', #7736, 1000.000000000000000 ) ;
#3934 = CARTESIAN_POINT ( 'NONE',  ( -2.123404264450070134, 1.142544447854309864, -0.05000000000000000278 ) ) ;
#3936 = CARTESIAN_POINT ( 'NONE',  ( -3.589999999999999858, 0.4500000000000000111, -3.399999999999999911 ) ) ;
#3937 = PRESENTATION_LAYER_ASSIGNMENT (  '', '', ( #9933 ) ) ;
#3938 = CARTESIAN_POINT ( 'NONE',  ( -7.200000000000000178, 4.000000000000000000, 0.000000000000000000 ) ) ;
#3939 = PRESENTATION_STYLE_ASSIGNMENT (( #7945 ) ) ;
#3940 = VERTEX_POINT ( 'NONE', #1393 ) ;
#3941 = DIRECTION ( 'NONE',  ( -0.8981377963584211699, -0.4397141102494200871, 0.000000000000000000 ) ) ;
#3942 = MECHANICAL_DESIGN_GEOMETRIC_PRESENTATION_REPRESENTATION (  '', ( #11329 ), #551 ) ;
#3943 = EDGE_CURVE ( 'NONE', #191, #11110, #9133, .T. ) ;
#3944 = STYLED_ITEM ( 'NONE', ( #3466 ), #8987 ) ;
#3945 = CARTESIAN_POINT ( 'NONE',  ( -1.638297872245309872, 1.030044447854310041, -0.05000000000000000278 ) ) ;
#3946 = ORIENTED_EDGE ( 'NONE', *, *, #207, .F. ) ;
#3947 = SURFACE_STYLE_FILL_AREA ( #2194 ) ;
#3948 = EDGE_CURVE ( 'NONE', #7163, #3673, #5191, .T. ) ;
#3949 = CARTESIAN_POINT ( 'NONE',  ( 0.7199999999999900924, -4.000000000000000000, 0.000000000000000000 ) ) ;
#3950 = DIRECTION ( 'NONE',  ( -1.000000000000000000, 0.000000000000000000, 0.000000000000000000 ) ) ;
#3951 = DIRECTION ( 'NONE',  ( -1.000000000000000000, 0.000000000000000000, 0.000000000000000000 ) ) ;
#3952 = FILL_AREA_STYLE ('',( #5950 ) ) ;
#3953 = COLOUR_RGB ( '',1.000000000000000000, 1.000000000000000000, 0.9450980392156862475 ) ;
#3954 = VERTEX_POINT ( 'NONE', #3342 ) ;
#3955 = DIRECTION ( 'NONE',  ( 0.000000000000000000, 0.000000000000000000, 1.000000000000000000 ) ) ;
#3956 = LINE ( 'NONE', #4962, #1461 ) ;
#3957 = EDGE_CURVE ( 'NONE', #11496, #731, #3280, .T. ) ;
#3958 = VERTEX_POINT ( 'NONE', #6271 ) ;
#3959 = SURFACE_SIDE_STYLE ('',( #11464 ) ) ;
#3960 = ORIENTED_EDGE ( 'NONE', *, *, #4497, .F. ) ;
#3961 = VECTOR ( 'NONE', #1609, 1000.000000000000000 ) ;
#3962 = CARTESIAN_POINT ( 'NONE',  ( -1.689361700415610068, 0.9800444240124520645, 0.000000000000000000 ) ) ;
#3963 = PRESENTATION_STYLE_ASSIGNMENT (( #12339 ) ) ;
#3964 = COLOUR_RGB ( '',0.7803921568627451011, 0.7803921568627451011, 0.7803921568627451011 ) ;
#3965 = DIRECTION ( 'NONE',  ( 0.000000000000000000, 0.000000000000000000, -1.000000000000000000 ) ) ;
#3966 = UNCERTAINTY_MEASURE_WITH_UNIT (LENGTH_MEASURE( 1.000000000000000082E-05 ), #12172, 'distance_accuracy_value', 'NONE');
#3967 = PLANE ( 'NONE',  #7039 ) ;
#3968 = ORIENTED_EDGE ( 'NONE', *, *, #6507, .T. ) ;
#3969 = EDGE_CURVE ( 'NONE', #5798, #4303, #1516, .T. ) ;
#3970 =( NAMED_UNIT ( * ) SI_UNIT ( $, .STERADIAN. ) SOLID_ANGLE_UNIT ( ) );
#3972 = EDGE_LOOP ( 'NONE', ( #2117, #3507, #8053, #113, #5531, #7118, #2404, #6906, #3246, #9075, #8722, #4295, #3669, #7905, #10742, #9352, #1005, #10772, #6936, #284, #11552, #5583, #5971, #2422, #3203, #11314, #11535, #7963, #10761, #7585, #8325, #1353 ) ) ;
#3971 = SURFACE_SIDE_STYLE ('',( #9668 ) ) ;
#3973 = ORIENTED_EDGE ( 'NONE', *, *, #116, .F. ) ;
#3974 = FILL_AREA_STYLE_COLOUR ( '', #654 ) ;
#3975 = LINE ( 'NONE', #3124, #11190 ) ;
#3976 = ADVANCED_FACE ( 'NONE', ( #4382 ), #9007, .T. ) ;
#3977 =( NAMED_UNIT ( * ) PLANE_ANGLE_UNIT ( ) SI_UNIT ( $, .RADIAN. ) );
#3978 = DIRECTION ( 'NONE',  ( 0.000000000000000000, 1.000000000000000000, 0.000000000000000000 ) ) ;
#3979 =( GEOMETRIC_REPRESENTATION_CONTEXT ( 3 ) GLOBAL_UNCERTAINTY_ASSIGNED_CONTEXT ( ( #6527 ) ) GLOBAL_UNIT_ASSIGNED_CONTEXT ( ( #7400, #10135, #2711 ) ) REPRESENTATION_CONTEXT ( 'NONE', 'WORKASPACE' ) );
#3980 = ORIENTED_EDGE ( 'NONE', *, *, #7096, .T. ) ;
#3981 = SURFACE_STYLE_USAGE ( .BOTH. , #11827 ) ;
#3982 = ADVANCED_FACE ( 'NONE', ( #9511 ), #3706, .F. ) ;
#3983 = DIRECTION ( 'NONE',  ( 1.000000000000000000, 0.000000000000000000, 0.000000000000000000 ) ) ;
#3984 = PLANE ( 'NONE',  #8034 ) ;
#3985 = CARTESIAN_POINT ( 'NONE',  ( -2.110638308525089712, 1.417544435933379754, 0.000000000000000000 ) ) ;
#3986 = SURFACE_SIDE_STYLE ('',( #4919 ) ) ;
#3988 = ORIENTED_EDGE ( 'NONE', *, *, #9857, .F. ) ;
#3987 = DIRECTION ( 'NONE',  ( 1.000000000000000000, 0.000000000000000000, 0.000000000000000000 ) ) ;
#3989 = EDGE_LOOP ( 'NONE', ( #10519, #11870, #6735, #7788 ) ) ;
#3990 = DIRECTION ( 'NONE',  ( -1.000000000000000000, 0.000000000000000000, 0.000000000000000000 ) ) ;
#3991 = CARTESIAN_POINT ( 'NONE',  ( 0.000000000000000000, 0.000000000000000000, 0.000000000000000000 ) ) ;
#3992 = LINE ( 'NONE', #1002, #11598 ) ;
#3993 = EDGE_CURVE ( 'NONE', #6889, #10115, #8511, .T. ) ;
#3994 = VERTEX_POINT ( 'NONE', #8459 ) ;
#3995 = DIRECTION ( 'NONE',  ( 0.000000000000000000, 1.000000000000000000, 0.000000000000000000 ) ) ;
#3996 = LINE ( 'NONE', #2959, #8330 ) ;
#3997 =( NAMED_UNIT ( * ) SI_UNIT ( $, .STERADIAN. ) SOLID_ANGLE_UNIT ( ) );
#3998 =( NAMED_UNIT ( * ) PLANE_ANGLE_UNIT ( ) SI_UNIT ( $, .RADIAN. ) );
#3999 =( NAMED_UNIT ( * ) SI_UNIT ( $, .STERADIAN. ) SOLID_ANGLE_UNIT ( ) );
#4000 = ORIENTED_EDGE ( 'NONE', *, *, #850, .T. ) ;
#4001 = CARTESIAN_POINT ( 'NONE',  ( -1.689361700415610068, -0.1449555044619749988, 0.000000000000000000 ) ) ;
#4002 = LINE ( 'NONE', #380, #6246 ) ;
#4003 = EDGE_CURVE ( 'NONE', #2577, #6489, #9569, .T. ) ;
#4004 = CARTESIAN_POINT ( 'NONE',  ( 11.19999999999999929, 4.000000000000000000, 0.000000000000000000 ) ) ;
#4005 = VERTEX_POINT ( 'NONE', #2765 ) ;
#4006 = CARTESIAN_POINT ( 'NONE',  ( -11.50999999999999979, 1.149999999999999911, -3.399999999999999911 ) ) ;
#4007 = DIRECTION ( 'NONE',  ( -1.000000000000000000, 0.000000000000000000, 0.000000000000000000 ) ) ;
#4008 = CARTESIAN_POINT ( 'NONE',  ( -1.753191488981250101, 1.367544447854309952, -0.05000000000000000278 ) ) ;
#4009 = FACE_OUTER_BOUND ( 'NONE', #6705, .T. ) ;
#4010 = SURFACE_SIDE_STYLE ('',( #7138 ) ) ;
#4011 = FACE_OUTER_BOUND ( 'NONE', #2386, .T. ) ;
#4012 = UNCERTAINTY_MEASURE_WITH_UNIT (LENGTH_MEASURE( 1.000000000000000082E-05 ), #7746, 'distance_accuracy_value', 'NONE');
#4013 = CARTESIAN_POINT ( 'NONE',  ( -0.4400000000000080513, 0.8000000000000000444, 10.69999999999999929 ) ) ;
#4014 = SURFACE_SIDE_STYLE ('',( #6594 ) ) ;
#4015 = EDGE_LOOP ( 'NONE', ( #2707, #12160, #9436, #10465, #4120, #7890, #9336, #11747, #2890, #10479, #7408, #2064, #6920, #5591 ) ) ;
#4016 = DIRECTION ( 'NONE',  ( 0.000000000000000000, 1.000000000000000000, 0.000000000000000000 ) ) ;
#4017 = ORIENTED_EDGE ( 'NONE', *, *, #6877, .F. ) ;
#4018 = EDGE_CURVE ( 'NONE', #11565, #9670, #1811, .T. ) ;
#4019 = ORIENTED_EDGE ( 'NONE', *, *, #1130, .T. ) ;
#4020 = STYLED_ITEM ( 'NONE', ( #10599 ), #4988 ) ;
#4021 = CARTESIAN_POINT ( 'NONE',  ( -12.31999999999999851, 0.8000000000000000444, -2.899999999999999911 ) ) ;
#4022 = EDGE_CURVE ( 'NONE', #10726, #9107, #7399, .T. ) ;
#4023 = SURFACE_SIDE_STYLE ('',( #10764 ) ) ;
#4024 = UNCERTAINTY_MEASURE_WITH_UNIT (LENGTH_MEASURE( 1.000000000000000082E-05 ), #6814, 'distance_accuracy_value', 'NONE');
#4025 = PRESENTATION_LAYER_ASSIGNMENT (  '', '', ( #651 ) ) ;
#4026 = FACE_BOUND ( 'NONE', #2653, .T. ) ;
#4027 = CARTESIAN_POINT ( 'NONE',  ( -2.200000000000000178, 2.005044447854310352, -0.05000000000000000278 ) ) ;
#4028 = VECTOR ( 'NONE', #7830, 1000.000000000000000 ) ;
#4029 = ORIENTED_EDGE ( 'NONE', *, *, #4946, .T. ) ;
#4030 = VERTEX_POINT ( 'NONE', #897 ) ;
#4031 = PRESENTATION_LAYER_ASSIGNMENT (  '', '', ( #9621 ) ) ;
#4032 = ORIENTED_EDGE ( 'NONE', *, *, #2191, .F. ) ;
#4033 = PRESENTATION_STYLE_ASSIGNMENT (( #9788 ) ) ;
#4034 = DIRECTION ( 'NONE',  ( 0.1921821214476699957, -0.9813592778365490821, 0.000000000000000000 ) ) ;
#4035 =( GEOMETRIC_REPRESENTATION_CONTEXT ( 3 ) GLOBAL_UNCERTAINTY_ASSIGNED_CONTEXT ( ( #10756 ) ) GLOBAL_UNIT_ASSIGNED_CONTEXT ( ( #12139, #10260, #3642 ) ) REPRESENTATION_CONTEXT ( 'NONE', 'WORKASPACE' ) );
#4036 = ORIENTED_EDGE ( 'NONE', *, *, #3441, .F. ) ;
#4037 = MECHANICAL_DESIGN_GEOMETRIC_PRESENTATION_REPRESENTATION (  '', ( #5825 ), #247 ) ;
#4038 = COLOUR_RGB ( '',1.000000000000000000, 1.000000000000000000, 0.9450980392156862475 ) ;
#4039 = PRESENTATION_STYLE_ASSIGNMENT (( #9795 ) ) ;
#4040 = CARTESIAN_POINT ( 'NONE',  ( -4.290000000000000036, 1.149999999999999911, -3.399999999999999911 ) ) ;
#4041 = MECHANICAL_DESIGN_GEOMETRIC_PRESENTATION_REPRESENTATION (  '', ( #864 ), #7031 ) ;
#4042 = SURFACE_STYLE_FILL_AREA ( #8917 ) ;
#4043 = MECHANICAL_DESIGN_GEOMETRIC_PRESENTATION_REPRESENTATION (  '', ( #7654 ), #4851 ) ;
#4044 = DIRECTION ( 'NONE',  ( 0.000000000000000000, 1.000000000000000000, 0.000000000000000000 ) ) ;
#4045 = LINE ( 'NONE', #1062, #6340 ) ;
#4046 = AXIS2_PLACEMENT_3D ( 'NONE', #11837, #3302, #1716 ) ;
#4048 = VERTEX_POINT ( 'NONE', #12309 ) ;
#4047 = SURFACE_SIDE_STYLE ('',( #1980 ) ) ;
#4049 = EDGE_LOOP ( 'NONE', ( #11366, #6197, #1595, #10710 ) ) ;
#4050 = PRESENTATION_LAYER_ASSIGNMENT (  '', '', ( #6250 ) ) ;
#4051 = CARTESIAN_POINT ( 'NONE',  ( 3.409999999999999698, 1.369999999999999885, 11.19999999999999929 ) ) ;
#4052 = CARTESIAN_POINT ( 'NONE',  ( 13.86000000000000121, -3.000000000000000000, 0.000000000000000000 ) ) ;
#4053 = SURFACE_STYLE_USAGE ( .BOTH. , #9877 ) ;
#4054 =( NAMED_UNIT ( * ) SI_UNIT ( $, .STERADIAN. ) SOLID_ANGLE_UNIT ( ) );
#4055 = PRESENTATION_LAYER_ASSIGNMENT (  '', '', ( #9458 ) ) ;
#4056 = VECTOR ( 'NONE', #5951, 1000.000000000000000 ) ;
#4057 = PRESENTATION_LAYER_ASSIGNMENT (  '', '', ( #11418 ) ) ;
#4058 = MECHANICAL_DESIGN_GEOMETRIC_PRESENTATION_REPRESENTATION (  '', ( #10056 ), #5261 ) ;
#4059 = ORIENTED_EDGE ( 'NONE', *, *, #7511, .T. ) ;
#4060 = LINE ( 'NONE', #11686, #1249 ) ;
#4061 = LINE ( 'NONE', #1991, #5937 ) ;
#4062 = PLANE ( 'NONE',  #2831 ) ;
#4063 = EDGE_CURVE ( 'NONE', #6376, #10671, #2638, .T. ) ;
#4064 = PRESENTATION_STYLE_ASSIGNMENT (( #2122 ) ) ;
#4065 = VERTEX_POINT ( 'NONE', #7577 ) ;
#4066 = STYLED_ITEM ( 'NONE', ( #12177 ), #7781 ) ;
#4067 = FACE_OUTER_BOUND ( 'NONE', #11352, .T. ) ;
#4068 = DIRECTION ( 'NONE',  ( 0.000000000000000000, 1.000000000000000000, 0.000000000000000000 ) ) ;
#4069 = MECHANICAL_DESIGN_GEOMETRIC_PRESENTATION_REPRESENTATION (  '', ( #2063 ), #5238 ) ;
#4070 = VECTOR ( 'NONE', #6327, 1000.000000000000114 ) ;
#4071 = PLANE ( 'NONE',  #11805 ) ;
#4072 = ORIENTED_EDGE ( 'NONE', *, *, #9515, .T. ) ;
#4073 = SURFACE_SIDE_STYLE ('',( #263 ) ) ;
#4074 = CARTESIAN_POINT ( 'NONE',  ( 0.5899999999999860911, 1.369999999999999885, 10.20000000000000107 ) ) ;
#4075 = DIRECTION ( 'NONE',  ( 0.2473834390652840665, -0.9689176611437283482, 0.000000000000000000 ) ) ;
#4076 = LINE ( 'NONE', #11942, #3777 ) ;
#4077 = EDGE_CURVE ( 'NONE', #11503, #1184, #11371, .T. ) ;
#4078 = LINE ( 'NONE', #8897, #6753 ) ;
#4079 = EDGE_CURVE ( 'NONE', #8970, #6014, #4993, .T. ) ;
#4080 = PLANE ( 'NONE',  #8606 ) ;
#4081 =( NAMED_UNIT ( * ) PLANE_ANGLE_UNIT ( ) SI_UNIT ( $, .RADIAN. ) );
#4082 = CARTESIAN_POINT ( 'NONE',  ( 0.000000000000000000, 0.000000000000000000, 0.000000000000000000 ) ) ;
#4083 = ORIENTED_EDGE ( 'NONE', *, *, #5007, .T. ) ;
#4084 = DIRECTION ( 'NONE',  ( -1.000000000000000000, 0.000000000000000000, 0.000000000000000000 ) ) ;
#4085 = VERTEX_POINT ( 'NONE', #5875 ) ;
#4086 = DIRECTION ( 'NONE',  ( 0.8265992787996224722, 0.5627909312417391785, 0.000000000000000000 ) ) ;
#4087 = LINE ( 'NONE', #1107, #5528 ) ;
#4088 =( NAMED_UNIT ( * ) SI_UNIT ( $, .STERADIAN. ) SOLID_ANGLE_UNIT ( ) );
#4089 = CARTESIAN_POINT ( 'NONE',  ( -1.600000000000000089, -0.7824556475131219102, -0.05000000000000000278 ) ) ;
#4090 = SURFACE_SIDE_STYLE ('',( #10954 ) ) ;
#4091 = EDGE_CURVE ( 'NONE', #12367, #3802, #1196, .T. ) ;
#4092 = ORIENTED_EDGE ( 'NONE', *, *, #3575, .T. ) ;
#4093 = DIRECTION ( 'NONE',  ( 0.000000000000000000, 0.9766444667050906414, 0.2148617826751169080 ) ) ;
#4095 = ORIENTED_EDGE ( 'NONE', *, *, #9280, .T. ) ;
#4094 = PRESENTATION_STYLE_ASSIGNMENT (( #9859 ) ) ;
#4096 = ORIENTED_EDGE ( 'NONE', *, *, #12276, .F. ) ;
#4097 =( NAMED_UNIT ( * ) PLANE_ANGLE_UNIT ( ) SI_UNIT ( $, .RADIAN. ) );
#4098 = PLANE ( 'NONE',  #5038 ) ;
#4099 = FACE_OUTER_BOUND ( 'NONE', #12354, .T. ) ;
#4100 = ADVANCED_FACE ( 'NONE', ( #3087 ), #190, .T. ) ;
#4101 = ORIENTED_EDGE ( 'NONE', *, *, #5689, .F. ) ;
#4102 = CARTESIAN_POINT ( 'NONE',  ( -1.600000000000000089, 1.555044447854309952, 0.000000000000000000 ) ) ;
#4103 = PRESENTATION_STYLE_ASSIGNMENT (( #4161 ) ) ;
#4104 = DIRECTION ( 'NONE',  ( -1.000000000000000000, 0.000000000000000000, 0.000000000000000000 ) ) ;
#4105 = SURFACE_STYLE_FILL_AREA ( #1494 ) ;
#4107 = VERTEX_POINT ( 'NONE', #3206 ) ;
#4106 = SURFACE_STYLE_FILL_AREA ( #7523 ) ;
#4108 = ORIENTED_EDGE ( 'NONE', *, *, #8697, .T. ) ;
#4109 = LINE ( 'NONE', #6878, #6824 ) ;
#4110 =( NAMED_UNIT ( * ) SI_UNIT ( $, .STERADIAN. ) SOLID_ANGLE_UNIT ( ) );
#4111 = CARTESIAN_POINT ( 'NONE',  ( -1.804255312681200207, 1.380044471696169950, 0.000000000000000000 ) ) ;
#4112 = VECTOR ( 'NONE', #2915, 1000.000000000000000 ) ;
#4113 = EDGE_CURVE ( 'NONE', #5763, #4944, #1992, .T. ) ;
#4114 = CARTESIAN_POINT ( 'NONE',  ( -8.599999999999999645, 4.000000000000000000, 0.000000000000000000 ) ) ;
#4115 = ORIENTED_EDGE ( 'NONE', *, *, #910, .T. ) ;
#4116 = SURFACE_STYLE_FILL_AREA ( #5062 ) ;
#4117 = CARTESIAN_POINT ( 'NONE',  ( 11.19999999999999929, 4.000000000000000000, 0.000000000000000000 ) ) ;
#4118 = CARTESIAN_POINT ( 'NONE',  ( -2.200000000000000178, 0.8675444240124519091, 0.000000000000000000 ) ) ;
#4119 = COLOUR_RGB ( '',1.000000000000000000, 1.000000000000000000, 0.9450980392156862475 ) ;
#4120 = ORIENTED_EDGE ( 'NONE', *, *, #3351, .F. ) ;
#4121 = SURFACE_SIDE_STYLE ('',( #5806 ) ) ;
#4122 = ADVANCED_FACE ( 'NONE', ( #9755 ), #4062, .T. ) ;
#4123 = VERTEX_POINT ( 'NONE', #10796 ) ;
#4124 = COLOUR_RGB ( '',0.7803921568627451011, 0.7803921568627451011, 0.7803921568627451011 ) ;
#4125 = SURFACE_STYLE_FILL_AREA ( #260 ) ;
#4126 = VERTEX_POINT ( 'NONE', #9819 ) ;
#4127 =( GEOMETRIC_REPRESENTATION_CONTEXT ( 3 ) GLOBAL_UNCERTAINTY_ASSIGNED_CONTEXT ( ( #2454 ) ) GLOBAL_UNIT_ASSIGNED_CONTEXT ( ( #3159, #9083, #3219 ) ) REPRESENTATION_CONTEXT ( 'NONE', 'WORKASPACE' ) );
#4128 = CARTESIAN_POINT ( 'NONE',  ( -2.200000000000000178, 0.4175444955380249734, 0.000000000000000000 ) ) ;
#4129 = CARTESIAN_POINT ( 'NONE',  ( -12.42999999999999972, 0.2300000000000000100, 10.20000000000000107 ) ) ;
#4130 = SURFACE_SIDE_STYLE ('',( #3103 ) ) ;
#4131 = CARTESIAN_POINT ( 'NONE',  ( 4.440000000000000391, 0.8000000000000000444, 10.69999999999999929 ) ) ;
#4132 = AXIS2_PLACEMENT_3D ( 'NONE', #11624, #62, #1262 ) ;
#4133 = UNCERTAINTY_MEASURE_WITH_UNIT (LENGTH_MEASURE( 1.000000000000000082E-05 ), #11099, 'distance_accuracy_value', 'NONE');
#4134 = CARTESIAN_POINT ( 'NONE',  ( 12.85999999999999943, 3.000000000000000000, 0.000000000000000000 ) ) ;
#4135 = PRESENTATION_STYLE_ASSIGNMENT (( #324 ) ) ;
#4136 = AXIS2_PLACEMENT_3D ( 'NONE', #6468, #8577, #770 ) ;
#4137 = PRESENTATION_LAYER_ASSIGNMENT (  '', '', ( #2354 ) ) ;
#4138 = LINE ( 'NONE', #10946, #2245 ) ;
#4139 = ORIENTED_EDGE ( 'NONE', *, *, #1881, .F. ) ;
#4140 = EDGE_CURVE ( 'NONE', #3266, #5958, #3882, .T. ) ;
#4141 = STYLED_ITEM ( 'NONE', ( #4225 ), #6362 ) ;
#4142 = AXIS2_PLACEMENT_3D ( 'NONE', #6113, #560, #8005 ) ;
#4143 = LINE ( 'NONE', #7969, #7856 ) ;
#4144 = LINE ( 'NONE', #7971, #5126 ) ;
#4145 = VECTOR ( 'NONE', #7975, 1000.000000000000000 ) ;
#4146 = CARTESIAN_POINT ( 'NONE',  ( -4.509999999999999787, 0.2300000000000000100, -2.399999999999999911 ) ) ;
#4147 = FILL_AREA_STYLE ('',( #1476 ) ) ;
#4148 = CARTESIAN_POINT ( 'NONE',  ( -11.28999999999999915, 1.369999999999999885, 10.20000000000000107 ) ) ;
#4150 = VERTEX_POINT ( 'NONE', #3938 ) ;
#4149 = DIRECTION ( 'NONE',  ( 0.000000000000000000, 1.000000000000000000, 0.000000000000000000 ) ) ;
#4151 = EDGE_LOOP ( 'NONE', ( #4921, #10178, #3009, #12277 ) ) ;
#4152 = FILL_AREA_STYLE ('',( #10037 ) ) ;
#4153 = PRESENTATION_LAYER_ASSIGNMENT (  '', '', ( #8160 ) ) ;
#4154 = DIRECTION ( 'NONE',  ( -1.000000000000000000, 0.000000000000000000, 0.000000000000000000 ) ) ;
#4155 = DIRECTION ( 'NONE',  ( 0.000000000000000000, 0.000000000000000000, 1.000000000000000000 ) ) ;
#4156 = EDGE_LOOP ( 'NONE', ( #8257, #10616, #9407, #7071 ) ) ;
#4157 = EDGE_CURVE ( 'NONE', #6056, #10860, #9181, .T. ) ;
#4158 = STYLED_ITEM ( 'NONE', ( #8654 ), #12165 ) ;
#4159 = STYLED_ITEM ( 'NONE', ( #7095 ), #6571 ) ;
#4160 = DIRECTION ( 'NONE',  ( -1.000000000000000000, 0.000000000000000000, 0.000000000000000000 ) ) ;
#4161 = SURFACE_STYLE_USAGE ( .BOTH. , #8115 ) ;
#4162 = UNCERTAINTY_MEASURE_WITH_UNIT (LENGTH_MEASURE( 1.000000000000000082E-05 ), #4693, 'distance_accuracy_value', 'NONE');
#4163 =( NAMED_UNIT ( * ) SI_UNIT ( $, .STERADIAN. ) SOLID_ANGLE_UNIT ( ) );
#4164 = FILL_AREA_STYLE_COLOUR ( '', #9551 ) ;
#4165 =( NAMED_UNIT ( * ) SI_UNIT ( $, .STERADIAN. ) SOLID_ANGLE_UNIT ( ) );
#4166 = DIRECTION ( 'NONE',  ( 0.000000000000000000, -1.000000000000000000, 0.000000000000000000 ) ) ;
#4168 = ORIENTED_EDGE ( 'NONE', *, *, #748, .T. ) ;
#4167 = CARTESIAN_POINT ( 'NONE',  ( -2.046808493137360241, -0.09495555214569059710, 0.000000000000000000 ) ) ;
#4169 = EDGE_LOOP ( 'NONE', ( #10156, #10255, #11974, #10497, #11040, #1300, #8159, #2249, #10151 ) ) ;
#4170 = DIRECTION ( 'NONE',  ( 0.000000000000000000, -1.000000000000000000, 0.000000000000000000 ) ) ;
#4171 = VECTOR ( 'NONE', #10939, 1000.000000000000000 ) ;
#4172 = LINE ( 'NONE', #2499, #2842 ) ;
#4173 = DIRECTION ( 'NONE',  ( -0.4547774575563601207, 0.8906051112016891702, 0.000000000000000000 ) ) ;
#4174 = PLANE ( 'NONE',  #8864 ) ;
#4175 = EDGE_CURVE ( 'NONE', #10105, #1436, #6256, .T. ) ;
#4176 = LINE ( 'NONE', #8130, #11625 ) ;
#4177 = FILL_AREA_STYLE ('',( #8131 ) ) ;
#4178 = EDGE_CURVE ( 'NONE', #7573, #11146, #622, .T. ) ;
#4179 = ORIENTED_EDGE ( 'NONE', *, *, #8008, .F. ) ;
#4180 = PLANE ( 'NONE',  #1827 ) ;
#4181 =( NAMED_UNIT ( * ) SI_UNIT ( $, .STERADIAN. ) SOLID_ANGLE_UNIT ( ) );
#4182 = SURFACE_STYLE_USAGE ( .BOTH. , #12257 ) ;
#4183 = ADVANCED_FACE ( 'NONE', ( #8004 ), #10862, .F. ) ;
#4184 = LINE ( 'NONE', #10064, #9718 ) ;
#4185 = FACE_OUTER_BOUND ( 'NONE', #11138, .T. ) ;
#4186 =( NAMED_UNIT ( * ) PLANE_ANGLE_UNIT ( ) SI_UNIT ( $, .RADIAN. ) );
#4187 = ORIENTED_EDGE ( 'NONE', *, *, #995, .F. ) ;
#4188 = CARTESIAN_POINT ( 'NONE',  ( 12.50000000000000000, 3.000000000000000000, 3.200000000000000178 ) ) ;
#4189 = ADVANCED_FACE ( 'NONE', ( #4185 ), #3329, .T. ) ;
#4190 = CARTESIAN_POINT ( 'NONE',  ( -1.995744669437410357, 1.380044471696169950, 0.000000000000000000 ) ) ;
#4191 = ORIENTED_EDGE ( 'NONE', *, *, #7250, .T. ) ;
#4192 = LINE ( 'NONE', #11871, #2901 ) ;
#4193 = CARTESIAN_POINT ( 'NONE',  ( -1.804255312681200207, -0.4199554567782590175, -0.05000000000000000278 ) ) ;
#4194 = DIRECTION ( 'NONE',  ( 0.000000000000000000, 1.000000000000000000, 0.000000000000000000 ) ) ;
#4195 = UNCERTAINTY_MEASURE_WITH_UNIT (LENGTH_MEASURE( 1.000000000000000082E-05 ), #540, 'distance_accuracy_value', 'NONE');
#4196 = DIRECTION ( 'NONE',  ( -0.4547775049247481660, -0.8906050870135543418, 0.000000000000000000 ) ) ;
#4197 = PLANE ( 'NONE',  #11164 ) ;
#4198 = FACE_OUTER_BOUND ( 'NONE', #5168, .T. ) ;
#4199 = CARTESIAN_POINT ( 'NONE',  ( -2.046808493137360241, 1.367544447854309952, 0.000000000000000000 ) ) ;
#4200 = FILL_AREA_STYLE_COLOUR ( '', #3033 ) ;
#4201 = CARTESIAN_POINT ( 'NONE',  ( -3.340000000000000302, 0.2000000000000000111, 3.200000000000000178 ) ) ;
#4202 = VECTOR ( 'NONE', #6779, 1000.000000000000114 ) ;
#4203 =( LENGTH_UNIT ( ) NAMED_UNIT ( * ) SI_UNIT ( .MILLI., .METRE. ) );
#4204 = PRESENTATION_LAYER_ASSIGNMENT (  '', '', ( #2421 ) ) ;
#4205 = PRESENTATION_STYLE_ASSIGNMENT (( #8847 ) ) ;
#4206 = UNCERTAINTY_MEASURE_WITH_UNIT (LENGTH_MEASURE( 1.000000000000000082E-05 ), #8862, 'distance_accuracy_value', 'NONE');
#4207 = AXIS2_PLACEMENT_3D ( 'NONE', #3806, #8695, #1924 ) ;
#4208 = LINE ( 'NONE', #7908, #6846 ) ;
#4209 = FACE_OUTER_BOUND ( 'NONE', #3050, .T. ) ;
#4210 = MECHANICAL_DESIGN_GEOMETRIC_PRESENTATION_REPRESENTATION (  '', ( #11783 ), #11201 ) ;
#4211 = ORIENTED_EDGE ( 'NONE', *, *, #1290, .F. ) ;
#4212 = ORIENTED_EDGE ( 'NONE', *, *, #3562, .F. ) ;
#4213 = ORIENTED_EDGE ( 'NONE', *, *, #7495, .F. ) ;
#4214 = ADVANCED_FACE ( 'NONE', ( #1441 ), #2568, .T. ) ;
#4215 = DIRECTION ( 'NONE',  ( 0.000000000000000000, 0.000000000000000000, -1.000000000000000000 ) ) ;
#4216 = PRESENTATION_LAYER_ASSIGNMENT (  '', '', ( #6821 ) ) ;
#4217 = CARTESIAN_POINT ( 'NONE',  ( -11.28999999999999915, 0.2300000000000000100, 11.19999999999999929 ) ) ;
#4218 = VECTOR ( 'NONE', #5482, 1000.000000000000114 ) ;
#4219 = ORIENTED_EDGE ( 'NONE', *, *, #9247, .T. ) ;
#4220 = PRESENTATION_LAYER_ASSIGNMENT (  '', '', ( #8230 ) ) ;
#4221 = DIRECTION ( 'NONE',  ( 0.000000000000000000, 1.000000000000000000, 0.000000000000000000 ) ) ;
#4222 =( LENGTH_UNIT ( ) NAMED_UNIT ( * ) SI_UNIT ( .MILLI., .METRE. ) );
#4223 = MECHANICAL_DESIGN_GEOMETRIC_PRESENTATION_REPRESENTATION (  '', ( #7831 ), #1646 ) ;
#4224 = PLANE ( 'NONE',  #10041 ) ;
#4225 = PRESENTATION_STYLE_ASSIGNMENT (( #1420 ) ) ;
#4226 =( GEOMETRIC_REPRESENTATION_CONTEXT ( 3 ) GLOBAL_UNCERTAINTY_ASSIGNED_CONTEXT ( ( #11940 ) ) GLOBAL_UNIT_ASSIGNED_CONTEXT ( ( #6798, #2936, #6737 ) ) REPRESENTATION_CONTEXT ( 'NONE', 'WORKASPACE' ) );
#4227 = CARTESIAN_POINT ( 'NONE',  ( 32.30000000000000426, 0.000000000000000000, 11.19999999999999929 ) ) ;
#4228 = CARTESIAN_POINT ( 'NONE',  ( -1.995744669437410357, 1.380044471696169950, 0.000000000000000000 ) ) ;
#4231 = EDGE_LOOP ( 'NONE', ( #11295, #4309, #2850, #7607 ) ) ;
#4230 = VECTOR ( 'NONE', #3494, 1000.000000000000000 ) ;
#4229 = CARTESIAN_POINT ( 'NONE',  ( 12.50000000000000000, 3.000000000000000000, 7.500000000000000000 ) ) ;
#4232 = EDGE_LOOP ( 'NONE', ( #12337, #8747, #11222, #8735 ) ) ;
#4233 = VECTOR ( 'NONE', #9930, 1000.000000000000000 ) ;
#4234 = ADVANCED_FACE ( 'NONE', ( #8320 ), #4619, .T. ) ;
#4235 =( GEOMETRIC_REPRESENTATION_CONTEXT ( 3 ) GLOBAL_UNCERTAINTY_ASSIGNED_CONTEXT ( ( #12088 ) ) GLOBAL_UNIT_ASSIGNED_CONTEXT ( ( #525, #3420, #4395 ) ) REPRESENTATION_CONTEXT ( 'NONE', 'WORKASPACE' ) );
#4236 = STYLED_ITEM ( 'NONE', ( #3316 ), #7012 ) ;
#4237 = PLANE ( 'NONE',  #5819 ) ;
#4238 = CARTESIAN_POINT ( 'NONE',  ( -11.28999999999999915, 1.369999999999999885, -2.399999999999999911 ) ) ;
#4239 =( GEOMETRIC_REPRESENTATION_CONTEXT ( 3 ) GLOBAL_UNCERTAINTY_ASSIGNED_CONTEXT ( ( #1726 ) ) GLOBAL_UNIT_ASSIGNED_CONTEXT ( ( #7087, #7904, #10822 ) ) REPRESENTATION_CONTEXT ( 'NONE', 'WORKASPACE' ) );
#4240 =( NAMED_UNIT ( * ) SI_UNIT ( $, .STERADIAN. ) SOLID_ANGLE_UNIT ( ) );
#4241 = PRESENTATION_LAYER_ASSIGNMENT (  '', '', ( #9629 ) ) ;
#4242 = PLANE ( 'NONE',  #5249 ) ;
#4243 = AXIS2_PLACEMENT_3D ( 'NONE', #5156, #4154, #7162 ) ;
#4244 = SURFACE_STYLE_FILL_AREA ( #4177 ) ;
#4245 = VECTOR ( 'NONE', #9598, 1000.000000000000000 ) ;
#4246 = ORIENTED_EDGE ( 'NONE', *, *, #7327, .F. ) ;
#4247 = DIRECTION ( 'NONE',  ( 1.000000000000000000, 0.000000000000000000, 0.000000000000000000 ) ) ;
#4248 =( GEOMETRIC_REPRESENTATION_CONTEXT ( 3 ) GLOBAL_UNCERTAINTY_ASSIGNED_CONTEXT ( ( #4601 ) ) GLOBAL_UNIT_ASSIGNED_CONTEXT ( ( #3038, #8081, #1956 ) ) REPRESENTATION_CONTEXT ( 'NONE', 'WORKASPACE' ) );
#4249 = VECTOR ( 'NONE', #6107, 1000.000000000000114 ) ;
#4250 = DIRECTION ( 'NONE',  ( 1.000000000000000000, 0.000000000000000000, 0.000000000000000000 ) ) ;
#4251 =( LENGTH_UNIT ( ) NAMED_UNIT ( * ) SI_UNIT ( .MILLI., .METRE. ) );
#4252 =( NAMED_UNIT ( * ) PLANE_ANGLE_UNIT ( ) SI_UNIT ( $, .RADIAN. ) );
#4253 = PRESENTATION_LAYER_ASSIGNMENT (  '', '', ( #1277 ) ) ;
#4254 = PRESENTATION_LAYER_ASSIGNMENT (  '', '', ( #10028 ) ) ;
#4255 = VERTEX_POINT ( 'NONE', #8502 ) ;
#4256 =( GEOMETRIC_REPRESENTATION_CONTEXT ( 3 ) GLOBAL_UNCERTAINTY_ASSIGNED_CONTEXT ( ( #9772 ) ) GLOBAL_UNIT_ASSIGNED_CONTEXT ( ( #1660, #5464, #12156 ) ) REPRESENTATION_CONTEXT ( 'NONE', 'WORKASPACE' ) );
#4257 = ADVANCED_FACE ( 'NONE', ( #8374 ), #12181, .T. ) ;
#4258 = DIRECTION ( 'NONE',  ( 0.000000000000000000, -1.000000000000000000, 0.000000000000000000 ) ) ;
#4259 = VECTOR ( 'NONE', #9268, 1000.000000000000000 ) ;
#4260 = ORIENTED_EDGE ( 'NONE', *, *, #8318, .T. ) ;
#4261 = PLANE ( 'NONE',  #4485 ) ;
#4262 = CARTESIAN_POINT ( 'NONE',  ( -7.200000000000000178, -4.000000000000000000, 0.000000000000000000 ) ) ;
#4263 =( NAMED_UNIT ( * ) PLANE_ANGLE_UNIT ( ) SI_UNIT ( $, .RADIAN. ) );
#4264 = PRESENTATION_LAYER_ASSIGNMENT (  '', '', ( #2072 ) ) ;
#4265 = LINE ( 'NONE', #9954, #11255 ) ;
#4266 = CARTESIAN_POINT ( 'NONE',  ( -1.600000000000000089, 0.8675444240124519091, 0.000000000000000000 ) ) ;
#4267 = DIRECTION ( 'NONE',  ( 0.000000000000000000, -1.000000000000000000, 0.000000000000000000 ) ) ;
#4268 = UNCERTAINTY_MEASURE_WITH_UNIT (LENGTH_MEASURE( 1.000000000000000082E-05 ), #10666, 'distance_accuracy_value', 'NONE');
#4269 = PRESENTATION_STYLE_ASSIGNMENT (( #1638 ) ) ;
#4270 =( LENGTH_UNIT ( ) NAMED_UNIT ( * ) SI_UNIT ( .MILLI., .METRE. ) );
#4271 = COLOUR_RGB ( '',0.7803921568627451011, 0.7803921568627451011, 0.7803921568627451011 ) ;
#4272 = LINE ( 'NONE', #7344, #8999 ) ;
#4273 = EDGE_CURVE ( 'NONE', #11503, #4123, #5670, .T. ) ;
#4274 = DIRECTION ( 'NONE',  ( 1.000000000000000000, 0.000000000000000000, 0.000000000000000000 ) ) ;
#4275 =( GEOMETRIC_REPRESENTATION_CONTEXT ( 3 ) GLOBAL_UNCERTAINTY_ASSIGNED_CONTEXT ( ( #5514 ) ) GLOBAL_UNIT_ASSIGNED_CONTEXT ( ( #196, #3154, #3889 ) ) REPRESENTATION_CONTEXT ( 'NONE', 'WORKASPACE' ) );
#4276 =( NAMED_UNIT ( * ) SI_UNIT ( $, .STERADIAN. ) SOLID_ANGLE_UNIT ( ) );
#4277 =( NAMED_UNIT ( * ) PLANE_ANGLE_UNIT ( ) SI_UNIT ( $, .RADIAN. ) );
#4278 = DIRECTION ( 'NONE',  ( -1.000000000000000000, 0.000000000000000000, 0.000000000000000000 ) ) ;
#4279 = SURFACE_STYLE_USAGE ( .BOTH. , #1167 ) ;
#4280 = FACE_BOUND ( 'NONE', #6666, .T. ) ;
#4281 = FILL_AREA_STYLE_COLOUR ( '', #4364 ) ;
#4283 = ORIENTED_EDGE ( 'NONE', *, *, #8779, .F. ) ;
#4282 = SURFACE_SIDE_STYLE ('',( #338 ) ) ;
#4284 = ORIENTED_EDGE ( 'NONE', *, *, #9314, .F. ) ;
#4285 = DIRECTION ( 'NONE',  ( 0.000000000000000000, 0.000000000000000000, -1.000000000000000000 ) ) ;
#4286 = PLANE ( 'NONE',  #1653 ) ;
#4287 = DIRECTION ( 'NONE',  ( 0.000000000000000000, 0.000000000000000000, 1.000000000000000000 ) ) ;
#4288 = FACE_OUTER_BOUND ( 'NONE', #6215, .T. ) ;
#4289 = ORIENTED_EDGE ( 'NONE', *, *, #810, .T. ) ;
#4290 =( NAMED_UNIT ( * ) PLANE_ANGLE_UNIT ( ) SI_UNIT ( $, .RADIAN. ) );
#4291 = SURFACE_SIDE_STYLE ('',( #4042 ) ) ;
#4292 = CARTESIAN_POINT ( 'NONE',  ( -11.16000000000000014, 4.000000000000000000, 0.000000000000000000 ) ) ;
#4293 = FILL_AREA_STYLE_COLOUR ( '', #6542 ) ;
#4295 = ORIENTED_EDGE ( 'NONE', *, *, #3725, .F. ) ;
#4294 = DIRECTION ( 'NONE',  ( 0.000000000000000000, 0.000000000000000000, -1.000000000000000000 ) ) ;
#4296 = ORIENTED_EDGE ( 'NONE', *, *, #8806, .T. ) ;
#4297 = SURFACE_STYLE_FILL_AREA ( #2299 ) ;
#4298 = FILL_AREA_STYLE ('',( #7931 ) ) ;
#4299 = DIRECTION ( 'NONE',  ( -1.000000000000000000, 0.000000000000000000, 0.000000000000000000 ) ) ;
#4300 = SURFACE_SIDE_STYLE ('',( #2500 ) ) ;
#4301 = DIRECTION ( 'NONE',  ( -1.000000000000000000, 0.000000000000000000, 0.000000000000000000 ) ) ;
#4302 = EDGE_CURVE ( 'NONE', #3899, #488, #5862, .T. ) ;
#4303 = VERTEX_POINT ( 'NONE', #9615 ) ;
#4304 = DIRECTION ( 'NONE',  ( -0.8981377963584211699, -0.4397141102494200871, 0.000000000000000000 ) ) ;
#4305 = SURFACE_STYLE_FILL_AREA ( #556 ) ;
#4306 = FILL_AREA_STYLE_COLOUR ( '', #5014 ) ;
#4307 = SURFACE_STYLE_FILL_AREA ( #5372 ) ;
#4308 = FILL_AREA_STYLE_COLOUR ( '', #4464 ) ;
#4309 = ORIENTED_EDGE ( 'NONE', *, *, #6944, .F. ) ;
#4310 = EDGE_CURVE ( 'NONE', #11559, #6428, #11610, .T. ) ;
#4311 = COLOUR_RGB ( '',0.2941176470588235392, 0.2941176470588235392, 0.2941176470588235392 ) ;
#4312 =( LENGTH_UNIT ( ) NAMED_UNIT ( * ) SI_UNIT ( .MILLI., .METRE. ) );
#4313 = EDGE_LOOP ( 'NONE', ( #11839, #5187, #11861, #2124 ) ) ;
#4314 =( NAMED_UNIT ( * ) PLANE_ANGLE_UNIT ( ) SI_UNIT ( $, .RADIAN. ) );
#4316 = PRESENTATION_LAYER_ASSIGNMENT (  '', '', ( #5119 ) ) ;
#4315 = CARTESIAN_POINT ( 'NONE',  ( 8.540000000000000924, 0.2000000000000000111, 0.5999999999999999778 ) ) ;
#4317 = UNCERTAINTY_MEASURE_WITH_UNIT (LENGTH_MEASURE( 1.000000000000000082E-05 ), #1519, 'distance_accuracy_value', 'NONE');
#4318 = DIRECTION ( 'NONE',  ( 0.000000000000000000, 1.000000000000000000, 0.000000000000000000 ) ) ;
#4319 = CARTESIAN_POINT ( 'NONE',  ( -12.85999999999999943, -3.000000000000000000, 0.000000000000000000 ) ) ;
#4320 = CARTESIAN_POINT ( 'NONE',  ( -1.804255312681200207, 1.380044471696169950, 0.000000000000000000 ) ) ;
#4321 = FILL_AREA_STYLE_COLOUR ( '', #7935 ) ;
#4322 = FILL_AREA_STYLE ('',( #3531 ) ) ;
#4323 = CARTESIAN_POINT ( 'NONE',  ( -1.804255312681200207, 1.380044471696169950, -0.05000000000000000278 ) ) ;
#4324 =( GEOMETRIC_REPRESENTATION_CONTEXT ( 3 ) GLOBAL_UNCERTAINTY_ASSIGNED_CONTEXT ( ( #11527 ) ) GLOBAL_UNIT_ASSIGNED_CONTEXT ( ( #4222, #4290, #6038 ) ) REPRESENTATION_CONTEXT ( 'NONE', 'WORKASPACE' ) );
#4325 =( NAMED_UNIT ( * ) SI_UNIT ( $, .STERADIAN. ) SOLID_ANGLE_UNIT ( ) );
#4326 = FACE_OUTER_BOUND ( 'NONE', #9129, .T. ) ;
#4327 =( GEOMETRIC_REPRESENTATION_CONTEXT ( 3 ) GLOBAL_UNCERTAINTY_ASSIGNED_CONTEXT ( ( #7005 ) ) GLOBAL_UNIT_ASSIGNED_CONTEXT ( ( #3430, #7233, #10102 ) ) REPRESENTATION_CONTEXT ( 'NONE', 'WORKASPACE' ) );
#4328 = ORIENTED_EDGE ( 'NONE', *, *, #11440, .T. ) ;
#4329 = EDGE_CURVE ( 'NONE', #2979, #1784, #4923, .T. ) ;
#4330 = DIRECTION ( 'NONE',  ( -1.000000000000000000, 0.000000000000000000, 0.000000000000000000 ) ) ;
#4331 = LINE ( 'NONE', #6018, #12035 ) ;
#4332 = LINE ( 'NONE', #658, #9335 ) ;
#4333 = UNCERTAINTY_MEASURE_WITH_UNIT (LENGTH_MEASURE( 1.000000000000000082E-05 ), #2288, 'distance_accuracy_value', 'NONE');
#4334 = CARTESIAN_POINT ( 'NONE',  ( -11.25999999999999979, 0.2000000000000000111, 0.5999999999999999778 ) ) ;
#4335 = DIRECTION ( 'NONE',  ( 0.000000000000000000, -1.000000000000000000, 0.000000000000000000 ) ) ;
#4336 = LINE ( 'NONE', #2780, #8719 ) ;
#4337 = AXIS2_PLACEMENT_3D ( 'NONE', #10262, #4581, #11321 ) ;
#4338 = ADVANCED_FACE ( 'NONE', ( #9687 ), #2340, .T. ) ;
#4339 = VECTOR ( 'NONE', #6816, 1000.000000000000000 ) ;
#4340 = FACE_OUTER_BOUND ( 'NONE', #4782, .T. ) ;
#4341 = COLOUR_RGB ( '',0.7921568627450980005, 0.8196078431372548767, 0.9333333333333333481 ) ;
#4342 = VERTEX_POINT ( 'NONE', #3073 ) ;
#4343 = FILL_AREA_STYLE ('',( #1535 ) ) ;
#4344 = CARTESIAN_POINT ( 'NONE',  ( -0.5800000000000089528, 1.399999999999999911, 0.5999999999999999778 ) ) ;
#4345 = VERTEX_POINT ( 'NONE', #3870 ) ;
#4346 = SURFACE_SIDE_STYLE ('',( #533 ) ) ;
#4347 = FACE_BOUND ( 'NONE', #441, .T. ) ;
#4348 = VECTOR ( 'NONE', #2375, 1000.000000000000000 ) ;
#4349 = ORIENTED_EDGE ( 'NONE', *, *, #939, .T. ) ;
#4350 = CARTESIAN_POINT ( 'NONE',  ( -8.599999999999999645, -4.000000000000000000, 0.000000000000000000 ) ) ;
#4351 = CARTESIAN_POINT ( 'NONE',  ( 12.50000000000000000, 4.500000000000000000, 7.900000000000000355 ) ) ;
#4352 = CARTESIAN_POINT ( 'NONE',  ( -1.600000000000000089, -0.7824556475131219102, 0.000000000000000000 ) ) ;
#4353 =( GEOMETRIC_REPRESENTATION_CONTEXT ( 3 ) GLOBAL_UNCERTAINTY_ASSIGNED_CONTEXT ( ( #4162 ) ) GLOBAL_UNIT_ASSIGNED_CONTEXT ( ( #4693, #4615, #1861 ) ) REPRESENTATION_CONTEXT ( 'NONE', 'WORKASPACE' ) );
#4354 = DIRECTION ( 'NONE',  ( 0.000000000000000000, 0.000000000000000000, 1.000000000000000000 ) ) ;
#4355 = EDGE_CURVE ( 'NONE', #6326, #4303, #7097, .T. ) ;
#4356 = CARTESIAN_POINT ( 'NONE',  ( -1.995744669437410357, -0.1074555044619750072, 0.000000000000000000 ) ) ;
#4357 = ORIENTED_EDGE ( 'NONE', *, *, #4616, .F. ) ;
#4358 = ORIENTED_EDGE ( 'NONE', *, *, #1734, .F. ) ;
#4359 =( LENGTH_UNIT ( ) NAMED_UNIT ( * ) SI_UNIT ( .MILLI., .METRE. ) );
#4360 = VECTOR ( 'NONE', #234, 1000.000000000000000 ) ;
#4361 = SURFACE_STYLE_USAGE ( .BOTH. , #7051 ) ;
#4362 = PRESENTATION_STYLE_ASSIGNMENT (( #11976 ) ) ;
#4363 = VECTOR ( 'NONE', #1772, 1000.000000000000000 ) ;
#4364 = COLOUR_RGB ( '',0.7803921568627451011, 0.7803921568627451011, 0.7803921568627451011 ) ;
#4365 = SURFACE_STYLE_FILL_AREA ( #9113 ) ;
#4366 = DIRECTION ( 'NONE',  ( 0.000000000000000000, 1.000000000000000000, 0.000000000000000000 ) ) ;
#4367 = EDGE_LOOP ( 'NONE', ( #6518, #3823, #99, #9063 ) ) ;
#4368 = SURFACE_SIDE_STYLE ('',( #9117 ) ) ;
#4369 = FILL_AREA_STYLE_COLOUR ( '', #9136 ) ;
#4370 = VECTOR ( 'NONE', #9955, 1000.000000000000000 ) ;
#4371 =( NAMED_UNIT ( * ) PLANE_ANGLE_UNIT ( ) SI_UNIT ( $, .RADIAN. ) );
#4372 = DIRECTION ( 'NONE',  ( 0.000000000000000000, -1.000000000000000000, 0.000000000000000000 ) ) ;
#4373 = LINE ( 'NONE', #2571, #11030 ) ;
#4374 = ADVANCED_FACE ( 'NONE', ( #9971 ), #7809, .T. ) ;
#4375 = ORIENTED_EDGE ( 'NONE', *, *, #8792, .F. ) ;
#4376 =( LENGTH_UNIT ( ) NAMED_UNIT ( * ) SI_UNIT ( .MILLI., .METRE. ) );
#4377 = ORIENTED_EDGE ( 'NONE', *, *, #2631, .F. ) ;
#4378 = CARTESIAN_POINT ( 'NONE',  ( -7.330000000000000071, 0.2300000000000000100, 10.20000000000000107 ) ) ;
#4379 =( NAMED_UNIT ( * ) SI_UNIT ( $, .STERADIAN. ) SOLID_ANGLE_UNIT ( ) );
#4380 = LINE ( 'NONE', #11066, #858 ) ;
#4381 = CARTESIAN_POINT ( 'NONE',  ( -1.600000000000000089, -0.7074556475131219546, -0.05000000000000000278 ) ) ;
#4382 = FACE_OUTER_BOUND ( 'NONE', #8638, .T. ) ;
#4383 = DIRECTION ( 'NONE',  ( -1.000000000000000000, 0.000000000000000000, 0.000000000000000000 ) ) ;
#4384 = UNCERTAINTY_MEASURE_WITH_UNIT (LENGTH_MEASURE( 1.000000000000000082E-05 ), #1619, 'distance_accuracy_value', 'NONE');
#4385 = SURFACE_STYLE_FILL_AREA ( #6277 ) ;
#4386 = EDGE_CURVE ( 'NONE', #7266, #9787, #7877, .T. ) ;
#4387 = LINE ( 'NONE', #9086, #5600 ) ;
#4388 = VERTEX_POINT ( 'NONE', #9286 ) ;
#4389 = EDGE_CURVE ( 'NONE', #11261, #9893, #2478, .T. ) ;
#4390 = CARTESIAN_POINT ( 'NONE',  ( -1.740425533056259910, 1.442544447854309908, -0.05000000000000000278 ) ) ;
#4391 = DIRECTION ( 'NONE',  ( -0.2100675449707440356, 0.2100675449707440356, -0.9548524771397562949 ) ) ;
#4392 = PRESENTATION_STYLE_ASSIGNMENT (( #591 ) ) ;
#4393 =( LENGTH_UNIT ( ) NAMED_UNIT ( * ) SI_UNIT ( .MILLI., .METRE. ) );
#4394 = SURFACE_SIDE_STYLE ('',( #469 ) ) ;
#4395 =( NAMED_UNIT ( * ) SI_UNIT ( $, .STERADIAN. ) SOLID_ANGLE_UNIT ( ) );
#4396 = CARTESIAN_POINT ( 'NONE',  ( 3.409999999999999698, 1.369999999999999885, -2.399999999999999911 ) ) ;
#4397 = VERTEX_POINT ( 'NONE', #7213 ) ;
#4398 = ADVANCED_FACE ( 'NONE', ( #1659 ), #667, .T. ) ;
#4399 = VERTEX_POINT ( 'NONE', #4528 ) ;
#4400 = CARTESIAN_POINT ( 'NONE',  ( 3.979999999999999982, 0.3400000000000000244, -2.899999999999999911 ) ) ;
#4401 = FILL_AREA_STYLE ('',( #3497 ) ) ;
#4402 = EDGE_CURVE ( 'NONE', #11110, #7752, #6289, .T. ) ;
#4403 = ORIENTED_EDGE ( 'NONE', *, *, #9294, .T. ) ;
#4404 = EDGE_CURVE ( 'NONE', #6177, #6166, #9156, .T. ) ;
#4405 = VECTOR ( 'NONE', #4299, 1000.000000000000000 ) ;
#4406 =( GEOMETRIC_REPRESENTATION_CONTEXT ( 3 ) GLOBAL_UNCERTAINTY_ASSIGNED_CONTEXT ( ( #3353 ) ) GLOBAL_UNIT_ASSIGNED_CONTEXT ( ( #12264, #3646, #11323 ) ) REPRESENTATION_CONTEXT ( 'NONE', 'WORKASPACE' ) );
#4407 = CARTESIAN_POINT ( 'NONE',  ( 0.3699999999999860067, 1.149999999999999911, -3.399999999999999911 ) ) ;
#4408 = DIRECTION ( 'NONE',  ( 0.000000000000000000, 0.000000000000000000, -1.000000000000000000 ) ) ;
#4409 = LINE ( 'NONE', #1787, #4951 ) ;
#4410 = LINE ( 'NONE', #2417, #3765 ) ;
#4411 = LINE ( 'NONE', #6374, #6114 ) ;
#4413 = ORIENTED_EDGE ( 'NONE', *, *, #1647, .T. ) ;
#4412 = DIRECTION ( 'NONE',  ( -0.7145107183351128155, 0.6996244945570738727, 0.000000000000000000 ) ) ;
#4414 = PRESENTATION_LAYER_ASSIGNMENT (  '', '', ( #9408 ) ) ;
#4415 = VERTEX_POINT ( 'NONE', #11153 ) ;
#4416 = VECTOR ( 'NONE', #11355, 1000.000000000000000 ) ;
#4417 = DIRECTION ( 'NONE',  ( 0.000000000000000000, 0.000000000000000000, -1.000000000000000000 ) ) ;
#4418 = SURFACE_STYLE_FILL_AREA ( #8187 ) ;
#4419 = COLOUR_RGB ( '',1.000000000000000000, 1.000000000000000000, 0.9450980392156862475 ) ;
#4420 = STYLED_ITEM ( 'NONE', ( #6447 ), #4234 ) ;
#4421 = VECTOR ( 'NONE', #8809, 1000.000000000000000 ) ;
#4422 = COLOUR_RGB ( '',0.2941176470588235392, 0.2941176470588235392, 0.2941176470588235392 ) ;
#4423 = VERTEX_POINT ( 'NONE', #6353 ) ;
#4424 =( GEOMETRIC_REPRESENTATION_CONTEXT ( 3 ) GLOBAL_UNCERTAINTY_ASSIGNED_CONTEXT ( ( #5090 ) ) GLOBAL_UNIT_ASSIGNED_CONTEXT ( ( #4531, #5292, #7360 ) ) REPRESENTATION_CONTEXT ( 'NONE', 'WORKASPACE' ) );
#4425 = SURFACE_SIDE_STYLE ('',( #4842 ) ) ;
#4426 = VECTOR ( 'NONE', #9993, 1000.000000000000114 ) ;
#4427 =( NAMED_UNIT ( * ) PLANE_ANGLE_UNIT ( ) SI_UNIT ( $, .RADIAN. ) );
#4428 = STYLED_ITEM ( 'NONE', ( #1185 ), #4338 ) ;
#4429 = CARTESIAN_POINT ( 'NONE',  ( -2.046808493137360241, 1.042544471696169817, 0.000000000000000000 ) ) ;
#4430 = MECHANICAL_DESIGN_GEOMETRIC_PRESENTATION_REPRESENTATION (  '', ( #2231 ), #2857 ) ;
#4431 = STYLED_ITEM ( 'NONE', ( #2983 ), #1449 ) ;
#4432 = SURFACE_STYLE_FILL_AREA ( #7067 ) ;
#4433 = SURFACE_STYLE_USAGE ( .BOTH. , #11866 ) ;
#4434 = MECHANICAL_DESIGN_GEOMETRIC_PRESENTATION_REPRESENTATION (  '', ( #8042 ), #11419 ) ;
#4435 =( LENGTH_UNIT ( ) NAMED_UNIT ( * ) SI_UNIT ( .MILLI., .METRE. ) );
#4436 = AXIS2_PLACEMENT_3D ( 'NONE', #10892, #8971, #2405 ) ;
#4437 = SURFACE_SIDE_STYLE ('',( #11984 ) ) ;
#4438 = ORIENTED_EDGE ( 'NONE', *, *, #10484, .T. ) ;
#4439 = COLOUR_RGB ( '',1.000000000000000000, 1.000000000000000000, 0.9450980392156862475 ) ;
#4440 = PRESENTATION_LAYER_ASSIGNMENT (  '', '', ( #6454 ) ) ;
#4441 = COLOUR_RGB ( '',0.2941176470588235392, 0.2941176470588235392, 0.2941176470588235392 ) ;
#4442 = DIRECTION ( 'NONE',  ( 0.2377717803411078801, -0.9713210491250665601, 0.000000000000000000 ) ) ;
#4443 = COLOUR_RGB ( '',1.000000000000000000, 1.000000000000000000, 0.9450980392156862475 ) ;
#4444 = ORIENTED_EDGE ( 'NONE', *, *, #430, .T. ) ;
#4445 = CARTESIAN_POINT ( 'NONE',  ( 3.279999999999999805, 4.000000000000000000, 0.000000000000000000 ) ) ;
#4446 = EDGE_CURVE ( 'NONE', #8520, #8480, #11081, .T. ) ;
#4447 = SURFACE_STYLE_USAGE ( .BOTH. , #6328 ) ;
#4448 =( NAMED_UNIT ( * ) PLANE_ANGLE_UNIT ( ) SI_UNIT ( $, .RADIAN. ) );
#4449 = FILL_AREA_STYLE ('',( #5380 ) ) ;
#4450 = UNCERTAINTY_MEASURE_WITH_UNIT (LENGTH_MEASURE( 1.000000000000000082E-05 ), #2696, 'distance_accuracy_value', 'NONE');
#4451 = STYLED_ITEM ( 'NONE', ( #9967 ), #3367 ) ;
#4452 = DIRECTION ( 'NONE',  ( -1.000000000000000000, 0.000000000000000000, 0.000000000000000000 ) ) ;
#4453 = PLANE ( 'NONE',  #4337 ) ;
#4454 =( NAMED_UNIT ( * ) SI_UNIT ( $, .STERADIAN. ) SOLID_ANGLE_UNIT ( ) );
#4455 = VECTOR ( 'NONE', #12068, 1000.000000000000000 ) ;
#4456 = AXIS2_PLACEMENT_3D ( 'NONE', #11354, #12173, #3691 ) ;
#4457 =( NAMED_UNIT ( * ) PLANE_ANGLE_UNIT ( ) SI_UNIT ( $, .RADIAN. ) );
#4458 =( GEOMETRIC_REPRESENTATION_CONTEXT ( 3 ) GLOBAL_UNCERTAINTY_ASSIGNED_CONTEXT ( ( #6275 ) ) GLOBAL_UNIT_ASSIGNED_CONTEXT ( ( #1106, #206, #2093 ) ) REPRESENTATION_CONTEXT ( 'NONE', 'WORKASPACE' ) );
#4459 = SURFACE_SIDE_STYLE ('',( #2467 ) ) ;
#4460 = MECHANICAL_DESIGN_GEOMETRIC_PRESENTATION_REPRESENTATION (  '', ( #6258 ), #9248 ) ;
#4461 = ORIENTED_EDGE ( 'NONE', *, *, #6864, .T. ) ;
#4462 = VECTOR ( 'NONE', #10817, 1000.000000000000114 ) ;
#4463 = DIRECTION ( 'NONE',  ( 0.000000000000000000, 1.000000000000000000, 0.000000000000000000 ) ) ;
#4464 = COLOUR_RGB ( '',0.2941176470588235392, 0.2941176470588235392, 0.2941176470588235392 ) ;
#4465 = ADVANCED_FACE ( 'NONE', ( #2402 ), #6486, .T. ) ;
#4466 = COLOUR_RGB ( '',0.7803921568627451011, 0.7803921568627451011, 0.7803921568627451011 ) ;
#4467 = EDGE_CURVE ( 'NONE', #9116, #9974, #8403, .T. ) ;
#4468 = CARTESIAN_POINT ( 'NONE',  ( -3.340000000000000302, 1.399999999999999911, 0.5999999999999999778 ) ) ;
#4469 = UNCERTAINTY_MEASURE_WITH_UNIT (LENGTH_MEASURE( 1.000000000000000082E-05 ), #9028, 'distance_accuracy_value', 'NONE');
#4470 = VECTOR ( 'NONE', #5944, 1000.000000000000227 ) ;
#4471 = LINE ( 'NONE', #8291, #1076 ) ;
#4472 = SURFACE_STYLE_FILL_AREA ( #779 ) ;
#4473 = DIRECTION ( 'NONE',  ( -0.2100675449707440356, 0.2100675449707440356, 0.9548524771397562949 ) ) ;
#4474 = CARTESIAN_POINT ( 'NONE',  ( -8.470000000000000639, 1.369999999999999885, 11.19999999999999929 ) ) ;
#4475 = FILL_AREA_STYLE_COLOUR ( '', #674 ) ;
#4476 = VERTEX_POINT ( 'NONE', #83 ) ;
#4477 = PLANE ( 'NONE',  #1273 ) ;
#4478 = ORIENTED_EDGE ( 'NONE', *, *, #54, .T. ) ;
#4479 = MECHANICAL_DESIGN_GEOMETRIC_PRESENTATION_REPRESENTATION (  '', ( #4066 ), #6869 ) ;
#4480 = LINE ( 'NONE', #9292, #3856 ) ;
#4481 = VERTEX_POINT ( 'NONE', #8657 ) ;
#4482 = ADVANCED_FACE ( 'NONE', ( #5757, #7537 ), #10332, .T. ) ;
#4483 = DIRECTION ( 'NONE',  ( -1.000000000000000000, 0.000000000000000000, 0.000000000000000000 ) ) ;
#4484 =( NAMED_UNIT ( * ) PLANE_ANGLE_UNIT ( ) SI_UNIT ( $, .RADIAN. ) );
#4485 = AXIS2_PLACEMENT_3D ( 'NONE', #5265, #6070, #3463 ) ;
#4486 = CARTESIAN_POINT ( 'NONE',  ( 11.29999999999999893, 1.399999999999999911, 0.5999999999999999778 ) ) ;
#4487 =( LENGTH_UNIT ( ) NAMED_UNIT ( * ) SI_UNIT ( .MILLI., .METRE. ) );
#4488 = ORIENTED_EDGE ( 'NONE', *, *, #10601, .T. ) ;
#4489 = CARTESIAN_POINT ( 'NONE',  ( -7.200000000000000178, 4.000000000000000000, 0.000000000000000000 ) ) ;
#4491 = ORIENTED_EDGE ( 'NONE', *, *, #2872, .T. ) ;
#4490 = FILL_AREA_STYLE_COLOUR ( '', #5050 ) ;
#4492 = ORIENTED_EDGE ( 'NONE', *, *, #7205, .T. ) ;
#4493 = FACE_OUTER_BOUND ( 'NONE', #5534, .T. ) ;
#4494 = EDGE_CURVE ( 'NONE', #6528, #9107, #912, .T. ) ;
#4495 = LINE ( 'NONE', #5659, #462 ) ;
#4496 = DIRECTION ( 'NONE',  ( 0.000000000000000000, 0.000000000000000000, -1.000000000000000000 ) ) ;
#4497 = EDGE_CURVE ( 'NONE', #1045, #10836, #6776, .T. ) ;
#4498 = PLANE ( 'NONE',  #250 ) ;
#4499 = ORIENTED_EDGE ( 'NONE', *, *, #5745, .T. ) ;
#4500 = SURFACE_STYLE_USAGE ( .BOTH. , #6721 ) ;
#4501 = EDGE_CURVE ( 'NONE', #11238, #9048, #12272, .T. ) ;
#4502 = CARTESIAN_POINT ( 'NONE',  ( -3.939999999999999947, 0.3400000000000000244, 10.69999999999999929 ) ) ;
#4503 = EDGE_CURVE ( 'NONE', #4606, #3164, #7591, .T. ) ;
#4504 = PRESENTATION_STYLE_ASSIGNMENT (( #6115 ) ) ;
#4505 = SURFACE_STYLE_USAGE ( .BOTH. , #4437 ) ;
#4506 = ORIENTED_EDGE ( 'NONE', *, *, #1747, .T. ) ;
#4507 = PLANE ( 'NONE',  #4840 ) ;
#4508 = ORIENTED_EDGE ( 'NONE', *, *, #3454, .T. ) ;
#4509 = CARTESIAN_POINT ( 'NONE',  ( -8.470000000000000639, 1.369999999999999885, 10.20000000000000107 ) ) ;
#4510 = SURFACE_SIDE_STYLE ('',( #10256 ) ) ;
#4511 = SURFACE_STYLE_FILL_AREA ( #1701 ) ;
#4512 = EDGE_CURVE ( 'NONE', #4399, #8520, #11387, .T. ) ;
#4513 = CARTESIAN_POINT ( 'NONE',  ( -2.148936176300049627, -0.5324554567782588954, 0.000000000000000000 ) ) ;
#4514 =( NAMED_UNIT ( * ) PLANE_ANGLE_UNIT ( ) SI_UNIT ( $, .RADIAN. ) );
#4515 = EDGE_CURVE ( 'NONE', #799, #11446, #2845, .T. ) ;
#4516 = UNCERTAINTY_MEASURE_WITH_UNIT (LENGTH_MEASURE( 1.000000000000000082E-05 ), #10712, 'distance_accuracy_value', 'NONE');
#4517 = ORIENTED_EDGE ( 'NONE', *, *, #4389, .T. ) ;
#4518 = FILL_AREA_STYLE_COLOUR ( '', #1222 ) ;
#4519 = PLANE ( 'NONE',  #6479 ) ;
#4520 = FILL_AREA_STYLE ('',( #8752 ) ) ;
#4521 = COLOUR_RGB ( '',0.7803921568627451011, 0.7803921568627451011, 0.7803921568627451011 ) ;
#4522 = ORIENTED_EDGE ( 'NONE', *, *, #565, .F. ) ;
#4523 = CARTESIAN_POINT ( 'NONE',  ( -0.5500000000000080380, 1.369999999999999885, -2.399999999999999911 ) ) ;
#4524 = CARTESIAN_POINT ( 'NONE',  ( -2.187234044075009987, 1.080044471696169905, -0.05000000000000000278 ) ) ;
#4525 = VECTOR ( 'NONE', #8303, 1000.000000000000000 ) ;
#4526 = SURFACE_STYLE_FILL_AREA ( #4713 ) ;
#4527 = UNCERTAINTY_MEASURE_WITH_UNIT (LENGTH_MEASURE( 1.000000000000000082E-05 ), #11349, 'distance_accuracy_value', 'NONE');
#4528 = CARTESIAN_POINT ( 'NONE',  ( 8.290000000000000924, 0.4500000000000000111, 11.19999999999999929 ) ) ;
#4529 = FACE_OUTER_BOUND ( 'NONE', #5896, .T. ) ;
#4530 = ORIENTED_EDGE ( 'NONE', *, *, #2722, .F. ) ;
#4531 =( LENGTH_UNIT ( ) NAMED_UNIT ( * ) SI_UNIT ( .MILLI., .METRE. ) );
#4532 = VECTOR ( 'NONE', #2888, 1000.000000000000000 ) ;
#4533 = PRESENTATION_STYLE_ASSIGNMENT (( #1832 ) ) ;
#4534 = ORIENTED_EDGE ( 'NONE', *, *, #939, .F. ) ;
#4535 = SURFACE_SIDE_STYLE ('',( #672 ) ) ;
#4536 = FILL_AREA_STYLE_COLOUR ( '', #4466 ) ;
#4537 = PRESENTATION_LAYER_ASSIGNMENT (  '', '', ( #2951 ) ) ;
#4538 = EDGE_CURVE ( 'NONE', #9299, #1720, #8717, .T. ) ;
#4539 = VERTEX_POINT ( 'NONE', #965 ) ;
#4540 = COLOUR_RGB ( '',1.000000000000000000, 1.000000000000000000, 0.9450980392156862475 ) ;
#4541 = VECTOR ( 'NONE', #173, 1000.000000000000000 ) ;
#4542 =( LENGTH_UNIT ( ) NAMED_UNIT ( * ) SI_UNIT ( .MILLI., .METRE. ) );
#4543 = CARTESIAN_POINT ( 'NONE',  ( 7.590000000000000746, 1.149999999999999911, 11.19999999999999929 ) ) ;
#4544 = STYLED_ITEM ( 'NONE', ( #7410 ), #8757 ) ;
#4545 = PLANE ( 'NONE',  #5044 ) ;
#4546 = FILL_AREA_STYLE_COLOUR ( '', #377 ) ;
#4547 = EDGE_LOOP ( 'NONE', ( #4922, #2603, #785, #4561, #5995, #9641 ) ) ;
#4549 = ORIENTED_EDGE ( 'NONE', *, *, #11518, .F. ) ;
#4548 = CARTESIAN_POINT ( 'NONE',  ( -2.085106396675110219, -0.06995550446197459915, -0.05000000000000000278 ) ) ;
#4550 = ORIENTED_EDGE ( 'NONE', *, *, #2631, .T. ) ;
#4551 = DIRECTION ( 'NONE',  ( -0.000000000000000000, 1.000000000000000000, 0.000000000000000000 ) ) ;
#4552 = PRESENTATION_LAYER_ASSIGNMENT (  '', '', ( #9935 ) ) ;
#4553 =( NAMED_UNIT ( * ) SI_UNIT ( $, .STERADIAN. ) SOLID_ANGLE_UNIT ( ) );
#4554 = DIRECTION ( 'NONE',  ( 0.4547769415433869367, 0.8906053746977068419, 0.000000000000000000 ) ) ;
#4555 = ADVANCED_FACE ( 'NONE', ( #10454 ), #1891, .F. ) ;
#4556 = MECHANICAL_DESIGN_GEOMETRIC_PRESENTATION_REPRESENTATION (  '', ( #757 ), #9736 ) ;
#4557 = VECTOR ( 'NONE', #3950, 1000.000000000000000 ) ;
#4558 = MECHANICAL_DESIGN_GEOMETRIC_PRESENTATION_REPRESENTATION (  '', ( #8938 ), #5938 ) ;
#4559 = SURFACE_SIDE_STYLE ('',( #8368 ) ) ;
#4560 = VECTOR ( 'NONE', #8118, 1000.000000000000000 ) ;
#4561 = ORIENTED_EDGE ( 'NONE', *, *, #6797, .T. ) ;
#4562 = LINE ( 'NONE', #3571, #236 ) ;
#4563 = FILL_AREA_STYLE ('',( #5424 ) ) ;
#4564 = MECHANICAL_DESIGN_GEOMETRIC_PRESENTATION_REPRESENTATION (  '', ( #8155 ), #10331 ) ;
#4565 = CARTESIAN_POINT ( 'NONE',  ( 8.640000000000000568, -4.000000000000000000, 0.5999999999999999778 ) ) ;
#4566 = AXIS2_PLACEMENT_3D ( 'NONE', #7719, #8771, #1209 ) ;
#4567 =( NAMED_UNIT ( * ) SI_UNIT ( $, .STERADIAN. ) SOLID_ANGLE_UNIT ( ) );
#4568 = CARTESIAN_POINT ( 'NONE',  ( -3.939999999999999947, 1.260000000000000009, 10.69999999999999929 ) ) ;
#4569 = DIRECTION ( 'NONE',  ( 0.000000000000000000, 0.000000000000000000, -1.000000000000000000 ) ) ;
#4570 = EDGE_CURVE ( 'NONE', #852, #9862, #3161, .T. ) ;
#4571 = ORIENTED_EDGE ( 'NONE', *, *, #3677, .F. ) ;
#4572 = EDGE_CURVE ( 'NONE', #2227, #6177, #10638, .T. ) ;
#4573 =( GEOMETRIC_REPRESENTATION_CONTEXT ( 3 ) GLOBAL_UNCERTAINTY_ASSIGNED_CONTEXT ( ( #4924 ) ) GLOBAL_UNIT_ASSIGNED_CONTEXT ( ( #12152, #3717, #5633 ) ) REPRESENTATION_CONTEXT ( 'NONE', 'WORKASPACE' ) );
#4574 = VERTEX_POINT ( 'NONE', #3032 ) ;
#4575 = FACE_OUTER_BOUND ( 'NONE', #1593, .T. ) ;
#4576 = MECHANICAL_DESIGN_GEOMETRIC_PRESENTATION_REPRESENTATION (  '', ( #184 ), #11556 ) ;
#4577 = DIRECTION ( 'NONE',  ( 0.000000000000000000, -1.000000000000000000, 0.000000000000000000 ) ) ;
#4578 = PRESENTATION_STYLE_ASSIGNMENT (( #2453 ) ) ;
#4579 =( NAMED_UNIT ( * ) SI_UNIT ( $, .STERADIAN. ) SOLID_ANGLE_UNIT ( ) );
#4580 =( NAMED_UNIT ( * ) PLANE_ANGLE_UNIT ( ) SI_UNIT ( $, .RADIAN. ) );
#4581 = DIRECTION ( 'NONE',  ( -1.000000000000000000, 0.000000000000000000, 0.000000000000000000 ) ) ;
#4582 = EDGE_LOOP ( 'NONE', ( #340, #5100, #7461, #2514 ) ) ;
#4583 = CARTESIAN_POINT ( 'NONE',  ( -12.85999999999999943, -4.000000000000000000, 3.200000000000000178 ) ) ;
#4584 = AXIS2_PLACEMENT_3D ( 'NONE', #4131, #11699, #3156 ) ;
#4585 = ORIENTED_EDGE ( 'NONE', *, *, #11145, .T. ) ;
#4586 = ORIENTED_EDGE ( 'NONE', *, *, #10565, .F. ) ;
#4587 = CARTESIAN_POINT ( 'NONE',  ( -1.880851066112519954, 0.4675444478543100413, -0.05000000000000000278 ) ) ;
#4588 = DIRECTION ( 'NONE',  ( -1.000000000000000000, 0.000000000000000000, 0.000000000000000000 ) ) ;
#4589 = CARTESIAN_POINT ( 'NONE',  ( -1.689361700415610068, 0.9800444240124520645, 0.000000000000000000 ) ) ;
#4590 = DIRECTION ( 'NONE',  ( -1.000000000000000000, 0.000000000000000000, 0.000000000000000000 ) ) ;
#4591 =( LENGTH_UNIT ( ) NAMED_UNIT ( * ) SI_UNIT ( .MILLI., .METRE. ) );
#4592 = CARTESIAN_POINT ( 'NONE',  ( -8.599999999999999645, 4.000000000000000000, 0.5999999999999999778 ) ) ;
#4593 = ORIENTED_EDGE ( 'NONE', *, *, #7524, .F. ) ;
#4594 = CARTESIAN_POINT ( 'NONE',  ( -1.600000000000000089, 1.142544447854309864, -0.05000000000000000278 ) ) ;
#4595 = LINE ( 'NONE', #5641, #2054 ) ;
#4596 = EDGE_LOOP ( 'NONE', ( #5655, #11513, #8513, #4101 ) ) ;
#4597 = CARTESIAN_POINT ( 'NONE',  ( 12.35999999999999943, 0.8000000000000000444, 10.69999999999999929 ) ) ;
#4598 = FACE_OUTER_BOUND ( 'NONE', #1789, .T. ) ;
#4599 = EDGE_LOOP ( 'NONE', ( #719, #7815, #2930, #12218 ) ) ;
#4600 = CARTESIAN_POINT ( 'NONE',  ( -11.25999999999999979, 0.2000000000000000111, 0.5999999999999999778 ) ) ;
#4601 = UNCERTAINTY_MEASURE_WITH_UNIT (LENGTH_MEASURE( 1.000000000000000082E-05 ), #3038, 'distance_accuracy_value', 'NONE');
#4602 = DIRECTION ( 'NONE',  ( -1.000000000000000000, 0.000000000000000000, 0.000000000000000000 ) ) ;
#4603 = EDGE_CURVE ( 'NONE', #7273, #4345, #5890, .T. ) ;
#4604 = ORIENTED_EDGE ( 'NONE', *, *, #8928, .T. ) ;
#4605 = VERTEX_POINT ( 'NONE', #9902 ) ;
#4606 = VERTEX_POINT ( 'NONE', #9710 ) ;
#4607 =( NAMED_UNIT ( * ) SI_UNIT ( $, .STERADIAN. ) SOLID_ANGLE_UNIT ( ) );
#4608 = DIRECTION ( 'NONE',  ( 0.9506452063545660636, -0.3102800213276460384, 0.000000000000000000 ) ) ;
#4609 = DIRECTION ( 'NONE',  ( 1.000000000000000000, 0.000000000000000000, 0.000000000000000000 ) ) ;
#4610 = PLANE ( 'NONE',  #4623 ) ;
#4611 = COLOUR_RGB ( '',1.000000000000000000, 1.000000000000000000, 0.9450980392156862475 ) ;
#4612 = DIRECTION ( 'NONE',  ( 0.000000000000000000, 0.9766444667050906414, -0.2148617826751169080 ) ) ;
#4613 = ORIENTED_EDGE ( 'NONE', *, *, #6085, .T. ) ;
#4614 = VECTOR ( 'NONE', #5802, 1000.000000000000000 ) ;
#4615 =( NAMED_UNIT ( * ) PLANE_ANGLE_UNIT ( ) SI_UNIT ( $, .RADIAN. ) );
#4616 = EDGE_CURVE ( 'NONE', #12158, #6056, #391, .T. ) ;
#4617 = CARTESIAN_POINT ( 'NONE',  ( -7.550000000000000711, 0.4500000000000000111, 11.19999999999999929 ) ) ;
#4618 =( GEOMETRIC_REPRESENTATION_CONTEXT ( 3 ) GLOBAL_UNCERTAINTY_ASSIGNED_CONTEXT ( ( #2609 ) ) GLOBAL_UNIT_ASSIGNED_CONTEXT ( ( #581, #4457, #4747 ) ) REPRESENTATION_CONTEXT ( 'NONE', 'WORKASPACE' ) );
#4619 = PLANE ( 'NONE',  #4625 ) ;
#4620 = MECHANICAL_DESIGN_GEOMETRIC_PRESENTATION_REPRESENTATION (  '', ( #3035 ), #6622 ) ;
#4621 = SURFACE_SIDE_STYLE ('',( #811 ) ) ;
#4622 = EDGE_LOOP ( 'NONE', ( #9333, #2343, #8989, #11163 ) ) ;
#4623 = AXIS2_PLACEMENT_3D ( 'NONE', #3509, #1607, #12174 ) ;
#4624 = VECTOR ( 'NONE', #1801, 1000.000000000000000 ) ;
#4625 = AXIS2_PLACEMENT_3D ( 'NONE', #4744, #5548, #9504 ) ;
#4626 =( GEOMETRIC_REPRESENTATION_CONTEXT ( 3 ) GLOBAL_UNCERTAINTY_ASSIGNED_CONTEXT ( ( #1026 ) ) GLOBAL_UNIT_ASSIGNED_CONTEXT ( ( #8316, #1039, #8594 ) ) REPRESENTATION_CONTEXT ( 'NONE', 'WORKASPACE' ) );
#4627 = ORIENTED_EDGE ( 'NONE', *, *, #2722, .T. ) ;
#4628 = CARTESIAN_POINT ( 'NONE',  ( -3.340000000000000302, 0.2000000000000000111, 3.200000000000000178 ) ) ;
#4629 = ADVANCED_FACE ( 'NONE', ( #321 ), #4080, .T. ) ;
#4630 = PRESENTATION_LAYER_ASSIGNMENT (  '', '', ( #8413 ) ) ;
#4631 = FILL_AREA_STYLE ('',( #817 ) ) ;
#4632 = DIRECTION ( 'NONE',  ( 0.000000000000000000, -1.000000000000000000, 0.000000000000000000 ) ) ;
#4633 = VECTOR ( 'NONE', #4787, 1000.000000000000000 ) ;
#4634 = CARTESIAN_POINT ( 'NONE',  ( 11.33000000000000007, 1.369999999999999885, 10.20000000000000107 ) ) ;
#4635 = DIRECTION ( 'NONE',  ( 0.000000000000000000, 0.000000000000000000, -1.000000000000000000 ) ) ;
#4636 = SURFACE_STYLE_USAGE ( .BOTH. , #4047 ) ;
#4637 = PRESENTATION_STYLE_ASSIGNMENT (( #5566 ) ) ;
#4638 = MECHANICAL_DESIGN_GEOMETRIC_PRESENTATION_REPRESENTATION (  '', ( #11221 ), #5709 ) ;
#4639 = UNCERTAINTY_MEASURE_WITH_UNIT (LENGTH_MEASURE( 1.000000000000000082E-05 ), #6329, 'distance_accuracy_value', 'NONE');
#4640 = ORIENTED_EDGE ( 'NONE', *, *, #3957, .T. ) ;
#4641 =( NAMED_UNIT ( * ) SI_UNIT ( $, .STERADIAN. ) SOLID_ANGLE_UNIT ( ) );
#4642 = MECHANICAL_DESIGN_GEOMETRIC_PRESENTATION_REPRESENTATION (  '', ( #9622 ), #30 ) ;
#4643 = AXIS2_PLACEMENT_3D ( 'NONE', #2692, #3795, #11175 ) ;
#4645 = EDGE_CURVE ( 'NONE', #7977, #2430, #6005, .T. ) ;
#4644 = AXIS2_PLACEMENT_3D ( 'NONE', #3922, #9744, #1920 ) ;
#4646 = PRESENTATION_LAYER_ASSIGNMENT (  '', '', ( #9024 ) ) ;
#4647 = PRESENTATION_LAYER_ASSIGNMENT (  '', '', ( #11820 ) ) ;
#4648 = MECHANICAL_DESIGN_GEOMETRIC_PRESENTATION_REPRESENTATION (  '', ( #9844 ), #6244 ) ;
#4649 = VERTEX_POINT ( 'NONE', #143 ) ;
#4650 = AXIS2_PLACEMENT_3D ( 'NONE', #7949, #2189, #4942 ) ;
#4651 = DIRECTION ( 'NONE',  ( 0.000000000000000000, 0.000000000000000000, -1.000000000000000000 ) ) ;
#4652 = PLANE ( 'NONE',  #2545 ) ;
#4653 =( GEOMETRIC_REPRESENTATION_CONTEXT ( 3 ) GLOBAL_UNCERTAINTY_ASSIGNED_CONTEXT ( ( #11645 ) ) GLOBAL_UNIT_ASSIGNED_CONTEXT ( ( #7913, #10835, #8856 ) ) REPRESENTATION_CONTEXT ( 'NONE', 'WORKASPACE' ) );
#4654 = PLANE ( 'NONE',  #8566 ) ;
#4655 = PLANE ( 'NONE',  #3533 ) ;
#4656 = MANIFOLD_SOLID_BREP ( 'Imported7', #5356 ) ;
#4657 = PRESENTATION_LAYER_ASSIGNMENT (  '', '', ( #874 ) ) ;
#4658 = ADVANCED_FACE ( 'NONE', ( #2522 ), #10140, .T. ) ;
#4659 = UNCERTAINTY_MEASURE_WITH_UNIT (LENGTH_MEASURE( 1.000000000000000082E-05 ), #8216, 'distance_accuracy_value', 'NONE');
#4660 = CARTESIAN_POINT ( 'NONE',  ( -2.085106396675110219, 1.342544471696169861, -0.05000000000000000278 ) ) ;
#4661 = CARTESIAN_POINT ( 'NONE',  ( -13.86000000000000121, -3.000000000000000000, 3.200000000000000178 ) ) ;
#4662 =( GEOMETRIC_REPRESENTATION_CONTEXT ( 3 ) GLOBAL_UNCERTAINTY_ASSIGNED_CONTEXT ( ( #12262 ) ) GLOBAL_UNIT_ASSIGNED_CONTEXT ( ( #11709, #8903, #397 ) ) REPRESENTATION_CONTEXT ( 'NONE', 'WORKASPACE' ) );
#4663 = VERTEX_POINT ( 'NONE', #5275 ) ;
#4664 = CARTESIAN_POINT ( 'NONE',  ( -3.589999999999999858, 1.149999999999999911, 11.19999999999999929 ) ) ;
#4665 = CARTESIAN_POINT ( 'NONE',  ( 12.47000000000000064, 0.2300000000000000100, -2.399999999999999911 ) ) ;
#4666 = EDGE_CURVE ( 'NONE', #1936, #5290, #10999, .T. ) ;
#4667 = VERTEX_POINT ( 'NONE', #10942 ) ;
#4668 = COLOUR_RGB ( '',1.000000000000000000, 1.000000000000000000, 0.9450980392156862475 ) ;
#4669 = ORIENTED_EDGE ( 'NONE', *, *, #116, .T. ) ;
#4670 = VECTOR ( 'NONE', #7757, 1000.000000000000000 ) ;
#4671 = VECTOR ( 'NONE', #8099, 1000.000000000000000 ) ;
#4672 = LINE ( 'NONE', #12037, #678 ) ;
#4673 = MECHANICAL_DESIGN_GEOMETRIC_PRESENTATION_REPRESENTATION (  '', ( #1087 ), #1868 ) ;
#4674 = CARTESIAN_POINT ( 'NONE',  ( -1.804255312681200207, -0.1074555044619750072, 0.000000000000000000 ) ) ;
#4675 = PLANE ( 'NONE',  #6200 ) ;
#4676 = CARTESIAN_POINT ( 'NONE',  ( -8.599999999999999645, -4.000000000000000000, 0.000000000000000000 ) ) ;
#4677 = ORIENTED_EDGE ( 'NONE', *, *, #11416, .T. ) ;
#4678 = CARTESIAN_POINT ( 'NONE',  ( -2.187234044075009987, -0.04495559982940589699, 0.000000000000000000 ) ) ;
#4679 = AXIS2_PLACEMENT_3D ( 'NONE', #9141, #6337, #3590 ) ;
#4681 = ORIENTED_EDGE ( 'NONE', *, *, #7497, .T. ) ;
#4680 = FILL_AREA_STYLE_COLOUR ( '', #2043 ) ;
#4682 = VERTEX_POINT ( 'NONE', #644 ) ;
#4683 = FILL_AREA_STYLE ('',( #3794 ) ) ;
#4684 = SURFACE_STYLE_USAGE ( .BOTH. , #870 ) ;
#4685 = MECHANICAL_DESIGN_GEOMETRIC_PRESENTATION_REPRESENTATION (  '', ( #3094 ), #1842 ) ;
#4686 = SURFACE_STYLE_USAGE ( .BOTH. , #11301 ) ;
#4687 = CARTESIAN_POINT ( 'NONE',  ( -1.880851066112519954, 0.7925444955380260836, 0.000000000000000000 ) ) ;
#4688 = ORIENTED_EDGE ( 'NONE', *, *, #5940, .F. ) ;
#4689 = VECTOR ( 'NONE', #1740, 1000.000000000000000 ) ;
#4690 = LINE ( 'NONE', #6617, #8645 ) ;
#4691 =( NAMED_UNIT ( * ) PLANE_ANGLE_UNIT ( ) SI_UNIT ( $, .RADIAN. ) );
#4692 = ORIENTED_EDGE ( 'NONE', *, *, #587, .T. ) ;
#4693 =( LENGTH_UNIT ( ) NAMED_UNIT ( * ) SI_UNIT ( .MILLI., .METRE. ) );
#4694 = DIRECTION ( 'NONE',  ( 1.000000000000000000, 0.000000000000000000, 0.000000000000000000 ) ) ;
#4695 = FILL_AREA_STYLE_COLOUR ( '', #3635 ) ;
#4696 = LINE ( 'NONE', #6516, #3633 ) ;
#4697 = FACE_OUTER_BOUND ( 'NONE', #2616, .T. ) ;
#4698 = ADVANCED_FACE ( 'NONE', ( #11943 ), #7343, .T. ) ;
#4699 = VERTEX_POINT ( 'NONE', #10191 ) ;
#4700 = LINE ( 'NONE', #943, #6496 ) ;
#4701 = CARTESIAN_POINT ( 'NONE',  ( 8.640000000000000568, 4.000000000000000000, 0.5999999999999999778 ) ) ;
#4702 = SURFACE_SIDE_STYLE ('',( #8332 ) ) ;
#4703 = CARTESIAN_POINT ( 'NONE',  ( -2.059574484825129836, 1.442544447854309908, 0.000000000000000000 ) ) ;
#4704 = ORIENTED_EDGE ( 'NONE', *, *, #5020, .F. ) ;
#4705 = PLANE ( 'NONE',  #6007 ) ;
#4706 = DIRECTION ( 'NONE',  ( -0.9813592727596094356, -0.1921821473725650875, 0.000000000000000000 ) ) ;
#4707 = ADVANCED_FACE ( 'NONE', ( #2644 ), #5450, .T. ) ;
#4708 =( NAMED_UNIT ( * ) SI_UNIT ( $, .STERADIAN. ) SOLID_ANGLE_UNIT ( ) );
#4709 = ORIENTED_EDGE ( 'NONE', *, *, #9550, .F. ) ;
#4710 = DIRECTION ( 'NONE',  ( 0.000000000000000000, 0.000000000000000000, -1.000000000000000000 ) ) ;
#4711 = LINE ( 'NONE', #5, #3002 ) ;
#4712 = DIRECTION ( 'NONE',  ( 1.000000000000000000, 0.000000000000000000, 0.000000000000000000 ) ) ;
#4713 = FILL_AREA_STYLE ('',( #9285 ) ) ;
#4714 = DIRECTION ( 'NONE',  ( 0.000000000000000000, 0.000000000000000000, -1.000000000000000000 ) ) ;
#4715 = ORIENTED_EDGE ( 'NONE', *, *, #6856, .F. ) ;
#4716 = SURFACE_SIDE_STYLE ('',( #1831 ) ) ;
#4717 = CARTESIAN_POINT ( 'NONE',  ( -1.740425533056259910, 1.442544447854309908, 0.000000000000000000 ) ) ;
#4718 = EDGE_LOOP ( 'NONE', ( #2818, #369, #10879, #2962 ) ) ;
#4719 = FILL_AREA_STYLE ('',( #972 ) ) ;
#4720 = ADVANCED_FACE ( 'NONE', ( #8639 ), #4705, .T. ) ;
#4721 = ORIENTED_EDGE ( 'NONE', *, *, #12036, .F. ) ;
#4722 = MECHANICAL_DESIGN_GEOMETRIC_PRESENTATION_REPRESENTATION (  '', ( #2119 ), #6446 ) ;
#4723 = EDGE_CURVE ( 'NONE', #11671, #1451, #7643, .T. ) ;
#4724 =( NAMED_UNIT ( * ) SI_UNIT ( $, .STERADIAN. ) SOLID_ANGLE_UNIT ( ) );
#4725 = CARTESIAN_POINT ( 'NONE',  ( 36.25999999999999801, 0.000000000000000000, 11.19999999999999929 ) ) ;
#4726 = SURFACE_STYLE_USAGE ( .BOTH. , #4904 ) ;
#4727 = ORIENTED_EDGE ( 'NONE', *, *, #11328, .F. ) ;
#4728 = LINE ( 'NONE', #2928, #10913 ) ;
#4730 = ORIENTED_EDGE ( 'NONE', *, *, #6452, .F. ) ;
#4729 = SURFACE_STYLE_FILL_AREA ( #2157 ) ;
#4731 = ORIENTED_EDGE ( 'NONE', *, *, #12324, .T. ) ;
#4732 =( NAMED_UNIT ( * ) PLANE_ANGLE_UNIT ( ) SI_UNIT ( $, .RADIAN. ) );
#4733 = DIRECTION ( 'NONE',  ( 0.000000000000000000, 0.000000000000000000, -1.000000000000000000 ) ) ;
#4734 = VERTEX_POINT ( 'NONE', #8514 ) ;
#4735 = STYLED_ITEM ( 'NONE', ( #111 ), #9595 ) ;
#4736 = VECTOR ( 'NONE', #1884, 1000.000000000000000 ) ;
#4737 = CARTESIAN_POINT ( 'NONE',  ( -8.500000000000000000, 1.399999999999999911, 0.5999999999999999778 ) ) ;
#4738 =( GEOMETRIC_REPRESENTATION_CONTEXT ( 3 ) GLOBAL_UNCERTAINTY_ASSIGNED_CONTEXT ( ( #1573 ) ) GLOBAL_UNIT_ASSIGNED_CONTEXT ( ( #6895, #12325, #11385 ) ) REPRESENTATION_CONTEXT ( 'NONE', 'WORKASPACE' ) );
#4739 = CARTESIAN_POINT ( 'NONE',  ( -1.600000000000000089, 2.005044447854310352, 0.000000000000000000 ) ) ;
#4740 = ADVANCED_FACE ( 'NONE', ( #11448 ), #2905, .T. ) ;
#4741 = ORIENTED_EDGE ( 'NONE', *, *, #9492, .T. ) ;
#4742 = STYLED_ITEM ( 'NONE', ( #10567 ), #5796 ) ;
#4743 = CARTESIAN_POINT ( 'NONE',  ( -0.6800000000000100409, 4.000000000000000000, 0.000000000000000000 ) ) ;
#4744 = CARTESIAN_POINT ( 'NONE',  ( 0.000000000000000000, 0.000000000000000000, -0.05000000000000000278 ) ) ;
#4745 = VECTOR ( 'NONE', #945, 1000.000000000000000 ) ;
#4746 = SURFACE_STYLE_FILL_AREA ( #8377 ) ;
#4747 =( NAMED_UNIT ( * ) SI_UNIT ( $, .STERADIAN. ) SOLID_ANGLE_UNIT ( ) );
#4748 = AXIS2_PLACEMENT_3D ( 'NONE', #766, #4577, #2822 ) ;
#4749 = MECHANICAL_DESIGN_GEOMETRIC_PRESENTATION_REPRESENTATION (  '', ( #8554 ), #1160 ) ;
#4750 = ORIENTED_EDGE ( 'NONE', *, *, #254, .F. ) ;
#4751 = FACE_OUTER_BOUND ( 'NONE', #8617, .T. ) ;
#4752 = FACE_OUTER_BOUND ( 'NONE', #218, .T. ) ;
#4753 =( LENGTH_UNIT ( ) NAMED_UNIT ( * ) SI_UNIT ( .MILLI., .METRE. ) );
#4754 = DIRECTION ( 'NONE',  ( -0.7145102180352601584, 0.6996250055016651759, 0.000000000000000000 ) ) ;
#4755 = FILL_AREA_STYLE ('',( #2710 ) ) ;
#4756 = PRODUCT_CONTEXT ( 'NONE', #11330, 'mechanical' ) ;
#4757 = ADVANCED_FACE ( 'NONE', ( #4067 ), #6064, .T. ) ;
#4758 = ORIENTED_EDGE ( 'NONE', *, *, #7059, .T. ) ;
#4759 = CARTESIAN_POINT ( 'NONE',  ( -2.059574484825129836, 1.442544447854309908, 0.000000000000000000 ) ) ;
#4760 = ORIENTED_EDGE ( 'NONE', *, *, #3277, .F. ) ;
#4761 =( GEOMETRIC_REPRESENTATION_CONTEXT ( 3 ) GLOBAL_UNCERTAINTY_ASSIGNED_CONTEXT ( ( #5617 ) ) GLOBAL_UNIT_ASSIGNED_CONTEXT ( ( #9594, #10653, #5965 ) ) REPRESENTATION_CONTEXT ( 'NONE', 'WORKASPACE' ) );
#4762 = ORIENTED_EDGE ( 'NONE', *, *, #1180, .T. ) ;
#4763 = DIRECTION ( 'NONE',  ( -1.000000000000000000, 0.000000000000000000, 0.000000000000000000 ) ) ;
#4764 = FILL_AREA_STYLE_COLOUR ( '', #2673 ) ;
#4765 = LINE ( 'NONE', #9769, #7388 ) ;
#4766 = DIRECTION ( 'NONE',  ( 0.5627909312417439525, -0.8265992787996191415, 0.000000000000000000 ) ) ;
#4767 = EDGE_CURVE ( 'NONE', #1906, #3802, #7947, .T. ) ;
#4768 = UNCERTAINTY_MEASURE_WITH_UNIT (LENGTH_MEASURE( 1.000000000000000082E-05 ), #11248, 'distance_accuracy_value', 'NONE');
#4769 = MECHANICAL_DESIGN_GEOMETRIC_PRESENTATION_REPRESENTATION (  '', ( #10157 ), #7970 ) ;
#4770 = SURFACE_SIDE_STYLE ('',( #1097 ) ) ;
#4771 = PRESENTATION_STYLE_ASSIGNMENT (( #7664 ) ) ;
#4772 = EDGE_LOOP ( 'NONE', ( #11764, #11737, #3275, #2312 ) ) ;
#4773 = CARTESIAN_POINT ( 'NONE',  ( -2.200000000000000178, 0.3175444478543100191, 0.000000000000000000 ) ) ;
#4774 = SURFACE_STYLE_USAGE ( .BOTH. , #3837 ) ;
#4775 = ORIENTED_EDGE ( 'NONE', *, *, #2976, .T. ) ;
#4776 = EDGE_CURVE ( 'NONE', #8698, #1354, #6937, .T. ) ;
#4777 = ORIENTED_EDGE ( 'NONE', *, *, #9950, .T. ) ;
#4778 = CARTESIAN_POINT ( 'NONE',  ( -1.995744669437410357, -0.1824555044619740052, 0.000000000000000000 ) ) ;
#4779 = SURFACE_STYLE_USAGE ( .BOTH. , #11471 ) ;
#4780 = DIRECTION ( 'NONE',  ( 0.000000000000000000, 1.000000000000000000, 0.000000000000000000 ) ) ;
#4781 = EDGE_CURVE ( 'NONE', #8698, #9385, #1269, .T. ) ;
#4782 = EDGE_LOOP ( 'NONE', ( #11486, #6403, #114, #6532 ) ) ;
#4783 = CARTESIAN_POINT ( 'NONE',  ( -1.804255312681200207, -0.4199554567782590175, 0.000000000000000000 ) ) ;
#4785 = ORIENTED_EDGE ( 'NONE', *, *, #11049, .F. ) ;
#4784 = CARTESIAN_POINT ( 'NONE',  ( -11.50999999999999979, 1.149999999999999911, -3.399999999999999911 ) ) ;
#4786 = ORIENTED_EDGE ( 'NONE', *, *, #7109, .F. ) ;
#4787 = DIRECTION ( 'NONE',  ( -1.000000000000000000, 0.000000000000000000, 0.000000000000000000 ) ) ;
#4788 = SURFACE_STYLE_USAGE ( .BOTH. , #105 ) ;
#4789 = ADVANCED_FACE ( 'NONE', ( #7824 ), #1995, .F. ) ;
#4790 =( NAMED_UNIT ( * ) SI_UNIT ( $, .STERADIAN. ) SOLID_ANGLE_UNIT ( ) );
#4791 = CARTESIAN_POINT ( 'NONE',  ( -2.110638308525089712, 1.417544435933379754, -0.05000000000000000278 ) ) ;
#4792 = FILL_AREA_STYLE ('',( #8687 ) ) ;
#4793 = CARTESIAN_POINT ( 'NONE',  ( 0.5899999999999860911, 1.369999999999999885, -2.399999999999999911 ) ) ;
#4794 = DIRECTION ( 'NONE',  ( 0.000000000000000000, 1.000000000000000000, 0.000000000000000000 ) ) ;
#4795 = EDGE_LOOP ( 'NONE', ( #7359, #7394, #5480, #1341, #3683, #11690 ) ) ;
#4796 = ORIENTED_EDGE ( 'NONE', *, *, #104, .T. ) ;
#4797 = DIRECTION ( 'NONE',  ( -1.000000000000000000, 0.000000000000000000, 0.000000000000000000 ) ) ;
#4798 = FILL_AREA_STYLE_COLOUR ( '', #9609 ) ;
#4799 = CARTESIAN_POINT ( 'NONE',  ( 13.86000000000000121, -3.000000000000000000, 3.200000000000000178 ) ) ;
#4800 = DIRECTION ( 'NONE',  ( 0.000000000000000000, 0.000000000000000000, -1.000000000000000000 ) ) ;
#4801 = ADVANCED_FACE ( 'NONE', ( #9635 ), #1090, .T. ) ;
#4802 = EDGE_LOOP ( 'NONE', ( #86, #3003, #9557, #6618 ) ) ;
#4803 = LINE ( 'NONE', #187, #5218 ) ;
#4804 =( GEOMETRIC_REPRESENTATION_CONTEXT ( 3 ) GLOBAL_UNCERTAINTY_ASSIGNED_CONTEXT ( ( #9853 ) ) GLOBAL_UNIT_ASSIGNED_CONTEXT ( ( #11646, #7084, #8774 ) ) REPRESENTATION_CONTEXT ( 'NONE', 'WORKASPACE' ) );
#4805 = SURFACE_STYLE_USAGE ( .BOTH. , #248 ) ;
#4806 = LINE ( 'NONE', #8634, #9469 ) ;
#4807 = PRESENTATION_STYLE_ASSIGNMENT (( #1008 ) ) ;
#4808 = DIRECTION ( 'NONE',  ( -0.9797707392153340855, -0.2001232084927629939, 0.000000000000000000 ) ) ;
#4809 = ORIENTED_EDGE ( 'NONE', *, *, #4003, .T. ) ;
#4810 = PRESENTATION_STYLE_ASSIGNMENT (( #10546 ) ) ;
#4811 = DIRECTION ( 'NONE',  ( 0.000000000000000000, 1.000000000000000000, 0.000000000000000000 ) ) ;
#4812 = SURFACE_STYLE_USAGE ( .BOTH. , #132 ) ;
#4813 = VECTOR ( 'NONE', #7932, 1000.000000000000000 ) ;
#4814 = VECTOR ( 'NONE', #5315, 1000.000000000000000 ) ;
#4815 = STYLED_ITEM ( 'NONE', ( #8701 ), #4122 ) ;
#4816 = VECTOR ( 'NONE', #5488, 1000.000000000000000 ) ;
#4817 = DIRECTION ( 'NONE',  ( 0.9797707357801710426, -0.2001232253107630144, 0.000000000000000000 ) ) ;
#4818 = STYLED_ITEM ( 'NONE', ( #5108 ), #10301 ) ;
#4819 = ORIENTED_EDGE ( 'NONE', *, *, #5743, .T. ) ;
#4820 = CARTESIAN_POINT ( 'NONE',  ( -2.123404264450070134, 0.2425444478543100080, -0.05000000000000000278 ) ) ;
#4821 = FILL_AREA_STYLE ('',( #3772 ) ) ;
#4822 = AXIS2_PLACEMENT_3D ( 'NONE', #7566, #12358, #9501 ) ;
#4823 = PLANE ( 'NONE',  #12241 ) ;
#4824 = CARTESIAN_POINT ( 'NONE',  ( 8.509999999999999787, 1.369999999999999885, 10.20000000000000107 ) ) ;
#4825 = CARTESIAN_POINT ( 'NONE',  ( -2.200000000000000178, 1.255044447854309908, 0.000000000000000000 ) ) ;
#4826 = VECTOR ( 'NONE', #9649, 1000.000000000000000 ) ;
#4827 =( NAMED_UNIT ( * ) SI_UNIT ( $, .STERADIAN. ) SOLID_ANGLE_UNIT ( ) );
#4828 = ORIENTED_EDGE ( 'NONE', *, *, #5181, .T. ) ;
#4829 =( GEOMETRIC_REPRESENTATION_CONTEXT ( 3 ) GLOBAL_UNCERTAINTY_ASSIGNED_CONTEXT ( ( #11809 ) ) GLOBAL_UNIT_ASSIGNED_CONTEXT ( ( #10805, #74, #3097 ) ) REPRESENTATION_CONTEXT ( 'NONE', 'WORKASPACE' ) );
#4830 = CARTESIAN_POINT ( 'NONE',  ( 0.000000000000000000, 0.000000000000000000, 0.000000000000000000 ) ) ;
#4831 = FACE_OUTER_BOUND ( 'NONE', #1970, .T. ) ;
#4832 = ORIENTED_EDGE ( 'NONE', *, *, #8030, .F. ) ;
#4833 = PRESENTATION_LAYER_ASSIGNMENT (  '', '', ( #9432 ) ) ;
#4834 =( GEOMETRIC_REPRESENTATION_CONTEXT ( 3 ) GLOBAL_UNCERTAINTY_ASSIGNED_CONTEXT ( ( #6346 ) ) GLOBAL_UNIT_ASSIGNED_CONTEXT ( ( #11529, #9484, #9538 ) ) REPRESENTATION_CONTEXT ( 'NONE', 'WORKASPACE' ) );
#4835 = ORIENTED_EDGE ( 'NONE', *, *, #10682, .T. ) ;
#4836 =( GEOMETRIC_REPRESENTATION_CONTEXT ( 3 ) GLOBAL_UNCERTAINTY_ASSIGNED_CONTEXT ( ( #209 ) ) GLOBAL_UNIT_ASSIGNED_CONTEXT ( ( #927, #4732, #12351 ) ) REPRESENTATION_CONTEXT ( 'NONE', 'WORKASPACE' ) );
#4837 = EDGE_CURVE ( 'NONE', #9750, #2586, #10926, .T. ) ;
#4838 =( GEOMETRIC_REPRESENTATION_CONTEXT ( 3 ) GLOBAL_UNCERTAINTY_ASSIGNED_CONTEXT ( ( #7662 ) ) GLOBAL_UNIT_ASSIGNED_CONTEXT ( ( #5030, #3230, #6150 ) ) REPRESENTATION_CONTEXT ( 'NONE', 'WORKASPACE' ) );
#4839 =( GEOMETRIC_REPRESENTATION_CONTEXT ( 3 ) GLOBAL_UNCERTAINTY_ASSIGNED_CONTEXT ( ( #7369 ) ) GLOBAL_UNIT_ASSIGNED_CONTEXT ( ( #9098, #6356, #11766 ) ) REPRESENTATION_CONTEXT ( 'NONE', 'WORKASPACE' ) );
#4840 = AXIS2_PLACEMENT_3D ( 'NONE', #9934, #1501, #6053 ) ;
#4841 = SURFACE_SIDE_STYLE ('',( #1960 ) ) ;
#4842 = SURFACE_STYLE_FILL_AREA ( #8670 ) ;
#4843 = FILL_AREA_STYLE ('',( #8729 ) ) ;
#4844 = CARTESIAN_POINT ( 'NONE',  ( -1.995744669437410357, 1.455044435933379843, 0.000000000000000000 ) ) ;
#4845 = ORIENTED_EDGE ( 'NONE', *, *, #4603, .F. ) ;
#4846 = FILL_AREA_STYLE ('',( #1904 ) ) ;
#4847 = ADVANCED_FACE ( 'NONE', ( #7264 ), #7123, .T. ) ;
#4849 = ORIENTED_EDGE ( 'NONE', *, *, #3290, .T. ) ;
#4848 =( GEOMETRIC_REPRESENTATION_CONTEXT ( 3 ) GLOBAL_UNCERTAINTY_ASSIGNED_CONTEXT ( ( #7972 ) ) GLOBAL_UNIT_ASSIGNED_CONTEXT ( ( #7353, #7152, #3597 ) ) REPRESENTATION_CONTEXT ( 'NONE', 'WORKASPACE' ) );
#4850 = ORIENTED_EDGE ( 'NONE', *, *, #4781, .F. ) ;
#4851 =( GEOMETRIC_REPRESENTATION_CONTEXT ( 3 ) GLOBAL_UNCERTAINTY_ASSIGNED_CONTEXT ( ( #10396 ) ) GLOBAL_UNIT_ASSIGNED_CONTEXT ( ( #4886, #12214, #5470 ) ) REPRESENTATION_CONTEXT ( 'NONE', 'WORKASPACE' ) );
#4852 = LINE ( 'NONE', #1972, #10413 ) ;
#4853 = SURFACE_STYLE_USAGE ( .BOTH. , #1049 ) ;
#4854 = COLOUR_RGB ( '',0.7803921568627451011, 0.7803921568627451011, 0.7803921568627451011 ) ;
#4855 = CARTESIAN_POINT ( 'NONE',  ( 0.000000000000000000, 0.000000000000000000, 0.000000000000000000 ) ) ;
#4856 = CARTESIAN_POINT ( 'NONE',  ( -4.639999999999999680, -4.000000000000000000, 0.000000000000000000 ) ) ;
#4857 = VECTOR ( 'NONE', #1780, 1000.000000000000000 ) ;
#4858 = COLOUR_RGB ( '',0.2941176470588235392, 0.2941176470588235392, 0.2941176470588235392 ) ;
#4859 = ORIENTED_EDGE ( 'NONE', *, *, #6613, .F. ) ;
#4860 = ADVANCED_FACE ( 'NONE', ( #10007 ), #10176, .T. ) ;
#4861 = VECTOR ( 'NONE', #10134, 1000.000000000000000 ) ;
#4862 = DIRECTION ( 'NONE',  ( 0.000000000000000000, -1.000000000000000000, 0.000000000000000000 ) ) ;
#4863 = STYLED_ITEM ( 'NONE', ( #9396 ), #7684 ) ;
#4864 = LINE ( 'NONE', #1122, #3761 ) ;
#4865 = EDGE_CURVE ( 'NONE', #9712, #5028, #2894, .T. ) ;
#4866 = DIRECTION ( 'NONE',  ( 0.000000000000000000, -1.000000000000000000, 0.000000000000000000 ) ) ;
#4867 = AXIS2_PLACEMENT_3D ( 'NONE', #10084, #8210, #5389 ) ;
#4869 = ORIENTED_EDGE ( 'NONE', *, *, #5554, .F. ) ;
#4868 = PRESENTATION_STYLE_ASSIGNMENT (( #4636 ) ) ;
#4870 = ORIENTED_EDGE ( 'NONE', *, *, #1864, .T. ) ;
#4871 = DIRECTION ( 'NONE',  ( 0.000000000000000000, 0.000000000000000000, -1.000000000000000000 ) ) ;
#4872 = ORIENTED_EDGE ( 'NONE', *, *, #10117, .F. ) ;
#4873 = LINE ( 'NONE', #5505, #10987 ) ;
#4874 = COLOUR_RGB ( '',1.000000000000000000, 1.000000000000000000, 0.9450980392156862475 ) ;
#4875 = EDGE_CURVE ( 'NONE', #6342, #5829, #4696, .T. ) ;
#4876 = ORIENTED_EDGE ( 'NONE', *, *, #12063, .T. ) ;
#4877 = FILL_AREA_STYLE_COLOUR ( '', #10269 ) ;
#4878 = LINE ( 'NONE', #1990, #4614 ) ;
#4879 = ADVANCED_FACE ( 'NONE', ( #7515 ), #1923, .T. ) ;
#4880 = AXIS2_PLACEMENT_3D ( 'NONE', #9454, #894, #1871 ) ;
#4881 = CARTESIAN_POINT ( 'NONE',  ( 0.000000000000000000, 0.000000000000000000, 0.000000000000000000 ) ) ;
#4882 = PLANE ( 'NONE',  #2759 ) ;
#4883 = EDGE_LOOP ( 'NONE', ( #8297, #11186, #1790, #5578 ) ) ;
#4884 = FILL_AREA_STYLE ('',( #11566 ) ) ;
#4885 = LINE ( 'NONE', #9462, #1291 ) ;
#4886 =( LENGTH_UNIT ( ) NAMED_UNIT ( * ) SI_UNIT ( .MILLI., .METRE. ) );
#4887 = ORIENTED_EDGE ( 'NONE', *, *, #850, .F. ) ;
#4888 = SURFACE_STYLE_USAGE ( .BOTH. , #7833 ) ;
#4889 =( NAMED_UNIT ( * ) PLANE_ANGLE_UNIT ( ) SI_UNIT ( $, .RADIAN. ) );
#4890 = EDGE_CURVE ( 'NONE', #10115, #11485, #9560, .T. ) ;
#4891 = LINE ( 'NONE', #10551, #8937 ) ;
#4892 =( NAMED_UNIT ( * ) SI_UNIT ( $, .STERADIAN. ) SOLID_ANGLE_UNIT ( ) );
#4893 =( NAMED_UNIT ( * ) PLANE_ANGLE_UNIT ( ) SI_UNIT ( $, .RADIAN. ) );
#4894 = UNCERTAINTY_MEASURE_WITH_UNIT (LENGTH_MEASURE( 1.000000000000000082E-05 ), #2435, 'distance_accuracy_value', 'NONE');
#4895 = CARTESIAN_POINT ( 'NONE',  ( -3.370000000000000107, 0.2300000000000000100, 10.20000000000000107 ) ) ;
#4896 = PRESENTATION_STYLE_ASSIGNMENT (( #6777 ) ) ;
#4897 = ORIENTED_EDGE ( 'NONE', *, *, #11569, .T. ) ;
#4898 = FILL_AREA_STYLE ('',( #8720 ) ) ;
#4899 = CARTESIAN_POINT ( 'NONE',  ( 12.25000000000000000, 0.4500000000000000111, -3.399999999999999911 ) ) ;
#4900 = VERTEX_POINT ( 'NONE', #3629 ) ;
#4901 = ORIENTED_EDGE ( 'NONE', *, *, #11499, .F. ) ;
#4902 = CARTESIAN_POINT ( 'NONE',  ( 8.509999999999999787, 0.2300000000000000100, 10.20000000000000107 ) ) ;
#4903 = FILL_AREA_STYLE ('',( #10765 ) ) ;
#4904 = SURFACE_SIDE_STYLE ('',( #2926 ) ) ;
#4905 = ORIENTED_EDGE ( 'NONE', *, *, #1004, .F. ) ;
#4907 = VERTEX_POINT ( 'NONE', #3750 ) ;
#4906 = DIRECTION ( 'NONE',  ( 0.000000000000000000, 0.000000000000000000, -1.000000000000000000 ) ) ;
#4908 = ORIENTED_EDGE ( 'NONE', *, *, #9848, .F. ) ;
#4909 = SURFACE_SIDE_STYLE ('',( #3051 ) ) ;
#4910 = ADVANCED_FACE ( 'NONE', ( #7626 ), #10481, .T. ) ;
#4911 =( LENGTH_UNIT ( ) NAMED_UNIT ( * ) SI_UNIT ( .MILLI., .METRE. ) );
#4912 = FILL_AREA_STYLE_COLOUR ( '', #12234 ) ;
#4913 = SURFACE_STYLE_FILL_AREA ( #3914 ) ;
#4914 = STYLED_ITEM ( 'NONE', ( #2197 ), #6879 ) ;
#4915 =( GEOMETRIC_REPRESENTATION_CONTEXT ( 3 ) GLOBAL_UNCERTAINTY_ASSIGNED_CONTEXT ( ( #7782 ) ) GLOBAL_UNIT_ASSIGNED_CONTEXT ( ( #11864, #5182, #3446 ) ) REPRESENTATION_CONTEXT ( 'NONE', 'WORKASPACE' ) );
#4916 = FILL_AREA_STYLE ('',( #3129 ) ) ;
#4917 = PRESENTATION_STYLE_ASSIGNMENT (( #1120 ) ) ;
#4918 = SURFACE_SIDE_STYLE ('',( #2108 ) ) ;
#4919 = SURFACE_STYLE_FILL_AREA ( #7690 ) ;
#4921 = ORIENTED_EDGE ( 'NONE', *, *, #2704, .F. ) ;
#4920 =( NAMED_UNIT ( * ) PLANE_ANGLE_UNIT ( ) SI_UNIT ( $, .RADIAN. ) );
#4922 = ORIENTED_EDGE ( 'NONE', *, *, #3036, .F. ) ;
#4923 = LINE ( 'NONE', #2944, #9223 ) ;
#4925 =( NAMED_UNIT ( * ) SI_UNIT ( $, .STERADIAN. ) SOLID_ANGLE_UNIT ( ) );
#4924 = UNCERTAINTY_MEASURE_WITH_UNIT (LENGTH_MEASURE( 1.000000000000000082E-05 ), #12152, 'distance_accuracy_value', 'NONE');
#4926 = EDGE_CURVE ( 'NONE', #2290, #6231, #9505, .T. ) ;
#4927 = PLANE ( 'NONE',  #233 ) ;
#4928 = CARTESIAN_POINT ( 'NONE',  ( 3.380000000000000338, 1.399999999999999911, 3.200000000000000178 ) ) ;
#4929 =( NAMED_UNIT ( * ) SI_UNIT ( $, .STERADIAN. ) SOLID_ANGLE_UNIT ( ) );
#4930 = STYLED_ITEM ( 'NONE', ( #9366 ), #9810 ) ;
#4931 = ORIENTED_EDGE ( 'NONE', *, *, #10746, .F. ) ;
#4932 =( LENGTH_UNIT ( ) NAMED_UNIT ( * ) SI_UNIT ( .MILLI., .METRE. ) );
#4933 = FILL_AREA_STYLE_COLOUR ( '', #4941 ) ;
#4935 = PRESENTATION_LAYER_ASSIGNMENT (  '', '', ( #7129 ) ) ;
#4934 = PRESENTATION_STYLE_ASSIGNMENT (( #4182 ) ) ;
#4936 = MECHANICAL_DESIGN_GEOMETRIC_PRESENTATION_REPRESENTATION (  '', ( #2339 ), #11918 ) ;
#4937 = DIRECTION ( 'NONE',  ( 1.000000000000000000, 0.000000000000000000, 0.000000000000000000 ) ) ;
#4938 = EDGE_CURVE ( 'NONE', #9712, #958, #8567, .T. ) ;
#4939 = VERTEX_POINT ( 'NONE', #10782 ) ;
#4940 = CARTESIAN_POINT ( 'NONE',  ( -1.689361700415610068, -0.1449555044619749988, 0.000000000000000000 ) ) ;
#4941 = COLOUR_RGB ( '',0.2941176470588235392, 0.2941176470588235392, 0.2941176470588235392 ) ;
#4942 = DIRECTION ( 'NONE',  ( 0.000000000000000000, 1.000000000000000000, 0.000000000000000000 ) ) ;
#4943 = EDGE_CURVE ( 'NONE', #5257, #9369, #9804, .T. ) ;
#4944 = VERTEX_POINT ( 'NONE', #1073 ) ;
#4945 = COLOUR_RGB ( '',0.2941176470588235392, 0.2941176470588235392, 0.2941176470588235392 ) ;
#4946 = EDGE_CURVE ( 'NONE', #1957, #11776, #7696, .T. ) ;
#4947 = VECTOR ( 'NONE', #7778, 1000.000000000000114 ) ;
#4948 = VECTOR ( 'NONE', #837, 1000.000000000000000 ) ;
#4949 = ORIENTED_EDGE ( 'NONE', *, *, #9033, .T. ) ;
#4950 = FACE_OUTER_BOUND ( 'NONE', #8356, .T. ) ;
#4951 = VECTOR ( 'NONE', #9415, 1000.000000000000114 ) ;
#4952 = CARTESIAN_POINT ( 'NONE',  ( 12.85999999999999943, -4.000000000000000000, 0.000000000000000000 ) ) ;
#4953 = LINE ( 'NONE', #4129, #4947 ) ;
#4954 =( NAMED_UNIT ( * ) PLANE_ANGLE_UNIT ( ) SI_UNIT ( $, .RADIAN. ) );
#4955 = CARTESIAN_POINT ( 'NONE',  ( -2.200000000000000178, 1.142544447854309864, -0.05000000000000000278 ) ) ;
#4956 = PLANE ( 'NONE',  #7910 ) ;
#4957 = CARTESIAN_POINT ( 'NONE',  ( 8.640000000000000568, -4.000000000000000000, 0.5999999999999999778 ) ) ;
#4958 =( GEOMETRIC_REPRESENTATION_CONTEXT ( 3 ) GLOBAL_UNCERTAINTY_ASSIGNED_CONTEXT ( ( #8022 ) ) GLOBAL_UNIT_ASSIGNED_CONTEXT ( ( #6921, #115, #5982 ) ) REPRESENTATION_CONTEXT ( 'NONE', 'WORKASPACE' ) );
#4959 = PRESENTATION_STYLE_ASSIGNMENT (( #1151 ) ) ;
#4960 = ORIENTED_EDGE ( 'NONE', *, *, #3804, .F. ) ;
#4961 = CARTESIAN_POINT ( 'NONE',  ( 3.520000000000000018, 0.8000000000000000444, 10.69999999999999929 ) ) ;
#4962 = CARTESIAN_POINT ( 'NONE',  ( -0.5800000000000089528, 0.2000000000000000111, 0.5999999999999999778 ) ) ;
#4963 = ORIENTED_EDGE ( 'NONE', *, *, #4355, .T. ) ;
#4964 = VECTOR ( 'NONE', #5845, 1000.000000000000000 ) ;
#4965 = VERTEX_POINT ( 'NONE', #1250 ) ;
#4966 = FILL_AREA_STYLE ('',( #1161 ) ) ;
#4967 = CARTESIAN_POINT ( 'NONE',  ( 12.59999999999999964, -4.000000000000000000, 0.5999999999999999778 ) ) ;
#4968 = VECTOR ( 'NONE', #10033, 1000.000000000000000 ) ;
#4969 = LINE ( 'NONE', #2151, #3637 ) ;
#4970 = UNCERTAINTY_MEASURE_WITH_UNIT (LENGTH_MEASURE( 1.000000000000000082E-05 ), #9760, 'distance_accuracy_value', 'NONE');
#4971 = CARTESIAN_POINT ( 'NONE',  ( -7.200000000000000178, -4.000000000000000000, 0.5999999999999999778 ) ) ;
#4972 = ORIENTED_EDGE ( 'NONE', *, *, #3875, .F. ) ;
#4973 =( NAMED_UNIT ( * ) PLANE_ANGLE_UNIT ( ) SI_UNIT ( $, .RADIAN. ) );
#4974 = ORIENTED_EDGE ( 'NONE', *, *, #2412, .T. ) ;
#4975 = ORIENTED_EDGE ( 'NONE', *, *, #10194, .T. ) ;
#4976 = CARTESIAN_POINT ( 'NONE',  ( -7.299999999999999822, 1.399999999999999911, 0.5999999999999999778 ) ) ;
#4977 = CARTESIAN_POINT ( 'NONE',  ( 7.370000000000000107, 0.2300000000000000100, -2.399999999999999911 ) ) ;
#4978 = CARTESIAN_POINT ( 'NONE',  ( 12.85999999999999943, -3.000000000000000000, 0.000000000000000000 ) ) ;
#4979 = COLOUR_RGB ( '',0.9411764705882352811, 0.6745098039215686736, 0.1176470588235294101 ) ;
#4980 = ORIENTED_EDGE ( 'NONE', *, *, #7109, .T. ) ;
#4981 = EDGE_CURVE ( 'NONE', #1301, #5495, #9748, .T. ) ;
#4982 = FACE_OUTER_BOUND ( 'NONE', #4802, .T. ) ;
#4983 = DIRECTION ( 'NONE',  ( 0.000000000000000000, 0.000000000000000000, -1.000000000000000000 ) ) ;
#4984 = DIRECTION ( 'NONE',  ( -1.000000000000000000, 0.000000000000000000, 0.000000000000000000 ) ) ;
#4985 = DIRECTION ( 'NONE',  ( 0.5627909312417439525, -0.8265992787996191415, 0.000000000000000000 ) ) ;
#4986 = ORIENTED_EDGE ( 'NONE', *, *, #1897, .F. ) ;
#4987 = ORIENTED_EDGE ( 'NONE', *, *, #6866, .T. ) ;
#4988 = ADVANCED_FACE ( 'NONE', ( #3926 ), #4927, .F. ) ;
#4989 = ORIENTED_EDGE ( 'NONE', *, *, #328, .F. ) ;
#4990 = LINE ( 'NONE', #5800, #11614 ) ;
#4991 = PRESENTATION_STYLE_ASSIGNMENT (( #12040 ) ) ;
#4992 = CARTESIAN_POINT ( 'NONE',  ( -3.239999999999999769, 4.000000000000000000, 0.5999999999999999778 ) ) ;
#4993 = LINE ( 'NONE', #1266, #7869 ) ;
#4994 = ORIENTED_EDGE ( 'NONE', *, *, #10238, .F. ) ;
#4995 = CARTESIAN_POINT ( 'NONE',  ( -12.42999999999999972, 0.2300000000000000100, 10.20000000000000107 ) ) ;
#4996 = EDGE_LOOP ( 'NONE', ( #1627, #10251, #1292, #813 ) ) ;
#4997 = STYLED_ITEM ( 'NONE', ( #5640 ), #2257 ) ;
#4998 =( GEOMETRIC_REPRESENTATION_CONTEXT ( 3 ) GLOBAL_UNCERTAINTY_ASSIGNED_CONTEXT ( ( #2096 ) ) GLOBAL_UNIT_ASSIGNED_CONTEXT ( ( #1521, #8093, #4454 ) ) REPRESENTATION_CONTEXT ( 'NONE', 'WORKASPACE' ) );
#4999 = EDGE_CURVE ( 'NONE', #10654, #3606, #3136, .T. ) ;
#5000 = EDGE_CURVE ( 'NONE', #9049, #10093, #182, .T. ) ;
#5001 = VERTEX_POINT ( 'NONE', #1187 ) ;
#5002 = DIRECTION ( 'NONE',  ( 0.000000000000000000, 1.000000000000000000, 0.000000000000000000 ) ) ;
#5003 = DIRECTION ( 'NONE',  ( 0.000000000000000000, 0.000000000000000000, -1.000000000000000000 ) ) ;
#5004 = MECHANICAL_DESIGN_GEOMETRIC_PRESENTATION_REPRESENTATION (  '', ( #6431 ), #8807 ) ;
#5005 = SURFACE_SIDE_STYLE ('',( #11700 ) ) ;
#5006 = SURFACE_STYLE_FILL_AREA ( #963 ) ;
#5007 = EDGE_CURVE ( 'NONE', #10695, #10045, #6923, .T. ) ;
#5008 = UNCERTAINTY_MEASURE_WITH_UNIT (LENGTH_MEASURE( 1.000000000000000082E-05 ), #4932, 'distance_accuracy_value', 'NONE');
#5009 = DIRECTION ( 'NONE',  ( 0.000000000000000000, 0.000000000000000000, 1.000000000000000000 ) ) ;
#5010 =( LENGTH_UNIT ( ) NAMED_UNIT ( * ) SI_UNIT ( .MILLI., .METRE. ) );
#5011 = STYLED_ITEM ( 'NONE', ( #5953 ), #2398 ) ;
#5012 = AXIS2_PLACEMENT_3D ( 'NONE', #6180, #561, #11929 ) ;
#5013 = DIRECTION ( 'NONE',  ( 0.000000000000000000, -1.000000000000000000, 0.000000000000000000 ) ) ;
#5014 = COLOUR_RGB ( '',1.000000000000000000, 1.000000000000000000, 0.9450980392156862475 ) ;
#5015 =( LENGTH_UNIT ( ) NAMED_UNIT ( * ) SI_UNIT ( .MILLI., .METRE. ) );
#5016 = VECTOR ( 'NONE', #6504, 1000.000000000000000 ) ;
#5017 = EDGE_CURVE ( 'NONE', #4965, #4605, #4109, .T. ) ;
#5018 = AXIS2_PLACEMENT_3D ( 'NONE', #1749, #9445, #5550 ) ;
#5019 =( GEOMETRIC_REPRESENTATION_CONTEXT ( 3 ) GLOBAL_UNCERTAINTY_ASSIGNED_CONTEXT ( ( #4469 ) ) GLOBAL_UNIT_ASSIGNED_CONTEXT ( ( #9028, #11550, #5916 ) ) REPRESENTATION_CONTEXT ( 'NONE', 'WORKASPACE' ) );
#5020 = EDGE_CURVE ( 'NONE', #6499, #3335, #2114, .T. ) ;
#5021 = AXIS2_PLACEMENT_3D ( 'NONE', #3903, #1689, #9309 ) ;
#5022 = UNCERTAINTY_MEASURE_WITH_UNIT (LENGTH_MEASURE( 1.000000000000000082E-05 ), #3328, 'distance_accuracy_value', 'NONE');
#5023 = COLOUR_RGB ( '',1.000000000000000000, 1.000000000000000000, 0.9450980392156862475 ) ;
#5024 = SURFACE_SIDE_STYLE ('',( #5964 ) ) ;
#5025 = CARTESIAN_POINT ( 'NONE',  ( 12.85999999999999943, -3.000000000000000000, 3.200000000000000178 ) ) ;
#5026 = DIRECTION ( 'NONE',  ( 0.9766444667050901973, 0.000000000000000000, -0.2148617826751190452 ) ) ;
#5027 = PRESENTATION_LAYER_ASSIGNMENT (  '', '', ( #9227 ) ) ;
#5028 = VERTEX_POINT ( 'NONE', #4052 ) ;
#5029 = EDGE_CURVE ( 'NONE', #10986, #9467, #10729, .T. ) ;
#5031 = ORIENTED_EDGE ( 'NONE', *, *, #7599, .T. ) ;
#5030 =( LENGTH_UNIT ( ) NAMED_UNIT ( * ) SI_UNIT ( .MILLI., .METRE. ) );
#5032 = AXIS2_PLACEMENT_3D ( 'NONE', #528, #5291, #9914 ) ;
#5033 = VERTEX_POINT ( 'NONE', #7755 ) ;
#5034 = DIRECTION ( 'NONE',  ( 0.9766444667050901973, 0.000000000000000000, -0.2148617826751190452 ) ) ;
#5035 = CARTESIAN_POINT ( 'NONE',  ( -1.689361700415610068, 0.9800444240124520645, 0.000000000000000000 ) ) ;
#5036 = VECTOR ( 'NONE', #5220, 1000.000000000000000 ) ;
#5037 = LINE ( 'NONE', #6968, #6262 ) ;
#5038 = AXIS2_PLACEMENT_3D ( 'NONE', #4855, #165, #5972 ) ;
#5039 = PRESENTATION_LAYER_ASSIGNMENT (  '', '', ( #12017 ) ) ;
#5040 = ORIENTED_EDGE ( 'NONE', *, *, #9356, .F. ) ;
#5041 = COLOUR_RGB ( '',0.7803921568627451011, 0.7803921568627451011, 0.7803921568627451011 ) ;
#5042 = COLOUR_RGB ( '',0.2941176470588235392, 0.2941176470588235392, 0.2941176470588235392 ) ;
#5043 = SURFACE_SIDE_STYLE ('',( #480 ) ) ;
#5044 = AXIS2_PLACEMENT_3D ( 'NONE', #4352, #3503, #11231 ) ;
#5045 =( LENGTH_UNIT ( ) NAMED_UNIT ( * ) SI_UNIT ( .MILLI., .METRE. ) );
#5046 = STYLED_ITEM ( 'NONE', ( #9822 ), #5542 ) ;
#5047 = CARTESIAN_POINT ( 'NONE',  ( -3.340000000000000302, 1.399999999999999911, 3.200000000000000178 ) ) ;
#5048 = EDGE_CURVE ( 'NONE', #9874, #4900, #2232, .T. ) ;
#5049 = SURFACE_STYLE_USAGE ( .BOTH. , #1241 ) ;
#5050 = COLOUR_RGB ( '',0.2941176470588235392, 0.2941176470588235392, 0.2941176470588235392 ) ;
#5052 = VERTEX_POINT ( 'NONE', #5109 ) ;
#5051 = CARTESIAN_POINT ( 'NONE',  ( -1.753191488981250101, -0.4074556475131219657, 0.000000000000000000 ) ) ;
#5053 = VERTEX_POINT ( 'NONE', #3872 ) ;
#5054 = DIRECTION ( 'NONE',  ( 1.000000000000000000, 0.000000000000000000, 0.000000000000000000 ) ) ;
#5055 = CARTESIAN_POINT ( 'NONE',  ( 12.50000000000000000, 3.479999999999999982, 9.500000000000000000 ) ) ;
#5056 = VECTOR ( 'NONE', #2332, 1000.000000000000000 ) ;
#5057 = FILL_AREA_STYLE_COLOUR ( '', #2839 ) ;
#5058 = CARTESIAN_POINT ( 'NONE',  ( -1.804255312681200207, -0.1074555044619750072, 0.000000000000000000 ) ) ;
#5059 =( GEOMETRIC_REPRESENTATION_CONTEXT ( 3 ) GLOBAL_UNCERTAINTY_ASSIGNED_CONTEXT ( ( #1583 ) ) GLOBAL_UNIT_ASSIGNED_CONTEXT ( ( #6834, #10632, #1207 ) ) REPRESENTATION_CONTEXT ( 'NONE', 'WORKASPACE' ) );
#5060 = STYLED_ITEM ( 'NONE', ( #5145 ), #11212 ) ;
#5061 = ORIENTED_EDGE ( 'NONE', *, *, #2345, .F. ) ;
#5062 = FILL_AREA_STYLE ('',( #10979 ) ) ;
#5063 = LINE ( 'NONE', #8883, #7556 ) ;
#5064 = CARTESIAN_POINT ( 'NONE',  ( -12.56000000000000050, -4.000000000000000000, 0.5999999999999999778 ) ) ;
#5065 = LINE ( 'NONE', #305, #8129 ) ;
#5066 = STYLED_ITEM ( 'NONE', ( #5500 ), #3976 ) ;
#5067 = DIRECTION ( 'NONE',  ( -0.1921820436730129478, -0.9813592930673578074, 0.000000000000000000 ) ) ;
#5068 = PLANE ( 'NONE',  #1371 ) ;
#5069 = EDGE_LOOP ( 'NONE', ( #8816, #11713, #7161, #12094 ) ) ;
#5070 = PRESENTATION_LAYER_ASSIGNMENT (  '', '', ( #11452 ) ) ;
#5071 = EDGE_CURVE ( 'NONE', #11110, #862, #11554, .T. ) ;
#5072 = MECHANICAL_DESIGN_GEOMETRIC_PRESENTATION_REPRESENTATION (  '', ( #11658 ), #4226 ) ;
#5073 = CARTESIAN_POINT ( 'NONE',  ( 8.540000000000000924, 1.399999999999999911, 0.5999999999999999778 ) ) ;
#5074 = ORIENTED_EDGE ( 'NONE', *, *, #8530, .F. ) ;
#5075 =( NAMED_UNIT ( * ) SI_UNIT ( $, .STERADIAN. ) SOLID_ANGLE_UNIT ( ) );
#5076 = CARTESIAN_POINT ( 'NONE',  ( -2.200000000000000178, 0.01754444785430959997, -0.05000000000000000278 ) ) ;
#5077 = CARTESIAN_POINT ( 'NONE',  ( -1.600000000000000089, 0.8675444240124519091, -0.05000000000000000278 ) ) ;
#5078 = LINE ( 'NONE', #9708, #7669 ) ;
#5079 =( LENGTH_UNIT ( ) NAMED_UNIT ( * ) SI_UNIT ( .MILLI., .METRE. ) );
#5080 = FACE_OUTER_BOUND ( 'NONE', #5891, .T. ) ;
#5081 = SURFACE_SIDE_STYLE ('',( #3105 ) ) ;
#5082 = DIRECTION ( 'NONE',  ( 0.000000000000000000, -1.000000000000000000, 0.000000000000000000 ) ) ;
#5083 = EDGE_CURVE ( 'NONE', #6231, #10972, #4172, .T. ) ;
#5084 = CARTESIAN_POINT ( 'NONE',  ( 11.33000000000000007, 1.369999999999999885, 10.20000000000000107 ) ) ;
#5085 = ORIENTED_EDGE ( 'NONE', *, *, #6452, .T. ) ;
#5086 = CARTESIAN_POINT ( 'NONE',  ( -1.753191488981250101, -0.4074556475131219657, 0.000000000000000000 ) ) ;
#5087 = ORIENTED_EDGE ( 'NONE', *, *, #968, .T. ) ;
#5088 = CARTESIAN_POINT ( 'NONE',  ( -0.5800000000000109512, 0.2000000000000000111, 3.200000000000000178 ) ) ;
#5089 = CARTESIAN_POINT ( 'NONE',  ( -2.200000000000000178, 0.8675444240124519091, -0.05000000000000000278 ) ) ;
#5090 = UNCERTAINTY_MEASURE_WITH_UNIT (LENGTH_MEASURE( 1.000000000000000082E-05 ), #4531, 'distance_accuracy_value', 'NONE');
#5091 = LINE ( 'NONE', #6089, #11553 ) ;
#5092 = CARTESIAN_POINT ( 'NONE',  ( 12.25000000000000000, 0.4500000000000000111, 11.19999999999999929 ) ) ;
#5093 = CARTESIAN_POINT ( 'NONE',  ( 4.580000000000000071, 1.399999999999999911, 3.200000000000000178 ) ) ;
#5095 = ORIENTED_EDGE ( 'NONE', *, *, #9197, .F. ) ;
#5094 = PLANE ( 'NONE',  #4046 ) ;
#5096 = ORIENTED_EDGE ( 'NONE', *, *, #704, .F. ) ;
#5097 = EDGE_CURVE ( 'NONE', #2430, #2481, #3508, .T. ) ;
#5098 = DIRECTION ( 'NONE',  ( -0.2100675449707450348, -0.2100675449707440079, 0.9548524771397560729 ) ) ;
#5099 = LINE ( 'NONE', #8048, #10619 ) ;
#5100 = ORIENTED_EDGE ( 'NONE', *, *, #12265, .F. ) ;
#5101 = EDGE_CURVE ( 'NONE', #10447, #1813, #5414, .T. ) ;
#5102 = DIRECTION ( 'NONE',  ( 0.000000000000000000, 0.000000000000000000, -1.000000000000000000 ) ) ;
#5103 = DIRECTION ( 'NONE',  ( 0.000000000000000000, 0.000000000000000000, -1.000000000000000000 ) ) ;
#5104 = FACE_OUTER_BOUND ( 'NONE', #9038, .T. ) ;
#5105 = FILL_AREA_STYLE_COLOUR ( '', #6949 ) ;
#5106 = VERTEX_POINT ( 'NONE', #490 ) ;
#5107 = ORIENTED_EDGE ( 'NONE', *, *, #254, .T. ) ;
#5108 = PRESENTATION_STYLE_ASSIGNMENT (( #8245 ) ) ;
#5109 = CARTESIAN_POINT ( 'NONE',  ( -1.676595744490619877, 1.142544447854309864, -0.05000000000000000278 ) ) ;
#5110 = CARTESIAN_POINT ( 'NONE',  ( -1.714893621206280194, 1.055044424012449911, 0.000000000000000000 ) ) ;
#5111 = PRESENTATION_LAYER_ASSIGNMENT (  '', '', ( #7116 ) ) ;
#5112 = CARTESIAN_POINT ( 'NONE',  ( -11.25999999999999979, 0.2000000000000000111, 3.200000000000000178 ) ) ;
#5113 = CARTESIAN_POINT ( 'NONE',  ( -0.3300000000000099520, 1.149999999999999911, 11.19999999999999929 ) ) ;
#5114 = EDGE_LOOP ( 'NONE', ( #10867, #2100, #8549, #9990 ) ) ;
#5115 = FACE_OUTER_BOUND ( 'NONE', #7555, .T. ) ;
#5116 = AXIS2_PLACEMENT_3D ( 'NONE', #11673, #6098, #1491 ) ;
#5117 = CARTESIAN_POINT ( 'NONE',  ( -2.123404264450070134, 0.01754444785430959997, 0.000000000000000000 ) ) ;
#5118 = CARTESIAN_POINT ( 'NONE',  ( 12.50000000000000000, 4.500000000000000000, 7.500000000000000000 ) ) ;
#5119 = STYLED_ITEM ( 'NONE', ( #2811 ), #9416 ) ;
#5120 = ORIENTED_EDGE ( 'NONE', *, *, #11257, .T. ) ;
#5121 = UNCERTAINTY_MEASURE_WITH_UNIT (LENGTH_MEASURE( 1.000000000000000082E-05 ), #9969, 'distance_accuracy_value', 'NONE');
#5122 = DIRECTION ( 'NONE',  ( -0.7145107489524067379, -0.6996244632883207304, 0.000000000000000000 ) ) ;
#5123 = ORIENTED_EDGE ( 'NONE', *, *, #587, .F. ) ;
#5124 = VECTOR ( 'NONE', #7990, 1000.000000000000000 ) ;
#5125 = CARTESIAN_POINT ( 'NONE',  ( -2.200000000000000178, -0.4824556475131219768, 0.000000000000000000 ) ) ;
#5126 = VECTOR ( 'NONE', #7151, 1000.000000000000000 ) ;
#5127 = ORIENTED_EDGE ( 'NONE', *, *, #5181, .F. ) ;
#5128 = EDGE_CURVE ( 'NONE', #1741, #7633, #9174, .T. ) ;
#5129 = LINE ( 'NONE', #2136, #9660 ) ;
#5130 = LINE ( 'NONE', #4381, #5344 ) ;
#5131 = LINE ( 'NONE', #8955, #8663 ) ;
#5132 = LINE ( 'NONE', #449, #9313 ) ;
#5133 =( GEOMETRIC_REPRESENTATION_CONTEXT ( 3 ) GLOBAL_UNCERTAINTY_ASSIGNED_CONTEXT ( ( #1165 ) ) GLOBAL_UNIT_ASSIGNED_CONTEXT ( ( #7396, #11191, #11368 ) ) REPRESENTATION_CONTEXT ( 'NONE', 'WORKASPACE' ) );
#5134 = UNCERTAINTY_MEASURE_WITH_UNIT (LENGTH_MEASURE( 1.000000000000000082E-05 ), #3528, 'distance_accuracy_value', 'NONE');
#5135 =( NAMED_UNIT ( * ) SI_UNIT ( $, .STERADIAN. ) SOLID_ANGLE_UNIT ( ) );
#5136 = CARTESIAN_POINT ( 'NONE',  ( 4.679999999999999716, -4.000000000000000000, 0.000000000000000000 ) ) ;
#5137 = DIRECTION ( 'NONE',  ( 1.000000000000000000, 0.000000000000000000, 0.000000000000000000 ) ) ;
#5138 = PRESENTATION_LAYER_ASSIGNMENT (  '', '', ( #6551 ) ) ;
#5139 = MECHANICAL_DESIGN_GEOMETRIC_PRESENTATION_REPRESENTATION (  '', ( #3944 ), #2556 ) ;
#5140 = AXIS2_PLACEMENT_3D ( 'NONE', #2321, #6191, #6129 ) ;
#5141 = ORIENTED_EDGE ( 'NONE', *, *, #7789, .T. ) ;
#5142 = VECTOR ( 'NONE', #8873, 1000.000000000000000 ) ;
#5143 = ADVANCED_FACE ( 'NONE', ( #5306 ), #4237, .F. ) ;
#5144 =( GEOMETRIC_REPRESENTATION_CONTEXT ( 3 ) GLOBAL_UNCERTAINTY_ASSIGNED_CONTEXT ( ( #3411 ) ) GLOBAL_UNIT_ASSIGNED_CONTEXT ( ( #2825, #12261, #10371 ) ) REPRESENTATION_CONTEXT ( 'NONE', 'WORKASPACE' ) );
#5145 = PRESENTATION_STYLE_ASSIGNMENT (( #6084 ) ) ;
#5146 = PRESENTATION_LAYER_ASSIGNMENT (  '', '', ( #2366 ) ) ;
#5147 = CARTESIAN_POINT ( 'NONE',  ( 8.509999999999999787, 0.2300000000000000100, 10.20000000000000107 ) ) ;
#5148 = PRESENTATION_STYLE_ASSIGNMENT (( #2336 ) ) ;
#5149 = SURFACE_STYLE_USAGE ( .BOTH. , #4394 ) ;
#5151 = ORIENTED_EDGE ( 'NONE', *, *, #6384, .F. ) ;
#5150 = CARTESIAN_POINT ( 'NONE',  ( -1.600000000000000089, 1.142544447854309864, 0.000000000000000000 ) ) ;
#5152 = ORIENTED_EDGE ( 'NONE', *, *, #291, .F. ) ;
#5153 = PLANE ( 'NONE',  #4436 ) ;
#5154 = PRESENTATION_LAYER_ASSIGNMENT (  '', '', ( #983 ) ) ;
#5155 = EDGE_CURVE ( 'NONE', #5878, #11854, #8246, .T. ) ;
#5156 = CARTESIAN_POINT ( 'NONE',  ( -1.676595744490619877, 1.142544447854309864, 0.000000000000000000 ) ) ;
#5157 = SURFACE_STYLE_FILL_AREA ( #1414 ) ;
#5158 = VERTEX_POINT ( 'NONE', #10910 ) ;
#5159 = MECHANICAL_DESIGN_GEOMETRIC_PRESENTATION_REPRESENTATION (  '', ( #3396 ), #4761 ) ;
#5160 = PRESENTATION_LAYER_ASSIGNMENT (  '', '', ( #184 ) ) ;
#5161 = EDGE_CURVE ( 'NONE', #3582, #9792, #8124, .T. ) ;
#5162 = PLANE ( 'NONE',  #5116 ) ;
#5163 = DIRECTION ( 'NONE',  ( 0.000000000000000000, 0.000000000000000000, -1.000000000000000000 ) ) ;
#5164 = CARTESIAN_POINT ( 'NONE',  ( -1.600000000000000089, -0.7824556475131219102, -0.05000000000000000278 ) ) ;
#5165 = DIRECTION ( 'NONE',  ( 0.8373786433119700945, 0.5466232777013839694, 0.000000000000000000 ) ) ;
#5166 = CARTESIAN_POINT ( 'NONE',  ( -2.123404264450070134, 0.01754444785430959997, 0.000000000000000000 ) ) ;
#5168 = EDGE_LOOP ( 'NONE', ( #9613, #11963, #6355, #11029 ) ) ;
#5167 = FILL_AREA_STYLE_COLOUR ( '', #8833 ) ;
#5169 = ORIENTED_EDGE ( 'NONE', *, *, #3741, .T. ) ;
#5170 = CARTESIAN_POINT ( 'NONE',  ( -12.31999999999999851, 0.8000000000000000444, 10.69999999999999929 ) ) ;
#5171 = EDGE_CURVE ( 'NONE', #10706, #1848, #7315, .T. ) ;
#5172 = VECTOR ( 'NONE', #9193, 1000.000000000000000 ) ;
#5173 = CARTESIAN_POINT ( 'NONE',  ( 7.339999999999999858, 1.399999999999999911, 3.200000000000000178 ) ) ;
#5174 = LINE ( 'NONE', #6980, #5809 ) ;
#5175 = PRESENTATION_STYLE_ASSIGNMENT (( #2428 ) ) ;
#5176 =( NAMED_UNIT ( * ) PLANE_ANGLE_UNIT ( ) SI_UNIT ( $, .RADIAN. ) );
#5177 = VERTEX_POINT ( 'NONE', #6379 ) ;
#5178 = FILL_AREA_STYLE_COLOUR ( '', #7625 ) ;
#5179 = SURFACE_SIDE_STYLE ('',( #9065 ) ) ;
#5180 = LINE ( 'NONE', #1194, #3433 ) ;
#5181 = EDGE_CURVE ( 'NONE', #9398, #2505, #11105, .T. ) ;
#5182 =( NAMED_UNIT ( * ) PLANE_ANGLE_UNIT ( ) SI_UNIT ( $, .RADIAN. ) );
#5183 = FILL_AREA_STYLE ('',( #12065 ) ) ;
#5184 = EDGE_CURVE ( 'NONE', #3783, #6014, #1550, .T. ) ;
#5185 = SURFACE_STYLE_USAGE ( .BOTH. , #10122 ) ;
#5186 = ORIENTED_EDGE ( 'NONE', *, *, #11557, .T. ) ;
#5187 = ORIENTED_EDGE ( 'NONE', *, *, #3077, .F. ) ;
#5188 = CARTESIAN_POINT ( 'NONE',  ( 0.5899999999999860911, 1.369999999999999885, 10.20000000000000107 ) ) ;
#5189 = FACE_OUTER_BOUND ( 'NONE', #4883, .T. ) ;
#5190 = UNCERTAINTY_MEASURE_WITH_UNIT (LENGTH_MEASURE( 1.000000000000000082E-05 ), #4203, 'distance_accuracy_value', 'NONE');
#5191 = LINE ( 'NONE', #8334, #12250 ) ;
#5192 = PRESENTATION_STYLE_ASSIGNMENT (( #5270 ) ) ;
#5193 = LINE ( 'NONE', #3218, #929 ) ;
#5194 = DIRECTION ( 'NONE',  ( -1.000000000000000000, 0.000000000000000000, 0.000000000000000000 ) ) ;
#5195 = DIRECTION ( 'NONE',  ( 1.000000000000000000, 0.000000000000000000, 0.000000000000000000 ) ) ;
#5196 = SURFACE_STYLE_FILL_AREA ( #7965 ) ;
#5197 = VECTOR ( 'NONE', #11283, 1000.000000000000000 ) ;
#5198 = ORIENTED_EDGE ( 'NONE', *, *, #5745, .F. ) ;
#5199 = FACE_OUTER_BOUND ( 'NONE', #8342, .T. ) ;
#5200 = UNCERTAINTY_MEASURE_WITH_UNIT (LENGTH_MEASURE( 1.000000000000000082E-05 ), #7448, 'distance_accuracy_value', 'NONE');
#5201 = AXIS2_PLACEMENT_3D ( 'NONE', #9561, #7756, #10482 ) ;
#5202 = PRESENTATION_STYLE_ASSIGNMENT (( #4279 ) ) ;
#5203 = SURFACE_STYLE_FILL_AREA ( #3354 ) ;
#5204 =( NAMED_UNIT ( * ) SI_UNIT ( $, .STERADIAN. ) SOLID_ANGLE_UNIT ( ) );
#5205 = DIRECTION ( 'NONE',  ( 0.000000000000000000, -1.000000000000000000, 0.000000000000000000 ) ) ;
#5207 = EDGE_LOOP ( 'NONE', ( #6860, #6685, #7526, #7540 ) ) ;
#5206 = DIRECTION ( 'NONE',  ( 0.000000000000000000, 0.000000000000000000, -1.000000000000000000 ) ) ;
#5208 = ORIENTED_EDGE ( 'NONE', *, *, #2056, .F. ) ;
#5209 = CARTESIAN_POINT ( 'NONE',  ( 3.629999999999999893, 1.149999999999999911, 11.19999999999999929 ) ) ;
#5210 = LINE ( 'NONE', #596, #1640 ) ;
#5211 = STYLED_ITEM ( 'NONE', ( #6561 ), #10368 ) ;
#5212 = CARTESIAN_POINT ( 'NONE',  ( 0.7199999999999900924, -4.000000000000000000, 0.5999999999999999778 ) ) ;
#5213 = ADVANCED_FACE ( 'NONE', ( #362 ), #11779, .T. ) ;
#5214 = COLOUR_RGB ( '',0.7803921568627451011, 0.7803921568627451011, 0.7803921568627451011 ) ;
#5215 = VERTEX_POINT ( 'NONE', #3564 ) ;
#5216 = COLOUR_RGB ( '',0.7803921568627451011, 0.7803921568627451011, 0.7803921568627451011 ) ;
#5217 = PRESENTATION_LAYER_ASSIGNMENT (  '', '', ( #10597 ) ) ;
#5218 = VECTOR ( 'NONE', #122, 1000.000000000000000 ) ;
#5219 = PLANE ( 'NONE',  #2046 ) ;
#5220 = DIRECTION ( 'NONE',  ( 0.000000000000000000, -1.000000000000000000, 0.000000000000000000 ) ) ;
#5221 = FILL_AREA_STYLE ('',( #4164 ) ) ;
#5222 = CARTESIAN_POINT ( 'NONE',  ( -7.299999999999999822, 1.399999999999999911, 3.200000000000000178 ) ) ;
#5223 =( LENGTH_UNIT ( ) NAMED_UNIT ( * ) SI_UNIT ( .MILLI., .METRE. ) );
#5226 = EDGE_LOOP ( 'NONE', ( #8642, #4709, #297, #892 ) ) ;
#5225 =( GEOMETRIC_REPRESENTATION_CONTEXT ( 3 ) GLOBAL_UNCERTAINTY_ASSIGNED_CONTEXT ( ( #589 ) ) GLOBAL_UNIT_ASSIGNED_CONTEXT ( ( #8612, #3801, #9437 ) ) REPRESENTATION_CONTEXT ( 'NONE', 'WORKASPACE' ) );
#5224 = DIRECTION ( 'NONE',  ( 0.000000000000000000, -0.9723873019805173712, 0.2333729524753250795 ) ) ;
#5227 = ORIENTED_EDGE ( 'NONE', *, *, #11885, .T. ) ;
#5228 = MECHANICAL_DESIGN_GEOMETRIC_PRESENTATION_REPRESENTATION (  '', ( #3649 ), #1457 ) ;
#5229 = PRESENTATION_STYLE_ASSIGNMENT (( #10853 ) ) ;
#5230 = COLOUR_RGB ( '',1.000000000000000000, 1.000000000000000000, 0.9450980392156862475 ) ;
#5231 = STYLED_ITEM ( 'NONE', ( #356 ), #7083 ) ;
#5232 = CARTESIAN_POINT ( 'NONE',  ( -12.42999999999999972, 1.369999999999999885, -2.399999999999999911 ) ) ;
#5233 =( LENGTH_UNIT ( ) NAMED_UNIT ( * ) SI_UNIT ( .MILLI., .METRE. ) );
#5234 = MECHANICAL_DESIGN_GEOMETRIC_PRESENTATION_REPRESENTATION (  '', ( #8835 ), #2650 ) ;
#5235 = DIRECTION ( 'NONE',  ( -0.8265991871190659923, 0.5627910658975490144, 0.000000000000000000 ) ) ;
#5236 = EDGE_CURVE ( 'NONE', #3138, #5279, #1852, .T. ) ;
#5237 = AXIS2_PLACEMENT_3D ( 'NONE', #1768, #10271, #11379 ) ;
#5238 =( GEOMETRIC_REPRESENTATION_CONTEXT ( 3 ) GLOBAL_UNCERTAINTY_ASSIGNED_CONTEXT ( ( #1520 ) ) GLOBAL_UNIT_ASSIGNED_CONTEXT ( ( #8952, #507, #10869 ) ) REPRESENTATION_CONTEXT ( 'NONE', 'WORKASPACE' ) );
#5239 = AXIS2_PLACEMENT_3D ( 'NONE', #4350, #6221, #10843 ) ;
#5240 = LINE ( 'NONE', #495, #6646 ) ;
#5241 =( GEOMETRIC_REPRESENTATION_CONTEXT ( 3 ) GLOBAL_UNCERTAINTY_ASSIGNED_CONTEXT ( ( #4333 ) ) GLOBAL_UNIT_ASSIGNED_CONTEXT ( ( #2288, #9978, #11767 ) ) REPRESENTATION_CONTEXT ( 'NONE', 'WORKASPACE' ) );
#5242 = ADVANCED_FACE ( 'NONE', ( #746 ), #8495, .T. ) ;
#5243 = DIRECTION ( 'NONE',  ( 0.000000000000000000, 1.000000000000000000, 0.000000000000000000 ) ) ;
#5244 = STYLED_ITEM ( 'NONE', ( #8168 ), #7391 ) ;
#5245 = ORIENTED_EDGE ( 'NONE', *, *, #350, .F. ) ;
#5246 = CARTESIAN_POINT ( 'NONE',  ( -1.600000000000000089, -0.2824555521456910134, 0.000000000000000000 ) ) ;
#5247 =( GEOMETRIC_REPRESENTATION_CONTEXT ( 3 ) GLOBAL_UNCERTAINTY_ASSIGNED_CONTEXT ( ( #8595 ) ) GLOBAL_UNIT_ASSIGNED_CONTEXT ( ( #7361, #1665, #11157 ) ) REPRESENTATION_CONTEXT ( 'NONE', 'WORKASPACE' ) );
#5248 = CARTESIAN_POINT ( 'NONE',  ( 4.330000000000000071, 1.149999999999999911, 11.19999999999999929 ) ) ;
#5249 = AXIS2_PLACEMENT_3D ( 'NONE', #11859, #8073, #3324 ) ;
#5250 = FACE_OUTER_BOUND ( 'NONE', #2174, .T. ) ;
#5251 = MECHANICAL_DESIGN_GEOMETRIC_PRESENTATION_REPRESENTATION (  '', ( #8452 ), #4458 ) ;
#5252 = CARTESIAN_POINT ( 'NONE',  ( -1.600000000000000089, 0.3175444478543100191, 0.000000000000000000 ) ) ;
#5253 = FILL_AREA_STYLE ('',( #2570 ) ) ;
#5254 = VECTOR ( 'NONE', #7411, 1000.000000000000114 ) ;
#5255 =( LENGTH_UNIT ( ) NAMED_UNIT ( * ) SI_UNIT ( .MILLI., .METRE. ) );
#5256 = ADVANCED_FACE ( 'NONE', ( #8427 ), #8309, .T. ) ;
#5257 = VERTEX_POINT ( 'NONE', #693 ) ;
#5258 = AXIS2_PLACEMENT_3D ( 'NONE', #515, #1335, #5082 ) ;
#5259 = AXIS2_PLACEMENT_3D ( 'NONE', #5604, #5730, #11312 ) ;
#5260 = STYLED_ITEM ( 'NONE', ( #9494 ), #1240 ) ;
#5261 =( GEOMETRIC_REPRESENTATION_CONTEXT ( 3 ) GLOBAL_UNCERTAINTY_ASSIGNED_CONTEXT ( ( #5383 ) ) GLOBAL_UNIT_ASSIGNED_CONTEXT ( ( #9281, #9342, #8397 ) ) REPRESENTATION_CONTEXT ( 'NONE', 'WORKASPACE' ) );
#5262 = ADVANCED_FACE ( 'NONE', ( #10714 ), #4098, .F. ) ;
#5263 = VECTOR ( 'NONE', #8090, 1000.000000000000000 ) ;
#5264 = VERTEX_POINT ( 'NONE', #7685 ) ;
#5265 = CARTESIAN_POINT ( 'NONE',  ( 11.29999999999999893, 1.399999999999999911, 3.200000000000000178 ) ) ;
#5266 = PLANE ( 'NONE',  #7937 ) ;
#5267 = CARTESIAN_POINT ( 'NONE',  ( -12.46000000000000085, 1.399999999999999911, 3.200000000000000178 ) ) ;
#5268 = STYLED_ITEM ( 'NONE', ( #5807 ), #7759 ) ;
#5269 = LINE ( 'NONE', #1631, #5263 ) ;
#5270 = SURFACE_STYLE_USAGE ( .BOTH. , #2457 ) ;
#5271 = PLANE ( 'NONE',  #11803 ) ;
#5272 = MANIFOLD_SOLID_BREP ( 'Imported1', #11126 ) ;
#5273 = CARTESIAN_POINT ( 'NONE',  ( 13.86000000000000121, 2.000000000000000000, 0.000000000000000000 ) ) ;
#5274 = UNCERTAINTY_MEASURE_WITH_UNIT (LENGTH_MEASURE( 1.000000000000000082E-05 ), #3088, 'distance_accuracy_value', 'NONE');
#5275 = CARTESIAN_POINT ( 'NONE',  ( -1.638297872245309872, 1.367544447854309952, -0.05000000000000000278 ) ) ;
#5276 = SURFACE_STYLE_USAGE ( .BOTH. , #8094 ) ;
#5277 = FILL_AREA_STYLE ('',( #2523 ) ) ;
#5278 = EDGE_CURVE ( 'NONE', #4476, #5052, #3054, .T. ) ;
#5279 = VERTEX_POINT ( 'NONE', #9603 ) ;
#5280 = ADVANCED_FACE ( 'NONE', ( #6863 ), #9672, .T. ) ;
#5281 = DIRECTION ( 'NONE',  ( 0.6996244632883207304, -0.7145107489524067379, 0.000000000000000000 ) ) ;
#5282 = DIRECTION ( 'NONE',  ( 0.000000000000000000, 0.000000000000000000, -1.000000000000000000 ) ) ;
#5283 = DIRECTION ( 'NONE',  ( 0.000000000000000000, 0.000000000000000000, -1.000000000000000000 ) ) ;
#5284 = VECTOR ( 'NONE', #5855, 1000.000000000000000 ) ;
#5285 = CARTESIAN_POINT ( 'NONE',  ( -1.612765957042569864, 1.080044471696169905, 0.000000000000000000 ) ) ;
#5286 = SURFACE_STYLE_FILL_AREA ( #4147 ) ;
#5287 = DIRECTION ( 'NONE',  ( 0.000000000000000000, 0.000000000000000000, -1.000000000000000000 ) ) ;
#5288 = FILL_AREA_STYLE ('',( #1532 ) ) ;
#5289 = SURFACE_STYLE_USAGE ( .BOTH. , #11762 ) ;
#5290 = VERTEX_POINT ( 'NONE', #344 ) ;
#5291 = DIRECTION ( 'NONE',  ( 1.000000000000000000, 0.000000000000000000, 0.000000000000000000 ) ) ;
#5292 =( NAMED_UNIT ( * ) PLANE_ANGLE_UNIT ( ) SI_UNIT ( $, .RADIAN. ) );
#5293 = CARTESIAN_POINT ( 'NONE',  ( -1.600000000000000089, 0.01754444785430980119, 0.000000000000000000 ) ) ;
#5294 = EDGE_LOOP ( 'NONE', ( #9973, #12303, #8209, #10280 ) ) ;
#5295 = FILL_AREA_STYLE_COLOUR ( '', #9036 ) ;
#5296 = DIRECTION ( 'NONE',  ( 1.000000000000000000, 0.000000000000000000, 0.000000000000000000 ) ) ;
#5297 = ORIENTED_EDGE ( 'NONE', *, *, #9682, .F. ) ;
#5298 = CARTESIAN_POINT ( 'NONE',  ( -4.639999999999999680, 4.000000000000000000, 0.000000000000000000 ) ) ;
#5299 = CARTESIAN_POINT ( 'NONE',  ( -2.161702132225040263, 1.030044447854310041, -0.05000000000000000278 ) ) ;
#5300 = DIRECTION ( 'NONE',  ( 0.000000000000000000, 0.000000000000000000, -1.000000000000000000 ) ) ;
#5301 = EDGE_CURVE ( 'NONE', #8674, #2482, #5099, .T. ) ;
#5302 = SURFACE_STYLE_FILL_AREA ( #606 ) ;
#5303 = ORIENTED_EDGE ( 'NONE', *, *, #8191, .T. ) ;
#5304 = ORIENTED_EDGE ( 'NONE', *, *, #4497, .T. ) ;
#5305 =( NAMED_UNIT ( * ) PLANE_ANGLE_UNIT ( ) SI_UNIT ( $, .RADIAN. ) );
#5306 = FACE_OUTER_BOUND ( 'NONE', #8601, .T. ) ;
#5307 = DIRECTION ( 'NONE',  ( -0.2100675449707440356, -0.2100675449707440356, -0.9548524771397562949 ) ) ;
#5308 = FILL_AREA_STYLE_COLOUR ( '', #9841 ) ;
#5309 = MANIFOLD_SOLID_BREP ( 'Imported5', #1942 ) ;
#5310 = SURFACE_SIDE_STYLE ('',( #4244 ) ) ;
#5311 = VERTEX_POINT ( 'NONE', #1357 ) ;
#5312 = LINE ( 'NONE', #7256, #4816 ) ;
#5313 = DIRECTION ( 'NONE',  ( 0.000000000000000000, 1.000000000000000000, 0.000000000000000000 ) ) ;
#5314 = EDGE_CURVE ( 'NONE', #2071, #11731, #448, .T. ) ;
#5315 = DIRECTION ( 'NONE',  ( -1.000000000000000000, 0.000000000000000000, 0.000000000000000000 ) ) ;
#5316 = CARTESIAN_POINT ( 'NONE',  ( 0.7199999999999900924, 4.000000000000000000, 0.5999999999999999778 ) ) ;
#5317 = ORIENTED_EDGE ( 'NONE', *, *, #7695, .T. ) ;
#5318 = DIRECTION ( 'NONE',  ( -0.9713210491250664491, -0.2377717803411078523, 0.000000000000000000 ) ) ;
#5319 = VERTEX_POINT ( 'NONE', #7103 ) ;
#5320 =( LENGTH_UNIT ( ) NAMED_UNIT ( * ) SI_UNIT ( .MILLI., .METRE. ) );
#5321 = EDGE_CURVE ( 'NONE', #7376, #11351, #11844, .T. ) ;
#5322 = SURFACE_SIDE_STYLE ('',( #4511 ) ) ;
#5323 =( NAMED_UNIT ( * ) SI_UNIT ( $, .STERADIAN. ) SOLID_ANGLE_UNIT ( ) );
#5324 = UNCERTAINTY_MEASURE_WITH_UNIT (LENGTH_MEASURE( 1.000000000000000082E-05 ), #6139, 'distance_accuracy_value', 'NONE');
#5325 = DIRECTION ( 'NONE',  ( 0.000000000000000000, -1.000000000000000000, 0.000000000000000000 ) ) ;
#5326 = SURFACE_SIDE_STYLE ('',( #11266 ) ) ;
#5327 = CARTESIAN_POINT ( 'NONE',  ( 12.50000000000000000, 4.500000000000000000, 7.900000000000000355 ) ) ;
#5328 = CARTESIAN_POINT ( 'NONE',  ( -4.639999999999999680, -4.000000000000000000, 0.000000000000000000 ) ) ;
#5329 =( LENGTH_UNIT ( ) NAMED_UNIT ( * ) SI_UNIT ( .MILLI., .METRE. ) );
#5330 = SURFACE_STYLE_USAGE ( .BOTH. , #10079 ) ;
#5331 = VECTOR ( 'NONE', #11291, 1000.000000000000000 ) ;
#5332 = DIRECTION ( 'NONE',  ( -0.9766444667050901973, 0.000000000000000000, 0.2148617826751190452 ) ) ;
#5333 = EDGE_CURVE ( 'NONE', #10456, #11806, #1413, .T. ) ;
#5334 = PRESENTATION_STYLE_ASSIGNMENT (( #1523 ) ) ;
#5335 = PRESENTATION_LAYER_ASSIGNMENT (  '', '', ( #11903 ) ) ;
#5336 = ORIENTED_EDGE ( 'NONE', *, *, #3183, .F. ) ;
#5337 = MECHANICAL_DESIGN_GEOMETRIC_PRESENTATION_REPRESENTATION (  '', ( #12125 ), #4738 ) ;
#5338 = FILL_AREA_STYLE_COLOUR ( '', #6826 ) ;
#5339 = AXIS2_PLACEMENT_3D ( 'NONE', #10702, #7907, #6268 ) ;
#5340 = DIRECTION ( 'NONE',  ( 0.000000000000000000, 0.000000000000000000, -1.000000000000000000 ) ) ;
#5341 = CARTESIAN_POINT ( 'NONE',  ( -1.612765957042569864, 1.080044471696169905, 0.000000000000000000 ) ) ;
#5342 = CARTESIAN_POINT ( 'NONE',  ( 11.90000000000000036, 1.260000000000000009, 10.69999999999999929 ) ) ;
#5343 = SURFACE_STYLE_USAGE ( .BOTH. , #7211 ) ;
#5344 = VECTOR ( 'NONE', #2517, 1000.000000000000000 ) ;
#5345 = CARTESIAN_POINT ( 'NONE',  ( 7.939999999999999503, 1.260000000000000009, -2.899999999999999911 ) ) ;
#5346 = DIRECTION ( 'NONE',  ( 0.000000000000000000, 0.000000000000000000, -1.000000000000000000 ) ) ;
#5347 = ORIENTED_EDGE ( 'NONE', *, *, #11451, .F. ) ;
#5348 = PLANE ( 'NONE',  #6006 ) ;
#5349 = LINE ( 'NONE', #2347, #3652 ) ;
#5350 = EDGE_LOOP ( 'NONE', ( #346, #923, #1804, #9097, #2497, #2909, #10572, #8424, #10229, #8315, #1278, #5608, #6493, #5626 ) ) ;
#5351 =( NAMED_UNIT ( * ) PLANE_ANGLE_UNIT ( ) SI_UNIT ( $, .RADIAN. ) );
#5352 = SURFACE_STYLE_FILL_AREA ( #4401 ) ;
#5353 = MECHANICAL_DESIGN_GEOMETRIC_PRESENTATION_REPRESENTATION (  '', ( #2964 ), #1557 ) ;
#5354 = ORIENTED_EDGE ( 'NONE', *, *, #9328, .F. ) ;
#5355 = STYLED_ITEM ( 'NONE', ( #7260 ), #9374 ) ;
#5356 = CLOSED_SHELL ( 'NONE', ( #423, #1723, #7391, #11631, #5813, #6628, #4757, #8311, #5644, #1739, #8013, #6147, #9374, #4398 ) ) ;
#5357 = FACE_OUTER_BOUND ( 'NONE', #4795, .T. ) ;
#5358 = CARTESIAN_POINT ( 'NONE',  ( -8.470000000000000639, 0.2300000000000000100, 10.20000000000000107 ) ) ;
#5359 = LINE ( 'NONE', #4676, #1767 ) ;
#5360 = VECTOR ( 'NONE', #754, 1000.000000000000114 ) ;
#5361 = ORIENTED_EDGE ( 'NONE', *, *, #8899, .F. ) ;
#5362 = VERTEX_POINT ( 'NONE', #2484 ) ;
#5363 = CARTESIAN_POINT ( 'NONE',  ( -2.161702132225040263, -0.09495555214569059710, 0.000000000000000000 ) ) ;
#5364 = FACE_OUTER_BOUND ( 'NONE', #4996, .T. ) ;
#5365 = EDGE_CURVE ( 'NONE', #2505, #12143, #11898, .T. ) ;
#5366 =( GEOMETRIC_REPRESENTATION_CONTEXT ( 3 ) GLOBAL_UNCERTAINTY_ASSIGNED_CONTEXT ( ( #5121 ) ) GLOBAL_UNIT_ASSIGNED_CONTEXT ( ( #9969, #3228, #11889 ) ) REPRESENTATION_CONTEXT ( 'NONE', 'WORKASPACE' ) );
#5367 = CARTESIAN_POINT ( 'NONE',  ( 12.85999999999999943, -4.000000000000000000, 3.200000000000000178 ) ) ;
#5368 = CARTESIAN_POINT ( 'NONE',  ( -1.689361700415610068, 1.417544435933379754, 0.000000000000000000 ) ) ;
#5369 = VERTEX_POINT ( 'NONE', #3365 ) ;
#5370 = FACE_OUTER_BOUND ( 'NONE', #4547, .T. ) ;
#5371 = AXIS2_PLACEMENT_3D ( 'NONE', #4319, #2265, #7080 ) ;
#5372 = FILL_AREA_STYLE ('',( #10863 ) ) ;
#5373 = FILL_AREA_STYLE_COLOUR ( '', #258 ) ;
#5374 = ORIENTED_EDGE ( 'NONE', *, *, #6818, .F. ) ;
#5375 = ADVANCED_FACE ( 'NONE', ( #10963 ), #6030, .T. ) ;
#5376 = ADVANCED_FACE ( 'NONE', ( #1938 ), #2729, .T. ) ;
#5377 = ORIENTED_EDGE ( 'NONE', *, *, #11882, .F. ) ;
#5378 = DIRECTION ( 'NONE',  ( 0.000000000000000000, 1.000000000000000000, 0.000000000000000000 ) ) ;
#5379 = FILL_AREA_STYLE ('',( #1571 ) ) ;
#5380 = FILL_AREA_STYLE_COLOUR ( '', #2966 ) ;
#5381 = CARTESIAN_POINT ( 'NONE',  ( -1.638297872245309872, 1.030044447854310041, 0.000000000000000000 ) ) ;
#5382 = SURFACE_STYLE_USAGE ( .BOTH. , #7195 ) ;
#5383 = UNCERTAINTY_MEASURE_WITH_UNIT (LENGTH_MEASURE( 1.000000000000000082E-05 ), #9281, 'distance_accuracy_value', 'NONE');
#5384 = FILL_AREA_STYLE ('',( #4200 ) ) ;
#5385 = FACE_OUTER_BOUND ( 'NONE', #8489, .T. ) ;
#5386 = EDGE_CURVE ( 'NONE', #4303, #8793, #3603, .T. ) ;
#5387 = ORIENTED_EDGE ( 'NONE', *, *, #6797, .F. ) ;
#5388 = CARTESIAN_POINT ( 'NONE',  ( -1.638297872245309872, -0.09495555214569059710, 0.000000000000000000 ) ) ;
#5389 = DIRECTION ( 'NONE',  ( 0.000000000000000000, -1.000000000000000000, 0.000000000000000000 ) ) ;
#5390 = EDGE_CURVE ( 'NONE', #2690, #11473, #2604, .T. ) ;
#5391 = DIRECTION ( 'NONE',  ( 0.000000000000000000, 0.000000000000000000, -1.000000000000000000 ) ) ;
#5392 = LINE ( 'NONE', #6286, #7859 ) ;
#5393 = SURFACE_STYLE_FILL_AREA ( #9284 ) ;
#5394 = LINE ( 'NONE', #9157, #7267 ) ;
#5395 = ORIENTED_EDGE ( 'NONE', *, *, #1510, .T. ) ;
#5396 = DIRECTION ( 'NONE',  ( -0.9797706943096728960, 0.2001234283434639993, 0.000000000000000000 ) ) ;
#5397 = CARTESIAN_POINT ( 'NONE',  ( 3.279999999999999805, -4.000000000000000000, 0.000000000000000000 ) ) ;
#5398 = VERTEX_POINT ( 'NONE', #8706 ) ;
#5399 = EDGE_CURVE ( 'NONE', #3335, #10726, #1014, .T. ) ;
#5400 = ORIENTED_EDGE ( 'NONE', *, *, #3332, .F. ) ;
#5401 = EDGE_CURVE ( 'NONE', #11473, #4900, #11219, .T. ) ;
#5402 = AXIS2_PLACEMENT_3D ( 'NONE', #4082, #3955, #7902 ) ;
#5403 = VECTOR ( 'NONE', #6840, 1000.000000000000000 ) ;
#5404 = DIRECTION ( 'NONE',  ( -1.000000000000000000, 0.000000000000000000, 0.000000000000000000 ) ) ;
#5405 = EDGE_CURVE ( 'NONE', #11960, #1733, #4480, .T. ) ;
#5406 = CARTESIAN_POINT ( 'NONE',  ( -2.046808493137360241, -0.09495555214569059710, -0.05000000000000000278 ) ) ;
#5407 = CARTESIAN_POINT ( 'NONE',  ( -2.123404264450070134, 0.4175444955380249734, 0.000000000000000000 ) ) ;
#5408 = ORIENTED_EDGE ( 'NONE', *, *, #8264, .T. ) ;
#5410 = EDGE_LOOP ( 'NONE', ( #7985, #6675, #8363, #11721 ) ) ;
#5409 = DIRECTION ( 'NONE',  ( 0.000000000000000000, -1.000000000000000000, 0.000000000000000000 ) ) ;
#5411 = STYLED_ITEM ( 'NONE', ( #11232 ), #11887 ) ;
#5412 = ORIENTED_EDGE ( 'NONE', *, *, #7397, .T. ) ;
#5413 = SURFACE_SIDE_STYLE ('',( #2552 ) ) ;
#5414 = LINE ( 'NONE', #9109, #3247 ) ;
#5415 = MECHANICAL_DESIGN_GEOMETRIC_PRESENTATION_REPRESENTATION (  '', ( #9207 ), #12002 ) ;
#5416 = MECHANICAL_DESIGN_GEOMETRIC_PRESENTATION_REPRESENTATION (  '', ( #10202 ), #10988 ) ;
#5417 = COLOUR_RGB ( '',0.7803921568627451011, 0.7803921568627451011, 0.7803921568627451011 ) ;
#5418 = COLOUR_RGB ( '',0.7803921568627451011, 0.7803921568627451011, 0.7803921568627451011 ) ;
#5419 = COLOUR_RGB ( '',0.7803921568627451011, 0.7803921568627451011, 0.7803921568627451011 ) ;
#5420 =( NAMED_UNIT ( * ) PLANE_ANGLE_UNIT ( ) SI_UNIT ( $, .RADIAN. ) );
#5421 = EDGE_CURVE ( 'NONE', #5954, #10456, #8411, .T. ) ;
#5422 = EDGE_LOOP ( 'NONE', ( #8889, #1903, #6909, #7494 ) ) ;
#5423 = CARTESIAN_POINT ( 'NONE',  ( -0.5500000000000080380, 0.2300000000000000100, 11.19999999999999929 ) ) ;
#5424 = FILL_AREA_STYLE_COLOUR ( '', #1945 ) ;
#5425 = PRESENTATION_LAYER_ASSIGNMENT (  '', '', ( #2231 ) ) ;
#5426 = VECTOR ( 'NONE', #11287, 1000.000000000000000 ) ;
#5427 = CARTESIAN_POINT ( 'NONE',  ( -0.6800000000000100409, -4.000000000000000000, 0.000000000000000000 ) ) ;
#5428 = SURFACE_STYLE_FILL_AREA ( #5183 ) ;
#5429 = AXIS2_PLACEMENT_3D ( 'NONE', #9997, #2503, #2372 ) ;
#5430 = CARTESIAN_POINT ( 'NONE',  ( -4.639999999999999680, 4.000000000000000000, 0.000000000000000000 ) ) ;
#5431 = ORIENTED_EDGE ( 'NONE', *, *, #315, .F. ) ;
#5432 = VECTOR ( 'NONE', #6225, 1000.000000000000000 ) ;
#5433 = VECTOR ( 'NONE', #6156, 999.9999999999998863 ) ;
#5434 =( GEOMETRIC_REPRESENTATION_CONTEXT ( 3 ) GLOBAL_UNCERTAINTY_ASSIGNED_CONTEXT ( ( #464 ) ) GLOBAL_UNIT_ASSIGNED_CONTEXT ( ( #2724, #1951, #5135 ) ) REPRESENTATION_CONTEXT ( 'NONE', 'WORKASPACE' ) );
#5435 = MECHANICAL_DESIGN_GEOMETRIC_PRESENTATION_REPRESENTATION (  '', ( #3844 ), #12031 ) ;
#5436 = COLOUR_RGB ( '',0.7803921568627451011, 0.7803921568627451011, 0.7803921568627451011 ) ;
#5437 = ORIENTED_EDGE ( 'NONE', *, *, #3948, .T. ) ;
#5438 = PRESENTATION_STYLE_ASSIGNMENT (( #9320 ) ) ;
#5439 = CARTESIAN_POINT ( 'NONE',  ( -1.753191488981250101, 1.367544447854309952, 0.000000000000000000 ) ) ;
#5440 = SURFACE_STYLE_USAGE ( .BOTH. , #11129 ) ;
#5441 = SURFACE_STYLE_FILL_AREA ( #3759 ) ;
#5442 = UNCERTAINTY_MEASURE_WITH_UNIT (LENGTH_MEASURE( 1.000000000000000082E-05 ), #10974, 'distance_accuracy_value', 'NONE');
#5443 = PRESENTATION_LAYER_ASSIGNMENT (  '', '', ( #2059 ) ) ;
#5444 = DIRECTION ( 'NONE',  ( -0.7145102486525781726, -0.6996249742329322396, 0.000000000000000000 ) ) ;
#5445 = DIRECTION ( 'NONE',  ( 0.000000000000000000, 0.000000000000000000, -1.000000000000000000 ) ) ;
#5446 = STYLED_ITEM ( 'NONE', ( #5521 ), #5447 ) ;
#5447 = ADVANCED_FACE ( 'NONE', ( #1721 ), #10284, .T. ) ;
#5448 = SURFACE_STYLE_USAGE ( .BOTH. , #7402 ) ;
#5449 = VERTEX_POINT ( 'NONE', #4995 ) ;
#5450 = PLANE ( 'NONE',  #5996 ) ;
#5451 = SURFACE_SIDE_STYLE ('',( #7469 ) ) ;
#5452 = COLOUR_RGB ( '',1.000000000000000000, 1.000000000000000000, 0.9450980392156862475 ) ;
#5453 = CARTESIAN_POINT ( 'NONE',  ( -1.753191488981250101, 1.367544447854309952, 0.000000000000000000 ) ) ;
#5454 = VECTOR ( 'NONE', #11941, 1000.000000000000000 ) ;
#5455 = ORIENTED_EDGE ( 'NONE', *, *, #12130, .T. ) ;
#5456 = AXIS2_PLACEMENT_3D ( 'NONE', #10303, #11180, #7318 ) ;
#5457 =( LENGTH_UNIT ( ) NAMED_UNIT ( * ) SI_UNIT ( .MILLI., .METRE. ) );
#5458 = VECTOR ( 'NONE', #9383, 1000.000000000000227 ) ;
#5459 = FILL_AREA_STYLE_COLOUR ( '', #6546 ) ;
#5460 = UNCERTAINTY_MEASURE_WITH_UNIT (LENGTH_MEASURE( 1.000000000000000082E-05 ), #10265, 'distance_accuracy_value', 'NONE');
#5461 = VECTOR ( 'NONE', #10935, 1000.000000000000000 ) ;
#5462 = EDGE_CURVE ( 'NONE', #2190, #1906, #10620, .T. ) ;
#5463 = CARTESIAN_POINT ( 'NONE',  ( -1.676595744490619877, 0.2425444478543100080, -0.05000000000000000278 ) ) ;
#5464 =( NAMED_UNIT ( * ) PLANE_ANGLE_UNIT ( ) SI_UNIT ( $, .RADIAN. ) );
#5465 = ORIENTED_EDGE ( 'NONE', *, *, #5664, .F. ) ;
#5466 =( LENGTH_UNIT ( ) NAMED_UNIT ( * ) SI_UNIT ( .MILLI., .METRE. ) );
#5467 = DIRECTION ( 'NONE',  ( 0.9506455412393914894, 0.3102789952956279129, 0.000000000000000000 ) ) ;
#5468 = ORIENTED_EDGE ( 'NONE', *, *, #4538, .T. ) ;
#5469 = VECTOR ( 'NONE', #5378, 1000.000000000000000 ) ;
#5470 =( NAMED_UNIT ( * ) SI_UNIT ( $, .STERADIAN. ) SOLID_ANGLE_UNIT ( ) );
#5471 = LINE ( 'NONE', #6492, #10442 ) ;
#5472 = VERTEX_POINT ( 'NONE', #2252 ) ;
#5473 = DIRECTION ( 'NONE',  ( 0.000000000000000000, 1.000000000000000000, 0.000000000000000000 ) ) ;
#5474 = UNCERTAINTY_MEASURE_WITH_UNIT (LENGTH_MEASURE( 1.000000000000000082E-05 ), #6808, 'distance_accuracy_value', 'NONE');
#5475 = FILL_AREA_STYLE ('',( #8179 ) ) ;
#5476 = LINE ( 'NONE', #11404, #8611 ) ;
#5477 = EDGE_CURVE ( 'NONE', #2551, #2071, #3092, .T. ) ;
#5478 = ORIENTED_EDGE ( 'NONE', *, *, #4302, .T. ) ;
#5479 = ORIENTED_EDGE ( 'NONE', *, *, #1510, .F. ) ;
#5480 = ORIENTED_EDGE ( 'NONE', *, *, #12353, .T. ) ;
#5481 = DIRECTION ( 'NONE',  ( 0.000000000000000000, -1.000000000000000000, 0.000000000000000000 ) ) ;
#5482 = DIRECTION ( 'NONE',  ( 0.4547769889117429520, -0.8906053505096228617, 0.000000000000000000 ) ) ;
#5483 = ADVANCED_FACE ( 'NONE', ( #10800 ), #8944, .F. ) ;
#5484 = CARTESIAN_POINT ( 'NONE',  ( -12.21000000000000085, 1.149999999999999911, 11.19999999999999929 ) ) ;
#5485 =( LENGTH_UNIT ( ) NAMED_UNIT ( * ) SI_UNIT ( .MILLI., .METRE. ) );
#5486 = DIRECTION ( 'NONE',  ( -1.000000000000000000, 0.000000000000000000, 0.000000000000000000 ) ) ;
#5487 = ORIENTED_EDGE ( 'NONE', *, *, #11569, .F. ) ;
#5488 = DIRECTION ( 'NONE',  ( 0.000000000000000000, 0.000000000000000000, -1.000000000000000000 ) ) ;
#5489 = SURFACE_STYLE_FILL_AREA ( #8260 ) ;
#5490 = CARTESIAN_POINT ( 'NONE',  ( -1.740425533056259910, -0.1699555521456899976, -0.05000000000000000278 ) ) ;
#5491 = FILL_AREA_STYLE ('',( #1692 ) ) ;
#5492 = PRESENTATION_STYLE_ASSIGNMENT (( #8565 ) ) ;
#5493 = FILL_AREA_STYLE ('',( #1695 ) ) ;
#5494 = FILL_AREA_STYLE ('',( #5373 ) ) ;
#5495 = VERTEX_POINT ( 'NONE', #10686 ) ;
#5496 = ORIENTED_EDGE ( 'NONE', *, *, #8475, .T. ) ;
#5497 = DIRECTION ( 'NONE',  ( 0.000000000000000000, -1.000000000000000000, 0.000000000000000000 ) ) ;
#5498 = SURFACE_SIDE_STYLE ('',( #10074 ) ) ;
#5499 = CARTESIAN_POINT ( 'NONE',  ( -2.200000000000000178, -0.5824555521456900031, -0.05000000000000000278 ) ) ;
#5500 = PRESENTATION_STYLE_ASSIGNMENT (( #5614 ) ) ;
#5501 = DIRECTION ( 'NONE',  ( 0.5627910658975471270, 0.8265991871190672136, 0.000000000000000000 ) ) ;
#5502 = UNCERTAINTY_MEASURE_WITH_UNIT (LENGTH_MEASURE( 1.000000000000000082E-05 ), #4753, 'distance_accuracy_value', 'NONE');
#5503 = ORIENTED_EDGE ( 'NONE', *, *, #6341, .T. ) ;
#5504 = CARTESIAN_POINT ( 'NONE',  ( 12.59999999999999964, 3.000000000000000000, 0.5999999999999999778 ) ) ;
#5505 = CARTESIAN_POINT ( 'NONE',  ( -1.714893621206280194, 1.342544471696169861, 0.000000000000000000 ) ) ;
#5506 = VECTOR ( 'NONE', #9956, 1000.000000000000000 ) ;
#5507 = ORIENTED_EDGE ( 'NONE', *, *, #8388, .F. ) ;
#5508 = EDGE_CURVE ( 'NONE', #7013, #3673, #309, .T. ) ;
#5509 = DIRECTION ( 'NONE',  ( 1.000000000000000000, 0.000000000000000000, 0.000000000000000000 ) ) ;
#5510 = EDGE_LOOP ( 'NONE', ( #2735, #6662, #1919, #4796 ) ) ;
#5511 = DIRECTION ( 'NONE',  ( 0.8373788769558767608, -0.5466229197793618377, 0.000000000000000000 ) ) ;
#5512 = DIRECTION ( 'NONE',  ( 0.8981380143666173321, 0.4397136649566281696, 0.000000000000000000 ) ) ;
#5513 = DIRECTION ( 'NONE',  ( -0.9813592930673576964, 0.1921820436730129200, 0.000000000000000000 ) ) ;
#5514 = UNCERTAINTY_MEASURE_WITH_UNIT (LENGTH_MEASURE( 1.000000000000000082E-05 ), #196, 'distance_accuracy_value', 'NONE');
#5515 = DIRECTION ( 'NONE',  ( 0.000000000000000000, -1.000000000000000000, 0.000000000000000000 ) ) ;
#5516 = DIRECTION ( 'NONE',  ( 0.000000000000000000, 1.000000000000000000, 0.000000000000000000 ) ) ;
#5517 = EDGE_LOOP ( 'NONE', ( #2204, #11922, #2891, #10283 ) ) ;
#5518 = VECTOR ( 'NONE', #2549, 1000.000000000000000 ) ;
#5519 = FACE_OUTER_BOUND ( 'NONE', #1201, .T. ) ;
#5520 = ORIENTED_EDGE ( 'NONE', *, *, #4077, .F. ) ;
#5521 = PRESENTATION_STYLE_ASSIGNMENT (( #10155 ) ) ;
#5522 = DIRECTION ( 'NONE',  ( 0.000000000000000000, 0.000000000000000000, 1.000000000000000000 ) ) ;
#5523 = COLOUR_RGB ( '',1.000000000000000000, 1.000000000000000000, 0.9450980392156862475 ) ;
#5524 = ORIENTED_EDGE ( 'NONE', *, *, #1806, .F. ) ;
#5525 = EDGE_CURVE ( 'NONE', #9792, #2091, #4002, .T. ) ;
#5526 = AXIS2_PLACEMENT_3D ( 'NONE', #8669, #7730, #5839 ) ;
#5527 = LINE ( 'NONE', #5358, #6111 ) ;
#5528 = VECTOR ( 'NONE', #10828, 1000.000000000000000 ) ;
#5529 = PRESENTATION_LAYER_ASSIGNMENT (  '', '', ( #549 ) ) ;
#5530 = SURFACE_SIDE_STYLE ('',( #3557 ) ) ;
#5531 = ORIENTED_EDGE ( 'NONE', *, *, #2486, .T. ) ;
#5532 = DIRECTION ( 'NONE',  ( 0.000000000000000000, 0.000000000000000000, 1.000000000000000000 ) ) ;
#5533 = EDGE_LOOP ( 'NONE', ( #5893, #11763, #5832, #4438 ) ) ;
#5534 = EDGE_LOOP ( 'NONE', ( #10040, #12345, #1, #11774 ) ) ;
#5535 = CARTESIAN_POINT ( 'NONE',  ( -2.123404264450070134, 0.7925444955380260836, -0.05000000000000000278 ) ) ;
#5536 = VECTOR ( 'NONE', #9390, 1000.000000000000000 ) ;
#5537 =( NAMED_UNIT ( * ) SI_UNIT ( $, .STERADIAN. ) SOLID_ANGLE_UNIT ( ) );
#5538 = VECTOR ( 'NONE', #4754, 1000.000000000000114 ) ;
#5539 = EDGE_CURVE ( 'NONE', #9385, #4965, #7826, .T. ) ;
#5540 = FACE_OUTER_BOUND ( 'NONE', #3972, .T. ) ;
#5541 = COLOUR_RGB ( '',0.2941176470588235392, 0.2941176470588235392, 0.2941176470588235392 ) ;
#5542 = ADVANCED_FACE ( 'NONE', ( #255 ), #7803, .T. ) ;
#5543 = CARTESIAN_POINT ( 'NONE',  ( -11.16000000000000014, 4.000000000000000000, 0.000000000000000000 ) ) ;
#5544 = ORIENTED_EDGE ( 'NONE', *, *, #11491, .T. ) ;
#5545 = MECHANICAL_DESIGN_GEOMETRIC_PRESENTATION_REPRESENTATION (  '', ( #566 ), #7567 ) ;
#5546 = ADVANCED_FACE ( 'NONE', ( #10416 ), #5666, .T. ) ;
#5547 = DIRECTION ( 'NONE',  ( 0.000000000000000000, 0.9672309653794344264, 0.2538981284121001325 ) ) ;
#5548 = DIRECTION ( 'NONE',  ( 0.000000000000000000, 0.000000000000000000, -1.000000000000000000 ) ) ;
#5549 = PRESENTATION_STYLE_ASSIGNMENT (( #1745 ) ) ;
#5550 = DIRECTION ( 'NONE',  ( -1.000000000000000000, 0.000000000000000000, 0.000000000000000000 ) ) ;
#5551 = PLANE ( 'NONE',  #6261 ) ;
#5552 =( GEOMETRIC_REPRESENTATION_CONTEXT ( 3 ) GLOBAL_UNCERTAINTY_ASSIGNED_CONTEXT ( ( #3189 ) ) GLOBAL_UNIT_ASSIGNED_CONTEXT ( ( #3682, #10225, #12282 ) ) REPRESENTATION_CONTEXT ( 'NONE', 'WORKASPACE' ) );
#5553 = ORIENTED_EDGE ( 'NONE', *, *, #7329, .F. ) ;
#5554 = EDGE_CURVE ( 'NONE', #5158, #8534, #9499, .T. ) ;
#5555 = EDGE_CURVE ( 'NONE', #1226, #527, #932, .T. ) ;
#5556 = MECHANICAL_DESIGN_GEOMETRIC_PRESENTATION_REPRESENTATION (  '', ( #7382 ), #12340 ) ;
#5557 = LINE ( 'NONE', #3636, #5622 ) ;
#5558 = ORIENTED_EDGE ( 'NONE', *, *, #1588, .F. ) ;
#5559 = CARTESIAN_POINT ( 'NONE',  ( -1.600000000000000089, -0.7824556475131219102, 0.000000000000000000 ) ) ;
#5560 = COLOUR_RGB ( '',0.7803921568627451011, 0.7803921568627451011, 0.7803921568627451011 ) ;
#5561 = PLANE ( 'NONE',  #4748 ) ;
#5562 = PLANE ( 'NONE',  #3460 ) ;
#5563 = EDGE_CURVE ( 'NONE', #2686, #9417, #6740, .T. ) ;
#5564 = CARTESIAN_POINT ( 'NONE',  ( -2.110638308525089712, 0.9800444240124520645, -0.05000000000000000278 ) ) ;
#5565 = DIRECTION ( 'NONE',  ( 0.000000000000000000, 0.000000000000000000, -1.000000000000000000 ) ) ;
#5566 = SURFACE_STYLE_USAGE ( .BOTH. , #8387 ) ;
#5567 = EDGE_LOOP ( 'NONE', ( #11694, #8140, #1798, #8463, #23, #11577 ) ) ;
#5568 = SURFACE_SIDE_STYLE ('',( #11377 ) ) ;
#5569 = SURFACE_STYLE_USAGE ( .BOTH. , #5451 ) ;
#5570 =( NAMED_UNIT ( * ) PLANE_ANGLE_UNIT ( ) SI_UNIT ( $, .RADIAN. ) );
#5571 = ORIENTED_EDGE ( 'NONE', *, *, #7796, .F. ) ;
#5572 = CARTESIAN_POINT ( 'NONE',  ( -11.50999999999999979, 1.149999999999999911, 11.19999999999999929 ) ) ;
#5573 = PLANE ( 'NONE',  #10048 ) ;
#5574 = DIRECTION ( 'NONE',  ( -0.8373795927994440724, -0.5466218231675690209, 0.000000000000000000 ) ) ;
#5575 = SURFACE_SIDE_STYLE ('',( #10148 ) ) ;
#5576 = CARTESIAN_POINT ( 'NONE',  ( -11.25999999999999979, 1.399999999999999911, 3.200000000000000178 ) ) ;
#5577 = LINE ( 'NONE', #4396, #7044 ) ;
#5578 = ORIENTED_EDGE ( 'NONE', *, *, #8032, .T. ) ;
#5579 = SURFACE_SIDE_STYLE ('',( #7593 ) ) ;
#5580 = CARTESIAN_POINT ( 'NONE',  ( 7.939999999999999503, 0.3400000000000000244, -2.899999999999999911 ) ) ;
#5581 = ORIENTED_EDGE ( 'NONE', *, *, #3784, .F. ) ;
#5582 = PLANE ( 'NONE',  #8271 ) ;
#5583 = ORIENTED_EDGE ( 'NONE', *, *, #615, .T. ) ;
#5584 = SURFACE_STYLE_FILL_AREA ( #3554 ) ;
#5585 = FACE_OUTER_BOUND ( 'NONE', #10891, .T. ) ;
#5586 = SURFACE_STYLE_USAGE ( .BOTH. , #7550 ) ;
#5587 = CARTESIAN_POINT ( 'NONE',  ( -2.046808493137360241, 1.042544471696169817, -0.05000000000000000278 ) ) ;
#5588 = ORIENTED_EDGE ( 'NONE', *, *, #9535, .F. ) ;
#5589 = SURFACE_STYLE_FILL_AREA ( #3684 ) ;
#5591 = ORIENTED_EDGE ( 'NONE', *, *, #9338, .F. ) ;
#5590 =( LENGTH_UNIT ( ) NAMED_UNIT ( * ) SI_UNIT ( .MILLI., .METRE. ) );
#5592 = EDGE_LOOP ( 'NONE', ( #7506, #12273, #6294, #9820 ) ) ;
#5593 = ADVANCED_FACE ( 'NONE', ( #9679 ), #8560, .T. ) ;
#5594 = SURFACE_STYLE_USAGE ( .BOTH. , #1429 ) ;
#5595 = DIRECTION ( 'NONE',  ( 0.000000000000000000, 0.000000000000000000, -1.000000000000000000 ) ) ;
#5596 = PLANE ( 'NONE',  #85 ) ;
#5597 = LINE ( 'NONE', #7253, #9277 ) ;
#5598 = EDGE_LOOP ( 'NONE', ( #3443, #999, #9108, #4809 ) ) ;
#5599 = VECTOR ( 'NONE', #7676, 1000.000000000000000 ) ;
#5600 = VECTOR ( 'NONE', #8027, 1000.000000000000000 ) ;
#5601 = AXIS2_PLACEMENT_3D ( 'NONE', #9943, #8265, #1386 ) ;
#5602 =( NAMED_UNIT ( * ) PLANE_ANGLE_UNIT ( ) SI_UNIT ( $, .RADIAN. ) );
#5603 = EDGE_CURVE ( 'NONE', #8734, #8379, #9982, .T. ) ;
#5604 = CARTESIAN_POINT ( 'NONE',  ( -2.200000000000000178, 1.142544447854309864, 0.000000000000000000 ) ) ;
#5605 = PRESENTATION_LAYER_ASSIGNMENT (  '', '', ( #6213 ) ) ;
#5606 =( GEOMETRIC_REPRESENTATION_CONTEXT ( 3 ) GLOBAL_UNCERTAINTY_ASSIGNED_CONTEXT ( ( #8727 ) ) GLOBAL_UNIT_ASSIGNED_CONTEXT ( ( #7930, #298, #2178 ) ) REPRESENTATION_CONTEXT ( 'NONE', 'WORKASPACE' ) );
#5607 = VECTOR ( 'NONE', #125, 1000.000000000000000 ) ;
#5608 = ORIENTED_EDGE ( 'NONE', *, *, #9126, .T. ) ;
#5609 = VECTOR ( 'NONE', #10771, 1000.000000000000000 ) ;
#5610 = CARTESIAN_POINT ( 'NONE',  ( -2.110638308525089712, 0.9800444240124520645, 0.000000000000000000 ) ) ;
#5611 = COLOUR_RGB ( '',0.2941176470588235392, 0.2941176470588235392, 0.2941176470588235392 ) ;
#5612 =( NAMED_UNIT ( * ) PLANE_ANGLE_UNIT ( ) SI_UNIT ( $, .RADIAN. ) );
#5613 = STYLED_ITEM ( 'NONE', ( #4033 ), #10495 ) ;
#5614 = SURFACE_STYLE_USAGE ( .BOTH. , #10259 ) ;
#5615 = LINE ( 'NONE', #7579, #10322 ) ;
#5616 = EDGE_CURVE ( 'NONE', #852, #671, #1336, .T. ) ;
#5617 = UNCERTAINTY_MEASURE_WITH_UNIT (LENGTH_MEASURE( 1.000000000000000082E-05 ), #9594, 'distance_accuracy_value', 'NONE');
#5618 = VERTEX_POINT ( 'NONE', #5299 ) ;
#5619 = VECTOR ( 'NONE', #3006, 1000.000000000000000 ) ;
#5620 = AXIS2_PLACEMENT_3D ( 'NONE', #5345, #10035, #2597 ) ;
#5621 = AXIS2_PLACEMENT_3D ( 'NONE', #10318, #3987, #3708 ) ;
#5622 = VECTOR ( 'NONE', #9388, 1000.000000000000227 ) ;
#5623 = EDGE_CURVE ( 'NONE', #5319, #10095, #225, .T. ) ;
#5624 = PRESENTATION_LAYER_ASSIGNMENT (  '', '', ( #7450 ) ) ;
#5625 = MECHANICAL_DESIGN_GEOMETRIC_PRESENTATION_REPRESENTATION (  '', ( #3065 ), #3468 ) ;
#5626 = ORIENTED_EDGE ( 'NONE', *, *, #11581, .T. ) ;
#5627 =( GEOMETRIC_REPRESENTATION_CONTEXT ( 3 ) GLOBAL_UNCERTAINTY_ASSIGNED_CONTEXT ( ( #2025 ) ) GLOBAL_UNIT_ASSIGNED_CONTEXT ( ( #1594, #6545, #7491 ) ) REPRESENTATION_CONTEXT ( 'NONE', 'WORKASPACE' ) );
#5628 = CARTESIAN_POINT ( 'NONE',  ( 7.339999999999999858, 0.2000000000000000111, 3.200000000000000178 ) ) ;
#5629 = FACE_OUTER_BOUND ( 'NONE', #10962, .T. ) ;
#5630 = AXIS2_PLACEMENT_3D ( 'NONE', #9301, #7375, #688 ) ;
#5631 = VECTOR ( 'NONE', #10177, 1000.000000000000000 ) ;
#5632 = DIRECTION ( 'NONE',  ( 0.6996249742329321286, -0.7145102486525781726, 0.000000000000000000 ) ) ;
#5633 =( NAMED_UNIT ( * ) SI_UNIT ( $, .STERADIAN. ) SOLID_ANGLE_UNIT ( ) );
#5634 = CYLINDRICAL_SURFACE ( 'NONE', #5692, 1.000000000000000888 ) ;
#5635 = COLOUR_RGB ( '',0.7921568627450980005, 0.8196078431372548767, 0.9333333333333333481 ) ;
#5636 = UNCERTAINTY_MEASURE_WITH_UNIT (LENGTH_MEASURE( 1.000000000000000082E-05 ), #11384, 'distance_accuracy_value', 'NONE');
#5637 =( NAMED_UNIT ( * ) PLANE_ANGLE_UNIT ( ) SI_UNIT ( $, .RADIAN. ) );
#5638 = VECTOR ( 'NONE', #5282, 1000.000000000000000 ) ;
#5639 = ORIENTED_EDGE ( 'NONE', *, *, #3299, .F. ) ;
#5640 = PRESENTATION_STYLE_ASSIGNMENT (( #10281 ) ) ;
#5641 = CARTESIAN_POINT ( 'NONE',  ( -1.753191488981250101, 1.042544471696169817, -0.05000000000000000278 ) ) ;
#5642 = ADVANCED_FACE ( 'NONE', ( #6222 ), #5162, .T. ) ;
#5643 = VERTEX_POINT ( 'NONE', #11726 ) ;
#5644 = ADVANCED_FACE ( 'NONE', ( #3311 ), #10967, .T. ) ;
#5645 = VECTOR ( 'NONE', #7298, 1000.000000000000000 ) ;
#5646 = EDGE_LOOP ( 'NONE', ( #6396, #610, #2770, #2033 ) ) ;
#5647 =( GEOMETRIC_REPRESENTATION_CONTEXT ( 3 ) GLOBAL_UNCERTAINTY_ASSIGNED_CONTEXT ( ( #3728 ) ) GLOBAL_UNIT_ASSIGNED_CONTEXT ( ( #1075, #5795, #5672 ) ) REPRESENTATION_CONTEXT ( 'NONE', 'WORKASPACE' ) );
#5648 = VECTOR ( 'NONE', #3550, 1000.000000000000000 ) ;
#5649 = VECTOR ( 'NONE', #1574, 1000.000000000000000 ) ;
#5650 = LINE ( 'NONE', #11168, #3234 ) ;
#5651 = CARTESIAN_POINT ( 'NONE',  ( 12.50000000000000000, 1.399999999999999911, 0.5999999999999999778 ) ) ;
#5652 = ORIENTED_EDGE ( 'NONE', *, *, #35, .F. ) ;
#5653 = VECTOR ( 'NONE', #7199, 1000.000000000000000 ) ;
#5655 = ORIENTED_EDGE ( 'NONE', *, *, #7089, .T. ) ;
#5654 = DIRECTION ( 'NONE',  ( -0.9713210491250660050, -0.2377717803411100173, 0.000000000000000000 ) ) ;
#5656 = ORIENTED_EDGE ( 'NONE', *, *, #10601, .F. ) ;
#5657 = DIRECTION ( 'NONE',  ( 0.3102800213276460384, 0.9506452063545660636, 0.000000000000000000 ) ) ;
#5658 = STYLED_ITEM ( 'NONE', ( #4578 ), #11631 ) ;
#5659 = CARTESIAN_POINT ( 'NONE',  ( -4.540000000000000036, 0.2000000000000000111, 0.5999999999999999778 ) ) ;
#5660 = DIRECTION ( 'NONE',  ( 0.000000000000000000, -1.000000000000000000, 0.000000000000000000 ) ) ;
#5661 = ORIENTED_EDGE ( 'NONE', *, *, #4467, .T. ) ;
#5662 = MECHANICAL_DESIGN_GEOMETRIC_PRESENTATION_REPRESENTATION (  '', ( #12067 ), #4275 ) ;
#5663 = FILL_AREA_STYLE ('',( #1858 ) ) ;
#5664 = EDGE_CURVE ( 'NONE', #1602, #6326, #7038, .T. ) ;
#5665 = LINE ( 'NONE', #9498, #8251 ) ;
#5666 = PLANE ( 'NONE',  #7330 ) ;
#5667 = VERTEX_POINT ( 'NONE', #6425 ) ;
#5668 = FILL_AREA_STYLE ('',( #7804 ) ) ;
#5669 = DIRECTION ( 'NONE',  ( 0.9506456267026758278, -0.3102787334495819005, 0.000000000000000000 ) ) ;
#5670 = LINE ( 'NONE', #5427, #838 ) ;
#5671 = DIRECTION ( 'NONE',  ( -1.000000000000000000, 0.000000000000000000, 0.000000000000000000 ) ) ;
#5672 =( NAMED_UNIT ( * ) SI_UNIT ( $, .STERADIAN. ) SOLID_ANGLE_UNIT ( ) );
#5673 = EDGE_CURVE ( 'NONE', #8790, #4606, #8233, .T. ) ;
#5674 = ORIENTED_EDGE ( 'NONE', *, *, #7091, .F. ) ;
#5675 = CARTESIAN_POINT ( 'NONE',  ( 12.47000000000000064, 1.369999999999999885, -2.399999999999999911 ) ) ;
#5676 = CARTESIAN_POINT ( 'NONE',  ( -1.676595744490619877, 0.01754444785430970058, 0.000000000000000000 ) ) ;
#5677 = SURFACE_STYLE_USAGE ( .BOTH. , #3879 ) ;
#5678 = FILL_AREA_STYLE_COLOUR ( '', #9939 ) ;
#5679 =( NAMED_UNIT ( * ) PLANE_ANGLE_UNIT ( ) SI_UNIT ( $, .RADIAN. ) );
#5680 = CARTESIAN_POINT ( 'NONE',  ( 12.47000000000000064, 1.369999999999999885, 10.20000000000000107 ) ) ;
#5681 = EDGE_CURVE ( 'NONE', #9787, #7823, #1725, .T. ) ;
#5682 = ORIENTED_EDGE ( 'NONE', *, *, #10716, .F. ) ;
#5683 = SURFACE_STYLE_USAGE ( .BOTH. , #10441 ) ;
#5684 = EDGE_CURVE ( 'NONE', #5362, #9293, #6552, .T. ) ;
#5685 = CARTESIAN_POINT ( 'NONE',  ( -4.540000000000000036, 0.2000000000000000111, 3.200000000000000178 ) ) ;
#5686 = VERTEX_POINT ( 'NONE', #6297 ) ;
#5687 = CARTESIAN_POINT ( 'NONE',  ( -1.600000000000000089, -0.7074556475131219546, -0.05000000000000000278 ) ) ;
#5688 = DIRECTION ( 'NONE',  ( 0.5466229197793618377, 0.8373788769558767608, 0.000000000000000000 ) ) ;
#5689 = EDGE_CURVE ( 'NONE', #1729, #8084, #537, .T. ) ;
#5690 = CARTESIAN_POINT ( 'NONE',  ( 23.76000000000000156, 0.000000000000000000, 0.5999999999999999778 ) ) ;
#5691 = ORIENTED_EDGE ( 'NONE', *, *, #1993, .T. ) ;
#5692 = AXIS2_PLACEMENT_3D ( 'NONE', #7590, #81, #9521 ) ;
#5693 = DIRECTION ( 'NONE',  ( 0.9506456267026760498, -0.3102787334495809568, 0.000000000000000000 ) ) ;
#5694 = EDGE_LOOP ( 'NONE', ( #4681, #7127, #6778, #9496 ) ) ;
#5695 = PRESENTATION_STYLE_ASSIGNMENT (( #91 ) ) ;
#5696 = ORIENTED_EDGE ( 'NONE', *, *, #5782, .T. ) ;
#5697 = MECHANICAL_DESIGN_GEOMETRIC_PRESENTATION_REPRESENTATION (  '', ( #536 ), #4324 ) ;
#5698 = DIRECTION ( 'NONE',  ( 0.000000000000000000, 1.000000000000000000, 0.000000000000000000 ) ) ;
#5699 =( LENGTH_UNIT ( ) NAMED_UNIT ( * ) SI_UNIT ( .MILLI., .METRE. ) );
#5700 = SURFACE_STYLE_FILL_AREA ( #5843 ) ;
#5701 = LINE ( 'NONE', #9154, #6159 ) ;
#5702 = ORIENTED_EDGE ( 'NONE', *, *, #3623, .T. ) ;
#5703 = VECTOR ( 'NONE', #1932, 1000.000000000000000 ) ;
#5704 = PRESENTATION_STYLE_ASSIGNMENT (( #5847 ) ) ;
#5706 = VERTEX_POINT ( 'NONE', #11033 ) ;
#5705 = DIRECTION ( 'NONE',  ( 0.000000000000000000, 0.000000000000000000, -1.000000000000000000 ) ) ;
#5707 = ORIENTED_EDGE ( 'NONE', *, *, #9068, .F. ) ;
#5708 = SURFACE_SIDE_STYLE ('',( #1228 ) ) ;
#5709 =( GEOMETRIC_REPRESENTATION_CONTEXT ( 3 ) GLOBAL_UNCERTAINTY_ASSIGNED_CONTEXT ( ( #10937 ) ) GLOBAL_UNIT_ASSIGNED_CONTEXT ( ( #3414, #2329, #4276 ) ) REPRESENTATION_CONTEXT ( 'NONE', 'WORKASPACE' ) );
#5710 = LINE ( 'NONE', #11302, #12202 ) ;
#5711 = VECTOR ( 'NONE', #5473, 1000.000000000000000 ) ;
#5712 = ORIENTED_EDGE ( 'NONE', *, *, #11178, .F. ) ;
#5713 =( GEOMETRIC_REPRESENTATION_CONTEXT ( 3 ) GLOBAL_UNCERTAINTY_ASSIGNED_CONTEXT ( ( #2269 ) ) GLOBAL_UNIT_ASSIGNED_CONTEXT ( ( #11171, #2613, #11235 ) ) REPRESENTATION_CONTEXT ( 'NONE', 'WORKASPACE' ) );
#5714 = VECTOR ( 'NONE', #12087, 1000.000000000000114 ) ;
#5715 = FILL_AREA_STYLE ('',( #10825 ) ) ;
#5716 = AXIS2_PLACEMENT_3D ( 'NONE', #10875, #9009, #389 ) ;
#5717 = DIRECTION ( 'NONE',  ( 0.000000000000000000, 0.000000000000000000, -1.000000000000000000 ) ) ;
#5718 = EDGE_LOOP ( 'NONE', ( #3897, #5748, #6184, #10558, #2496, #707 ) ) ;
#5719 = SURFACE_STYLE_FILL_AREA ( #1860 ) ;
#5720 = SURFACE_STYLE_USAGE ( .BOTH. , #4918 ) ;
#5721 =( GEOMETRIC_REPRESENTATION_CONTEXT ( 3 ) GLOBAL_UNCERTAINTY_ASSIGNED_CONTEXT ( ( #11292 ) ) GLOBAL_UNIT_ASSIGNED_CONTEXT ( ( #8134, #6251, #11924 ) ) REPRESENTATION_CONTEXT ( 'NONE', 'WORKASPACE' ) );
#5722 = LINE ( 'NONE', #1979, #9747 ) ;
#5723 = EDGE_LOOP ( 'NONE', ( #1388, #3835, #5431, #121 ) ) ;
#5724 = ORIENTED_EDGE ( 'NONE', *, *, #3284, .F. ) ;
#5725 = SURFACE_STYLE_FILL_AREA ( #10781 ) ;
#5726 = COLOUR_RGB ( '',0.2941176470588235392, 0.2941176470588235392, 0.2941176470588235392 ) ;
#5727 = AXIS2_PLACEMENT_3D ( 'NONE', #7464, #1810, #4632 ) ;
#5728 = PRESENTATION_STYLE_ASSIGNMENT (( #10248 ) ) ;
#5729 = PRESENTATION_STYLE_ASSIGNMENT (( #3013 ) ) ;
#5730 = DIRECTION ( 'NONE',  ( -1.000000000000000000, 0.000000000000000000, 0.000000000000000000 ) ) ;
#5731 = PRESENTATION_LAYER_ASSIGNMENT (  '', '', ( #2161 ) ) ;
#5732 = VERTEX_POINT ( 'NONE', #6367 ) ;
#5733 = AXIS2_PLACEMENT_3D ( 'NONE', #9403, #12206, #3660 ) ;
#5734 = CARTESIAN_POINT ( 'NONE',  ( -2.123404264450070134, 1.255044447854309908, 0.000000000000000000 ) ) ;
#5735 = LINE ( 'NONE', #2067, #8838 ) ;
#5736 = DIRECTION ( 'NONE',  ( 0.000000000000000000, 0.000000000000000000, -1.000000000000000000 ) ) ;
#5737 = DIRECTION ( 'NONE',  ( -1.000000000000000000, 0.000000000000000000, 0.000000000000000000 ) ) ;
#5738 = VECTOR ( 'NONE', #468, 1000.000000000000000 ) ;
#5739 = DIRECTION ( 'NONE',  ( -0.2100675449707459508, -0.2100675449707439524, 0.9548524771397558508 ) ) ;
#5740 = ORIENTED_EDGE ( 'NONE', *, *, #5623, .T. ) ;
#5741 = PRESENTATION_STYLE_ASSIGNMENT (( #6588 ) ) ;
#5742 = CARTESIAN_POINT ( 'NONE',  ( -1.804255312681200207, 1.455044435933379843, -0.05000000000000000278 ) ) ;
#5743 = EDGE_CURVE ( 'NONE', #862, #9049, #2683, .T. ) ;
#5744 = DIRECTION ( 'NONE',  ( -1.000000000000000000, 0.000000000000000000, 0.000000000000000000 ) ) ;
#5745 = EDGE_CURVE ( 'NONE', #9253, #9163, #3608, .T. ) ;
#5746 = AXIS2_PLACEMENT_3D ( 'NONE', #1168, #6854, #2864 ) ;
#5747 = LINE ( 'NONE', #8519, #7024 ) ;
#5748 = ORIENTED_EDGE ( 'NONE', *, *, #12353, .F. ) ;
#5749 =( LENGTH_UNIT ( ) NAMED_UNIT ( * ) SI_UNIT ( .MILLI., .METRE. ) );
#5750 = CARTESIAN_POINT ( 'NONE',  ( 7.240000000000000213, -4.000000000000000000, 0.000000000000000000 ) ) ;
#5751 = SURFACE_STYLE_FILL_AREA ( #4821 ) ;
#5752 = SURFACE_STYLE_FILL_AREA ( #1023 ) ;
#5753 = LINE ( 'NONE', #962, #4112 ) ;
#5754 =( NAMED_UNIT ( * ) PLANE_ANGLE_UNIT ( ) SI_UNIT ( $, .RADIAN. ) );
#5755 = UNCERTAINTY_MEASURE_WITH_UNIT (LENGTH_MEASURE( 1.000000000000000082E-05 ), #11591, 'distance_accuracy_value', 'NONE');
#5756 = MECHANICAL_DESIGN_GEOMETRIC_PRESENTATION_REPRESENTATION (  '', ( #7783 ), #3979 ) ;
#5757 = FACE_BOUND ( 'NONE', #10929, .T. ) ;
#5758 = PLANE ( 'NONE',  #8063 ) ;
#5759 = ORIENTED_EDGE ( 'NONE', *, *, #10437, .T. ) ;
#5760 = EDGE_CURVE ( 'NONE', #296, #11985, #5527, .T. ) ;
#5761 = PRESENTATION_STYLE_ASSIGNMENT (( #8531 ) ) ;
#5762 = ORIENTED_EDGE ( 'NONE', *, *, #4018, .T. ) ;
#5763 = VERTEX_POINT ( 'NONE', #8178 ) ;
#5764 = ADVANCED_FACE ( 'NONE', ( #7498, #10287 ), #12101, .T. ) ;
#5765 = CARTESIAN_POINT ( 'NONE',  ( -1.600000000000000089, 0.8675444240124519091, 0.000000000000000000 ) ) ;
#5766 = FILL_AREA_STYLE ('',( #7601 ) ) ;
#5767 = FACE_OUTER_BOUND ( 'NONE', #7682, .T. ) ;
#5768 = UNCERTAINTY_MEASURE_WITH_UNIT (LENGTH_MEASURE( 1.000000000000000082E-05 ), #9796, 'distance_accuracy_value', 'NONE');
#5769 =( NAMED_UNIT ( * ) SI_UNIT ( $, .STERADIAN. ) SOLID_ANGLE_UNIT ( ) );
#5770 = SURFACE_STYLE_USAGE ( .BOTH. , #9663 ) ;
#5771 =( NAMED_UNIT ( * ) SI_UNIT ( $, .STERADIAN. ) SOLID_ANGLE_UNIT ( ) );
#5772 = ORIENTED_EDGE ( 'NONE', *, *, #9581, .F. ) ;
#5773 = PLANE ( 'NONE',  #147 ) ;
#5774 = ORIENTED_EDGE ( 'NONE', *, *, #8557, .F. ) ;
#5775 = ORIENTED_EDGE ( 'NONE', *, *, #9465, .T. ) ;
#5776 = EDGE_CURVE ( 'NONE', #9486, #7273, #12224, .T. ) ;
#5777 = CARTESIAN_POINT ( 'NONE',  ( -2.187234044075009987, -0.04495559982940600108, -0.05000000000000000278 ) ) ;
#5778 = PRESENTATION_STYLE_ASSIGNMENT (( #1116 ) ) ;
#5779 = PRESENTATION_STYLE_ASSIGNMENT (( #2874 ) ) ;
#5780 = EDGE_CURVE ( 'NONE', #10095, #6890, #9103, .T. ) ;
#5781 = EDGE_CURVE ( 'NONE', #8084, #1568, #9360, .T. ) ;
#5782 = EDGE_CURVE ( 'NONE', #8480, #1784, #6495, .T. ) ;
#5783 = PRESENTATION_STYLE_ASSIGNMENT (( #11602 ) ) ;
#5784 = PRESENTATION_STYLE_ASSIGNMENT (( #10475 ) ) ;
#5785 = DIRECTION ( 'NONE',  ( -0.4547769415433821627, 0.8906053746977092844, 0.000000000000000000 ) ) ;
#5786 = LINE ( 'NONE', #1917, #9725 ) ;
#5788 = ORIENTED_EDGE ( 'NONE', *, *, #9618, .T. ) ;
#5787 = SURFACE_STYLE_USAGE ( .BOTH. , #8798 ) ;
#5789 = VERTEX_POINT ( 'NONE', #4600 ) ;
#5790 = SURFACE_STYLE_USAGE ( .BOTH. , #2112 ) ;
#5791 = DIRECTION ( 'NONE',  ( -1.000000000000000000, 0.000000000000000000, 0.000000000000000000 ) ) ;
#5792 = CARTESIAN_POINT ( 'NONE',  ( -1.612765957042569864, 1.317544424012449866, 0.000000000000000000 ) ) ;
#5793 = COLOUR_RGB ( '',0.2941176470588235392, 0.2941176470588235392, 0.2941176470588235392 ) ;
#5794 = CARTESIAN_POINT ( 'NONE',  ( -3.589999999999999858, 0.4500000000000000111, 11.19999999999999929 ) ) ;
#5795 =( NAMED_UNIT ( * ) PLANE_ANGLE_UNIT ( ) SI_UNIT ( $, .RADIAN. ) );
#5796 = ADVANCED_FACE ( 'NONE', ( #8418 ), #11585, .T. ) ;
#5797 = AXIS2_PLACEMENT_3D ( 'NONE', #1320, #3084, #2183 ) ;
#5798 = VERTEX_POINT ( 'NONE', #1038 ) ;
#5799 = PRESENTATION_LAYER_ASSIGNMENT (  '', '', ( #11987 ) ) ;
#5800 = CARTESIAN_POINT ( 'NONE',  ( -1.804255312681200207, 1.380044471696169950, -0.05000000000000000278 ) ) ;
#5801 = VECTOR ( 'NONE', #9084, 1000.000000000000114 ) ;
#5802 = DIRECTION ( 'NONE',  ( 1.000000000000000000, 0.000000000000000000, 0.000000000000000000 ) ) ;
#5803 = DIRECTION ( 'NONE',  ( 0.000000000000000000, 1.000000000000000000, 0.000000000000000000 ) ) ;
#5804 = SHAPE_DEFINITION_REPRESENTATION ( #9879, #10945 ) ;
#5805 = EDGE_LOOP ( 'NONE', ( #6556, #9654, #914, #10125, #3901, #4949, #11685, #7722 ) ) ;
#5806 = SURFACE_STYLE_FILL_AREA ( #5994 ) ;
#5807 = PRESENTATION_STYLE_ASSIGNMENT (( #5683 ) ) ;
#5808 = MECHANICAL_DESIGN_GEOMETRIC_PRESENTATION_REPRESENTATION (  '', ( #6821 ), #831 ) ;
#5809 = VECTOR ( 'NONE', #10911, 1000.000000000000000 ) ;
#5810 = AXIS2_PLACEMENT_3D ( 'NONE', #4188, #11797, #3267 ) ;
#5811 = AXIS2_PLACEMENT_3D ( 'NONE', #10925, #11114, #3449 ) ;
#5812 = ORIENTED_EDGE ( 'NONE', *, *, #7455, .T. ) ;
#5813 = ADVANCED_FACE ( 'NONE', ( #5585 ), #6720, .T. ) ;
#5814 = SURFACE_STYLE_USAGE ( .BOTH. , #2911 ) ;
#5815 = DIRECTION ( 'NONE',  ( -0.2001234451614810617, -0.9797706908745024146, 0.000000000000000000 ) ) ;
#5816 = MECHANICAL_DESIGN_GEOMETRIC_PRESENTATION_REPRESENTATION (  '', ( #3826 ), #5225 ) ;
#5817 = FILL_AREA_STYLE ('',( #2264 ) ) ;
#5818 = SURFACE_SIDE_STYLE ('',( #5752 ) ) ;
#5819 = AXIS2_PLACEMENT_3D ( 'NONE', #7993, #10107, #10854 ) ;
#5820 = SURFACE_STYLE_USAGE ( .BOTH. , #1024 ) ;
#5821 = FILL_AREA_STYLE_COLOUR ( '', #6143 ) ;
#5822 = VECTOR ( 'NONE', #783, 1000.000000000000000 ) ;
#5823 = DIRECTION ( 'NONE',  ( 0.000000000000000000, -1.000000000000000000, 0.000000000000000000 ) ) ;
#5824 = EDGE_LOOP ( 'NONE', ( #535, #744, #11744, #3019 ) ) ;
#5825 = STYLED_ITEM ( 'NONE', ( #5334 ), #1567 ) ;
#5826 = MECHANICAL_DESIGN_GEOMETRIC_PRESENTATION_REPRESENTATION (  '', ( #8413 ), #36 ) ;
#5827 = PLANE ( 'NONE',  #5402 ) ;
#5828 = CARTESIAN_POINT ( 'NONE',  ( -0.5500000000000080380, 1.369999999999999885, -2.399999999999999911 ) ) ;
#5829 = VERTEX_POINT ( 'NONE', #154 ) ;
#5830 = COLOUR_RGB ( '',1.000000000000000000, 1.000000000000000000, 0.9450980392156862475 ) ;
#5831 =( LENGTH_UNIT ( ) NAMED_UNIT ( * ) SI_UNIT ( .MILLI., .METRE. ) );
#5832 = ORIENTED_EDGE ( 'NONE', *, *, #12061, .F. ) ;
#5833 = PRESENTATION_LAYER_ASSIGNMENT (  '', '', ( #10812 ) ) ;
#5834 =( GEOMETRIC_REPRESENTATION_CONTEXT ( 3 ) GLOBAL_UNCERTAINTY_ASSIGNED_CONTEXT ( ( #268 ) ) GLOBAL_UNIT_ASSIGNED_CONTEXT ( ( #5590, #924, #8240 ) ) REPRESENTATION_CONTEXT ( 'NONE', 'WORKASPACE' ) );
#5835 = PRESENTATION_LAYER_ASSIGNMENT (  '', '', ( #9039 ) ) ;
#5836 = ADVANCED_FACE ( 'NONE', ( #7546 ), #6602, .F. ) ;
#5837 = VECTOR ( 'NONE', #3581, 1000.000000000000000 ) ;
#5838 = FILL_AREA_STYLE ('',( #10511 ) ) ;
#5839 = DIRECTION ( 'NONE',  ( 0.7145104988024499892, -0.6996247187607610440, 0.000000000000000000 ) ) ;
#5840 = CARTESIAN_POINT ( 'NONE',  ( 8.509999999999999787, 0.2300000000000000100, 10.20000000000000107 ) ) ;
#5841 = UNCERTAINTY_MEASURE_WITH_UNIT (LENGTH_MEASURE( 1.000000000000000082E-05 ), #3398, 'distance_accuracy_value', 'NONE');
#5842 = COLOUR_RGB ( '',0.2941176470588235392, 0.2941176470588235392, 0.2941176470588235392 ) ;
#5843 = FILL_AREA_STYLE ('',( #2026 ) ) ;
#5844 = FILL_AREA_STYLE_COLOUR ( '', #374 ) ;
#5845 = DIRECTION ( 'NONE',  ( 0.000000000000000000, 1.000000000000000000, 0.000000000000000000 ) ) ;
#5846 = VERTEX_POINT ( 'NONE', #4967 ) ;
#5847 = SURFACE_STYLE_USAGE ( .BOTH. , #9597 ) ;
#5848 = ORIENTED_EDGE ( 'NONE', *, *, #7387, .F. ) ;
#5849 = DIRECTION ( 'NONE',  ( 0.000000000000000000, -1.000000000000000000, 0.000000000000000000 ) ) ;
#5850 = MECHANICAL_DESIGN_GEOMETRIC_PRESENTATION_REPRESENTATION (  '', ( #2254 ), #10824 ) ;
#5851 = PLANE ( 'NONE',  #3674 ) ;
#5852 = COLOUR_RGB ( '',0.2941176470588235392, 0.2941176470588235392, 0.2941176470588235392 ) ;
#5853 =( GEOMETRIC_REPRESENTATION_CONTEXT ( 3 ) GLOBAL_UNCERTAINTY_ASSIGNED_CONTEXT ( ( #11068 ) ) GLOBAL_UNIT_ASSIGNED_CONTEXT ( ( #2619, #6505, #12289 ) ) REPRESENTATION_CONTEXT ( 'NONE', 'WORKASPACE' ) );
#5854 = PRESENTATION_LAYER_ASSIGNMENT (  '', '', ( #8452 ) ) ;
#5855 = DIRECTION ( 'NONE',  ( -1.000000000000000000, 0.000000000000000000, 0.000000000000000000 ) ) ;
#5856 = ADVANCED_FACE ( 'NONE', ( #11065 ), #278, .T. ) ;
#5857 = VECTOR ( 'NONE', #6702, 1000.000000000000000 ) ;
#5858 = DIRECTION ( 'NONE',  ( -1.000000000000000000, 0.000000000000000000, 0.000000000000000000 ) ) ;
#5859 =( GEOMETRIC_REPRESENTATION_CONTEXT ( 3 ) GLOBAL_UNCERTAINTY_ASSIGNED_CONTEXT ( ( #2642 ) ) GLOBAL_UNIT_ASSIGNED_CONTEXT ( ( #2527, #10273, #3595 ) ) REPRESENTATION_CONTEXT ( 'NONE', 'WORKASPACE' ) );
#5860 = ORIENTED_EDGE ( 'NONE', *, *, #3993, .T. ) ;
#5861 = ORIENTED_EDGE ( 'NONE', *, *, #4140, .F. ) ;
#5862 = LINE ( 'NONE', #8801, #3440 ) ;
#5863 = LINE ( 'NONE', #10536, #8162 ) ;
#5864 = VERTEX_POINT ( 'NONE', #7854 ) ;
#5865 = ADVANCED_FACE ( 'NONE', ( #2452 ), #5266, .T. ) ;
#5866 = DIRECTION ( 'NONE',  ( -0.9506450282288423370, -0.3102805670740331756, 0.000000000000000000 ) ) ;
#5867 = SURFACE_STYLE_FILL_AREA ( #2234 ) ;
#5868 = VECTOR ( 'NONE', #5486, 1000.000000000000000 ) ;
#5869 = ORIENTED_EDGE ( 'NONE', *, *, #11902, .F. ) ;
#5870 = DIRECTION ( 'NONE',  ( 0.000000000000000000, 0.000000000000000000, -1.000000000000000000 ) ) ;
#5871 = DIRECTION ( 'NONE',  ( 0.9797706908745024146, 0.2001234451614810617, 0.000000000000000000 ) ) ;
#5872 = PLANE ( 'NONE',  #8998 ) ;
#5873 = CARTESIAN_POINT ( 'NONE',  ( -12.56000000000000050, 3.000000000000000000, 0.5999999999999999778 ) ) ;
#5874 = MECHANICAL_DESIGN_GEOMETRIC_PRESENTATION_REPRESENTATION (  '', ( #9676 ), #8684 ) ;
#5875 = CARTESIAN_POINT ( 'NONE',  ( -12.50000000000000000, 4.500000000000000000, 7.500000000000000000 ) ) ;
#5876 = APPLICATION_PROTOCOL_DEFINITION ( 'draft international standard', 'automotive_design', 1998, #9901 ) ;
#5877 = SURFACE_SIDE_STYLE ('',( #2070 ) ) ;
#5878 = VERTEX_POINT ( 'NONE', #9131 ) ;
#5879 = FILL_AREA_STYLE_COLOUR ( '', #4419 ) ;
#5880 =( NAMED_UNIT ( * ) SI_UNIT ( $, .STERADIAN. ) SOLID_ANGLE_UNIT ( ) );
#5881 = EDGE_LOOP ( 'NONE', ( #685, #3656, #4522, #5186 ) ) ;
#5882 = PRESENTATION_STYLE_ASSIGNMENT (( #9831 ) ) ;
#5883 = DIRECTION ( 'NONE',  ( 0.000000000000000000, 0.000000000000000000, -1.000000000000000000 ) ) ;
#5884 = DIRECTION ( 'NONE',  ( 0.000000000000000000, 1.000000000000000000, 0.000000000000000000 ) ) ;
#5885 = CARTESIAN_POINT ( 'NONE',  ( -1.600000000000000089, 0.3175444478543100191, -0.05000000000000000278 ) ) ;
#5886 = PLANE ( 'NONE',  #3195 ) ;
#5887 = PRESENTATION_STYLE_ASSIGNMENT (( #10634 ) ) ;
#5888 = LINE ( 'NONE', #11510, #2978 ) ;
#5889 = UNCERTAINTY_MEASURE_WITH_UNIT (LENGTH_MEASURE( 1.000000000000000082E-05 ), #950, 'distance_accuracy_value', 'NONE');
#5890 = LINE ( 'NONE', #6948, #1029 ) ;
#5891 = EDGE_LOOP ( 'NONE', ( #5925, #7925, #10346, #1496 ) ) ;
#5892 = FILL_AREA_STYLE ('',( #7725 ) ) ;
#5893 = ORIENTED_EDGE ( 'NONE', *, *, #1958, .T. ) ;
#5894 = DIRECTION ( 'NONE',  ( 0.000000000000000000, -1.000000000000000000, 0.000000000000000000 ) ) ;
#5895 = ADVANCED_FACE ( 'NONE', ( #572 ), #7275, .T. ) ;
#5896 = EDGE_LOOP ( 'NONE', ( #3756, #2351, #6969, #4758 ) ) ;
#5897 = PRESENTATION_STYLE_ASSIGNMENT (( #7790 ) ) ;
#5898 = CARTESIAN_POINT ( 'NONE',  ( 7.590000000000000746, 1.149999999999999911, 11.19999999999999929 ) ) ;
#5899 = CARTESIAN_POINT ( 'NONE',  ( 0.000000000000000000, 0.000000000000000000, 3.200000000000000178 ) ) ;
#5900 = LINE ( 'NONE', #9540, #9364 ) ;
#5901 = EDGE_LOOP ( 'NONE', ( #2534, #7027, #6954, #10104, #10545, #7707, #10820, #1402, #3291, #5932, #4571, #6137 ) ) ;
#5902 = VERTEX_POINT ( 'NONE', #5676 ) ;
#5903 = VERTEX_POINT ( 'NONE', #5610 ) ;
#5904 = DIRECTION ( 'NONE',  ( 0.000000000000000000, 1.000000000000000000, 0.000000000000000000 ) ) ;
#5905 = CARTESIAN_POINT ( 'NONE',  ( 4.549999999999999822, 1.369999999999999885, 10.20000000000000107 ) ) ;
#5906 = CARTESIAN_POINT ( 'NONE',  ( -2.200000000000000178, -0.4824556475131219768, 0.000000000000000000 ) ) ;
#5907 = EDGE_CURVE ( 'NONE', #13, #3082, #6462, .T. ) ;
#5908 = VECTOR ( 'NONE', #6075, 1000.000000000000000 ) ;
#5909 =( GEOMETRIC_REPRESENTATION_CONTEXT ( 3 ) GLOBAL_UNCERTAINTY_ASSIGNED_CONTEXT ( ( #4894 ) ) GLOBAL_UNIT_ASSIGNED_CONTEXT ( ( #2435, #9120, #11057 ) ) REPRESENTATION_CONTEXT ( 'NONE', 'WORKASPACE' ) );
#5910 = DIRECTION ( 'NONE',  ( 1.000000000000000000, 0.000000000000000000, 0.000000000000000000 ) ) ;
#5911 = UNCERTAINTY_MEASURE_WITH_UNIT (LENGTH_MEASURE( 1.000000000000000082E-05 ), #6226, 'distance_accuracy_value', 'NONE');
#5912 = DIRECTION ( 'NONE',  ( -1.000000000000000000, 0.000000000000000000, 0.000000000000000000 ) ) ;
#5913 = SURFACE_STYLE_FILL_AREA ( #10669 ) ;
#5914 = ORIENTED_EDGE ( 'NONE', *, *, #4113, .F. ) ;
#5915 = ORIENTED_EDGE ( 'NONE', *, *, #3943, .T. ) ;
#5916 =( NAMED_UNIT ( * ) SI_UNIT ( $, .STERADIAN. ) SOLID_ANGLE_UNIT ( ) );
#5917 =( LENGTH_UNIT ( ) NAMED_UNIT ( * ) SI_UNIT ( .MILLI., .METRE. ) );
#5918 = VECTOR ( 'NONE', #3501, 1000.000000000000000 ) ;
#5919 = CARTESIAN_POINT ( 'NONE',  ( -8.250000000000000000, 0.4500000000000000111, 11.19999999999999929 ) ) ;
#5920 = PRESENTATION_STYLE_ASSIGNMENT (( #7178 ) ) ;
#5921 = PRESENTATION_STYLE_ASSIGNMENT (( #1189 ) ) ;
#5922 = VECTOR ( 'NONE', #9611, 1000.000000000000000 ) ;
#5923 = VECTOR ( 'NONE', #3965, 1000.000000000000000 ) ;
#5924 = EDGE_CURVE ( 'NONE', #2410, #161, #7462, .T. ) ;
#5925 = ORIENTED_EDGE ( 'NONE', *, *, #7711, .T. ) ;
#5926 = LINE ( 'NONE', #1192, #4421 ) ;
#5927 = CARTESIAN_POINT ( 'NONE',  ( -2.200000000000000178, 0.01754444785430959997, 0.000000000000000000 ) ) ;
#5929 = MECHANICAL_DESIGN_GEOMETRIC_PRESENTATION_REPRESENTATION (  '', ( #6551 ), #12129 ) ;
#5928 =( NAMED_UNIT ( * ) PLANE_ANGLE_UNIT ( ) SI_UNIT ( $, .RADIAN. ) );
#5930 = PLANE ( 'NONE',  #9144 ) ;
#5931 = DIRECTION ( 'NONE',  ( -0.2100675449707440356, -0.2100675449707440356, -0.9548524771397562949 ) ) ;
#5932 = ORIENTED_EDGE ( 'NONE', *, *, #6703, .F. ) ;
#5933 = PRESENTATION_LAYER_ASSIGNMENT (  '', '', ( #2964 ) ) ;
#5934 = FILL_AREA_STYLE_COLOUR ( '', #2675 ) ;
#5935 = MECHANICAL_DESIGN_GEOMETRIC_PRESENTATION_REPRESENTATION (  '', ( #11141 ), #12326 ) ;
#5936 = EDGE_CURVE ( 'NONE', #9378, #6393, #10184, .T. ) ;
#5937 = VECTOR ( 'NONE', #7941, 1000.000000000000114 ) ;
#5938 =( GEOMETRIC_REPRESENTATION_CONTEXT ( 3 ) GLOBAL_UNCERTAINTY_ASSIGNED_CONTEXT ( ( #1455 ) ) GLOBAL_UNIT_ASSIGNED_CONTEXT ( ( #523, #11958, #1531 ) ) REPRESENTATION_CONTEXT ( 'NONE', 'WORKASPACE' ) );
#5939 = PRESENTATION_LAYER_ASSIGNMENT (  '', '', ( #3373 ) ) ;
#5940 = EDGE_CURVE ( 'NONE', #9974, #3134, #7521, .T. ) ;
#5941 = ORIENTED_EDGE ( 'NONE', *, *, #5781, .F. ) ;
#5942 =( LENGTH_UNIT ( ) NAMED_UNIT ( * ) SI_UNIT ( .MILLI., .METRE. ) );
#5943 = PRESENTATION_LAYER_ASSIGNMENT (  '', '', ( #11538 ) ) ;
#5944 = DIRECTION ( 'NONE',  ( -0.8373795927994434063, -0.5466218231675701311, 0.000000000000000000 ) ) ;
#5945 = LINE ( 'NONE', #1206, #9537 ) ;
#5946 = DIRECTION ( 'NONE',  ( 0.5627909312417391785, -0.8265992787996224722, 0.000000000000000000 ) ) ;
#5947 = DIRECTION ( 'NONE',  ( 0.000000000000000000, 1.000000000000000000, 0.000000000000000000 ) ) ;
#5948 =( NAMED_UNIT ( * ) SI_UNIT ( $, .STERADIAN. ) SOLID_ANGLE_UNIT ( ) );
#5949 = SURFACE_SIDE_STYLE ('',( #5006 ) ) ;
#5950 = FILL_AREA_STYLE_COLOUR ( '', #3227 ) ;
#5951 = DIRECTION ( 'NONE',  ( 0.000000000000000000, 0.000000000000000000, 1.000000000000000000 ) ) ;
#5952 = ORIENTED_EDGE ( 'NONE', *, *, #5936, .F. ) ;
#5953 = PRESENTATION_STYLE_ASSIGNMENT (( #9714 ) ) ;
#5954 = VERTEX_POINT ( 'NONE', #9508 ) ;
#5955 =( GEOMETRIC_REPRESENTATION_CONTEXT ( 3 ) GLOBAL_UNCERTAINTY_ASSIGNED_CONTEXT ( ( #2521 ) ) GLOBAL_UNIT_ASSIGNED_CONTEXT ( ( #3043, #8853, #6789 ) ) REPRESENTATION_CONTEXT ( 'NONE', 'WORKASPACE' ) );
#5956 = DIRECTION ( 'NONE',  ( 0.000000000000000000, -1.000000000000000000, 0.000000000000000000 ) ) ;
#5957 = VECTOR ( 'NONE', #11472, 1000.000000000000000 ) ;
#5958 = VERTEX_POINT ( 'NONE', #2708 ) ;
#5959 = ADVANCED_FACE ( 'NONE', ( #7575 ), #5561, .T. ) ;
#5960 =( NAMED_UNIT ( * ) SI_UNIT ( $, .STERADIAN. ) SOLID_ANGLE_UNIT ( ) );
#5961 = DIRECTION ( 'NONE',  ( 0.5627909312417391785, -0.8265992787996224722, 0.000000000000000000 ) ) ;
#5962 = DIRECTION ( 'NONE',  ( -0.2100675449707459508, -0.2100675449707439524, 0.9548524771397558508 ) ) ;
#5963 = UNCERTAINTY_MEASURE_WITH_UNIT (LENGTH_MEASURE( 1.000000000000000082E-05 ), #3805, 'distance_accuracy_value', 'NONE');
#5964 = SURFACE_STYLE_FILL_AREA ( #4903 ) ;
#5965 =( NAMED_UNIT ( * ) SI_UNIT ( $, .STERADIAN. ) SOLID_ANGLE_UNIT ( ) );
#5966 =( NAMED_UNIT ( * ) PLANE_ANGLE_UNIT ( ) SI_UNIT ( $, .RADIAN. ) );
#5967 = ORIENTED_EDGE ( 'NONE', *, *, #1622, .F. ) ;
#5968 = SURFACE_STYLE_FILL_AREA ( #2584 ) ;
#5970 = ORIENTED_EDGE ( 'NONE', *, *, #9151, .F. ) ;
#5969 = FILL_AREA_STYLE_COLOUR ( '', #11636 ) ;
#5971 = ORIENTED_EDGE ( 'NONE', *, *, #9440, .F. ) ;
#5972 = DIRECTION ( 'NONE',  ( 1.000000000000000000, 0.000000000000000000, 0.000000000000000000 ) ) ;
#5973 =( LENGTH_UNIT ( ) NAMED_UNIT ( * ) SI_UNIT ( .MILLI., .METRE. ) );
#5974 = ORIENTED_EDGE ( 'NONE', *, *, #7868, .T. ) ;
#5975 = FILL_AREA_STYLE ('',( #6162 ) ) ;
#5976 = DIRECTION ( 'NONE',  ( -1.000000000000000000, 0.000000000000000000, 0.000000000000000000 ) ) ;
#5977 = CARTESIAN_POINT ( 'NONE',  ( -4.509999999999999787, 0.2300000000000000100, 11.19999999999999929 ) ) ;
#5978 = EDGE_CURVE ( 'NONE', #5398, #162, #8383, .T. ) ;
#5979 = FILL_AREA_STYLE ('',( #6917 ) ) ;
#5980 = ORIENTED_EDGE ( 'NONE', *, *, #2512, .F. ) ;
#5981 = ORIENTED_EDGE ( 'NONE', *, *, #9889, .T. ) ;
#5982 =( NAMED_UNIT ( * ) SI_UNIT ( $, .STERADIAN. ) SOLID_ANGLE_UNIT ( ) );
#5983 = CARTESIAN_POINT ( 'NONE',  ( -2.123404264450070134, 1.142544447854309864, 0.000000000000000000 ) ) ;
#5984 = SURFACE_STYLE_USAGE ( .BOTH. , #10857 ) ;
#5985 = EDGE_LOOP ( 'NONE', ( #1981, #45, #3780, #12334 ) ) ;
#5986 = CARTESIAN_POINT ( 'NONE',  ( 4.549999999999999822, 0.2300000000000000100, 10.20000000000000107 ) ) ;
#5987 = CARTESIAN_POINT ( 'NONE',  ( -2.123404264450070134, 0.7925444955380260836, 0.000000000000000000 ) ) ;
#5988 = EDGE_CURVE ( 'NONE', #1338, #11306, #6632, .T. ) ;
#5989 = FACE_OUTER_BOUND ( 'NONE', #10467, .T. ) ;
#5990 = COLOUR_RGB ( '',0.2941176470588235392, 0.2941176470588235392, 0.2941176470588235392 ) ;
#5991 = DIRECTION ( 'NONE',  ( 0.000000000000000000, -1.000000000000000000, 0.000000000000000000 ) ) ;
#5992 = DIRECTION ( 'NONE',  ( 0.000000000000000000, -1.000000000000000000, 0.000000000000000000 ) ) ;
#5993 = VERTEX_POINT ( 'NONE', #4628 ) ;
#5994 = FILL_AREA_STYLE ('',( #6992 ) ) ;
#5995 = ORIENTED_EDGE ( 'NONE', *, *, #4570, .F. ) ;
#5996 = AXIS2_PLACEMENT_3D ( 'NONE', #4759, #9461, #10374 ) ;
#5997 = SURFACE_STYLE_USAGE ( .BOTH. , #8765 ) ;
#5998 = ORIENTED_EDGE ( 'NONE', *, *, #4113, .T. ) ;
#5999 = ADVANCED_FACE ( 'NONE', ( #4752 ), #12368, .F. ) ;
#6000 = DIRECTION ( 'NONE',  ( 0.000000000000000000, -1.000000000000000000, 0.000000000000000000 ) ) ;
#6001 = CARTESIAN_POINT ( 'NONE',  ( -1.689361700415610068, -0.1449555044619749988, 0.000000000000000000 ) ) ;
#6002 = DIRECTION ( 'NONE',  ( 0.000000000000000000, -1.000000000000000000, 0.000000000000000000 ) ) ;
#6003 = CARTESIAN_POINT ( 'NONE',  ( 7.339999999999999858, 1.399999999999999911, 0.5999999999999999778 ) ) ;
#6004 = UNCERTAINTY_MEASURE_WITH_UNIT (LENGTH_MEASURE( 1.000000000000000082E-05 ), #10639, 'distance_accuracy_value', 'NONE');
#6005 = LINE ( 'NONE', #6131, #421 ) ;
#6006 = AXIS2_PLACEMENT_3D ( 'NONE', #10960, #5396, #8110 ) ;
#6007 = AXIS2_PLACEMENT_3D ( 'NONE', #67, #2716, #3816 ) ;
#6008 = SURFACE_SIDE_STYLE ('',( #204 ) ) ;
#6010 = EDGE_CURVE ( 'NONE', #7713, #11282, #1083, .T. ) ;
#6009 = MECHANICAL_DESIGN_GEOMETRIC_PRESENTATION_REPRESENTATION (  '', ( #4815 ), #3042 ) ;
#6011 = ORIENTED_EDGE ( 'NONE', *, *, #891, .T. ) ;
#6012 = VECTOR ( 'NONE', #497, 1000.000000000000114 ) ;
#6013 = FILL_AREA_STYLE ('',( #11654 ) ) ;
#6014 = VERTEX_POINT ( 'NONE', #7819 ) ;
#6015 = MECHANICAL_DESIGN_GEOMETRIC_PRESENTATION_REPRESENTATION (  '', ( #5211 ), #1433 ) ;
#6016 = MECHANICAL_DESIGN_GEOMETRIC_PRESENTATION_REPRESENTATION (  '', ( #11424 ), #7248 ) ;
#6017 = STYLED_ITEM ( 'NONE', ( #9315 ), #4910 ) ;
#6018 = CARTESIAN_POINT ( 'NONE',  ( -1.753191488981250101, -0.6574555521456909579, 0.000000000000000000 ) ) ;
#6019 = VECTOR ( 'NONE', #2009, 1000.000000000000114 ) ;
#6020 = CARTESIAN_POINT ( 'NONE',  ( 8.290000000000000924, 1.149999999999999911, 11.19999999999999929 ) ) ;
#6021 = COLOUR_RGB ( '',1.000000000000000000, 1.000000000000000000, 0.9450980392156862475 ) ;
#6022 = DIRECTION ( 'NONE',  ( 1.000000000000000000, 0.000000000000000000, 0.000000000000000000 ) ) ;
#6023 = DIRECTION ( 'NONE',  ( 1.000000000000000000, 0.000000000000000000, 0.000000000000000000 ) ) ;
#6024 =( NAMED_UNIT ( * ) SI_UNIT ( $, .STERADIAN. ) SOLID_ANGLE_UNIT ( ) );
#6025 = DIRECTION ( 'NONE',  ( 0.2100675449707450348, -0.2100675449707440079, 0.9548524771397560729 ) ) ;
#6026 = VERTEX_POINT ( 'NONE', #6882 ) ;
#6027 = COLOUR_RGB ( '',0.2941176470588235392, 0.2941176470588235392, 0.2941176470588235392 ) ;
#6028 = EDGE_LOOP ( 'NONE', ( #2726, #3551, #9742, #5387 ) ) ;
#6029 = CARTESIAN_POINT ( 'NONE',  ( -3.370000000000000107, 1.369999999999999885, 10.20000000000000107 ) ) ;
#6030 = PLANE ( 'NONE',  #1850 ) ;
#6031 = PRESENTATION_LAYER_ASSIGNMENT (  '', '', ( #11424 ) ) ;
#6032 = FACE_BOUND ( 'NONE', #416, .T. ) ;
#6033 = MECHANICAL_DESIGN_GEOMETRIC_PRESENTATION_REPRESENTATION (  '', ( #10812 ), #5241 ) ;
#6034 = EDGE_LOOP ( 'NONE', ( #1762, #6544, #3034, #60 ) ) ;
#6035 = VECTOR ( 'NONE', #3306, 1000.000000000000000 ) ;
#6036 = VECTOR ( 'NONE', #8740, 1000.000000000000000 ) ;
#6037 = FILL_AREA_STYLE ('',( #7229 ) ) ;
#6038 =( NAMED_UNIT ( * ) SI_UNIT ( $, .STERADIAN. ) SOLID_ANGLE_UNIT ( ) );
#6039 = CARTESIAN_POINT ( 'NONE',  ( -2.059574484825129836, 1.442544447854309908, 0.000000000000000000 ) ) ;
#6040 =( GEOMETRIC_REPRESENTATION_CONTEXT ( 3 ) GLOBAL_UNCERTAINTY_ASSIGNED_CONTEXT ( ( #9343 ) ) GLOBAL_UNIT_ASSIGNED_CONTEXT ( ( #3424, #5351, #8224 ) ) REPRESENTATION_CONTEXT ( 'NONE', 'WORKASPACE' ) );
#6041 = LINE ( 'NONE', #5164, #6372 ) ;
#6042 = LINE ( 'NONE', #10849, #8927 ) ;
#6043 = PRESENTATION_LAYER_ASSIGNMENT (  '', '', ( #2254 ) ) ;
#6044 = ORIENTED_EDGE ( 'NONE', *, *, #7628, .F. ) ;
#6045 = ORIENTED_EDGE ( 'NONE', *, *, #438, .F. ) ;
#6046 = VECTOR ( 'NONE', #4554, 1000.000000000000114 ) ;
#6047 = CARTESIAN_POINT ( 'NONE',  ( 4.679999999999999716, 4.000000000000000000, 0.5999999999999999778 ) ) ;
#6048 = PRESENTATION_LAYER_ASSIGNMENT (  '', '', ( #2058 ) ) ;
#6049 = PRESENTATION_STYLE_ASSIGNMENT (( #2367 ) ) ;
#6050 =( NAMED_UNIT ( * ) SI_UNIT ( $, .STERADIAN. ) SOLID_ANGLE_UNIT ( ) );
#6051 = DIRECTION ( 'NONE',  ( 0.9713213633443961159, 0.2377704967206480113, 0.000000000000000000 ) ) ;
#6052 = EDGE_CURVE ( 'NONE', #10468, #11041, #6757, .T. ) ;
#6053 = DIRECTION ( 'NONE',  ( 1.000000000000000000, 0.000000000000000000, 0.000000000000000000 ) ) ;
#6054 = DIRECTION ( 'NONE',  ( 1.000000000000000000, 0.000000000000000000, 0.000000000000000000 ) ) ;
#6055 = VECTOR ( 'NONE', #2971, 1000.000000000000000 ) ;
#6056 = VERTEX_POINT ( 'NONE', #1989 ) ;
#6057 = LINE ( 'NONE', #6983, #6012 ) ;
#6058 = PLANE ( 'NONE',  #10137 ) ;
#6059 = LINE ( 'NONE', #9886, #10496 ) ;
#6060 = FILL_AREA_STYLE_COLOUR ( '', #3492 ) ;
#6061 = CARTESIAN_POINT ( 'NONE',  ( -3.370000000000000107, 0.2300000000000000100, 10.20000000000000107 ) ) ;
#6062 = ORIENTED_EDGE ( 'NONE', *, *, #8394, .F. ) ;
#6063 = AXIS2_PLACEMENT_3D ( 'NONE', #1013, #8515, #4811 ) ;
#6064 = PLANE ( 'NONE',  #11599 ) ;
#6065 = CARTESIAN_POINT ( 'NONE',  ( -13.86000000000000121, 2.000000000000000000, 3.200000000000000178 ) ) ;
#6066 = VERTEX_POINT ( 'NONE', #5734 ) ;
#6067 = ADVANCED_FACE ( 'NONE', ( #1007 ), #10609, .T. ) ;
#6068 = VECTOR ( 'NONE', #1342, 1000.000000000000114 ) ;
#6069 = ORIENTED_EDGE ( 'NONE', *, *, #8467, .T. ) ;
#6070 = DIRECTION ( 'NONE',  ( -1.000000000000000000, 0.000000000000000000, 0.000000000000000000 ) ) ;
#6071 = LINE ( 'NONE', #1205, #11053 ) ;
#6072 = EDGE_CURVE ( 'NONE', #4085, #10401, #3140, .T. ) ;
#6073 = FACE_OUTER_BOUND ( 'NONE', #7691, .T. ) ;
#6074 = CARTESIAN_POINT ( 'NONE',  ( 12.50000000000000000, 1.399999999999999911, 3.200000000000000178 ) ) ;
#6075 = DIRECTION ( 'NONE',  ( 0.000000000000000000, 0.000000000000000000, -1.000000000000000000 ) ) ;
#6076 = SURFACE_STYLE_USAGE ( .BOTH. , #2267 ) ;
#6077 = FILL_AREA_STYLE ('',( #1398 ) ) ;
#6078 =( NAMED_UNIT ( * ) PLANE_ANGLE_UNIT ( ) SI_UNIT ( $, .RADIAN. ) );
#6079 = LINE ( 'NONE', #10758, #8417 ) ;
#6080 = EDGE_CURVE ( 'NONE', #3548, #6376, #2182, .T. ) ;
#6081 = EDGE_LOOP ( 'NONE', ( #4491, #11288, #4908, #10165 ) ) ;
#6082 = EDGE_CURVE ( 'NONE', #2481, #11565, #5063, .T. ) ;
#6083 = PLANE ( 'NONE',  #6638 ) ;
#6084 = SURFACE_STYLE_USAGE ( .BOTH. , #6141 ) ;
#6085 = EDGE_CURVE ( 'NONE', #3782, #3868, #6696, .T. ) ;
#6086 = CARTESIAN_POINT ( 'NONE',  ( -2.046808493137360241, 0.9675444716961679736, 0.000000000000000000 ) ) ;
#6087 = UNCERTAINTY_MEASURE_WITH_UNIT (LENGTH_MEASURE( 1.000000000000000082E-05 ), #12322, 'distance_accuracy_value', 'NONE');
#6088 = SURFACE_STYLE_USAGE ( .BOTH. , #5024 ) ;
#6089 = CARTESIAN_POINT ( 'NONE',  ( 0.7199999999999900924, 4.000000000000000000, 0.000000000000000000 ) ) ;
#6090 =( NAMED_UNIT ( * ) PLANE_ANGLE_UNIT ( ) SI_UNIT ( $, .RADIAN. ) );
#6092 = VERTEX_POINT ( 'NONE', #8076 ) ;
#6091 = CARTESIAN_POINT ( 'NONE',  ( 12.50000000000000000, 0.2000000000000000111, 0.5999999999999999778 ) ) ;
#6093 = VERTEX_POINT ( 'NONE', #6984 ) ;
#6094 = FILL_AREA_STYLE_COLOUR ( '', #8231 ) ;
#6095 = VERTEX_POINT ( 'NONE', #11981 ) ;
#6096 = SURFACE_STYLE_FILL_AREA ( #6037 ) ;
#6097 = EDGE_CURVE ( 'NONE', #2012, #10663, #2307, .T. ) ;
#6098 = DIRECTION ( 'NONE',  ( 1.000000000000000000, 0.000000000000000000, 0.000000000000000000 ) ) ;
#6099 = CARTESIAN_POINT ( 'NONE',  ( -1.957446801662450220, 0.4675444478543100413, 0.000000000000000000 ) ) ;
#6100 = LINE ( 'NONE', #10969, #10732 ) ;
#6101 = CARTESIAN_POINT ( 'NONE',  ( -1.600000000000000089, 0.01754444785430959997, 0.000000000000000000 ) ) ;
#6103 = VERTEX_POINT ( 'NONE', #6110 ) ;
#6102 =( NAMED_UNIT ( * ) PLANE_ANGLE_UNIT ( ) SI_UNIT ( $, .RADIAN. ) );
#6104 = ORIENTED_EDGE ( 'NONE', *, *, #2191, .T. ) ;
#6105 = DIRECTION ( 'NONE',  ( 0.000000000000000000, -1.000000000000000000, 0.000000000000000000 ) ) ;
#6106 = FACE_OUTER_BOUND ( 'NONE', #11285, .T. ) ;
#6107 = DIRECTION ( 'NONE',  ( 0.9813591690598696404, -0.1921826769043508965, 0.000000000000000000 ) ) ;
#6108 =( NAMED_UNIT ( * ) PLANE_ANGLE_UNIT ( ) SI_UNIT ( $, .RADIAN. ) );
#6109 = EDGE_LOOP ( 'NONE', ( #2383, #3910, #9694, #12133 ) ) ;
#6110 = CARTESIAN_POINT ( 'NONE',  ( -1.676595744490619877, 0.01754444785430959997, -0.05000000000000000278 ) ) ;
#6111 = VECTOR ( 'NONE', #8358, 1000.000000000000000 ) ;
#6112 = FACE_OUTER_BOUND ( 'NONE', #9574, .T. ) ;
#6113 = CARTESIAN_POINT ( 'NONE',  ( -2.200000000000000178, -0.5824555521456900031, 0.000000000000000000 ) ) ;
#6114 = VECTOR ( 'NONE', #8239, 1000.000000000000000 ) ;
#6115 = SURFACE_STYLE_USAGE ( .BOTH. , #1620 ) ;
#6116 = ORIENTED_EDGE ( 'NONE', *, *, #3840, .F. ) ;
#6117 = MECHANICAL_DESIGN_GEOMETRIC_PRESENTATION_REPRESENTATION (  '', ( #1927 ), #11324 ) ;
#6118 = MECHANICAL_DESIGN_GEOMETRIC_PRESENTATION_REPRESENTATION (  '', ( #7129 ), #2555 ) ;
#6119 = LINE ( 'NONE', #11989, #855 ) ;
#6120 =( GEOMETRIC_REPRESENTATION_CONTEXT ( 3 ) GLOBAL_UNCERTAINTY_ASSIGNED_CONTEXT ( ( #9524 ) ) GLOBAL_UNIT_ASSIGNED_CONTEXT ( ( #11886, #588, #9091 ) ) REPRESENTATION_CONTEXT ( 'NONE', 'WORKASPACE' ) );
#6121 = VERTEX_POINT ( 'NONE', #5248 ) ;
#6122 = SURFACE_SIDE_STYLE ('',( #3276 ) ) ;
#6123 = LINE ( 'NONE', #4262, #2075 ) ;
#6124 = CARTESIAN_POINT ( 'NONE',  ( -1.753191488981250101, 1.367544447854309952, 0.000000000000000000 ) ) ;
#6125 =( NAMED_UNIT ( * ) PLANE_ANGLE_UNIT ( ) SI_UNIT ( $, .RADIAN. ) );
#6126 = CARTESIAN_POINT ( 'NONE',  ( 7.240000000000000213, -4.000000000000000000, 0.000000000000000000 ) ) ;
#6127 = ADVANCED_FACE ( 'NONE', ( #555 ), #3395, .T. ) ;
#6128 = COLOUR_RGB ( '',0.7803921568627451011, 0.7803921568627451011, 0.7803921568627451011 ) ;
#6129 = DIRECTION ( 'NONE',  ( 1.000000000000000000, 0.000000000000000000, 0.000000000000000000 ) ) ;
#6130 = UNCERTAINTY_MEASURE_WITH_UNIT (LENGTH_MEASURE( 1.000000000000000082E-05 ), #809, 'distance_accuracy_value', 'NONE');
#6131 = CARTESIAN_POINT ( 'NONE',  ( -12.42999999999999972, 1.369999999999999885, 10.20000000000000107 ) ) ;
#6132 =( NAMED_UNIT ( * ) SI_UNIT ( $, .STERADIAN. ) SOLID_ANGLE_UNIT ( ) );
#6133 = DIRECTION ( 'NONE',  ( -0.4547769415433861595, 0.8906053746977072860, 0.000000000000000000 ) ) ;
#6134 = COLOUR_RGB ( '',0.2941176470588235392, 0.2941176470588235392, 0.2941176470588235392 ) ;
#6135 = AXIS2_PLACEMENT_3D ( 'NONE', #9132, #3340, #8088 ) ;
#6136 = DIRECTION ( 'NONE',  ( 0.000000000000000000, 1.000000000000000000, 0.000000000000000000 ) ) ;
#6137 = ORIENTED_EDGE ( 'NONE', *, *, #5155, .F. ) ;
#6138 = PRESENTATION_LAYER_ASSIGNMENT (  '', '', ( #4141 ) ) ;
#6139 =( LENGTH_UNIT ( ) NAMED_UNIT ( * ) SI_UNIT ( .MILLI., .METRE. ) );
#6140 = COLOUR_RGB ( '',0.2941176470588235392, 0.2941176470588235392, 0.2941176470588235392 ) ;
#6141 = SURFACE_SIDE_STYLE ('',( #7150 ) ) ;
#6142 = LINE ( 'NONE', #4523, #5714 ) ;
#6143 = COLOUR_RGB ( '',0.7803921568627451011, 0.7803921568627451011, 0.7803921568627451011 ) ;
#6144 = FACE_OUTER_BOUND ( 'NONE', #3304, .T. ) ;
#6145 = FACE_OUTER_BOUND ( 'NONE', #5881, .T. ) ;
#6146 = FILL_AREA_STYLE ('',( #10833 ) ) ;
#6147 = ADVANCED_FACE ( 'NONE', ( #5115 ), #6058, .T. ) ;
#6148 = DIRECTION ( 'NONE',  ( 1.000000000000000000, 0.000000000000000000, 0.000000000000000000 ) ) ;
#6149 = PRESENTATION_STYLE_ASSIGNMENT (( #5790 ) ) ;
#6151 = ORIENTED_EDGE ( 'NONE', *, *, #8665, .T. ) ;
#6150 =( NAMED_UNIT ( * ) SI_UNIT ( $, .STERADIAN. ) SOLID_ANGLE_UNIT ( ) );
#6152 = ORIENTED_EDGE ( 'NONE', *, *, #5681, .T. ) ;
#6153 = MECHANICAL_DESIGN_GEOMETRIC_PRESENTATION_REPRESENTATION (  '', ( #6760 ), #6382 ) ;
#6154 = SURFACE_STYLE_FILL_AREA ( #9216 ) ;
#6155 = DIRECTION ( 'NONE',  ( 0.000000000000000000, 1.000000000000000000, 0.000000000000000000 ) ) ;
#6156 = DIRECTION ( 'NONE',  ( 0.7145104681851431883, 0.6996247500295051935, 0.000000000000000000 ) ) ;
#6157 = EDGE_CURVE ( 'NONE', #760, #10533, #7120, .T. ) ;
#6158 = EDGE_LOOP ( 'NONE', ( #6841, #1172, #8145, #7154 ) ) ;
#6159 = VECTOR ( 'NONE', #2476, 1000.000000000000000 ) ;
#6160 = VECTOR ( 'NONE', #9402, 1000.000000000000000 ) ;
#6161 = FILL_AREA_STYLE ('',( #1305 ) ) ;
#6162 = FILL_AREA_STYLE_COLOUR ( '', #9318 ) ;
#6163 = PRESENTATION_STYLE_ASSIGNMENT (( #7989 ) ) ;
#6164 = EDGE_CURVE ( 'NONE', #4481, #9124, #9885, .T. ) ;
#6165 =( NAMED_UNIT ( * ) PLANE_ANGLE_UNIT ( ) SI_UNIT ( $, .RADIAN. ) );
#6166 = VERTEX_POINT ( 'NONE', #6178 ) ;
#6167 = ORIENTED_EDGE ( 'NONE', *, *, #8806, .F. ) ;
#6168 = ADVANCED_FACE ( 'NONE', ( #10000 ), #1438, .T. ) ;
#6169 = PRESENTATION_LAYER_ASSIGNMENT (  '', '', ( #11558 ) ) ;
#6170 = FILL_AREA_STYLE_COLOUR ( '', #11415 ) ;
#6171 = LINE ( 'NONE', #7242, #2464 ) ;
#6172 = DIRECTION ( 'NONE',  ( 0.000000000000000000, 0.000000000000000000, -1.000000000000000000 ) ) ;
#6173 = FILL_AREA_STYLE ('',( #10912 ) ) ;
#6174 = EDGE_CURVE ( 'NONE', #3335, #6528, #2753, .T. ) ;
#6175 = LINE ( 'NONE', #6245, #3459 ) ;
#6176 = PRESENTATION_STYLE_ASSIGNMENT (( #368 ) ) ;
#6177 = VERTEX_POINT ( 'NONE', #7386 ) ;
#6178 = CARTESIAN_POINT ( 'NONE',  ( 3.409999999999999698, 1.369999999999999885, -2.399999999999999911 ) ) ;
#6179 = SURFACE_STYLE_USAGE ( .BOTH. , #1383 ) ;
#6180 = CARTESIAN_POINT ( 'NONE',  ( -4.400000000000000355, 0.8000000000000000444, -2.899999999999999911 ) ) ;
#6181 = PLANE ( 'NONE',  #11828 ) ;
#6182 = EDGE_CURVE ( 'NONE', #10115, #3008, #1614, .T. ) ;
#6183 = ORIENTED_EDGE ( 'NONE', *, *, #2602, .F. ) ;
#6184 = ORIENTED_EDGE ( 'NONE', *, *, #4723, .T. ) ;
#6185 = FILL_AREA_STYLE_COLOUR ( '', #2076 ) ;
#6186 = CARTESIAN_POINT ( 'NONE',  ( 12.50000000000000000, 0.2000000000000000111, 0.5999999999999999778 ) ) ;
#6187 = FILL_AREA_STYLE ('',( #8652 ) ) ;
#6188 = UNCERTAINTY_MEASURE_WITH_UNIT (LENGTH_MEASURE( 1.000000000000000082E-05 ), #301, 'distance_accuracy_value', 'NONE');
#6189 = LINE ( 'NONE', #11069, #4861 ) ;
#6190 = FILL_AREA_STYLE_COLOUR ( '', #11356 ) ;
#6191 = DIRECTION ( 'NONE',  ( 0.000000000000000000, -1.000000000000000000, 0.000000000000000000 ) ) ;
#6192 = SURFACE_STYLE_FILL_AREA ( #4322 ) ;
#6193 = LINE ( 'NONE', #7901, #4462 ) ;
#6194 = LINE ( 'NONE', #9959, #2208 ) ;
#6195 = PLANE ( 'NONE',  #2858 ) ;
#6196 =( GEOMETRIC_REPRESENTATION_CONTEXT ( 3 ) GLOBAL_UNCERTAINTY_ASSIGNED_CONTEXT ( ( #7230 ) ) GLOBAL_UNIT_ASSIGNED_CONTEXT ( ( #11462, #1895, #8589 ) ) REPRESENTATION_CONTEXT ( 'NONE', 'WORKASPACE' ) );
#6197 = ORIENTED_EDGE ( 'NONE', *, *, #1142, .F. ) ;
#6198 = ADVANCED_FACE ( 'NONE', ( #9439 ), #10420, .F. ) ;
#6199 = PLANE ( 'NONE',  #652 ) ;
#6200 = AXIS2_PLACEMENT_3D ( 'NONE', #1728, #6603, #1598 ) ;
#6201 = CARTESIAN_POINT ( 'NONE',  ( 3.380000000000000338, 0.2000000000000000111, 0.5999999999999999778 ) ) ;
#6202 = UNCERTAINTY_MEASURE_WITH_UNIT (LENGTH_MEASURE( 1.000000000000000082E-05 ), #6700, 'distance_accuracy_value', 'NONE');
#6203 = STYLED_ITEM ( 'NONE', ( #11879 ), #2501 ) ;
#6204 = DIRECTION ( 'NONE',  ( 0.000000000000000000, 1.000000000000000000, 0.000000000000000000 ) ) ;
#6205 = CARTESIAN_POINT ( 'NONE',  ( -7.330000000000000071, 0.2300000000000000100, 10.20000000000000107 ) ) ;
#6206 = VECTOR ( 'NONE', #10617, 1000.000000000000000 ) ;
#6207 = CARTESIAN_POINT ( 'NONE',  ( 4.580000000000000071, 0.2000000000000000111, 3.200000000000000178 ) ) ;
#6208 = ORIENTED_EDGE ( 'NONE', *, *, #11795, .T. ) ;
#6209 = CARTESIAN_POINT ( 'NONE',  ( 11.44000000000000128, 0.8000000000000000444, -2.899999999999999911 ) ) ;
#6210 = CARTESIAN_POINT ( 'NONE',  ( -4.290000000000000036, 0.4500000000000000111, -3.399999999999999911 ) ) ;
#6211 = ORIENTED_EDGE ( 'NONE', *, *, #3933, .T. ) ;
#6212 = SURFACE_STYLE_USAGE ( .BOTH. , #407 ) ;
#6213 = STYLED_ITEM ( 'NONE', ( #5229 ), #10325 ) ;
#6214 = PRESENTATION_LAYER_ASSIGNMENT (  '', '', ( #6823 ) ) ;
#6215 = EDGE_LOOP ( 'NONE', ( #217, #832, #5740, #12283 ) ) ;
#6216 = PRESENTATION_LAYER_ASSIGNMENT (  '', '', ( #4020 ) ) ;
#6217 = ADVANCED_FACE ( 'NONE', ( #2700 ), #3572, .T. ) ;
#6218 =( GEOMETRIC_REPRESENTATION_CONTEXT ( 3 ) GLOBAL_UNCERTAINTY_ASSIGNED_CONTEXT ( ( #10198 ) ) GLOBAL_UNIT_ASSIGNED_CONTEXT ( ( #10004, #4371, #8194 ) ) REPRESENTATION_CONTEXT ( 'NONE', 'WORKASPACE' ) );
#6219 = AXIS2_PLACEMENT_3D ( 'NONE', #5423, #7320, #6388 ) ;
#6220 =( GEOMETRIC_REPRESENTATION_CONTEXT ( 3 ) GLOBAL_UNCERTAINTY_ASSIGNED_CONTEXT ( ( #3609 ) ) GLOBAL_UNIT_ASSIGNED_CONTEXT ( ( #3671, #3604, #8354 ) ) REPRESENTATION_CONTEXT ( 'NONE', 'WORKASPACE' ) );
#6221 = DIRECTION ( 'NONE',  ( -1.000000000000000000, 0.000000000000000000, 0.000000000000000000 ) ) ;
#6222 = FACE_OUTER_BOUND ( 'NONE', #11931, .T. ) ;
#6223 = UNCERTAINTY_MEASURE_WITH_UNIT (LENGTH_MEASURE( 1.000000000000000082E-05 ), #2786, 'distance_accuracy_value', 'NONE');
#6224 = PRESENTATION_LAYER_ASSIGNMENT (  '', '', ( #5613 ) ) ;
#6225 = DIRECTION ( 'NONE',  ( 0.000000000000000000, 0.000000000000000000, -1.000000000000000000 ) ) ;
#6226 =( LENGTH_UNIT ( ) NAMED_UNIT ( * ) SI_UNIT ( .MILLI., .METRE. ) );
#6227 = SURFACE_STYLE_FILL_AREA ( #8238 ) ;
#6228 = SURFACE_SIDE_STYLE ('',( #4105 ) ) ;
#6230 = ORIENTED_EDGE ( 'NONE', *, *, #1056, .T. ) ;
#6229 = CARTESIAN_POINT ( 'NONE',  ( -1.714893621206280194, 1.342544471696169861, 0.000000000000000000 ) ) ;
#6231 = VERTEX_POINT ( 'NONE', #4793 ) ;
#6232 = PRESENTATION_LAYER_ASSIGNMENT (  '', '', ( #3843 ) ) ;
#6233 = CARTESIAN_POINT ( 'NONE',  ( -1.804255312681200207, -0.4199554567782590175, 0.000000000000000000 ) ) ;
#6234 = PRESENTATION_LAYER_ASSIGNMENT (  '', '', ( #2230 ) ) ;
#6235 = MECHANICAL_DESIGN_GEOMETRIC_PRESENTATION_REPRESENTATION (  '', ( #9024 ), #5834 ) ;
#6236 = SURFACE_STYLE_FILL_AREA ( #2365 ) ;
#6237 = PRESENTATION_STYLE_ASSIGNMENT (( #9056 ) ) ;
#6238 = STYLED_ITEM ( 'NONE', ( #3292 ), #1497 ) ;
#6239 =( NAMED_UNIT ( * ) PLANE_ANGLE_UNIT ( ) SI_UNIT ( $, .RADIAN. ) );
#6240 =( GEOMETRIC_REPRESENTATION_CONTEXT ( 3 ) GLOBAL_UNCERTAINTY_ASSIGNED_CONTEXT ( ( #6188 ) ) GLOBAL_UNIT_ASSIGNED_CONTEXT ( ( #301, #7058, #10060 ) ) REPRESENTATION_CONTEXT ( 'NONE', 'WORKASPACE' ) );
#6241 = PRESENTATION_LAYER_ASSIGNMENT (  '', '', ( #5658 ) ) ;
#6242 = VECTOR ( 'NONE', #3694, 1000.000000000000000 ) ;
#6243 = EDGE_CURVE ( 'NONE', #10089, #4342, #4864, .T. ) ;
#6244 =( GEOMETRIC_REPRESENTATION_CONTEXT ( 3 ) GLOBAL_UNCERTAINTY_ASSIGNED_CONTEXT ( ( #3486 ) ) GLOBAL_UNIT_ASSIGNED_CONTEXT ( ( #3848, #922, #5769 ) ) REPRESENTATION_CONTEXT ( 'NONE', 'WORKASPACE' ) );
#6245 = CARTESIAN_POINT ( 'NONE',  ( 12.25000000000000000, 1.149999999999999911, -3.399999999999999911 ) ) ;
#6246 = VECTOR ( 'NONE', #7770, 1000.000000000000000 ) ;
#6247 = DIRECTION ( 'NONE',  ( 0.000000000000000000, -1.000000000000000000, 0.000000000000000000 ) ) ;
#6248 = ADVANCED_FACE ( 'NONE', ( #11604 ), #1061, .F. ) ;
#6249 = ORIENTED_EDGE ( 'NONE', *, *, #8177, .T. ) ;
#6250 = STYLED_ITEM ( 'NONE', ( #1155 ), #1862 ) ;
#6251 =( NAMED_UNIT ( * ) PLANE_ANGLE_UNIT ( ) SI_UNIT ( $, .RADIAN. ) );
#6252 = COLOUR_RGB ( '',1.000000000000000000, 1.000000000000000000, 0.9450980392156862475 ) ;
#6253 = EDGE_CURVE ( 'NONE', #11351, #10842, #8613, .T. ) ;
#6254 = LINE ( 'NONE', #2377, #12302 ) ;
#6255 = AXIS2_PLACEMENT_3D ( 'NONE', #330, #9906, #10827 ) ;
#6256 = LINE ( 'NONE', #5252, #11988 ) ;
#6257 = SURFACE_STYLE_FILL_AREA ( #7263 ) ;
#6258 = STYLED_ITEM ( 'NONE', ( #3827 ), #3611 ) ;
#6259 = DIRECTION ( 'NONE',  ( 1.000000000000000000, 0.000000000000000000, 0.000000000000000000 ) ) ;
#6260 = ORIENTED_EDGE ( 'NONE', *, *, #4837, .T. ) ;
#6261 = AXIS2_PLACEMENT_3D ( 'NONE', #5058, #7881, #6051 ) ;
#6262 = VECTOR ( 'NONE', #8863, 1000.000000000000000 ) ;
#6263 = AXIS2_PLACEMENT_3D ( 'NONE', #5750, #10378, #9004 ) ;
#6264 = SURFACE_STYLE_FILL_AREA ( #2385 ) ;
#6265 = AXIS2_PLACEMENT_3D ( 'NONE', #2902, #5737, #3585 ) ;
#6266 = VERTEX_POINT ( 'NONE', #7805 ) ;
#6267 = DIRECTION ( 'NONE',  ( -0.2100675449707450348, -0.2100675449707440079, 0.9548524771397560729 ) ) ;
#6268 = DIRECTION ( 'NONE',  ( 0.000000000000000000, 1.000000000000000000, 0.000000000000000000 ) ) ;
#6269 = CARTESIAN_POINT ( 'NONE',  ( -12.50000000000000000, 3.000000000000000000, 0.5999999999999999778 ) ) ;
#6270 =( GEOMETRIC_REPRESENTATION_CONTEXT ( 3 ) GLOBAL_UNCERTAINTY_ASSIGNED_CONTEXT ( ( #5889 ) ) GLOBAL_UNIT_ASSIGNED_CONTEXT ( ( #950, #12372, #3817 ) ) REPRESENTATION_CONTEXT ( 'NONE', 'WORKASPACE' ) );
#6271 = CARTESIAN_POINT ( 'NONE',  ( -8.599999999999999645, -4.000000000000000000, 0.000000000000000000 ) ) ;
#6272 =( LENGTH_UNIT ( ) NAMED_UNIT ( * ) SI_UNIT ( .MILLI., .METRE. ) );
#6273 = DIRECTION ( 'NONE',  ( 0.000000000000000000, 0.000000000000000000, -1.000000000000000000 ) ) ;
#6274 = LINE ( 'NONE', #10077, #8738 ) ;
#6275 = UNCERTAINTY_MEASURE_WITH_UNIT (LENGTH_MEASURE( 1.000000000000000082E-05 ), #1106, 'distance_accuracy_value', 'NONE');
#6276 = FILL_AREA_STYLE ('',( #10693 ) ) ;
#6277 = FILL_AREA_STYLE ('',( #6530 ) ) ;
#6278 = PRESENTATION_STYLE_ASSIGNMENT (( #11817 ) ) ;
#6279 = FILL_AREA_STYLE ('',( #7288 ) ) ;
#6280 = PRESENTATION_LAYER_ASSIGNMENT (  '', '', ( #8682 ) ) ;
#6281 = VECTOR ( 'NONE', #12295, 1000.000000000000227 ) ;
#6282 = ORIENTED_EDGE ( 'NONE', *, *, #5563, .T. ) ;
#6283 =( NAMED_UNIT ( * ) PLANE_ANGLE_UNIT ( ) SI_UNIT ( $, .RADIAN. ) );
#6284 = LINE ( 'NONE', #656, #10253 ) ;
#6285 = DIRECTION ( 'NONE',  ( -1.000000000000000000, 0.000000000000000000, 0.000000000000000000 ) ) ;
#6286 = CARTESIAN_POINT ( 'NONE',  ( -12.56000000000000050, 3.000000000000000000, 0.000000000000000000 ) ) ;
#6287 = DIRECTION ( 'NONE',  ( 0.000000000000000000, 0.000000000000000000, -1.000000000000000000 ) ) ;
#6288 = ORIENTED_EDGE ( 'NONE', *, *, #6157, .F. ) ;
#6289 = LINE ( 'NONE', #727, #7239 ) ;
#6290 = FILL_AREA_STYLE_COLOUR ( '', #3258 ) ;
#6291 = ORIENTED_EDGE ( 'NONE', *, *, #6174, .T. ) ;
#6292 = ADVANCED_FACE ( 'NONE', ( #8688 ), #6741, .T. ) ;
#6293 = FILL_AREA_STYLE ('',( #597 ) ) ;
#6294 = ORIENTED_EDGE ( 'NONE', *, *, #3886, .F. ) ;
#6295 = PRESENTATION_STYLE_ASSIGNMENT (( #8173 ) ) ;
#6296 = ORIENTED_EDGE ( 'NONE', *, *, #9456, .T. ) ;
#6297 = CARTESIAN_POINT ( 'NONE',  ( -2.110638308525089712, 1.092544424012449999, -0.05000000000000000278 ) ) ;
#6298 = PLANE ( 'NONE',  #571 ) ;
#6299 = DIRECTION ( 'NONE',  ( -1.000000000000000000, 0.000000000000000000, 0.000000000000000000 ) ) ;
#6301 = ORIENTED_EDGE ( 'NONE', *, *, #8032, .F. ) ;
#6300 = DIRECTION ( 'NONE',  ( 0.000000000000000000, 1.000000000000000000, 0.000000000000000000 ) ) ;
#6302 = ORIENTED_EDGE ( 'NONE', *, *, #6080, .T. ) ;
#6303 = EDGE_CURVE ( 'NONE', #9803, #8666, #6871, .T. ) ;
#6304 = EDGE_CURVE ( 'NONE', #8198, #4048, #6100, .T. ) ;
#6305 = FILL_AREA_STYLE ('',( #6170 ) ) ;
#6306 = PLANE ( 'NONE',  #4456 ) ;
#6307 = CARTESIAN_POINT ( 'NONE',  ( -1.638297872245309872, 1.367544447854309952, 0.000000000000000000 ) ) ;
#6308 = DIRECTION ( 'NONE',  ( 0.000000000000000000, -1.000000000000000000, 0.000000000000000000 ) ) ;
#6309 =( LENGTH_UNIT ( ) NAMED_UNIT ( * ) SI_UNIT ( .MILLI., .METRE. ) );
#6310 = DIRECTION ( 'NONE',  ( -1.000000000000000000, 0.000000000000000000, 0.000000000000000000 ) ) ;
#6311 = ORIENTED_EDGE ( 'NONE', *, *, #4875, .F. ) ;
#6312 = FILL_AREA_STYLE ('',( #4369 ) ) ;
#6313 = CARTESIAN_POINT ( 'NONE',  ( -1.753191488981250101, 1.367544447854309952, -0.05000000000000000278 ) ) ;
#6314 = SURFACE_STYLE_USAGE ( .BOTH. , #11058 ) ;
#6315 = DIRECTION ( 'NONE',  ( -1.000000000000000000, 0.000000000000000000, 0.000000000000000000 ) ) ;
#6316 = ADVANCED_FACE ( 'NONE', ( #2416 ), #293, .F. ) ;
#6317 = PRODUCT_RELATED_PRODUCT_CATEGORY ( 'part', '', ( #1298 ) ) ;
#6318 = VECTOR ( 'NONE', #2721, 1000.000000000000000 ) ;
#6319 = SURFACE_STYLE_FILL_AREA ( #5253 ) ;
#6320 = DIRECTION ( 'NONE',  ( 0.2100675449707440356, 0.2100675449707440356, -0.9548524771397562949 ) ) ;
#6321 = EDGE_CURVE ( 'NONE', #1338, #4539, #3241, .T. ) ;
#6322 = ORIENTED_EDGE ( 'NONE', *, *, #8976, .F. ) ;
#6323 = EDGE_CURVE ( 'NONE', #11894, #3560, #6041, .T. ) ;
#6324 = VECTOR ( 'NONE', #10667, 1000.000000000000114 ) ;
#6325 =( NAMED_UNIT ( * ) SI_UNIT ( $, .STERADIAN. ) SOLID_ANGLE_UNIT ( ) );
#6326 = VERTEX_POINT ( 'NONE', #3313 ) ;
#6327 = DIRECTION ( 'NONE',  ( -0.2100675449707440356, 0.2100675449707440356, 0.9548524771397562949 ) ) ;
#6328 = SURFACE_SIDE_STYLE ('',( #2094 ) ) ;
#6330 = VECTOR ( 'NONE', #2246, 1000.000000000000227 ) ;
#6329 =( LENGTH_UNIT ( ) NAMED_UNIT ( * ) SI_UNIT ( .MILLI., .METRE. ) );
#6331 = FACE_OUTER_BOUND ( 'NONE', #4232, .T. ) ;
#6332 = UNCERTAINTY_MEASURE_WITH_UNIT (LENGTH_MEASURE( 1.000000000000000082E-05 ), #11458, 'distance_accuracy_value', 'NONE');
#6333 = CARTESIAN_POINT ( 'NONE',  ( 11.19999999999999929, -4.000000000000000000, 0.000000000000000000 ) ) ;
#6334 = PRESENTATION_STYLE_ASSIGNMENT (( #8202 ) ) ;
#6335 = FACE_OUTER_BOUND ( 'NONE', #6899, .T. ) ;
#6336 =( NAMED_UNIT ( * ) SI_UNIT ( $, .STERADIAN. ) SOLID_ANGLE_UNIT ( ) );
#6337 = DIRECTION ( 'NONE',  ( 0.000000000000000000, 0.000000000000000000, 1.000000000000000000 ) ) ;
#6338 = COLOUR_RGB ( '',0.7803921568627451011, 0.7803921568627451011, 0.7803921568627451011 ) ;
#6339 = PLANE ( 'NONE',  #7816 ) ;
#6340 = VECTOR ( 'NONE', #44, 1000.000000000000000 ) ;
#6341 = EDGE_CURVE ( 'NONE', #12318, #7313, #412, .T. ) ;
#6342 = VERTEX_POINT ( 'NONE', #353 ) ;
#6343 = AXIS2_PLACEMENT_3D ( 'NONE', #5439, #2763, #711 ) ;
#6344 = DIRECTION ( 'NONE',  ( 1.000000000000000000, 0.000000000000000000, 0.000000000000000000 ) ) ;
#6345 = LINE ( 'NONE', #9023, #6736 ) ;
#6346 = UNCERTAINTY_MEASURE_WITH_UNIT (LENGTH_MEASURE( 1.000000000000000082E-05 ), #11529, 'distance_accuracy_value', 'NONE');
#6347 = CARTESIAN_POINT ( 'NONE',  ( 8.540000000000000924, 0.2000000000000000111, 3.200000000000000178 ) ) ;
#6348 = FILL_AREA_STYLE ('',( #10147 ) ) ;
#6349 =( NAMED_UNIT ( * ) SI_UNIT ( $, .STERADIAN. ) SOLID_ANGLE_UNIT ( ) );
#6350 =( NAMED_UNIT ( * ) SI_UNIT ( $, .STERADIAN. ) SOLID_ANGLE_UNIT ( ) );
#6351 = PRESENTATION_LAYER_ASSIGNMENT (  '', '', ( #757 ) ) ;
#6352 = COLOUR_RGB ( '',0.7803921568627451011, 0.7803921568627451011, 0.7803921568627451011 ) ;
#6353 = CARTESIAN_POINT ( 'NONE',  ( -2.161702132225040263, 1.030044447854310041, 0.000000000000000000 ) ) ;
#6354 = SURFACE_SIDE_STYLE ('',( #10333 ) ) ;
#6355 = ORIENTED_EDGE ( 'NONE', *, *, #6990, .F. ) ;
#6356 =( NAMED_UNIT ( * ) PLANE_ANGLE_UNIT ( ) SI_UNIT ( $, .RADIAN. ) );
#6357 = EDGE_CURVE ( 'NONE', #7104, #3606, #7107, .T. ) ;
#6358 = VERTEX_POINT ( 'NONE', #8918 ) ;
#6359 = DIRECTION ( 'NONE',  ( 0.9766444667050901973, -0.000000000000000000, 0.2148617826751190452 ) ) ;
#6360 = DIRECTION ( 'NONE',  ( 0.000000000000000000, 0.000000000000000000, -1.000000000000000000 ) ) ;
#6361 = VECTOR ( 'NONE', #10920, 1000.000000000000000 ) ;
#6362 = ADVANCED_FACE ( 'NONE', ( #5104 ), #9984, .T. ) ;
#6363 = ORIENTED_EDGE ( 'NONE', *, *, #2698, .F. ) ;
#6364 = COLOUR_RGB ( '',0.7803921568627451011, 0.7803921568627451011, 0.7803921568627451011 ) ;
#6365 = COLOUR_RGB ( '',0.2941176470588235392, 0.2941176470588235392, 0.2941176470588235392 ) ;
#6366 = PRESENTATION_STYLE_ASSIGNMENT (( #10341 ) ) ;
#6367 = CARTESIAN_POINT ( 'NONE',  ( 12.50000000000000000, 4.500000000000000000, 7.500000000000000000 ) ) ;
#6368 = UNCERTAINTY_MEASURE_WITH_UNIT (LENGTH_MEASURE( 1.000000000000000082E-05 ), #8552, 'distance_accuracy_value', 'NONE');
#6369 = CARTESIAN_POINT ( 'NONE',  ( 0.6199999999999890044, 1.399999999999999911, 3.200000000000000178 ) ) ;
#6370 = DIRECTION ( 'NONE',  ( 0.9506450282288427811, -0.3102805670740320099, 0.000000000000000000 ) ) ;
#6371 = DIRECTION ( 'NONE',  ( 0.000000000000000000, 0.000000000000000000, 1.000000000000000000 ) ) ;
#6372 = VECTOR ( 'NONE', #9870, 1000.000000000000227 ) ;
#6373 = DIRECTION ( 'NONE',  ( -1.000000000000000000, 0.000000000000000000, 0.000000000000000000 ) ) ;
#6374 = CARTESIAN_POINT ( 'NONE',  ( -2.187234044075009987, 1.080044471696169905, 0.000000000000000000 ) ) ;
#6376 = VERTEX_POINT ( 'NONE', #5407 ) ;
#6375 = SURFACE_SIDE_STYLE ('',( #9367 ) ) ;
#6377 = EDGE_LOOP ( 'NONE', ( #11393, #4640, #8859 ) ) ;
#6378 = CARTESIAN_POINT ( 'NONE',  ( -2.046808493137360241, 1.042544471696169817, 0.000000000000000000 ) ) ;
#6379 = CARTESIAN_POINT ( 'NONE',  ( 3.629999999999999893, 0.4500000000000000111, 11.19999999999999929 ) ) ;
#6380 = FILL_AREA_STYLE ('',( #12237 ) ) ;
#6381 = MECHANICAL_DESIGN_GEOMETRIC_PRESENTATION_REPRESENTATION (  '', ( #978 ), #4573 ) ;
#6382 =( GEOMETRIC_REPRESENTATION_CONTEXT ( 3 ) GLOBAL_UNCERTAINTY_ASSIGNED_CONTEXT ( ( #10539 ) ) GLOBAL_UNIT_ASSIGNED_CONTEXT ( ( #2993, #1966, #5771 ) ) REPRESENTATION_CONTEXT ( 'NONE', 'WORKASPACE' ) );
#6383 = CARTESIAN_POINT ( 'NONE',  ( 7.370000000000000107, 1.369999999999999885, -2.399999999999999911 ) ) ;
#6384 = EDGE_CURVE ( 'NONE', #9489, #7875, #4409, .T. ) ;
#6385 = DIRECTION ( 'NONE',  ( 0.000000000000000000, 1.000000000000000000, 0.000000000000000000 ) ) ;
#6386 = DIRECTION ( 'NONE',  ( 0.000000000000000000, 1.000000000000000000, 0.000000000000000000 ) ) ;
#6387 = VERTEX_POINT ( 'NONE', #8304 ) ;
#6388 = DIRECTION ( 'NONE',  ( 1.000000000000000000, 0.000000000000000000, 0.000000000000000000 ) ) ;
#6389 = SURFACE_SIDE_STYLE ('',( #3696 ) ) ;
#6390 = STYLED_ITEM ( 'NONE', ( #5192 ), #12336 ) ;
#6391 =( LENGTH_UNIT ( ) NAMED_UNIT ( * ) SI_UNIT ( .MILLI., .METRE. ) );
#6392 = CARTESIAN_POINT ( 'NONE',  ( -12.21000000000000085, 1.149999999999999911, -3.399999999999999911 ) ) ;
#6393 = VERTEX_POINT ( 'NONE', #5587 ) ;
#6394 = EDGE_CURVE ( 'NONE', #3958, #4699, #5359, .T. ) ;
#6395 = CARTESIAN_POINT ( 'NONE',  ( -4.509999999999999787, 0.2300000000000000100, -2.399999999999999911 ) ) ;
#6396 = ORIENTED_EDGE ( 'NONE', *, *, #3299, .T. ) ;
#6397 =( NAMED_UNIT ( * ) PLANE_ANGLE_UNIT ( ) SI_UNIT ( $, .RADIAN. ) );
#6398 = DIRECTION ( 'NONE',  ( 1.000000000000000000, 0.000000000000000000, 0.000000000000000000 ) ) ;
#6399 = CARTESIAN_POINT ( 'NONE',  ( -11.16000000000000014, -4.000000000000000000, 0.000000000000000000 ) ) ;
#6400 = DIRECTION ( 'NONE',  ( 0.8373788769558764278, -0.5466229197793622818, 0.000000000000000000 ) ) ;
#6401 = LINE ( 'NONE', #579, #567 ) ;
#6402 = UNCERTAINTY_MEASURE_WITH_UNIT (LENGTH_MEASURE( 1.000000000000000082E-05 ), #8759, 'distance_accuracy_value', 'NONE');
#6403 = ORIENTED_EDGE ( 'NONE', *, *, #2833, .F. ) ;
#6404 = SURFACE_STYLE_FILL_AREA ( #6276 ) ;
#6405 = ORIENTED_EDGE ( 'NONE', *, *, #6714, .T. ) ;
#6406 = ADVANCED_FACE ( 'NONE', ( #11096 ), #7372, .T. ) ;
#6407 = FILL_AREA_STYLE ('',( #5338 ) ) ;
#6408 = SURFACE_STYLE_FILL_AREA ( #7350 ) ;
#6409 = ADVANCED_FACE ( 'NONE', ( #3730 ), #605, .F. ) ;
#6410 = CARTESIAN_POINT ( 'NONE',  ( -0.5800000000000099520, 1.399999999999999911, 0.5999999999999999778 ) ) ;
#6411 = CARTESIAN_POINT ( 'NONE',  ( -1.740425533056259910, -0.1699555521456899976, 0.000000000000000000 ) ) ;
#6412 =( NAMED_UNIT ( * ) PLANE_ANGLE_UNIT ( ) SI_UNIT ( $, .RADIAN. ) );
#6413 = DIRECTION ( 'NONE',  ( 0.2100675449707450348, 0.2100675449707440079, -0.9548524771397560729 ) ) ;
#6414 = ADVANCED_FACE ( 'NONE', ( #12041 ), #6298, .T. ) ;
#6415 = SURFACE_STYLE_FILL_AREA ( #5288 ) ;
#6416 = DIRECTION ( 'NONE',  ( 0.000000000000000000, 0.000000000000000000, 1.000000000000000000 ) ) ;
#6417 = PRESENTATION_LAYER_ASSIGNMENT (  '', '', ( #1015 ) ) ;
#6418 = EDGE_LOOP ( 'NONE', ( #7595, #7737, #5952, #7727 ) ) ;
#6419 = EDGE_LOOP ( 'NONE', ( #11666, #1485, #8065, #5702 ) ) ;
#6420 = DIRECTION ( 'NONE',  ( 0.000000000000000000, 1.000000000000000000, 0.000000000000000000 ) ) ;
#6421 = SURFACE_SIDE_STYLE ('',( #5352 ) ) ;
#6422 = ORIENTED_EDGE ( 'NONE', *, *, #990, .T. ) ;
#6423 = PRESENTATION_LAYER_ASSIGNMENT (  '', '', ( #12196 ) ) ;
#6424 = CARTESIAN_POINT ( 'NONE',  ( -2.200000000000000178, 0.01754444785430959997, -0.05000000000000000278 ) ) ;
#6425 = CARTESIAN_POINT ( 'NONE',  ( 7.370000000000000107, 1.369999999999999885, 10.20000000000000107 ) ) ;
#6426 = DIRECTION ( 'NONE',  ( 0.000000000000000000, 0.000000000000000000, -1.000000000000000000 ) ) ;
#6427 = FACE_OUTER_BOUND ( 'NONE', #9759, .T. ) ;
#6428 = VERTEX_POINT ( 'NONE', #3850 ) ;
#6429 = CARTESIAN_POINT ( 'NONE',  ( -2.123404264450070134, 0.7925444955380260836, -0.05000000000000000278 ) ) ;
#6430 = ORIENTED_EDGE ( 'NONE', *, *, #10682, .F. ) ;
#6431 = STYLED_ITEM ( 'NONE', ( #4934 ), #11778 ) ;
#6432 = ORIENTED_EDGE ( 'NONE', *, *, #8963, .F. ) ;
#6433 = SURFACE_SIDE_STYLE ('',( #12287 ) ) ;
#6434 = MECHANICAL_DESIGN_GEOMETRIC_PRESENTATION_REPRESENTATION (  '', ( #6823 ), #9612 ) ;
#6435 =( NAMED_UNIT ( * ) SI_UNIT ( $, .STERADIAN. ) SOLID_ANGLE_UNIT ( ) );
#6436 = PRESENTATION_LAYER_ASSIGNMENT (  '', '', ( #11790 ) ) ;
#6437 = PRESENTATION_LAYER_ASSIGNMENT (  '', '', ( #4420 ) ) ;
#6438 = SURFACE_SIDE_STYLE ('',( #8313 ) ) ;
#6439 = LINE ( 'NONE', #3569, #6281 ) ;
#6440 = ORIENTED_EDGE ( 'NONE', *, *, #10194, .F. ) ;
#6441 = PRESENTATION_LAYER_ASSIGNMENT (  '', '', ( #11800 ) ) ;
#6442 = FILL_AREA_STYLE_COLOUR ( '', #12209 ) ;
#6443 = MECHANICAL_DESIGN_GEOMETRIC_PRESENTATION_REPRESENTATION (  '', ( #4020 ), #5606 ) ;
#6444 = SURFACE_STYLE_USAGE ( .BOTH. , #6389 ) ;
#6445 = PLANE ( 'NONE',  #10112 ) ;
#6446 =( GEOMETRIC_REPRESENTATION_CONTEXT ( 3 ) GLOBAL_UNCERTAINTY_ASSIGNED_CONTEXT ( ( #2142 ) ) GLOBAL_UNIT_ASSIGNED_CONTEXT ( ( #3472, #4580, #11997 ) ) REPRESENTATION_CONTEXT ( 'NONE', 'WORKASPACE' ) );
#6447 = PRESENTATION_STYLE_ASSIGNMENT (( #8441 ) ) ;
#6448 = SURFACE_SIDE_STYLE ('',( #8442 ) ) ;
#6449 = STYLED_ITEM ( 'NONE', ( #11148 ), #684 ) ;
#6450 = FILL_AREA_STYLE_COLOUR ( '', #5216 ) ;
#6451 = LINE ( 'NONE', #10250, #676 ) ;
#6452 = EDGE_CURVE ( 'NONE', #10890, #1045, #7794, .T. ) ;
#6453 = ORIENTED_EDGE ( 'NONE', *, *, #11722, .F. ) ;
#6454 = STYLED_ITEM ( 'NONE', ( #10660 ), #5280 ) ;
#6455 = VECTOR ( 'NONE', #10768, 1000.000000000000000 ) ;
#6456 = VECTOR ( 'NONE', #9916, 1000.000000000000000 ) ;
#6457 = MECHANICAL_DESIGN_GEOMETRIC_PRESENTATION_REPRESENTATION (  '', ( #2055 ), #12019 ) ;
#6458 = CARTESIAN_POINT ( 'NONE',  ( 8.509999999999999787, 1.369999999999999885, -2.399999999999999911 ) ) ;
#6459 = PRESENTATION_LAYER_ASSIGNMENT (  '', '', ( #11230 ) ) ;
#6460 = EDGE_LOOP ( 'NONE', ( #12313, #3133, #5374, #4613 ) ) ;
#6461 = SURFACE_STYLE_FILL_AREA ( #8454 ) ;
#6462 = LINE ( 'NONE', #3758, #9522 ) ;
#6463 = PRESENTATION_STYLE_ASSIGNMENT (( #5440 ) ) ;
#6464 = VECTOR ( 'NONE', #8166, 1000.000000000000114 ) ;
#6465 = DIRECTION ( 'NONE',  ( -1.000000000000000000, 0.000000000000000000, 0.000000000000000000 ) ) ;
#6466 = CARTESIAN_POINT ( 'NONE',  ( 0.000000000000000000, 0.000000000000000000, -0.05000000000000000278 ) ) ;
#6467 = PRESENTATION_LAYER_ASSIGNMENT (  '', '', ( #8650 ) ) ;
#6468 = CARTESIAN_POINT ( 'NONE',  ( -0.5800000000000109512, 0.2000000000000000111, 3.200000000000000178 ) ) ;
#6469 = ORIENTED_EDGE ( 'NONE', *, *, #6323, .F. ) ;
#6470 = DIRECTION ( 'NONE',  ( -1.000000000000000000, 0.000000000000000000, 0.000000000000000000 ) ) ;
#6471 =( NAMED_UNIT ( * ) SI_UNIT ( $, .STERADIAN. ) SOLID_ANGLE_UNIT ( ) );
#6472 = PRESENTATION_LAYER_ASSIGNMENT (  '', '', ( #1854 ) ) ;
#6473 = EDGE_CURVE ( 'NONE', #7313, #6715, #6604, .T. ) ;
#6474 = STYLED_ITEM ( 'NONE', ( #11176 ), #1138 ) ;
#6475 =( LENGTH_UNIT ( ) NAMED_UNIT ( * ) SI_UNIT ( .MILLI., .METRE. ) );
#6476 = PRESENTATION_LAYER_ASSIGNMENT (  '', '', ( #8851 ) ) ;
#6477 = VECTOR ( 'NONE', #2456, 1000.000000000000114 ) ;
#6478 = ORIENTED_EDGE ( 'NONE', *, *, #4329, .T. ) ;
#6479 = AXIS2_PLACEMENT_3D ( 'NONE', #2772, #6589, #10493 ) ;
#6480 = ORIENTED_EDGE ( 'NONE', *, *, #2510, .F. ) ;
#6481 = FILL_AREA_STYLE_COLOUR ( '', #11450 ) ;
#6482 = PRESENTATION_LAYER_ASSIGNMENT (  '', '', ( #7061 ) ) ;
#6483 = PRESENTATION_STYLE_ASSIGNMENT (( #1655 ) ) ;
#6484 = DIRECTION ( 'NONE',  ( 0.5466218231675691319, -0.8373795927994441834, 0.000000000000000000 ) ) ;
#6485 = FACE_OUTER_BOUND ( 'NONE', #11730, .T. ) ;
#6486 = PLANE ( 'NONE',  #2446 ) ;
#6487 = CARTESIAN_POINT ( 'NONE',  ( 7.339999999999999858, 1.399999999999999911, 3.200000000000000178 ) ) ;
#6488 = ORIENTED_EDGE ( 'NONE', *, *, #4943, .T. ) ;
#6489 = VERTEX_POINT ( 'NONE', #4844 ) ;
#6490 = MECHANICAL_DESIGN_GEOMETRIC_PRESENTATION_REPRESENTATION (  '', ( #9069 ), #8481 ) ;
#6491 = DIRECTION ( 'NONE',  ( -0.2473831068378049003, 0.9689177459677756898, 0.000000000000000000 ) ) ;
#6492 = CARTESIAN_POINT ( 'NONE',  ( -3.340000000000000302, 1.399999999999999911, 0.5999999999999999778 ) ) ;
#6493 = ORIENTED_EDGE ( 'NONE', *, *, #9323, .T. ) ;
#6494 = EDGE_CURVE ( 'NONE', #10456, #6092, #6855, .T. ) ;
#6495 = LINE ( 'NONE', #4543, #7928 ) ;
#6496 = VECTOR ( 'NONE', #8274, 1000.000000000000000 ) ;
#6497 = DIRECTION ( 'NONE',  ( -1.000000000000000000, 0.000000000000000000, 0.000000000000000000 ) ) ;
#6498 = SURFACE_SIDE_STYLE ('',( #9485 ) ) ;
#6499 = VERTEX_POINT ( 'NONE', #8730 ) ;
#6500 = CARTESIAN_POINT ( 'NONE',  ( -1.689361700415610068, 1.305044471696169994, -0.05000000000000000278 ) ) ;
#6502 = ORIENTED_EDGE ( 'NONE', *, *, #11600, .F. ) ;
#6501 = CARTESIAN_POINT ( 'NONE',  ( -2.200000000000000178, 0.4175444955380249734, -0.05000000000000000278 ) ) ;
#6503 = ORIENTED_EDGE ( 'NONE', *, *, #2268, .F. ) ;
#6504 = DIRECTION ( 'NONE',  ( 0.000000000000000000, 0.000000000000000000, -1.000000000000000000 ) ) ;
#6505 =( NAMED_UNIT ( * ) PLANE_ANGLE_UNIT ( ) SI_UNIT ( $, .RADIAN. ) );
#6506 = LINE ( 'NONE', #6307, #4218 ) ;
#6507 = EDGE_CURVE ( 'NONE', #7752, #8799, #5900, .T. ) ;
#6508 = ADVANCED_FACE ( 'NONE', ( #7677 ), #982, .T. ) ;
#6509 = SURFACE_STYLE_FILL_AREA ( #3742 ) ;
#6510 = CARTESIAN_POINT ( 'NONE',  ( -8.470000000000000639, 1.369999999999999885, 10.20000000000000107 ) ) ;
#6511 = FILL_AREA_STYLE ('',( #2623 ) ) ;
#6512 = ORIENTED_EDGE ( 'NONE', *, *, #10261, .T. ) ;
#6513 = FACE_OUTER_BOUND ( 'NONE', #7512, .T. ) ;
#6514 = SURFACE_STYLE_FILL_AREA ( #2701 ) ;
#6515 = CARTESIAN_POINT ( 'NONE',  ( -8.500000000000000000, 1.399999999999999911, 3.200000000000000178 ) ) ;
#6516 = CARTESIAN_POINT ( 'NONE',  ( -7.550000000000000711, 1.149999999999999911, 11.19999999999999929 ) ) ;
#6517 = CARTESIAN_POINT ( 'NONE',  ( -13.86000000000000121, 2.000000000000000000, 0.000000000000000000 ) ) ;
#6518 = ORIENTED_EDGE ( 'NONE', *, *, #9706, .T. ) ;
#6519 = FILL_AREA_STYLE_COLOUR ( '', #9444 ) ;
#6520 = ORIENTED_EDGE ( 'NONE', *, *, #4273, .T. ) ;
#6521 =( NAMED_UNIT ( * ) SI_UNIT ( $, .STERADIAN. ) SOLID_ANGLE_UNIT ( ) );
#6522 = PRESENTATION_STYLE_ASSIGNMENT (( #1809 ) ) ;
#6523 =( NAMED_UNIT ( * ) SI_UNIT ( $, .STERADIAN. ) SOLID_ANGLE_UNIT ( ) );
#6524 = DIRECTION ( 'NONE',  ( 0.000000000000000000, 1.000000000000000000, 0.000000000000000000 ) ) ;
#6525 = SURFACE_STYLE_USAGE ( .BOTH. , #6585 ) ;
#6526 = SURFACE_STYLE_USAGE ( .BOTH. , #822 ) ;
#6527 = UNCERTAINTY_MEASURE_WITH_UNIT (LENGTH_MEASURE( 1.000000000000000082E-05 ), #7400, 'distance_accuracy_value', 'NONE');
#6528 = VERTEX_POINT ( 'NONE', #4027 ) ;
#6529 = CARTESIAN_POINT ( 'NONE',  ( -12.50000000000000000, 3.000000000000000000, 0.5999999999999999778 ) ) ;
#6530 = FILL_AREA_STYLE_COLOUR ( '', #2262 ) ;
#6531 = VECTOR ( 'NONE', #8439, 1000.000000000000000 ) ;
#6532 = ORIENTED_EDGE ( 'NONE', *, *, #7126, .T. ) ;
#6533 = EDGE_CURVE ( 'NONE', #7875, #2740, #22, .T. ) ;
#6534 = SURFACE_STYLE_USAGE ( .BOTH. , #1885 ) ;
#6535 = LINE ( 'NONE', #10329, #4363 ) ;
#6536 = FILL_AREA_STYLE_COLOUR ( '', #7383 ) ;
#6537 = CARTESIAN_POINT ( 'NONE',  ( -2.200000000000000178, 1.255044447854309908, 0.000000000000000000 ) ) ;
#6538 = UNCERTAINTY_MEASURE_WITH_UNIT (LENGTH_MEASURE( 1.000000000000000082E-05 ), #295, 'distance_accuracy_value', 'NONE');
#6539 = SURFACE_SIDE_STYLE ('',( #2918 ) ) ;
#6540 = ORIENTED_EDGE ( 'NONE', *, *, #6866, .F. ) ;
#6541 = FILL_AREA_STYLE_COLOUR ( '', #4611 ) ;
#6542 = COLOUR_RGB ( '',0.2941176470588235392, 0.2941176470588235392, 0.2941176470588235392 ) ;
#6543 =( NAMED_UNIT ( * ) SI_UNIT ( $, .STERADIAN. ) SOLID_ANGLE_UNIT ( ) );
#6544 = ORIENTED_EDGE ( 'NONE', *, *, #4018, .F. ) ;
#6545 =( NAMED_UNIT ( * ) PLANE_ANGLE_UNIT ( ) SI_UNIT ( $, .RADIAN. ) );
#6546 = COLOUR_RGB ( '',0.7803921568627451011, 0.7803921568627451011, 0.7803921568627451011 ) ;
#6547 = CARTESIAN_POINT ( 'NONE',  ( -8.470000000000000639, 1.369999999999999885, -2.399999999999999911 ) ) ;
#6548 = AXIS2_PLACEMENT_3D ( 'NONE', #1396, #11701, #7004 ) ;
#6549 = ORIENTED_EDGE ( 'NONE', *, *, #5623, .F. ) ;
#6550 = EDGE_CURVE ( 'NONE', #6014, #10460, #1844, .T. ) ;
#6551 = STYLED_ITEM ( 'NONE', ( #3907 ), #9871 ) ;
#6552 = LINE ( 'NONE', #11968, #5918 ) ;
#6553 = VECTOR ( 'NONE', #12369, 1000.000000000000000 ) ;
#6554 = SURFACE_STYLE_FILL_AREA ( #2795 ) ;
#6555 = DIRECTION ( 'NONE',  ( 0.8906053505096229728, -0.4547769889117430075, 0.000000000000000000 ) ) ;
#6556 = ORIENTED_EDGE ( 'NONE', *, *, #9478, .T. ) ;
#6557 = SURFACE_STYLE_FILL_AREA ( #1730 ) ;
#6559 = ORIENTED_EDGE ( 'NONE', *, *, #9758, .F. ) ;
#6558 = DIRECTION ( 'NONE',  ( 0.9506455412393914894, 0.3102789952956279129, 0.000000000000000000 ) ) ;
#6560 = VERTEX_POINT ( 'NONE', #9664 ) ;
#6561 = PRESENTATION_STYLE_ASSIGNMENT (( #12235 ) ) ;
#6562 = PRESENTATION_LAYER_ASSIGNMENT (  '', '', ( #941 ) ) ;
#6563 = LINE ( 'NONE', #4687, #10199 ) ;
#6564 = PRESENTATION_LAYER_ASSIGNMENT (  '', '', ( #8938 ) ) ;
#6565 = EDGE_CURVE ( 'NONE', #11652, #11776, #8785, .T. ) ;
#6566 = SURFACE_STYLE_USAGE ( .BOTH. , #8435 ) ;
#6567 = EDGE_LOOP ( 'NONE', ( #5775, #5869, #9147, #847 ) ) ;
#6568 = CARTESIAN_POINT ( 'NONE',  ( 13.86000000000000121, -3.000000000000000000, 0.000000000000000000 ) ) ;
#6569 = DIRECTION ( 'NONE',  ( 1.000000000000000000, 0.000000000000000000, 0.000000000000000000 ) ) ;
#6570 = PRESENTATION_LAYER_ASSIGNMENT (  '', '', ( #566 ) ) ;
#6571 = ADVANCED_FACE ( 'NONE', ( #1348 ), #11661, .T. ) ;
#6572 = LINE ( 'NONE', #10305, #6726 ) ;
#6573 = SURFACE_SIDE_STYLE ('',( #12361 ) ) ;
#6574 =( LENGTH_UNIT ( ) NAMED_UNIT ( * ) SI_UNIT ( .MILLI., .METRE. ) );
#6575 = ADVANCED_FACE ( 'NONE', ( #7023 ), #11835, .T. ) ;
#6576 = LINE ( 'NONE', #3699, #5458 ) ;
#6577 = MECHANICAL_DESIGN_GEOMETRIC_PRESENTATION_REPRESENTATION (  '', ( #4159 ), #5366 ) ;
#6578 = ORIENTED_EDGE ( 'NONE', *, *, #1845, .F. ) ;
#6579 = AXIS2_PLACEMENT_3D ( 'NONE', #4227, #4354, #9924 ) ;
#6580 = VECTOR ( 'NONE', #8400, 1000.000000000000000 ) ;
#6581 = EDGE_LOOP ( 'NONE', ( #3011, #8286, #404, #4627 ) ) ;
#6582 =( LENGTH_UNIT ( ) NAMED_UNIT ( * ) SI_UNIT ( .MILLI., .METRE. ) );
#6583 = CARTESIAN_POINT ( 'NONE',  ( -2.046808493137360241, 1.042544471696169817, 0.000000000000000000 ) ) ;
#6584 = PLANE ( 'NONE',  #2756 ) ;
#6585 = SURFACE_SIDE_STYLE ('',( #9325 ) ) ;
#6586 = ADVANCED_FACE ( 'NONE', ( #9855 ), #8905, .T. ) ;
#6587 = ORIENTED_EDGE ( 'NONE', *, *, #12311, .F. ) ;
#6588 = SURFACE_STYLE_USAGE ( .BOTH. , #2771 ) ;
#6589 = DIRECTION ( 'NONE',  ( -0.000000000000000000, 1.000000000000000000, 0.000000000000000000 ) ) ;
#6590 = VECTOR ( 'NONE', #1333, 1000.000000000000000 ) ;
#6591 = VERTEX_POINT ( 'NONE', #3417 ) ;
#6592 = CARTESIAN_POINT ( 'NONE',  ( -1.689361700415610068, 1.417544435933379754, -0.05000000000000000278 ) ) ;
#6593 = CARTESIAN_POINT ( 'NONE',  ( -1.689361700415610068, -0.03245550446197449646, -0.05000000000000000278 ) ) ;
#6594 = SURFACE_STYLE_FILL_AREA ( #1892 ) ;
#6595 = ORIENTED_EDGE ( 'NONE', *, *, #6253, .F. ) ;
#6596 = LINE ( 'NONE', #2727, #6987 ) ;
#6597 = DIRECTION ( 'NONE',  ( 0.000000000000000000, 0.000000000000000000, -1.000000000000000000 ) ) ;
#6598 = ORIENTED_EDGE ( 'NONE', *, *, #1085, .T. ) ;
#6599 = ADVANCED_FACE ( 'NONE', ( #8167 ), #11209, .T. ) ;
#6600 = ORIENTED_EDGE ( 'NONE', *, *, #11736, .F. ) ;
#6601 = LINE ( 'NONE', #1841, #10830 ) ;
#6602 = PLANE ( 'NONE',  #5339 ) ;
#6603 = DIRECTION ( 'NONE',  ( 0.8265992787996224722, -0.5627909312417391785, 0.000000000000000000 ) ) ;
#6604 = LINE ( 'NONE', #5651, #7571 ) ;
#6605 = VERTEX_POINT ( 'NONE', #11150 ) ;
#6606 = LINE ( 'NONE', #3505, #5518 ) ;
#6608 = EDGE_LOOP ( 'NONE', ( #7978, #357, #2087, #1233 ) ) ;
#6607 = CARTESIAN_POINT ( 'NONE',  ( -4.509999999999999787, 1.369999999999999885, -2.399999999999999911 ) ) ;
#6609 = EDGE_LOOP ( 'NONE', ( #1216, #11428, #3733, #7678 ) ) ;
#6610 = PRESENTATION_STYLE_ASSIGNMENT (( #2801 ) ) ;
#6611 = SURFACE_STYLE_FILL_AREA ( #1853 ) ;
#6612 = LINE ( 'NONE', #1855, #10405 ) ;
#6613 = EDGE_CURVE ( 'NONE', #2091, #10663, #10088, .T. ) ;
#6614 = VECTOR ( 'NONE', #8478, 1000.000000000000000 ) ;
#6615 = STYLED_ITEM ( 'NONE', ( #7198 ), #4698 ) ;
#6616 = LINE ( 'NONE', #5367, #7289 ) ;
#6617 = CARTESIAN_POINT ( 'NONE',  ( -0.5500000000000080380, 1.369999999999999885, 10.20000000000000107 ) ) ;
#6618 = ORIENTED_EDGE ( 'NONE', *, *, #6394, .T. ) ;
#6619 =( GEOMETRIC_REPRESENTATION_CONTEXT ( 3 ) GLOBAL_UNCERTAINTY_ASSIGNED_CONTEXT ( ( #12000 ) ) GLOBAL_UNIT_ASSIGNED_CONTEXT ( ( #739, #7371, #8487 ) ) REPRESENTATION_CONTEXT ( 'NONE', 'WORKASPACE' ) );
#6620 = DIRECTION ( 'NONE',  ( 0.000000000000000000, 0.000000000000000000, -1.000000000000000000 ) ) ;
#6621 = CARTESIAN_POINT ( 'NONE',  ( -4.509999999999999787, 1.369999999999999885, 10.20000000000000107 ) ) ;
#6622 =( GEOMETRIC_REPRESENTATION_CONTEXT ( 3 ) GLOBAL_UNCERTAINTY_ASSIGNED_CONTEXT ( ( #722 ) ) GLOBAL_UNIT_ASSIGNED_CONTEXT ( ( #7581, #825, #1012 ) ) REPRESENTATION_CONTEXT ( 'NONE', 'WORKASPACE' ) );
#6623 = STYLED_ITEM ( 'NONE', ( #3265 ), #4189 ) ;
#6624 =( NAMED_UNIT ( * ) PLANE_ANGLE_UNIT ( ) SI_UNIT ( $, .RADIAN. ) );
#6625 = EDGE_CURVE ( 'NONE', #5993, #880, #10275, .T. ) ;
#6626 = AXIS2_PLACEMENT_3D ( 'NONE', #11781, #2368, #3252 ) ;
#6627 = VECTOR ( 'NONE', #237, 1000.000000000000000 ) ;
#6628 = ADVANCED_FACE ( 'NONE', ( #1715 ), #1586, .T. ) ;
#6629 = VECTOR ( 'NONE', #5870, 1000.000000000000000 ) ;
#6630 = ORIENTED_EDGE ( 'NONE', *, *, #5539, .F. ) ;
#6631 = FACE_OUTER_BOUND ( 'NONE', #7430, .T. ) ;
#6632 = LINE ( 'NONE', #1872, #5536 ) ;
#6633 = CARTESIAN_POINT ( 'NONE',  ( -8.500000000000000000, 0.2000000000000000111, 3.200000000000000178 ) ) ;
#6634 = LINE ( 'NONE', #5564, #5538 ) ;
#6635 = VECTOR ( 'NONE', #931, 1000.000000000000000 ) ;
#6636 = CARTESIAN_POINT ( 'NONE',  ( -0.6800000000000100409, -4.000000000000000000, 0.000000000000000000 ) ) ;
#6637 = PRESENTATION_STYLE_ASSIGNMENT (( #6526 ) ) ;
#6638 = AXIS2_PLACEMENT_3D ( 'NONE', #11601, #1055, #4862 ) ;
#6639 = UNCERTAINTY_MEASURE_WITH_UNIT (LENGTH_MEASURE( 1.000000000000000082E-05 ), #682, 'distance_accuracy_value', 'NONE');
#6640 = EDGE_LOOP ( 'NONE', ( #2193, #4859, #12046, #7146 ) ) ;
#6641 = CARTESIAN_POINT ( 'NONE',  ( -12.50000000000000000, 3.000000000000000000, 3.200000000000000178 ) ) ;
#6642 = STYLED_ITEM ( 'NONE', ( #7739 ), #5272 ) ;
#6643 =( GEOMETRIC_REPRESENTATION_CONTEXT ( 3 ) GLOBAL_UNCERTAINTY_ASSIGNED_CONTEXT ( ( #2593 ) ) GLOBAL_UNIT_ASSIGNED_CONTEXT ( ( #10440, #12371, #9514 ) ) REPRESENTATION_CONTEXT ( 'NONE', 'WORKASPACE' ) );
#6644 = AXIS2_PLACEMENT_3D ( 'NONE', #10590, #2173, #6918 ) ;
#6645 = COLOUR_RGB ( '',1.000000000000000000, 1.000000000000000000, 0.9450980392156862475 ) ;
#6646 = VECTOR ( 'NONE', #3201, 1000.000000000000000 ) ;
#6647 = MECHANICAL_DESIGN_GEOMETRIC_PRESENTATION_REPRESENTATION (  '', ( #11230 ), #9446 ) ;
#6648 = CARTESIAN_POINT ( 'NONE',  ( -2.148936176300049627, -0.5324554567782588954, -0.05000000000000000278 ) ) ;
#6649 = PRESENTATION_LAYER_ASSIGNMENT (  '', '', ( #864 ) ) ;
#6650 = EDGE_LOOP ( 'NONE', ( #1183, #626, #806, #5696 ) ) ;
#6651 = VECTOR ( 'NONE', #6938, 1000.000000000000000 ) ;
#6652 = DIRECTION ( 'NONE',  ( -0.8906051112016891702, -0.4547774575563601207, 0.000000000000000000 ) ) ;
#6653 = VECTOR ( 'NONE', #2689, 1000.000000000000000 ) ;
#6654 = VECTOR ( 'NONE', #7265, 1000.000000000000000 ) ;
#6655 = DIRECTION ( 'NONE',  ( -0.7145102486525781726, -0.6996249742329321286, 0.000000000000000000 ) ) ;
#6656 = LINE ( 'NONE', #4824, #11343 ) ;
#6657 = UNCERTAINTY_MEASURE_WITH_UNIT (LENGTH_MEASURE( 1.000000000000000082E-05 ), #5749, 'distance_accuracy_value', 'NONE');
#6658 = DIRECTION ( 'NONE',  ( -0.5627909312417452847, -0.8265992787996184754, 0.000000000000000000 ) ) ;
#6659 =( GEOMETRIC_REPRESENTATION_CONTEXT ( 3 ) GLOBAL_UNCERTAINTY_ASSIGNED_CONTEXT ( ( #8389 ) ) GLOBAL_UNIT_ASSIGNED_CONTEXT ( ( #976, #2150, #93 ) ) REPRESENTATION_CONTEXT ( 'NONE', 'WORKASPACE' ) );
#6660 = ORIENTED_EDGE ( 'NONE', *, *, #291, .T. ) ;
#6661 = DIRECTION ( 'NONE',  ( 0.000000000000000000, 0.9766444667050906414, -0.2148617826751169080 ) ) ;
#6662 = ORIENTED_EDGE ( 'NONE', *, *, #6357, .F. ) ;
#6663 = COLOUR_RGB ( '',0.2941176470588235392, 0.2941176470588235392, 0.2941176470588235392 ) ;
#6664 = PLANE ( 'NONE',  #11623 ) ;
#6665 = VECTOR ( 'NONE', #668, 1000.000000000000000 ) ;
#6666 = EDGE_LOOP ( 'NONE', ( #967, #2998, #10334, #1144 ) ) ;
#6667 =( GEOMETRIC_REPRESENTATION_CONTEXT ( 3 ) GLOBAL_UNCERTAINTY_ASSIGNED_CONTEXT ( ( #8234 ) ) GLOBAL_UNIT_ASSIGNED_CONTEXT ( ( #1377, #2115, #4240 ) ) REPRESENTATION_CONTEXT ( 'NONE', 'WORKASPACE' ) );
#6668 = VECTOR ( 'NONE', #384, 1000.000000000000000 ) ;
#6669 = SURFACE_STYLE_FILL_AREA ( #2859 ) ;
#6670 =( NAMED_UNIT ( * ) PLANE_ANGLE_UNIT ( ) SI_UNIT ( $, .RADIAN. ) );
#6671 = FILL_AREA_STYLE ('',( #6442 ) ) ;
#6672 = PRESENTATION_LAYER_ASSIGNMENT (  '', '', ( #5066 ) ) ;
#6673 = CARTESIAN_POINT ( 'NONE',  ( 4.580000000000000071, 0.2000000000000000111, 0.5999999999999999778 ) ) ;
#6674 = CARTESIAN_POINT ( 'NONE',  ( -1.676595744490619877, 1.255044447854309908, -0.05000000000000000278 ) ) ;
#6675 = ORIENTED_EDGE ( 'NONE', *, *, #11203, .F. ) ;
#6676 =( NAMED_UNIT ( * ) PLANE_ANGLE_UNIT ( ) SI_UNIT ( $, .RADIAN. ) );
#6677 = AXIS2_PLACEMENT_3D ( 'NONE', #1764, #1639, #9275 ) ;
#6678 = ORIENTED_EDGE ( 'NONE', *, *, #9478, .F. ) ;
#6679 = CARTESIAN_POINT ( 'NONE',  ( 4.549999999999999822, 1.369999999999999885, 11.19999999999999929 ) ) ;
#6680 =( LENGTH_UNIT ( ) NAMED_UNIT ( * ) SI_UNIT ( .MILLI., .METRE. ) );
#6681 = CARTESIAN_POINT ( 'NONE',  ( -2.187234044075009987, 1.317544424012449866, 0.000000000000000000 ) ) ;
#6682 = PRESENTATION_LAYER_ASSIGNMENT (  '', '', ( #12067 ) ) ;
#6683 = CARTESIAN_POINT ( 'NONE',  ( -1.753191488981250101, 0.9675444716961669744, 0.000000000000000000 ) ) ;
#6684 = DIRECTION ( 'NONE',  ( 0.000000000000000000, 0.000000000000000000, -1.000000000000000000 ) ) ;
#6685 = ORIENTED_EDGE ( 'NONE', *, *, #9492, .F. ) ;
#6686 = PRESENTATION_STYLE_ASSIGNMENT (( #1059 ) ) ;
#6687 = EDGE_CURVE ( 'NONE', #6095, #7713, #9346, .T. ) ;
#6688 = EDGE_CURVE ( 'NONE', #8867, #8690, #4336, .T. ) ;
#6689 = LINE ( 'NONE', #10724, #749 ) ;
#6690 = EDGE_LOOP ( 'NONE', ( #4850, #2606, #1114, #6630 ) ) ;
#6691 = ORIENTED_EDGE ( 'NONE', *, *, #10219, .F. ) ;
#6692 =( NAMED_UNIT ( * ) SI_UNIT ( $, .STERADIAN. ) SOLID_ANGLE_UNIT ( ) );
#6693 = FILL_AREA_STYLE_COLOUR ( '', #69 ) ;
#6694 = ORIENTED_EDGE ( 'NONE', *, *, #8217, .T. ) ;
#6695 = DIRECTION ( 'NONE',  ( -1.000000000000000000, 0.000000000000000000, 0.000000000000000000 ) ) ;
#6696 = LINE ( 'NONE', #10487, #9545 ) ;
#6697 = EDGE_CURVE ( 'NONE', #11006, #3624, #5753, .T. ) ;
#6698 = DIRECTION ( 'NONE',  ( 0.000000000000000000, 1.000000000000000000, 0.000000000000000000 ) ) ;
#6699 = LINE ( 'NONE', #8575, #4745 ) ;
#6700 =( LENGTH_UNIT ( ) NAMED_UNIT ( * ) SI_UNIT ( .MILLI., .METRE. ) );
#6701 = ORIENTED_EDGE ( 'NONE', *, *, #3242, .T. ) ;
#6702 = DIRECTION ( 'NONE',  ( 0.000000000000000000, 0.000000000000000000, -1.000000000000000000 ) ) ;
#6703 = EDGE_CURVE ( 'NONE', #7374, #3815, #3718, .T. ) ;
#6704 =( NAMED_UNIT ( * ) PLANE_ANGLE_UNIT ( ) SI_UNIT ( $, .RADIAN. ) );
#6705 = EDGE_LOOP ( 'NONE', ( #4219, #9777, #7452, #3421 ) ) ;
#6706 = ADVANCED_FACE ( 'NONE', ( #9472 ), #5634, .T. ) ;
#6707 = DIRECTION ( 'NONE',  ( -1.000000000000000000, 0.000000000000000000, 0.000000000000000000 ) ) ;
#6708 = LINE ( 'NONE', #9644, #7572 ) ;
#6709 =( NAMED_UNIT ( * ) PLANE_ANGLE_UNIT ( ) SI_UNIT ( $, .RADIAN. ) );
#6710 = PLANE ( 'NONE',  #6548 ) ;
#6711 = ORIENTED_EDGE ( 'NONE', *, *, #7089, .F. ) ;
#6712 = VECTOR ( 'NONE', #3775, 1000.000000000000000 ) ;
#6713 = PLANE ( 'NONE',  #9593 ) ;
#6714 = EDGE_CURVE ( 'NONE', #852, #191, #140, .T. ) ;
#6715 = VERTEX_POINT ( 'NONE', #8585 ) ;
#6716 = FILL_AREA_STYLE ('',( #9531 ) ) ;
#6717 = ORIENTED_EDGE ( 'NONE', *, *, #72, .T. ) ;
#6718 =( GEOMETRIC_REPRESENTATION_CONTEXT ( 3 ) GLOBAL_UNCERTAINTY_ASSIGNED_CONTEXT ( ( #5768 ) ) GLOBAL_UNIT_ASSIGNED_CONTEXT ( ( #9796, #3376, #6971 ) ) REPRESENTATION_CONTEXT ( 'NONE', 'WORKASPACE' ) );
#6719 = SURFACE_STYLE_USAGE ( .BOTH. , #2924 ) ;
#6720 = PLANE ( 'NONE',  #9332 ) ;
#6721 = SURFACE_SIDE_STYLE ('',( #1963 ) ) ;
#6722 = UNCERTAINTY_MEASURE_WITH_UNIT (LENGTH_MEASURE( 1.000000000000000082E-05 ), #7488, 'distance_accuracy_value', 'NONE');
#6723 = FACE_BOUND ( 'NONE', #7784, .T. ) ;
#6724 = PLANE ( 'NONE',  #5746 ) ;
#6725 = EDGE_LOOP ( 'NONE', ( #11934, #10759, #5437, #9937, #542, #6151, #4444, #10647, #8028, #1011, #11840, #7592 ) ) ;
#6726 = VECTOR ( 'NONE', #1865, 1000.000000000000000 ) ;
#6727 = EDGE_CURVE ( 'NONE', #8328, #11477, #6836, .T. ) ;
#6729 = ORIENTED_EDGE ( 'NONE', *, *, #4865, .F. ) ;
#6728 = LINE ( 'NONE', #2867, #4245 ) ;
#6730 = ORIENTED_EDGE ( 'NONE', *, *, #4175, .T. ) ;
#6731 = DIRECTION ( 'NONE',  ( 0.2473834390652890347, -0.9689176611437271269, 0.000000000000000000 ) ) ;
#6732 = DIRECTION ( 'NONE',  ( 0.000000000000000000, -0.9766444667050904194, 0.2148617826751180737 ) ) ;
#6733 = EDGE_CURVE ( 'NONE', #842, #553, #3893, .T. ) ;
#6734 = SURFACE_STYLE_USAGE ( .BOTH. , #9790 ) ;
#6735 = ORIENTED_EDGE ( 'NONE', *, *, #12110, .F. ) ;
#6736 = VECTOR ( 'NONE', #10145, 1000.000000000000000 ) ;
#6737 =( NAMED_UNIT ( * ) SI_UNIT ( $, .STERADIAN. ) SOLID_ANGLE_UNIT ( ) );
#6738 = VECTOR ( 'NONE', #3951, 1000.000000000000000 ) ;
#6739 = LINE ( 'NONE', #7616, #1074 ) ;
#6740 = LINE ( 'NONE', #9553, #1139 ) ;
#6741 = PLANE ( 'NONE',  #7562 ) ;
#6742 = CARTESIAN_POINT ( 'NONE',  ( -1.995744669437410357, -0.1824555044619740052, 0.000000000000000000 ) ) ;
#6743 = VERTEX_POINT ( 'NONE', #8655 ) ;
#6744 = ORIENTED_EDGE ( 'NONE', *, *, #1710, .T. ) ;
#6745 = FILL_AREA_STYLE ('',( #8749 ) ) ;
#6746 = CARTESIAN_POINT ( 'NONE',  ( -4.290000000000000036, 0.4500000000000000111, 11.19999999999999929 ) ) ;
#6747 = VECTOR ( 'NONE', #6025, 1000.000000000000114 ) ;
#6748 = PRESENTATION_LAYER_ASSIGNMENT (  '', '', ( #11724 ) ) ;
#6749 = DIRECTION ( 'NONE',  ( 0.000000000000000000, 0.000000000000000000, -1.000000000000000000 ) ) ;
#6750 = CLOSED_SHELL ( 'NONE', ( #11930, #4879, #1862, #7656, #4720, #9915, #2501, #4465, #12165, #4910, #4257, #6414, #584, #2790 ) ) ;
#6751 = PLANE ( 'NONE',  #5201 ) ;
#6752 = DIRECTION ( 'NONE',  ( 1.000000000000000000, 0.000000000000000000, 0.000000000000000000 ) ) ;
#6753 = VECTOR ( 'NONE', #512, 1000.000000000000114 ) ;
#6754 = ADVANCED_FACE ( 'NONE', ( #3830 ), #4655, .F. ) ;
#6755 =( GEOMETRIC_REPRESENTATION_CONTEXT ( 3 ) GLOBAL_UNCERTAINTY_ASSIGNED_CONTEXT ( ( #10876 ) ) GLOBAL_UNIT_ASSIGNED_CONTEXT ( ( #4251, #10066, #8138 ) ) REPRESENTATION_CONTEXT ( 'NONE', 'WORKASPACE' ) );
#6756 = VERTEX_POINT ( 'NONE', #3157 ) ;
#6757 = LINE ( 'NONE', #5927, #11728 ) ;
#6758 = DIRECTION ( 'NONE',  ( -0.2100675449707440356, 0.2100675449707440356, 0.9548524771397562949 ) ) ;
#6759 = CARTESIAN_POINT ( 'NONE',  ( -1.638297872245309872, -0.09495555214569059710, -0.05000000000000000278 ) ) ;
#6760 = STYLED_ITEM ( 'NONE', ( #8673 ), #6414 ) ;
#6761 = FILL_AREA_STYLE ('',( #9633 ) ) ;
#6762 = ORIENTED_EDGE ( 'NONE', *, *, #2903, .T. ) ;
#6763 = PRESENTATION_STYLE_ASSIGNMENT (( #7708 ) ) ;
#6764 = FILL_AREA_STYLE ('',( #2963 ) ) ;
#6765 = FILL_AREA_STYLE_COLOUR ( '', #11825 ) ;
#6766 = EDGE_CURVE ( 'NONE', #6560, #3392, #5193, .T. ) ;
#6767 =( GEOMETRIC_REPRESENTATION_CONTEXT ( 3 ) GLOBAL_UNCERTAINTY_ASSIGNED_CONTEXT ( ( #3644 ) ) GLOBAL_UNIT_ASSIGNED_CONTEXT ( ( #7209, #11760, #2279 ) ) REPRESENTATION_CONTEXT ( 'NONE', 'WORKASPACE' ) );
#6768 =( NAMED_UNIT ( * ) PLANE_ANGLE_UNIT ( ) SI_UNIT ( $, .RADIAN. ) );
#6769 = ORIENTED_EDGE ( 'NONE', *, *, #5236, .T. ) ;
#6770 = PRESENTATION_STYLE_ASSIGNMENT (( #3026 ) ) ;
#6771 = CARTESIAN_POINT ( 'NONE',  ( -2.110638308525089712, 1.305044471696169994, -0.05000000000000000278 ) ) ;
#6772 = CARTESIAN_POINT ( 'NONE',  ( -1.600000000000000089, 1.142544447854309864, 0.000000000000000000 ) ) ;
#6773 = LINE ( 'NONE', #10016, #11653 ) ;
#6774 = DIRECTION ( 'NONE',  ( 0.000000000000000000, 0.000000000000000000, -1.000000000000000000 ) ) ;
#6775 = UNCERTAINTY_MEASURE_WITH_UNIT (LENGTH_MEASURE( 1.000000000000000082E-05 ), #2709, 'distance_accuracy_value', 'NONE');
#6776 = LINE ( 'NONE', #8528, #10214 ) ;
#6777 = SURFACE_STYLE_USAGE ( .BOTH. , #8587 ) ;
#6778 = ORIENTED_EDGE ( 'NONE', *, *, #435, .F. ) ;
#6779 = DIRECTION ( 'NONE',  ( -0.2100675449707459508, -0.2100675449707439524, 0.9548524771397558508 ) ) ;
#6780 = ORIENTED_EDGE ( 'NONE', *, *, #9588, .F. ) ;
#6781 =( NAMED_UNIT ( * ) PLANE_ANGLE_UNIT ( ) SI_UNIT ( $, .RADIAN. ) );
#6782 = EDGE_CURVE ( 'NONE', #10069, #5001, #1395, .T. ) ;
#6783 = ORIENTED_EDGE ( 'NONE', *, *, #12180, .F. ) ;
#6784 = CARTESIAN_POINT ( 'NONE',  ( 12.50000000000000000, 3.000000000000000000, 3.200000000000000178 ) ) ;
#6785 = EDGE_CURVE ( 'NONE', #8659, #2526, #2141, .T. ) ;
#6786 = PRESENTATION_STYLE_ASSIGNMENT (( #2988 ) ) ;
#6787 = UNCERTAINTY_MEASURE_WITH_UNIT (LENGTH_MEASURE( 1.000000000000000082E-05 ), #8508, 'distance_accuracy_value', 'NONE');
#6788 = FACE_BOUND ( 'NONE', #3838, .T. ) ;
#6789 =( NAMED_UNIT ( * ) SI_UNIT ( $, .STERADIAN. ) SOLID_ANGLE_UNIT ( ) );
#6790 = EDGE_LOOP ( 'NONE', ( #11024, #10387, #517, #11090 ) ) ;
#6791 =( NAMED_UNIT ( * ) SI_UNIT ( $, .STERADIAN. ) SOLID_ANGLE_UNIT ( ) );
#6792 = ORIENTED_EDGE ( 'NONE', *, *, #3482, .T. ) ;
#6793 = ORIENTED_EDGE ( 'NONE', *, *, #2241, .F. ) ;
#6794 = LINE ( 'NONE', #11720, #2814 ) ;
#6795 = FILL_AREA_STYLE ('',( #2932 ) ) ;
#6796 = CARTESIAN_POINT ( 'NONE',  ( -4.540000000000000036, 0.2000000000000000111, 3.200000000000000178 ) ) ;
#6797 = EDGE_CURVE ( 'NONE', #4126, #9862, #10813, .T. ) ;
#6798 =( LENGTH_UNIT ( ) NAMED_UNIT ( * ) SI_UNIT ( .MILLI., .METRE. ) );
#6799 = CARTESIAN_POINT ( 'NONE',  ( -12.21000000000000085, 0.4500000000000000111, 11.19999999999999929 ) ) ;
#6800 = CARTESIAN_POINT ( 'NONE',  ( -2.200000000000000178, -0.4824556475131219768, 0.000000000000000000 ) ) ;
#6801 = FACE_OUTER_BOUND ( 'NONE', #8223, .T. ) ;
#6802 = CARTESIAN_POINT ( 'NONE',  ( -0.5500000000000080380, 0.2300000000000000100, 10.20000000000000107 ) ) ;
#6803 = ORIENTED_EDGE ( 'NONE', *, *, #3873, .F. ) ;
#6804 = ORIENTED_EDGE ( 'NONE', *, *, #7259, .F. ) ;
#6805 = ORIENTED_EDGE ( 'NONE', *, *, #3482, .F. ) ;
#6806 = FILL_AREA_STYLE ('',( #2057 ) ) ;
#6807 = STYLED_ITEM ( 'NONE', ( #4135 ), #2350 ) ;
#6808 =( LENGTH_UNIT ( ) NAMED_UNIT ( * ) SI_UNIT ( .MILLI., .METRE. ) );
#6809 = SURFACE_SIDE_STYLE ('',( #5867 ) ) ;
#6810 = AXIS2_PLACEMENT_3D ( 'NONE', #2097, #7733, #11530 ) ;
#6811 = EDGE_LOOP ( 'NONE', ( #6769, #5377, #5639, #2934 ) ) ;
#6812 = VECTOR ( 'NONE', #1463, 1000.000000000000000 ) ;
#6813 = CARTESIAN_POINT ( 'NONE',  ( -2.200000000000000178, 1.142544447854309864, 0.000000000000000000 ) ) ;
#6814 =( LENGTH_UNIT ( ) NAMED_UNIT ( * ) SI_UNIT ( .MILLI., .METRE. ) );
#6815 = FILL_AREA_STYLE ('',( #11369 ) ) ;
#6816 = DIRECTION ( 'NONE',  ( 0.000000000000000000, 0.000000000000000000, -1.000000000000000000 ) ) ;
#6817 = DIRECTION ( 'NONE',  ( -0.7145107489524067379, -0.6996244632883207304, 0.000000000000000000 ) ) ;
#6818 = EDGE_CURVE ( 'NONE', #3782, #8909, #8091, .T. ) ;
#6819 = ORIENTED_EDGE ( 'NONE', *, *, #4981, .T. ) ;
#6820 = DIRECTION ( 'NONE',  ( -0.9766444667050901973, 0.000000000000000000, 0.2148617826751190452 ) ) ;
#6821 = STYLED_ITEM ( 'NONE', ( #9928 ), #10352 ) ;
#6822 = CARTESIAN_POINT ( 'NONE',  ( -1.638297872245309872, -0.09495555214569059710, 0.000000000000000000 ) ) ;
#6823 = STYLED_ITEM ( 'NONE', ( #4362 ), #2790 ) ;
#6824 = VECTOR ( 'NONE', #11734, 1000.000000000000000 ) ;
#6825 = VECTOR ( 'NONE', #2378, 1000.000000000000114 ) ;
#6826 = COLOUR_RGB ( '',0.7803921568627451011, 0.7803921568627451011, 0.7803921568627451011 ) ;
#6827 = CARTESIAN_POINT ( 'NONE',  ( -2.187234044075009987, -0.04495559982940579291, 0.000000000000000000 ) ) ;
#6828 = MECHANICAL_DESIGN_GEOMETRIC_PRESENTATION_REPRESENTATION (  '', ( #2851 ), #9829 ) ;
#6829 = ORIENTED_EDGE ( 'NONE', *, *, #4404, .F. ) ;
#6830 = PLANE ( 'NONE',  #3692 ) ;
#6831 = PLANE ( 'NONE',  #6263 ) ;
#6832 = LINE ( 'NONE', #1094, #7547 ) ;
#6833 = VECTOR ( 'NONE', #8059, 1000.000000000000114 ) ;
#6834 =( LENGTH_UNIT ( ) NAMED_UNIT ( * ) SI_UNIT ( .MILLI., .METRE. ) );
#6835 = VECTOR ( 'NONE', #6749, 1000.000000000000000 ) ;
#6836 = LINE ( 'NONE', #10382, #7527 ) ;
#6837 = ADVANCED_FACE ( 'NONE', ( #4198 ), #10692, .T. ) ;
#6838 = SURFACE_STYLE_USAGE ( .BOTH. , #1096 ) ;
#6839 = PRESENTATION_LAYER_ASSIGNMENT (  '', '', ( #12219 ) ) ;
#6840 = DIRECTION ( 'NONE',  ( 0.000000000000000000, 1.000000000000000000, 0.000000000000000000 ) ) ;
#6841 = ORIENTED_EDGE ( 'NONE', *, *, #5101, .T. ) ;
#6842 = AXIS2_PLACEMENT_3D ( 'NONE', #8972, #2287, #10039 ) ;
#6843 = DIRECTION ( 'NONE',  ( 0.000000000000000000, -1.000000000000000000, 0.000000000000000000 ) ) ;
#6844 = MECHANICAL_DESIGN_GEOMETRIC_PRESENTATION_REPRESENTATION (  '', ( #890 ), #11627 ) ;
#6845 =( NAMED_UNIT ( * ) PLANE_ANGLE_UNIT ( ) SI_UNIT ( $, .RADIAN. ) );
#6846 = VECTOR ( 'NONE', #211, 1000.000000000000000 ) ;
#6847 = EDGE_LOOP ( 'NONE', ( #4260, #2165, #3245, #3688 ) ) ;
#6848 = VECTOR ( 'NONE', #6967, 1000.000000000000114 ) ;
#6849 = AXIS2_PLACEMENT_3D ( 'NONE', #8788, #10709, #2929 ) ;
#6850 = VECTOR ( 'NONE', #2671, 1000.000000000000227 ) ;
#6851 = LINE ( 'NONE', #3962, #10623 ) ;
#6852 = LINE ( 'NONE', #9781, #10508 ) ;
#6853 = UNCERTAINTY_MEASURE_WITH_UNIT (LENGTH_MEASURE( 1.000000000000000082E-05 ), #1713, 'distance_accuracy_value', 'NONE');
#6854 = DIRECTION ( 'NONE',  ( 0.000000000000000000, 0.000000000000000000, -1.000000000000000000 ) ) ;
#6855 = LINE ( 'NONE', #2098, #7768 ) ;
#6856 = EDGE_CURVE ( 'NONE', #5667, #8480, #5132, .T. ) ;
#6857 = ORIENTED_EDGE ( 'NONE', *, *, #4503, .T. ) ;
#6858 = SURFACE_STYLE_USAGE ( .BOTH. , #11407 ) ;
#6859 = ORIENTED_EDGE ( 'NONE', *, *, #9692, .T. ) ;
#6860 = ORIENTED_EDGE ( 'NONE', *, *, #8557, .T. ) ;
#6861 = PLANE ( 'NONE',  #2411 ) ;
#6862 = AXIS2_PLACEMENT_3D ( 'NONE', #10455, #966, #5823 ) ;
#6863 = FACE_OUTER_BOUND ( 'NONE', #10091, .T. ) ;
#6864 = EDGE_CURVE ( 'NONE', #9048, #1301, #7898, .T. ) ;
#6865 = COLOUR_RGB ( '',0.2941176470588235392, 0.2941176470588235392, 0.2941176470588235392 ) ;
#6866 = EDGE_CURVE ( 'NONE', #4699, #9685, #9770, .T. ) ;
#6867 = VECTOR ( 'NONE', #77, 1000.000000000000000 ) ;
#6868 = VECTOR ( 'NONE', #6817, 1000.000000000000000 ) ;
#6869 =( GEOMETRIC_REPRESENTATION_CONTEXT ( 3 ) GLOBAL_UNCERTAINTY_ASSIGNED_CONTEXT ( ( #4768 ) ) GLOBAL_UNIT_ASSIGNED_CONTEXT ( ( #11248, #1559, #9377 ) ) REPRESENTATION_CONTEXT ( 'NONE', 'WORKASPACE' ) );
#6870 = CARTESIAN_POINT ( 'NONE',  ( 7.370000000000000107, 1.369999999999999885, -2.399999999999999911 ) ) ;
#6871 = LINE ( 'NONE', #11905, #5142 ) ;
#6872 =( GEOMETRIC_REPRESENTATION_CONTEXT ( 3 ) GLOBAL_UNCERTAINTY_ASSIGNED_CONTEXT ( ( #5502 ) ) GLOBAL_UNIT_ASSIGNED_CONTEXT ( ( #4753, #1874, #3704 ) ) REPRESENTATION_CONTEXT ( 'NONE', 'WORKASPACE' ) );
#6873 = ORIENTED_EDGE ( 'NONE', *, *, #10358, .T. ) ;
#6874 = ORIENTED_EDGE ( 'NONE', *, *, #3653, .F. ) ;
#6875 = SURFACE_SIDE_STYLE ('',( #3357 ) ) ;
#6876 = FILL_AREA_STYLE ('',( #3871 ) ) ;
#6877 = EDGE_CURVE ( 'NONE', #8659, #4476, #2320, .T. ) ;
#6878 = CARTESIAN_POINT ( 'NONE',  ( 3.279999999999999805, 4.000000000000000000, 0.000000000000000000 ) ) ;
#6879 = ADVANCED_FACE ( 'NONE', ( #9709 ), #4956, .T. ) ;
#6880 = ORIENTED_EDGE ( 'NONE', *, *, #8919, .F. ) ;
#6881 = SURFACE_SIDE_STYLE ('',( #8572 ) ) ;
#6882 = CARTESIAN_POINT ( 'NONE',  ( -1.600000000000000089, -0.2824555521456910134, 0.000000000000000000 ) ) ;
#6883 = FILL_AREA_STYLE_COLOUR ( '', #11785 ) ;
#6884 = DIRECTION ( 'NONE',  ( 0.4547769889117450060, -0.8906053505096219736, 0.000000000000000000 ) ) ;
#6885 = SURFACE_STYLE_FILL_AREA ( #11494 ) ;
#6886 = CARTESIAN_POINT ( 'NONE',  ( 4.549999999999999822, 1.369999999999999885, -2.399999999999999911 ) ) ;
#6887 = ORIENTED_EDGE ( 'NONE', *, *, #8366, .F. ) ;
#6888 = DIRECTION ( 'NONE',  ( 0.000000000000000000, 0.000000000000000000, -1.000000000000000000 ) ) ;
#6889 = VERTEX_POINT ( 'NONE', #3408 ) ;
#6890 = VERTEX_POINT ( 'NONE', #11071 ) ;
#6891 = DIRECTION ( 'NONE',  ( -1.000000000000000000, 0.000000000000000000, 0.000000000000000000 ) ) ;
#6892 = CARTESIAN_POINT ( 'NONE',  ( -12.42999999999999972, 1.369999999999999885, 10.20000000000000107 ) ) ;
#6893 = DIRECTION ( 'NONE',  ( 0.000000000000000000, 0.000000000000000000, -1.000000000000000000 ) ) ;
#6894 = CARTESIAN_POINT ( 'NONE',  ( 8.290000000000000924, 1.149999999999999911, -3.399999999999999911 ) ) ;
#6895 =( LENGTH_UNIT ( ) NAMED_UNIT ( * ) SI_UNIT ( .MILLI., .METRE. ) );
#6896 = UNCERTAINTY_MEASURE_WITH_UNIT (LENGTH_MEASURE( 1.000000000000000082E-05 ), #5942, 'distance_accuracy_value', 'NONE');
#6897 = CARTESIAN_POINT ( 'NONE',  ( -2.200000000000000178, 1.142544447854309864, -0.05000000000000000278 ) ) ;
#6898 = DIRECTION ( 'NONE',  ( -0.8373795927994416299, -0.5466218231675726846, 0.000000000000000000 ) ) ;
#6899 = EDGE_LOOP ( 'NONE', ( #2326, #6311, #4377, #10780 ) ) ;
#6900 =( NAMED_UNIT ( * ) SI_UNIT ( $, .STERADIAN. ) SOLID_ANGLE_UNIT ( ) );
#6901 = EDGE_LOOP ( 'NONE', ( #6296, #9405, #1994, #325 ) ) ;
#6902 = ORIENTED_EDGE ( 'NONE', *, *, #8906, .F. ) ;
#6903 = EDGE_CURVE ( 'NONE', #3994, #7604, #12076, .T. ) ;
#6904 = CARTESIAN_POINT ( 'NONE',  ( 12.85999999999999943, 2.000000000000000000, 3.200000000000000178 ) ) ;
#6905 =( LENGTH_UNIT ( ) NAMED_UNIT ( * ) SI_UNIT ( .MILLI., .METRE. ) );
#6906 = ORIENTED_EDGE ( 'NONE', *, *, #5184, .F. ) ;
#6908 = ORIENTED_EDGE ( 'NONE', *, *, #1056, .F. ) ;
#6907 =( NAMED_UNIT ( * ) SI_UNIT ( $, .STERADIAN. ) SOLID_ANGLE_UNIT ( ) );
#6909 = ORIENTED_EDGE ( 'NONE', *, *, #4389, .F. ) ;
#6910 = CARTESIAN_POINT ( 'NONE',  ( -1.804255312681200207, -0.6449554567782590508, 0.000000000000000000 ) ) ;
#6911 = ORIENTED_EDGE ( 'NONE', *, *, #6864, .F. ) ;
#6912 = EDGE_CURVE ( 'NONE', #6951, #7099, #10188, .T. ) ;
#6913 = STYLED_ITEM ( 'NONE', ( #6986 ), #9384 ) ;
#6914 = CARTESIAN_POINT ( 'NONE',  ( -2.085106396675110219, 1.342544471696169861, 0.000000000000000000 ) ) ;
#6915 = CARTESIAN_POINT ( 'NONE',  ( 4.330000000000000071, 1.149999999999999911, -3.399999999999999911 ) ) ;
#6916 = DIRECTION ( 'NONE',  ( -0.8906053746977092844, -0.4547769415433821627, 0.000000000000000000 ) ) ;
#6917 = FILL_AREA_STYLE_COLOUR ( '', #3553 ) ;
#6919 = ORIENTED_EDGE ( 'NONE', *, *, #2241, .T. ) ;
#6918 = DIRECTION ( 'NONE',  ( 0.000000000000000000, 0.000000000000000000, 1.000000000000000000 ) ) ;
#6920 = ORIENTED_EDGE ( 'NONE', *, *, #2281, .F. ) ;
#6921 =( LENGTH_UNIT ( ) NAMED_UNIT ( * ) SI_UNIT ( .MILLI., .METRE. ) );
#6922 = VECTOR ( 'NONE', #1542, 1000.000000000000000 ) ;
#6923 = LINE ( 'NONE', #5792, #9222 ) ;
#6924 =( NAMED_UNIT ( * ) PLANE_ANGLE_UNIT ( ) SI_UNIT ( $, .RADIAN. ) );
#6925 = MECHANICAL_DESIGN_GEOMETRIC_PRESENTATION_REPRESENTATION (  '', ( #4930 ), #5713 ) ;
#6926 = VECTOR ( 'NONE', #5391, 1000.000000000000000 ) ;
#6927 = ADVANCED_FACE ( 'NONE', ( #1575, #8203 ), #2459, .T. ) ;
#6928 =( GEOMETRIC_REPRESENTATION_CONTEXT ( 3 ) GLOBAL_UNCERTAINTY_ASSIGNED_CONTEXT ( ( #9782 ) ) GLOBAL_UNIT_ASSIGNED_CONTEXT ( ( #5320, #7191, #8146 ) ) REPRESENTATION_CONTEXT ( 'NONE', 'WORKASPACE' ) );
#6929 = ORIENTED_EDGE ( 'NONE', *, *, #5907, .T. ) ;
#6930 = CARTESIAN_POINT ( 'NONE',  ( -1.995744669437410357, -0.1824555044619740052, -0.05000000000000000278 ) ) ;
#6932 = COLOUR_RGB ( '',1.000000000000000000, 1.000000000000000000, 0.9450980392156862475 ) ;
#6931 = CARTESIAN_POINT ( 'NONE',  ( -3.370000000000000107, 1.369999999999999885, 10.20000000000000107 ) ) ;
#6933 = ADVANCED_FACE ( 'NONE', ( #9270 ), #5271, .T. ) ;
#6934 =( NAMED_UNIT ( * ) PLANE_ANGLE_UNIT ( ) SI_UNIT ( $, .RADIAN. ) );
#6935 = CARTESIAN_POINT ( 'NONE',  ( -1.600000000000000089, 0.3175444478543100191, 0.000000000000000000 ) ) ;
#6936 = ORIENTED_EDGE ( 'NONE', *, *, #5390, .F. ) ;
#6937 = LINE ( 'NONE', #2125, #828 ) ;
#6938 = DIRECTION ( 'NONE',  ( 0.000000000000000000, 0.000000000000000000, -1.000000000000000000 ) ) ;
#6939 = STYLED_ITEM ( 'NONE', ( #2665 ), #128 ) ;
#6940 = ADVANCED_FACE ( 'NONE', ( #8461 ), #11547, .F. ) ;
#6941 = CARTESIAN_POINT ( 'NONE',  ( -0.3300000000000110068, 1.149999999999999911, -3.399999999999999911 ) ) ;
#6942 = ORIENTED_EDGE ( 'NONE', *, *, #7327, .T. ) ;
#6943 = CARTESIAN_POINT ( 'NONE',  ( -3.370000000000000107, 1.369999999999999885, -2.399999999999999911 ) ) ;
#6944 = EDGE_CURVE ( 'NONE', #9868, #5864, #11320, .T. ) ;
#6945 = LINE ( 'NONE', #2195, #7942 ) ;
#6946 =( LENGTH_UNIT ( ) NAMED_UNIT ( * ) SI_UNIT ( .MILLI., .METRE. ) );
#6947 = CARTESIAN_POINT ( 'NONE',  ( -12.56000000000000050, -4.000000000000000000, 0.5999999999999999778 ) ) ;
#6948 = CARTESIAN_POINT ( 'NONE',  ( -8.500000000000000000, 0.2000000000000000111, 0.5999999999999999778 ) ) ;
#6949 = COLOUR_RGB ( '',0.7803921568627451011, 0.7803921568627451011, 0.7803921568627451011 ) ;
#6950 =( NAMED_UNIT ( * ) SI_UNIT ( $, .STERADIAN. ) SOLID_ANGLE_UNIT ( ) );
#6951 = VERTEX_POINT ( 'NONE', #821 ) ;
#6952 = MECHANICAL_DESIGN_GEOMETRIC_PRESENTATION_REPRESENTATION (  '', ( #7570 ), #1962 ) ;
#6953 = DIRECTION ( 'NONE',  ( 0.000000000000000000, 1.000000000000000000, 0.000000000000000000 ) ) ;
#6954 = ORIENTED_EDGE ( 'NONE', *, *, #11643, .F. ) ;
#6955 = CARTESIAN_POINT ( 'NONE',  ( -1.600000000000000089, 1.142544447854309864, 0.000000000000000000 ) ) ;
#6956 = UNCERTAINTY_MEASURE_WITH_UNIT (LENGTH_MEASURE( 1.000000000000000082E-05 ), #10534, 'distance_accuracy_value', 'NONE');
#6957 = LINE ( 'NONE', #5147, #2656 ) ;
#6958 = FILL_AREA_STYLE_COLOUR ( '', #1382 ) ;
#6959 = SURFACE_SIDE_STYLE ('',( #280 ) ) ;
#6960 = ORIENTED_EDGE ( 'NONE', *, *, #10699, .F. ) ;
#6961 =( NAMED_UNIT ( * ) SI_UNIT ( $, .STERADIAN. ) SOLID_ANGLE_UNIT ( ) );
#6962 = ORIENTED_EDGE ( 'NONE', *, *, #6565, .F. ) ;
#6963 = ORIENTED_EDGE ( 'NONE', *, *, #1180, .F. ) ;
#6964 = SURFACE_STYLE_FILL_AREA ( #4152 ) ;
#6965 = EDGE_CURVE ( 'NONE', #3413, #10860, #229, .T. ) ;
#6966 = DIRECTION ( 'NONE',  ( -0.8981377659536456948, 0.4397141723526708512, 0.000000000000000000 ) ) ;
#6967 = DIRECTION ( 'NONE',  ( 0.2473831068378049003, 0.9689177459677756898, 0.000000000000000000 ) ) ;
#6968 = CARTESIAN_POINT ( 'NONE',  ( -3.239999999999999769, 4.000000000000000000, 0.5999999999999999778 ) ) ;
#6969 = ORIENTED_EDGE ( 'NONE', *, *, #5508, .F. ) ;
#6970 =( NAMED_UNIT ( * ) SI_UNIT ( $, .STERADIAN. ) SOLID_ANGLE_UNIT ( ) );
#6971 =( NAMED_UNIT ( * ) SI_UNIT ( $, .STERADIAN. ) SOLID_ANGLE_UNIT ( ) );
#6972 = SURFACE_SIDE_STYLE ('',( #9044 ) ) ;
#6973 = CARTESIAN_POINT ( 'NONE',  ( 7.370000000000000107, 1.369999999999999885, 10.20000000000000107 ) ) ;
#6975 = EDGE_LOOP ( 'NONE', ( #3434, #10172, #3931, #5691 ) ) ;
#6974 = DIRECTION ( 'NONE',  ( -0.9766444667050901973, 0.000000000000000000, -0.2148617826751190452 ) ) ;
#6976 = ORIENTED_EDGE ( 'NONE', *, *, #11104, .F. ) ;
#6977 = PLANE ( 'NONE',  #8225 ) ;
#6978 = EDGE_CURVE ( 'NONE', #862, #8799, #8746, .T. ) ;
#6979 = DIRECTION ( 'NONE',  ( 1.000000000000000000, 0.000000000000000000, 0.000000000000000000 ) ) ;
#6980 = CARTESIAN_POINT ( 'NONE',  ( 4.580000000000000071, 0.2000000000000000111, 0.5999999999999999778 ) ) ;
#6981 = LINE ( 'NONE', #5112, #1657 ) ;
#6982 = VERTEX_POINT ( 'NONE', #5051 ) ;
#6983 = CARTESIAN_POINT ( 'NONE',  ( 3.409999999999999698, 0.2300000000000000100, 10.20000000000000107 ) ) ;
#6984 = CARTESIAN_POINT ( 'NONE',  ( -1.612765957042569864, -0.04495559982940600108, 0.000000000000000000 ) ) ;
#6985 = FILL_AREA_STYLE ('',( #3204 ) ) ;
#6986 = PRESENTATION_STYLE_ASSIGNMENT (( #3397 ) ) ;
#6987 = VECTOR ( 'NONE', #10388, 1000.000000000000000 ) ;
#6988 =( LENGTH_UNIT ( ) NAMED_UNIT ( * ) SI_UNIT ( .MILLI., .METRE. ) );
#6989 = CARTESIAN_POINT ( 'NONE',  ( -2.187234044075009987, 1.080044471696169905, 0.000000000000000000 ) ) ;
#6990 = EDGE_CURVE ( 'NONE', #2799, #9299, #3919, .T. ) ;
#6991 = ORIENTED_EDGE ( 'NONE', *, *, #2177, .F. ) ;
#6992 = FILL_AREA_STYLE_COLOUR ( '', #7818 ) ;
#6993 = SURFACE_SIDE_STYLE ('',( #1200 ) ) ;
#6994 = ORIENTED_EDGE ( 'NONE', *, *, #3521, .F. ) ;
#6995 = ADVANCED_FACE ( 'NONE', ( #9684 ), #2712, .T. ) ;
#6996 = VECTOR ( 'NONE', #5137, 1000.000000000000000 ) ;
#6997 = STYLED_ITEM ( 'NONE', ( #5741 ), #4720 ) ;
#6998 = ORIENTED_EDGE ( 'NONE', *, *, #6085, .F. ) ;
#6999 = DIRECTION ( 'NONE',  ( 0.2001234451614848919, -0.9797706908745015264, 0.000000000000000000 ) ) ;
#7000 = PRESENTATION_STYLE_ASSIGNMENT (( #7895 ) ) ;
#7001 = LINE ( 'NONE', #1331, #9349 ) ;
#7002 = VECTOR ( 'NONE', #249, 1000.000000000000000 ) ;
#7003 = DIRECTION ( 'NONE',  ( -1.000000000000000000, 0.000000000000000000, 0.000000000000000000 ) ) ;
#7004 = DIRECTION ( 'NONE',  ( 0.000000000000000000, 1.000000000000000000, 0.000000000000000000 ) ) ;
#7005 = UNCERTAINTY_MEASURE_WITH_UNIT (LENGTH_MEASURE( 1.000000000000000082E-05 ), #3430, 'distance_accuracy_value', 'NONE');
#7006 = DIRECTION ( 'NONE',  ( -1.000000000000000000, 0.000000000000000000, 0.000000000000000000 ) ) ;
#7007 = VECTOR ( 'NONE', #4173, 1000.000000000000000 ) ;
#7008 = LINE ( 'NONE', #1337, #6996 ) ;
#7009 = MECHANICAL_DESIGN_GEOMETRIC_PRESENTATION_REPRESENTATION (  '', ( #10021 ), #7828 ) ;
#7010 = ORIENTED_EDGE ( 'NONE', *, *, #7418, .F. ) ;
#7011 = VECTOR ( 'NONE', #61, 1000.000000000000000 ) ;
#7012 = ADVANCED_FACE ( 'NONE', ( #9801 ), #1242, .T. ) ;
#7013 = VERTEX_POINT ( 'NONE', #4167 ) ;
#7014 = AXIS2_PLACEMENT_3D ( 'NONE', #7378, #4551, #7507 ) ;
#7015 = FILL_AREA_STYLE ('',( #167 ) ) ;
#7016 = MECHANICAL_DESIGN_GEOMETRIC_PRESENTATION_REPRESENTATION (  '', ( #2229 ), #8035 ) ;
#7017 = DIRECTION ( 'NONE',  ( 0.000000000000000000, 0.000000000000000000, -1.000000000000000000 ) ) ;
#7018 = LINE ( 'NONE', #1163, #3152 ) ;
#7019 = VECTOR ( 'NONE', #1758, 1000.000000000000000 ) ;
#7020 = COLOUR_RGB ( '',1.000000000000000000, 1.000000000000000000, 0.9450980392156862475 ) ;
#7021 = FILL_AREA_STYLE ('',( #8728 ) ) ;
#7022 = CARTESIAN_POINT ( 'NONE',  ( 3.629999999999999893, 1.149999999999999911, 11.19999999999999929 ) ) ;
#7023 = FACE_OUTER_BOUND ( 'NONE', #4367, .T. ) ;
#7024 = VECTOR ( 'NONE', #8469, 1000.000000000000114 ) ;
#7025 = PRESENTATION_STYLE_ASSIGNMENT (( #5343 ) ) ;
#7027 = ORIENTED_EDGE ( 'NONE', *, *, #9455, .F. ) ;
#7026 = FILL_AREA_STYLE_COLOUR ( '', #3475 ) ;
#7028 = ORIENTED_EDGE ( 'NONE', *, *, #1130, .F. ) ;
#7029 =( NAMED_UNIT ( * ) SI_UNIT ( $, .STERADIAN. ) SOLID_ANGLE_UNIT ( ) );
#7030 = LINE ( 'NONE', #5293, #7257 ) ;
#7031 =( GEOMETRIC_REPRESENTATION_CONTEXT ( 3 ) GLOBAL_UNCERTAINTY_ASSIGNED_CONTEXT ( ( #7208 ) ) GLOBAL_UNIT_ASSIGNED_CONTEXT ( ( #10049, #9297, #538 ) ) REPRESENTATION_CONTEXT ( 'NONE', 'WORKASPACE' ) );
#7032 = PRESENTATION_LAYER_ASSIGNMENT (  '', '', ( #6615 ) ) ;
#7033 =( GEOMETRIC_REPRESENTATION_CONTEXT ( 3 ) GLOBAL_UNCERTAINTY_ASSIGNED_CONTEXT ( ( #5755 ) ) GLOBAL_UNIT_ASSIGNED_CONTEXT ( ( #11591, #3908, #10656 ) ) REPRESENTATION_CONTEXT ( 'NONE', 'WORKASPACE' ) );
#7034 = ORIENTED_EDGE ( 'NONE', *, *, #1926, .T. ) ;
#7035 = MECHANICAL_DESIGN_GEOMETRIC_PRESENTATION_REPRESENTATION (  '', ( #10423 ), #7647 ) ;
#7036 = PRESENTATION_LAYER_ASSIGNMENT (  '', '', ( #1462 ) ) ;
#7037 = MECHANICAL_DESIGN_GEOMETRIC_PRESENTATION_REPRESENTATION (  '', ( #11433 ), #440 ) ;
#7038 = LINE ( 'NONE', #10844, #11315 ) ;
#7039 = AXIS2_PLACEMENT_3D ( 'NONE', #8102, #3487, #2475 ) ;
#7040 = DIRECTION ( 'NONE',  ( 0.000000000000000000, 0.000000000000000000, -1.000000000000000000 ) ) ;
#7041 = CARTESIAN_POINT ( 'NONE',  ( 12.50000000000000000, 1.399999999999999911, 3.200000000000000178 ) ) ;
#7042 =( NAMED_UNIT ( * ) PLANE_ANGLE_UNIT ( ) SI_UNIT ( $, .RADIAN. ) );
#7043 = LINE ( 'NONE', #5166, #335 ) ;
#7044 = VECTOR ( 'NONE', #841, 1000.000000000000114 ) ;
#7046 = ORIENTED_EDGE ( 'NONE', *, *, #6625, .F. ) ;
#7045 = LINE ( 'NONE', #608, #10216 ) ;
#7047 = ORIENTED_EDGE ( 'NONE', *, *, #10627, .T. ) ;
#7048 =( GEOMETRIC_REPRESENTATION_CONTEXT ( 3 ) GLOBAL_UNCERTAINTY_ASSIGNED_CONTEXT ( ( #6722 ) ) GLOBAL_UNIT_ASSIGNED_CONTEXT ( ( #7488, #11392, #6543 ) ) REPRESENTATION_CONTEXT ( 'NONE', 'WORKASPACE' ) );
#7049 = LINE ( 'NONE', #7175, #10587 ) ;
#7050 = COLOUR_RGB ( '',0.7921568627450980005, 0.8196078431372548767, 0.9333333333333333481 ) ;
#7051 = SURFACE_SIDE_STYLE ('',( #9054 ) ) ;
#7052 = MECHANICAL_DESIGN_GEOMETRIC_PRESENTATION_REPRESENTATION (  '', ( #9040 ), #3075 ) ;
#7053 =( NAMED_UNIT ( * ) SI_UNIT ( $, .STERADIAN. ) SOLID_ANGLE_UNIT ( ) );
#7054 = PRESENTATION_STYLE_ASSIGNMENT (( #4053 ) ) ;
#7055 = SURFACE_SIDE_STYLE ('',( #11782 ) ) ;
#7056 = VECTOR ( 'NONE', #10938, 1000.000000000000000 ) ;
#7057 =( GEOMETRIC_REPRESENTATION_CONTEXT ( 3 ) GLOBAL_UNCERTAINTY_ASSIGNED_CONTEXT ( ( #3662 ) ) GLOBAL_UNIT_ASSIGNED_CONTEXT ( ( #645, #10266, #6471 ) ) REPRESENTATION_CONTEXT ( 'NONE', 'WORKASPACE' ) );
#7058 =( NAMED_UNIT ( * ) PLANE_ANGLE_UNIT ( ) SI_UNIT ( $, .RADIAN. ) );
#7059 = EDGE_CURVE ( 'NONE', #7013, #9704, #3244, .T. ) ;
#7060 =( LENGTH_UNIT ( ) NAMED_UNIT ( * ) SI_UNIT ( .MILLI., .METRE. ) );
#7061 = STYLED_ITEM ( 'NONE', ( #3824 ), #11483 ) ;
#7062 = ORIENTED_EDGE ( 'NONE', *, *, #10793, .F. ) ;
#7063 = FILL_AREA_STYLE ('',( #5178 ) ) ;
#7064 = SURFACE_SIDE_STYLE ('',( #3261 ) ) ;
#7065 = CARTESIAN_POINT ( 'NONE',  ( 3.409999999999999698, 0.2300000000000000100, 11.19999999999999929 ) ) ;
#7066 = DIRECTION ( 'NONE',  ( -0.9713210491250660050, 0.2377717803411100173, 0.000000000000000000 ) ) ;
#7067 = FILL_AREA_STYLE ('',( #4306 ) ) ;
#7068 = DIRECTION ( 'NONE',  ( 0.9506450282288427811, -0.3102805670740320099, 0.000000000000000000 ) ) ;
#7069 = MECHANICAL_DESIGN_GEOMETRIC_PRESENTATION_REPRESENTATION (  '', ( #8285 ), #3293 ) ;
#7070 = FILL_AREA_STYLE ('',( #5879 ) ) ;
#7071 = ORIENTED_EDGE ( 'NONE', *, *, #10665, .F. ) ;
#7072 = EDGE_CURVE ( 'NONE', #472, #7713, #7045, .T. ) ;
#7073 = COLOUR_RGB ( '',0.2941176470588235392, 0.2941176470588235392, 0.2941176470588235392 ) ;
#7074 = SURFACE_STYLE_FILL_AREA ( #11869 ) ;
#7075 = ORIENTED_EDGE ( 'NONE', *, *, #1647, .F. ) ;
#7076 = LINE ( 'NONE', #5076, #3288 ) ;
#7077 = FACE_BOUND ( 'NONE', #7328, .T. ) ;
#7078 = UNCERTAINTY_MEASURE_WITH_UNIT (LENGTH_MEASURE( 1.000000000000000082E-05 ), #3619, 'distance_accuracy_value', 'NONE');
#7079 = CARTESIAN_POINT ( 'NONE',  ( -1.804255312681200207, -0.4199554567782590175, -0.05000000000000000278 ) ) ;
#7080 = DIRECTION ( 'NONE',  ( 0.000000000000000000, -1.000000000000000000, 0.000000000000000000 ) ) ;
#7081 = DIRECTION ( 'NONE',  ( 0.000000000000000000, -1.000000000000000000, 0.000000000000000000 ) ) ;
#7082 = PLANE ( 'NONE',  #5140 ) ;
#7083 = ADVANCED_FACE ( 'NONE', ( #1546 ), #3383, .T. ) ;
#7084 =( NAMED_UNIT ( * ) PLANE_ANGLE_UNIT ( ) SI_UNIT ( $, .RADIAN. ) );
#7085 = DIRECTION ( 'NONE',  ( 0.000000000000000000, 0.000000000000000000, -1.000000000000000000 ) ) ;
#7086 = CARTESIAN_POINT ( 'NONE',  ( 0.6199999999999890044, 0.2000000000000000111, 0.5999999999999999778 ) ) ;
#7087 =( LENGTH_UNIT ( ) NAMED_UNIT ( * ) SI_UNIT ( .MILLI., .METRE. ) );
#7088 = VERTEX_POINT ( 'NONE', #1423 ) ;
#7089 = EDGE_CURVE ( 'NONE', #1729, #1833, #8064, .T. ) ;
#7090 = SURFACE_SIDE_STYLE ('',( #9150 ) ) ;
#7091 = EDGE_CURVE ( 'NONE', #1982, #4734, #10971, .T. ) ;
#7092 = DIRECTION ( 'NONE',  ( 0.9713213633443960049, 0.2377704967206480113, 0.000000000000000000 ) ) ;
#7093 = UNCERTAINTY_MEASURE_WITH_UNIT (LENGTH_MEASURE( 1.000000000000000082E-05 ), #1231, 'distance_accuracy_value', 'NONE');
#7094 =( NAMED_UNIT ( * ) PLANE_ANGLE_UNIT ( ) SI_UNIT ( $, .RADIAN. ) );
#7095 = PRESENTATION_STYLE_ASSIGNMENT (( #10766 ) ) ;
#7096 = EDGE_CURVE ( 'NONE', #8666, #3331, #7172, .T. ) ;
#7097 = LINE ( 'NONE', #1983, #1446 ) ;
#7099 = VERTEX_POINT ( 'NONE', #6229 ) ;
#7098 = LINE ( 'NONE', #1479, #8256 ) ;
#7100 = ORIENTED_EDGE ( 'NONE', *, *, #8963, .T. ) ;
#7101 = DIRECTION ( 'NONE',  ( 0.000000000000000000, -1.000000000000000000, 0.000000000000000000 ) ) ;
#7102 = CARTESIAN_POINT ( 'NONE',  ( -12.50000000000000000, 3.479999999999999982, 9.500000000000000000 ) ) ;
#7103 = CARTESIAN_POINT ( 'NONE',  ( -11.28999999999999915, 0.2300000000000000100, 10.20000000000000107 ) ) ;
#7104 = VERTEX_POINT ( 'NONE', #10053 ) ;
#7105 = CARTESIAN_POINT ( 'NONE',  ( -1.957446801662450220, 0.4675444478543100413, 0.000000000000000000 ) ) ;
#7106 = CARTESIAN_POINT ( 'NONE',  ( -1.740425533056259910, 1.442544447854309908, 0.000000000000000000 ) ) ;
#7107 = LINE ( 'NONE', #2294, #11133 ) ;
#7108 = CARTESIAN_POINT ( 'NONE',  ( -11.50999999999999979, 0.4500000000000000111, -3.399999999999999911 ) ) ;
#7109 = EDGE_CURVE ( 'NONE', #3713, #5053, #541, .T. ) ;
#7110 = LINE ( 'NONE', #9045, #3929 ) ;
#7111 = VERTEX_POINT ( 'NONE', #10163 ) ;
#7112 = VERTEX_POINT ( 'NONE', #9488 ) ;
#7113 =( LENGTH_UNIT ( ) NAMED_UNIT ( * ) SI_UNIT ( .MILLI., .METRE. ) );
#7114 = PRESENTATION_STYLE_ASSIGNMENT (( #4361 ) ) ;
#7115 = PLANE ( 'NONE',  #8208 ) ;
#7116 = STYLED_ITEM ( 'NONE', ( #5887 ), #6754 ) ;
#7117 = CARTESIAN_POINT ( 'NONE',  ( -4.639999999999999680, -4.000000000000000000, 0.000000000000000000 ) ) ;
#7118 = ORIENTED_EDGE ( 'NONE', *, *, #12279, .T. ) ;
#7119 = LINE ( 'NONE', #11923, #10598 ) ;
#7120 = LINE ( 'NONE', #4117, #6361 ) ;
#7121 =( GEOMETRIC_REPRESENTATION_CONTEXT ( 3 ) GLOBAL_UNCERTAINTY_ASSIGNED_CONTEXT ( ( #3787 ) ) GLOBAL_UNIT_ASSIGNED_CONTEXT ( ( #11360, #2881, #7745 ) ) REPRESENTATION_CONTEXT ( 'NONE', 'WORKASPACE' ) );
#7122 = MECHANICAL_DESIGN_GEOMETRIC_PRESENTATION_REPRESENTATION (  '', ( #3347 ), #4327 ) ;
#7123 = PLANE ( 'NONE',  #5012 ) ;
#7124 = LINE ( 'NONE', #11517, #453 ) ;
#7125 = MECHANICAL_DESIGN_GEOMETRIC_PRESENTATION_REPRESENTATION (  '', ( #341 ), #349 ) ;
#7126 = EDGE_CURVE ( 'NONE', #1900, #10706, #10294, .T. ) ;
#7127 = ORIENTED_EDGE ( 'NONE', *, *, #1794, .F. ) ;
#7128 = VECTOR ( 'NONE', #3678, 1000.000000000000000 ) ;
#7129 = STYLED_ITEM ( 'NONE', ( #7976 ), #9915 ) ;
#7130 = COLOUR_RGB ( '',1.000000000000000000, 1.000000000000000000, 0.9450980392156862475 ) ;
#7131 = ORIENTED_EDGE ( 'NONE', *, *, #6010, .F. ) ;
#7132 = MECHANICAL_DESIGN_GEOMETRIC_PRESENTATION_REPRESENTATION (  '', ( #549 ), #7943 ) ;
#7133 = DIRECTION ( 'NONE',  ( 0.000000000000000000, 0.000000000000000000, -1.000000000000000000 ) ) ;
#7134 = SURFACE_STYLE_USAGE ( .BOTH. , #9188 ) ;
#7135 = LINE ( 'NONE', #4128, #5461 ) ;
#7136 = CARTESIAN_POINT ( 'NONE',  ( -1.600000000000000089, 0.4175444955380249734, -0.05000000000000000278 ) ) ;
#7137 =( NAMED_UNIT ( * ) PLANE_ANGLE_UNIT ( ) SI_UNIT ( $, .RADIAN. ) );
#7138 = SURFACE_STYLE_FILL_AREA ( #200 ) ;
#7139 = LINE ( 'NONE', #5273, #8335 ) ;
#7140 = UNCERTAINTY_MEASURE_WITH_UNIT (LENGTH_MEASURE( 1.000000000000000082E-05 ), #11689, 'distance_accuracy_value', 'NONE');
#7141 =( NAMED_UNIT ( * ) SI_UNIT ( $, .STERADIAN. ) SOLID_ANGLE_UNIT ( ) );
#7142 = ADVANCED_FACE ( 'NONE', ( #7553 ), #3614, .T. ) ;
#7143 = PRESENTATION_LAYER_ASSIGNMENT (  '', '', ( #8155 ) ) ;
#7144 = PRESENTATION_LAYER_ASSIGNMENT (  '', '', ( #348 ) ) ;
#7145 = CARTESIAN_POINT ( 'NONE',  ( 11.29999999999999893, 0.2000000000000000111, 0.5999999999999999778 ) ) ;
#7146 = ORIENTED_EDGE ( 'NONE', *, *, #599, .T. ) ;
#7147 = AXIS2_PLACEMENT_3D ( 'NONE', #1978, #5858, #10476 ) ;
#7148 = FILL_AREA_STYLE ('',( #518 ) ) ;
#7149 = COLOUR_RGB ( '',0.7803921568627451011, 0.7803921568627451011, 0.7803921568627451011 ) ;
#7150 = SURFACE_STYLE_FILL_AREA ( #3350 ) ;
#7151 = DIRECTION ( 'NONE',  ( 1.000000000000000000, 0.000000000000000000, 0.000000000000000000 ) ) ;
#7152 =( NAMED_UNIT ( * ) PLANE_ANGLE_UNIT ( ) SI_UNIT ( $, .RADIAN. ) );
#7153 = STYLED_ITEM ( 'NONE', ( #2495 ), #423 ) ;
#7154 = ORIENTED_EDGE ( 'NONE', *, *, #3873, .T. ) ;
#7155 = DIRECTION ( 'NONE',  ( 0.2100675449707440356, 0.2100675449707440356, 0.9548524771397562949 ) ) ;
#7156 = ORIENTED_EDGE ( 'NONE', *, *, #4022, .T. ) ;
#7157 = CARTESIAN_POINT ( 'NONE',  ( -1.600000000000000089, 1.255044447854309908, 0.000000000000000000 ) ) ;
#7158 =( GEOMETRIC_REPRESENTATION_CONTEXT ( 3 ) GLOBAL_UNCERTAINTY_ASSIGNED_CONTEXT ( ( #2429 ) ) GLOBAL_UNIT_ASSIGNED_CONTEXT ( ( #12342, #11531, #10571 ) ) REPRESENTATION_CONTEXT ( 'NONE', 'WORKASPACE' ) );
#7159 = ADVANCED_FACE ( 'NONE', ( #12168 ), #742, .T. ) ;
#7160 = CARTESIAN_POINT ( 'NONE',  ( 11.33000000000000007, 0.2300000000000000100, -2.399999999999999911 ) ) ;
#7161 = ORIENTED_EDGE ( 'NONE', *, *, #12276, .T. ) ;
#7162 = DIRECTION ( 'NONE',  ( 0.000000000000000000, 1.000000000000000000, 0.000000000000000000 ) ) ;
#7163 = VERTEX_POINT ( 'NONE', #4548 ) ;
#7164 = VECTOR ( 'NONE', #5165, 1000.000000000000114 ) ;
#7165 = EDGE_CURVE ( 'NONE', #6428, #11975, #7429, .T. ) ;
#7166 = COLOUR_RGB ( '',0.2941176470588235392, 0.2941176470588235392, 0.2941176470588235392 ) ;
#7167 = SURFACE_STYLE_FILL_AREA ( #6161 ) ;
#7168 = DIRECTION ( 'NONE',  ( 1.000000000000000000, 0.000000000000000000, 0.000000000000000000 ) ) ;
#7169 = LINE ( 'NONE', #2415, #11436 ) ;
#7170 =( LENGTH_UNIT ( ) NAMED_UNIT ( * ) SI_UNIT ( .MILLI., .METRE. ) );
#7171 = CARTESIAN_POINT ( 'NONE',  ( -12.85999999999999943, -3.000000000000000000, 3.200000000000000178 ) ) ;
#7173 = EDGE_LOOP ( 'NONE', ( #2110, #11990, #585, #4835 ) ) ;
#7172 = LINE ( 'NONE', #11729, #1447 ) ;
#7174 = ORIENTED_EDGE ( 'NONE', *, *, #5555, .F. ) ;
#7175 = CARTESIAN_POINT ( 'NONE',  ( -3.340000000000000302, 0.2000000000000000111, 3.200000000000000178 ) ) ;
#7176 = PRESENTATION_STYLE_ASSIGNMENT (( #3251 ) ) ;
#7177 = SURFACE_SIDE_STYLE ('',( #11914 ) ) ;
#7178 = SURFACE_STYLE_USAGE ( .BOTH. , #3390 ) ;
#7179 =( NAMED_UNIT ( * ) SI_UNIT ( $, .STERADIAN. ) SOLID_ANGLE_UNIT ( ) );
#7180 = LINE ( 'NONE', #10977, #1834 ) ;
#7181 = ORIENTED_EDGE ( 'NONE', *, *, #10124, .F. ) ;
#7182 = CARTESIAN_POINT ( 'NONE',  ( -3.589999999999999858, 1.149999999999999911, -3.399999999999999911 ) ) ;
#7183 = CARTESIAN_POINT ( 'NONE',  ( 11.90000000000000036, 0.3400000000000000244, -2.899999999999999911 ) ) ;
#7184 = DIRECTION ( 'NONE',  ( 0.000000000000000000, -1.000000000000000000, 0.000000000000000000 ) ) ;
#7185 = LINE ( 'NONE', #1696, #6654 ) ;
#7186 = VERTEX_POINT ( 'NONE', #6501 ) ;
#7187 = CARTESIAN_POINT ( 'NONE',  ( -12.85999999999999943, 3.000000000000000000, 3.200000000000000178 ) ) ;
#7188 = EDGE_LOOP ( 'NONE', ( #815, #1870, #4872, #6857 ) ) ;
#7189 = LINE ( 'NONE', #5188, #9667 ) ;
#7190 = EDGE_CURVE ( 'NONE', #9240, #6890, #1731, .T. ) ;
#7191 =( NAMED_UNIT ( * ) PLANE_ANGLE_UNIT ( ) SI_UNIT ( $, .RADIAN. ) );
#7192 = CARTESIAN_POINT ( 'NONE',  ( 8.540000000000000924, 1.399999999999999911, 3.200000000000000178 ) ) ;
#7193 = UNCERTAINTY_MEASURE_WITH_UNIT (LENGTH_MEASURE( 1.000000000000000082E-05 ), #5233, 'distance_accuracy_value', 'NONE');
#7194 = LINE ( 'NONE', #4513, #4259 ) ;
#7195 = SURFACE_SIDE_STYLE ('',( #9327 ) ) ;
#7196 = CARTESIAN_POINT ( 'NONE',  ( 3.409999999999999698, 1.369999999999999885, 10.20000000000000107 ) ) ;
#7197 = SURFACE_STYLE_FILL_AREA ( #10814 ) ;
#7198 = PRESENTATION_STYLE_ASSIGNMENT (( #5330 ) ) ;
#7199 = DIRECTION ( 'NONE',  ( 0.000000000000000000, -1.000000000000000000, 0.000000000000000000 ) ) ;
#7200 = LINE ( 'NONE', #11002, #11780 ) ;
#7201 =( GEOMETRIC_REPRESENTATION_CONTEXT ( 3 ) GLOBAL_UNCERTAINTY_ASSIGNED_CONTEXT ( ( #3377 ) ) GLOBAL_UNIT_ASSIGNED_CONTEXT ( ( #4911, #2162, #1229 ) ) REPRESENTATION_CONTEXT ( 'NONE', 'WORKASPACE' ) );
#7202 = ORIENTED_EDGE ( 'NONE', *, *, #7983, .T. ) ;
#7203 = DIRECTION ( 'NONE',  ( 0.000000000000000000, -1.000000000000000000, 0.000000000000000000 ) ) ;
#7204 = MECHANICAL_DESIGN_GEOMETRIC_PRESENTATION_REPRESENTATION (  '', ( #11775 ), #9202 ) ;
#7205 = EDGE_CURVE ( 'NONE', #4005, #7088, #11296, .T. ) ;
#7206 = LINE ( 'NONE', #11884, #2466 ) ;
#7207 = CARTESIAN_POINT ( 'NONE',  ( -1.676595744490619877, 1.142544447854309864, 0.000000000000000000 ) ) ;
#7208 = UNCERTAINTY_MEASURE_WITH_UNIT (LENGTH_MEASURE( 1.000000000000000082E-05 ), #10049, 'distance_accuracy_value', 'NONE');
#7209 =( LENGTH_UNIT ( ) NAMED_UNIT ( * ) SI_UNIT ( .MILLI., .METRE. ) );
#7210 = STYLED_ITEM ( 'NONE', ( #2310 ), #4847 ) ;
#7211 = SURFACE_SIDE_STYLE ('',( #2401 ) ) ;
#7212 = AXIS2_PLACEMENT_3D ( 'NONE', #4502, #8564, #2812 ) ;
#7213 = CARTESIAN_POINT ( 'NONE',  ( -2.200000000000000178, -0.5824555521456900031, 0.000000000000000000 ) ) ;
#7214 = LINE ( 'NONE', #2479, #6455 ) ;
#7215 = ORIENTED_EDGE ( 'NONE', *, *, #11533, .F. ) ;
#7216 = CARTESIAN_POINT ( 'NONE',  ( 7.370000000000000107, 0.2300000000000000100, 10.20000000000000107 ) ) ;
#7217 = PRESENTATION_STYLE_ASSIGNMENT (( #531 ) ) ;
#7218 = ORIENTED_EDGE ( 'NONE', *, *, #7477, .T. ) ;
#7219 = PRESENTATION_LAYER_ASSIGNMENT (  '', '', ( #9421 ) ) ;
#7220 = FACE_BOUND ( 'NONE', #4015, .T. ) ;
#7221 = EDGE_LOOP ( 'NONE', ( #3558, #11621, #4688, #5087 ) ) ;
#7222 = VECTOR ( 'NONE', #10537, 1000.000000000000000 ) ;
#7223 =( GEOMETRIC_REPRESENTATION_CONTEXT ( 3 ) GLOBAL_UNCERTAINTY_ASSIGNED_CONTEXT ( ( #8965 ) ) GLOBAL_UNIT_ASSIGNED_CONTEXT ( ( #12328, #5637, #9 ) ) REPRESENTATION_CONTEXT ( 'NONE', 'WORKASPACE' ) );
#7224 = STYLED_ITEM ( 'NONE', ( #2861 ), #8433 ) ;
#7225 = AXIS2_PLACEMENT_3D ( 'NONE', #8723, #1835, #5894 ) ;
#7226 = ADVANCED_FACE ( 'NONE', ( #1112 ), #7680, .T. ) ;
#7227 = EDGE_CURVE ( 'NONE', #6756, #4574, #6728, .T. ) ;
#7228 = MECHANICAL_DESIGN_GEOMETRIC_PRESENTATION_REPRESENTATION (  '', ( #6449 ), #9827 ) ;
#7229 = FILL_AREA_STYLE_COLOUR ( '', #5042 ) ;
#7230 = UNCERTAINTY_MEASURE_WITH_UNIT (LENGTH_MEASURE( 1.000000000000000082E-05 ), #11462, 'distance_accuracy_value', 'NONE');
#7231 = CARTESIAN_POINT ( 'NONE',  ( 11.29999999999999893, 1.399999999999999911, 3.200000000000000178 ) ) ;
#7232 =( NAMED_UNIT ( * ) SI_UNIT ( $, .STERADIAN. ) SOLID_ANGLE_UNIT ( ) );
#7233 =( NAMED_UNIT ( * ) PLANE_ANGLE_UNIT ( ) SI_UNIT ( $, .RADIAN. ) );
#7235 = ORIENTED_EDGE ( 'NONE', *, *, #5029, .F. ) ;
#7234 = COLOUR_RGB ( '',1.000000000000000000, 1.000000000000000000, 0.9450980392156862475 ) ;
#7236 = ORIENTED_EDGE ( 'NONE', *, *, #951, .T. ) ;
#7237 = STYLED_ITEM ( 'NONE', ( #5778 ), #5262 ) ;
#7238 = SURFACE_SIDE_STYLE ('',( #4297 ) ) ;
#7240 = EDGE_CURVE ( 'NONE', #11238, #2787, #1905, .T. ) ;
#7239 = VECTOR ( 'NONE', #11959, 1000.000000000000000 ) ;
#7241 = DIRECTION ( 'NONE',  ( 0.000000000000000000, 0.000000000000000000, -1.000000000000000000 ) ) ;
#7242 = CARTESIAN_POINT ( 'NONE',  ( -0.5500000000000080380, 1.369999999999999885, 10.20000000000000107 ) ) ;
#7243 = AXIS2_PLACEMENT_3D ( 'NONE', #9587, #10646, #2922 ) ;
#7244 = CARTESIAN_POINT ( 'NONE',  ( -3.370000000000000107, 0.2300000000000000100, -2.399999999999999911 ) ) ;
#7245 = LINE ( 'NONE', #10110, #210 ) ;
#7246 = VECTOR ( 'NONE', #4301, 1000.000000000000000 ) ;
#7247 = COLOUR_RGB ( '',0.7803921568627451011, 0.7803921568627451011, 0.7803921568627451011 ) ;
#7248 =( GEOMETRIC_REPRESENTATION_CONTEXT ( 3 ) GLOBAL_UNCERTAINTY_ASSIGNED_CONTEXT ( ( #8212 ) ) GLOBAL_UNIT_ASSIGNED_CONTEXT ( ( #10099, #1544, #12162 ) ) REPRESENTATION_CONTEXT ( 'NONE', 'WORKASPACE' ) );
#7249 = SURFACE_STYLE_USAGE ( .BOTH. , #8189 ) ;
#7250 = EDGE_CURVE ( 'NONE', #4606, #2799, #216, .T. ) ;
#7251 = AXIS2_PLACEMENT_3D ( 'NONE', #4597, #6359, #11286 ) ;
#7252 = LINE ( 'NONE', #11051, #3452 ) ;
#7253 = CARTESIAN_POINT ( 'NONE',  ( -2.123404264450070134, 1.255044447854309908, 0.000000000000000000 ) ) ;
#7254 = VECTOR ( 'NONE', #5705, 1000.000000000000000 ) ;
#7255 = ORIENTED_EDGE ( 'NONE', *, *, #9762, .T. ) ;
#7256 = CARTESIAN_POINT ( 'NONE',  ( -1.804255312681200207, -0.1824555044619740052, 0.000000000000000000 ) ) ;
#7257 = VECTOR ( 'NONE', #2407, 1000.000000000000227 ) ;
#7258 =( GEOMETRIC_REPRESENTATION_CONTEXT ( 3 ) GLOBAL_UNCERTAINTY_ASSIGNED_CONTEXT ( ( #6368 ) ) GLOBAL_UNIT_ASSIGNED_CONTEXT ( ( #8552, #10524, #166 ) ) REPRESENTATION_CONTEXT ( 'NONE', 'WORKASPACE' ) );
#7259 = EDGE_CURVE ( 'NONE', #10105, #3724, #12347, .T. ) ;
#7260 = PRESENTATION_STYLE_ASSIGNMENT (( #6179 ) ) ;
#7261 = AXIS2_PLACEMENT_3D ( 'NONE', #12100, #8483, #4483 ) ;
#7262 = SURFACE_STYLE_FILL_AREA ( #2438 ) ;
#7263 = FILL_AREA_STYLE ('',( #9942 ) ) ;
#7264 = FACE_OUTER_BOUND ( 'NONE', #10339, .T. ) ;
#7265 = DIRECTION ( 'NONE',  ( 0.000000000000000000, -1.000000000000000000, 0.000000000000000000 ) ) ;
#7266 = VERTEX_POINT ( 'NONE', #8733 ) ;
#7267 = VECTOR ( 'NONE', #5346, 1000.000000000000000 ) ;
#7268 = STYLED_ITEM ( 'NONE', ( #240 ), #2116 ) ;
#7269 = MECHANICAL_DESIGN_GEOMETRIC_PRESENTATION_REPRESENTATION (  '', ( #651 ), #238 ) ;
#7270 = COLOUR_RGB ( '',1.000000000000000000, 1.000000000000000000, 0.9450980392156862475 ) ;
#7271 = LINE ( 'NONE', #7187, #48 ) ;
#7272 = STYLED_ITEM ( 'NONE', ( #10543 ), #4100 ) ;
#7273 = VERTEX_POINT ( 'NONE', #3048 ) ;
#7274 = LINE ( 'NONE', #442, #10067 ) ;
#7275 = PLANE ( 'NONE',  #6343 ) ;
#7276 = DIRECTION ( 'NONE',  ( 0.000000000000000000, 0.000000000000000000, -1.000000000000000000 ) ) ;
#7277 = VECTOR ( 'NONE', #1460, 1000.000000000000000 ) ;
#7278 = DIRECTION ( 'NONE',  ( 0.000000000000000000, 1.000000000000000000, 0.000000000000000000 ) ) ;
#7279 =( NAMED_UNIT ( * ) PLANE_ANGLE_UNIT ( ) SI_UNIT ( $, .RADIAN. ) );
#7280 = DIRECTION ( 'NONE',  ( 0.000000000000000000, 1.000000000000000000, 0.000000000000000000 ) ) ;
#7281 = FILL_AREA_STYLE_COLOUR ( '', #6134 ) ;
#7282 = SURFACE_STYLE_FILL_AREA ( #716 ) ;
#7283 = ADVANCED_FACE ( 'NONE', ( #9542 ), #11665, .T. ) ;
#7284 = UNCERTAINTY_MEASURE_WITH_UNIT (LENGTH_MEASURE( 1.000000000000000082E-05 ), #11668, 'distance_accuracy_value', 'NONE');
#7285 =( NAMED_UNIT ( * ) SI_UNIT ( $, .STERADIAN. ) SOLID_ANGLE_UNIT ( ) );
#7286 = PLANE ( 'NONE',  #4679 ) ;
#7287 = AXIS2_PLACEMENT_3D ( 'NONE', #2260, #11640, #6891 ) ;
#7288 = FILL_AREA_STYLE_COLOUR ( '', #1067 ) ;
#7289 = VECTOR ( 'NONE', #4496, 1000.000000000000000 ) ;
#7290 = COLOUR_RGB ( '',0.7803921568627451011, 0.7803921568627451011, 0.7803921568627451011 ) ;
#7291 = ORIENTED_EDGE ( 'NONE', *, *, #12063, .F. ) ;
#7292 = CARTESIAN_POINT ( 'NONE',  ( 11.90000000000000036, 1.260000000000000009, -2.899999999999999911 ) ) ;
#7293 = DIRECTION ( 'NONE',  ( 0.000000000000000000, 0.000000000000000000, -1.000000000000000000 ) ) ;
#7294 = PLANE ( 'NONE',  #782 ) ;
#7295 = DIRECTION ( 'NONE',  ( -1.000000000000000000, 0.000000000000000000, 0.000000000000000000 ) ) ;
#7296 =( LENGTH_UNIT ( ) NAMED_UNIT ( * ) SI_UNIT ( .MILLI., .METRE. ) );
#7297 = FILL_AREA_STYLE_COLOUR ( '', #434 ) ;
#7298 = DIRECTION ( 'NONE',  ( 0.000000000000000000, 0.000000000000000000, -1.000000000000000000 ) ) ;
#7299 = ORIENTED_EDGE ( 'NONE', *, *, #9826, .F. ) ;
#7300 = SURFACE_SIDE_STYLE ('',( #8295 ) ) ;
#7301 = VERTEX_POINT ( 'NONE', #4784 ) ;
#7302 = CARTESIAN_POINT ( 'NONE',  ( 0.6199999999999890044, 0.2000000000000000111, 0.5999999999999999778 ) ) ;
#7303 =( NAMED_UNIT ( * ) PLANE_ANGLE_UNIT ( ) SI_UNIT ( $, .RADIAN. ) );
#7304 = EDGE_CURVE ( 'NONE', #8084, #8242, #10574, .T. ) ;
#7305 = EDGE_LOOP ( 'NONE', ( #2030, #4869, #7422, #6744 ) ) ;
#7306 = CARTESIAN_POINT ( 'NONE',  ( 3.380000000000000338, 1.399999999999999911, 3.200000000000000178 ) ) ;
#7307 = CARTESIAN_POINT ( 'NONE',  ( -1.714893621206280194, -0.06995550446197471017, 0.000000000000000000 ) ) ;
#7308 =( NAMED_UNIT ( * ) SI_UNIT ( $, .STERADIAN. ) SOLID_ANGLE_UNIT ( ) );
#7309 = DIRECTION ( 'NONE',  ( 1.000000000000000000, 0.000000000000000000, 0.000000000000000000 ) ) ;
#7310 = DIRECTION ( 'NONE',  ( 0.8906050870135553410, -0.4547775049247461121, 0.000000000000000000 ) ) ;
#7312 = ORIENTED_EDGE ( 'NONE', *, *, #9306, .T. ) ;
#7311 = DIRECTION ( 'NONE',  ( 0.000000000000000000, -1.000000000000000000, 0.000000000000000000 ) ) ;
#7313 = VERTEX_POINT ( 'NONE', #470 ) ;
#7314 =( NAMED_UNIT ( * ) SI_UNIT ( $, .STERADIAN. ) SOLID_ANGLE_UNIT ( ) );
#7315 = LINE ( 'NONE', #2300, #433 ) ;
#7316 = EDGE_CURVE ( 'NONE', #8529, #4415, #526, .T. ) ;
#7317 = CARTESIAN_POINT ( 'NONE',  ( -13.86000000000000121, -4.000000000000000000, 0.000000000000000000 ) ) ;
#7318 = DIRECTION ( 'NONE',  ( 1.000000000000000000, 0.000000000000000000, 0.000000000000000000 ) ) ;
#7319 = ORIENTED_EDGE ( 'NONE', *, *, #762, .T. ) ;
#7320 = DIRECTION ( 'NONE',  ( 0.000000000000000000, -1.000000000000000000, 0.000000000000000000 ) ) ;
#7321 = PRESENTATION_STYLE_ASSIGNMENT (( #10243 ) ) ;
#7322 = LINE ( 'NONE', #11605, #2760 ) ;
#7323 = SURFACE_STYLE_USAGE ( .BOTH. , #2308 ) ;
#7324 = SURFACE_SIDE_STYLE ('',( #5428 ) ) ;
#7325 =( LENGTH_UNIT ( ) NAMED_UNIT ( * ) SI_UNIT ( .MILLI., .METRE. ) );
#7326 = CARTESIAN_POINT ( 'NONE',  ( -8.470000000000000639, 0.2300000000000000100, 11.19999999999999929 ) ) ;
#7327 = EDGE_CURVE ( 'NONE', #11582, #7313, #9972, .T. ) ;
#7328 = EDGE_LOOP ( 'NONE', ( #231, #787, #2789, #10417 ) ) ;
#7329 = EDGE_CURVE ( 'NONE', #296, #10986, #2283, .T. ) ;
#7330 = AXIS2_PLACEMENT_3D ( 'NONE', #8741, #11546, #9608 ) ;
#7331 = ADVANCED_FACE ( 'NONE', ( #4340 ), #1299, .F. ) ;
#7332 = ORIENTED_EDGE ( 'NONE', *, *, #3135, .F. ) ;
#7333 = CARTESIAN_POINT ( 'NONE',  ( 8.540000000000000924, 1.399999999999999911, 3.200000000000000178 ) ) ;
#7334 = SURFACE_STYLE_FILL_AREA ( #9780 ) ;
#7335 = SURFACE_STYLE_FILL_AREA ( #5379 ) ;
#7336 =( NAMED_UNIT ( * ) PLANE_ANGLE_UNIT ( ) SI_UNIT ( $, .RADIAN. ) );
#7337 = UNCERTAINTY_MEASURE_WITH_UNIT (LENGTH_MEASURE( 1.000000000000000082E-05 ), #1943, 'distance_accuracy_value', 'NONE');
#7338 = CARTESIAN_POINT ( 'NONE',  ( 4.549999999999999822, 0.2300000000000000100, 10.20000000000000107 ) ) ;
#7339 = LINE ( 'NONE', #12138, #5172 ) ;
#7340 =( NAMED_UNIT ( * ) PLANE_ANGLE_UNIT ( ) SI_UNIT ( $, .RADIAN. ) );
#7341 = DIRECTION ( 'NONE',  ( 1.000000000000000000, 0.000000000000000000, 0.000000000000000000 ) ) ;
#7342 = VERTEX_POINT ( 'NONE', #283 ) ;
#7343 = PLANE ( 'NONE',  #11983 ) ;
#7344 = CARTESIAN_POINT ( 'NONE',  ( -11.16000000000000014, -4.000000000000000000, 0.000000000000000000 ) ) ;
#7345 = CARTESIAN_POINT ( 'NONE',  ( 11.33000000000000007, 1.369999999999999885, -2.399999999999999911 ) ) ;
#7346 = STYLED_ITEM ( 'NONE', ( #12359 ), #9606 ) ;
#7347 = ORIENTED_EDGE ( 'NONE', *, *, #10884, .F. ) ;
#7348 = FACE_OUTER_BOUND ( 'NONE', #5226, .T. ) ;
#7349 = VECTOR ( 'NONE', #9814, 1000.000000000000000 ) ;
#7350 = FILL_AREA_STYLE ('',( #12200 ) ) ;
#7351 = SURFACE_SIDE_STYLE ('',( #2592 ) ) ;
#7352 = UNCERTAINTY_MEASURE_WITH_UNIT (LENGTH_MEASURE( 1.000000000000000082E-05 ), #1506, 'distance_accuracy_value', 'NONE');
#7353 =( LENGTH_UNIT ( ) NAMED_UNIT ( * ) SI_UNIT ( .MILLI., .METRE. ) );
#7354 = FACE_OUTER_BOUND ( 'NONE', #9558, .T. ) ;
#7355 = DIRECTION ( 'NONE',  ( 0.000000000000000000, 0.000000000000000000, -1.000000000000000000 ) ) ;
#7356 = STYLED_ITEM ( 'NONE', ( #6637 ), #10043 ) ;
#7357 = AXIS2_PLACEMENT_3D ( 'NONE', #10133, #9005, #10993 ) ;
#7358 = DIRECTION ( 'NONE',  ( 0.9713213633443961159, -0.2377704967206480113, 0.000000000000000000 ) ) ;
#7359 = ORIENTED_EDGE ( 'NONE', *, *, #2275, .T. ) ;
#7360 =( NAMED_UNIT ( * ) SI_UNIT ( $, .STERADIAN. ) SOLID_ANGLE_UNIT ( ) );
#7361 =( LENGTH_UNIT ( ) NAMED_UNIT ( * ) SI_UNIT ( .MILLI., .METRE. ) );
#7362 = EDGE_LOOP ( 'NONE', ( #12032, #5245, #8364, #1260 ) ) ;
#7363 = PRESENTATION_STYLE_ASSIGNMENT (( #12216 ) ) ;
#7364 = PRESENTATION_LAYER_ASSIGNMENT (  '', '', ( #9148 ) ) ;
#7365 = EDGE_LOOP ( 'NONE', ( #2000, #8882, #10240, #11197 ) ) ;
#7366 = MECHANICAL_DESIGN_GEOMETRIC_PRESENTATION_REPRESENTATION (  '', ( #2352 ), #8947 ) ;
#7367 = DIRECTION ( 'NONE',  ( 1.000000000000000000, 0.000000000000000000, 0.000000000000000000 ) ) ;
#7368 = CARTESIAN_POINT ( 'NONE',  ( -8.500000000000000000, 0.2000000000000000111, 3.200000000000000178 ) ) ;
#7369 = UNCERTAINTY_MEASURE_WITH_UNIT (LENGTH_MEASURE( 1.000000000000000082E-05 ), #9098, 'distance_accuracy_value', 'NONE');
#7370 = LINE ( 'NONE', #3378, #11236 ) ;
#7371 =( NAMED_UNIT ( * ) PLANE_ANGLE_UNIT ( ) SI_UNIT ( $, .RADIAN. ) );
#7372 = PLANE ( 'NONE',  #3391 ) ;
#7373 = EDGE_CURVE ( 'NONE', #11110, #8328, #7098, .T. ) ;
#7374 = VERTEX_POINT ( 'NONE', #11716 ) ;
#7376 = VERTEX_POINT ( 'NONE', #8968 ) ;
#7375 = DIRECTION ( 'NONE',  ( 1.000000000000000000, 0.000000000000000000, 0.000000000000000000 ) ) ;
#7377 = EDGE_LOOP ( 'NONE', ( #10072, #3146, #2776, #12069 ) ) ;
#7378 = CARTESIAN_POINT ( 'NONE',  ( -2.200000000000000178, 2.005044447854310352, 0.000000000000000000 ) ) ;
#7379 = DIRECTION ( 'NONE',  ( 0.000000000000000000, 1.000000000000000000, 0.000000000000000000 ) ) ;
#7380 = LINE ( 'NONE', #9371, #7853 ) ;
#7381 = SURFACE_STYLE_FILL_AREA ( #546 ) ;
#7382 = STYLED_ITEM ( 'NONE', ( #5148 ), #11992 ) ;
#7383 = COLOUR_RGB ( '',0.7803921568627451011, 0.7803921568627451011, 0.7803921568627451011 ) ;
#7384 = LINE ( 'NONE', #3622, #11272 ) ;
#7385 = ORIENTED_EDGE ( 'NONE', *, *, #3284, .T. ) ;
#7386 = CARTESIAN_POINT ( 'NONE',  ( 4.549999999999999822, 1.369999999999999885, -2.399999999999999911 ) ) ;
#7387 = EDGE_CURVE ( 'NONE', #3783, #1065, #7214, .T. ) ;
#7388 = VECTOR ( 'NONE', #2914, 1000.000000000000000 ) ;
#7389 = LINE ( 'NONE', #2813, #3387 ) ;
#7390 = CARTESIAN_POINT ( 'NONE',  ( 16.45999999999999730, 0.000000000000000000, -3.399999999999999911 ) ) ;
#7391 = ADVANCED_FACE ( 'NONE', ( #11893 ), #5094, .T. ) ;
#7392 = ORIENTED_EDGE ( 'NONE', *, *, #990, .F. ) ;
#7393 = FACE_OUTER_BOUND ( 'NONE', #11258, .T. ) ;
#7394 = ORIENTED_EDGE ( 'NONE', *, *, #2388, .T. ) ;
#7395 = SURFACE_SIDE_STYLE ('',( #2820 ) ) ;
#7396 =( LENGTH_UNIT ( ) NAMED_UNIT ( * ) SI_UNIT ( .MILLI., .METRE. ) );
#7397 = EDGE_CURVE ( 'NONE', #5472, #11238, #2725, .T. ) ;
#7398 = LINE ( 'NONE', #10369, #6553 ) ;
#7399 = LINE ( 'NONE', #11194, #3679 ) ;
#7400 =( LENGTH_UNIT ( ) NAMED_UNIT ( * ) SI_UNIT ( .MILLI., .METRE. ) );
#7401 = FILL_AREA_STYLE ('',( #511 ) ) ;
#7402 = SURFACE_SIDE_STYLE ('',( #7282 ) ) ;
#7403 = UNCERTAINTY_MEASURE_WITH_UNIT (LENGTH_MEASURE( 1.000000000000000082E-05 ), #5917, 'distance_accuracy_value', 'NONE');
#7404 = ORIENTED_EDGE ( 'NONE', *, *, #7628, .T. ) ;
#7405 = CARTESIAN_POINT ( 'NONE',  ( 0.01999999999998889819, 0.3400000000000000244, -2.899999999999999911 ) ) ;
#7406 = CARTESIAN_POINT ( 'NONE',  ( -1.676595744490619877, 1.555044447854309952, -0.05000000000000000278 ) ) ;
#7407 = EDGE_CURVE ( 'NONE', #1226, #6026, #11335, .T. ) ;
#7408 = ORIENTED_EDGE ( 'NONE', *, *, #1710, .F. ) ;
#7409 = CARTESIAN_POINT ( 'NONE',  ( 4.580000000000000071, 0.2000000000000000111, 3.200000000000000178 ) ) ;
#7410 = PRESENTATION_STYLE_ASSIGNMENT (( #3825 ) ) ;
#7411 = DIRECTION ( 'NONE',  ( -0.2001234283434530081, 0.9797706943096751164, 0.000000000000000000 ) ) ;
#7412 = SURFACE_STYLE_FILL_AREA ( #10201 ) ;
#7413 = CARTESIAN_POINT ( 'NONE',  ( -1.689361700415610068, 1.305044471696169994, 0.000000000000000000 ) ) ;
#7414 = UNCERTAINTY_MEASURE_WITH_UNIT (LENGTH_MEASURE( 1.000000000000000082E-05 ), #2997, 'distance_accuracy_value', 'NONE');
#7415 = VECTOR ( 'NONE', #10713, 1000.000000000000114 ) ;
#7416 = ORIENTED_EDGE ( 'NONE', *, *, #3969, .F. ) ;
#7417 = DIRECTION ( 'NONE',  ( 1.000000000000000000, 0.000000000000000000, 0.000000000000000000 ) ) ;
#7418 = EDGE_CURVE ( 'NONE', #1224, #4663, #5394, .T. ) ;
#7419 = VERTEX_POINT ( 'NONE', #8404 ) ;
#7420 = CARTESIAN_POINT ( 'NONE',  ( -2.200000000000000178, 2.005044447854310352, 0.000000000000000000 ) ) ;
#7421 = LINE ( 'NONE', #2605, #5426 ) ;
#7422 = ORIENTED_EDGE ( 'NONE', *, *, #9659, .F. ) ;
#7423 = VECTOR ( 'NONE', #8284, 1000.000000000000114 ) ;
#7424 = STYLED_ITEM ( 'NONE', ( #4810 ), #4707 ) ;
#7425 = SURFACE_STYLE_FILL_AREA ( #12163 ) ;
#7426 = DIRECTION ( 'NONE',  ( 0.000000000000000000, -1.000000000000000000, 0.000000000000000000 ) ) ;
#7427 = EDGE_LOOP ( 'NONE', ( #395, #8453, #1603, #11074 ) ) ;
#7428 = LINE ( 'NONE', #6500, #8340 ) ;
#7430 = EDGE_LOOP ( 'NONE', ( #9291, #2127, #12211, #7681 ) ) ;
#7429 = LINE ( 'NONE', #6607, #6653 ) ;
#7431 = ORIENTED_EDGE ( 'NONE', *, *, #12015, .F. ) ;
#7432 = FILL_AREA_STYLE_COLOUR ( '', #4422 ) ;
#7433 = CARTESIAN_POINT ( 'NONE',  ( 11.29999999999999893, 0.2000000000000000111, 3.200000000000000178 ) ) ;
#7434 =( GEOMETRIC_REPRESENTATION_CONTEXT ( 3 ) GLOBAL_UNCERTAINTY_ASSIGNED_CONTEXT ( ( #8850 ) ) GLOBAL_UNIT_ASSIGNED_CONTEXT ( ( #12109, #2620, #6435 ) ) REPRESENTATION_CONTEXT ( 'NONE', 'WORKASPACE' ) );
#7435 =( NAMED_UNIT ( * ) SI_UNIT ( $, .STERADIAN. ) SOLID_ANGLE_UNIT ( ) );
#7436 =( GEOMETRIC_REPRESENTATION_CONTEXT ( 3 ) GLOBAL_UNCERTAINTY_ASSIGNED_CONTEXT ( ( #5841 ) ) GLOBAL_UNIT_ASSIGNED_CONTEXT ( ( #3398, #1564, #2440 ) ) REPRESENTATION_CONTEXT ( 'NONE', 'WORKASPACE' ) );
#7437 = AXIS2_PLACEMENT_3D ( 'NONE', #6086, #2095, #8904 ) ;
#7438 = COLOUR_RGB ( '',1.000000000000000000, 1.000000000000000000, 0.9450980392156862475 ) ;
#7439 = COLOUR_RGB ( '',0.2941176470588235392, 0.2941176470588235392, 0.2941176470588235392 ) ;
#7440 =( NAMED_UNIT ( * ) PLANE_ANGLE_UNIT ( ) SI_UNIT ( $, .RADIAN. ) );
#7441 = ORIENTED_EDGE ( 'NONE', *, *, #10716, .T. ) ;
#7442 = STYLED_ITEM ( 'NONE', ( #5784 ), #3052 ) ;
#7443 = VECTOR ( 'NONE', #7241, 1000.000000000000000 ) ;
#7444 = SURFACE_SIDE_STYLE ('',( #3746 ) ) ;
#7445 = COLOUR_RGB ( '',1.000000000000000000, 1.000000000000000000, 0.9450980392156862475 ) ;
#7446 = VECTOR ( 'NONE', #6558, 1000.000000000000227 ) ;
#7447 = PRESENTATION_LAYER_ASSIGNMENT (  '', '', ( #6238 ) ) ;
#7448 =( LENGTH_UNIT ( ) NAMED_UNIT ( * ) SI_UNIT ( .MILLI., .METRE. ) );
#7449 = VECTOR ( 'NONE', #4463, 1000.000000000000000 ) ;
#7450 = STYLED_ITEM ( 'NONE', ( #5783 ), #10870 ) ;
#7451 = FACE_OUTER_BOUND ( 'NONE', #9564, .T. ) ;
#7452 = ORIENTED_EDGE ( 'NONE', *, *, #1365, .F. ) ;
#7453 = AXIS2_PLACEMENT_3D ( 'NONE', #4725, #3788, #8543 ) ;
#7454 = VECTOR ( 'NONE', #1487, 1000.000000000000000 ) ;
#7455 = EDGE_CURVE ( 'NONE', #10115, #7112, #3491, .T. ) ;
#7456 = PRESENTATION_LAYER_ASSIGNMENT (  '', '', ( #7852 ) ) ;
#7457 = AXIS2_PLACEMENT_3D ( 'NONE', #5580, #846, #916 ) ;
#7458 = AXIS2_PLACEMENT_3D ( 'NONE', #10866, #10931, #3461 ) ;
#7459 = DIRECTION ( 'NONE',  ( 0.000000000000000000, 1.000000000000000000, 0.000000000000000000 ) ) ;
#7460 = AXIS2_PLACEMENT_3D ( 'NONE', #8539, #9590, #3785 ) ;
#7461 = ORIENTED_EDGE ( 'NONE', *, *, #5333, .F. ) ;
#7462 = LINE ( 'NONE', #4701, #10126 ) ;
#7463 = SURFACE_STYLE_USAGE ( .BOTH. , #5498 ) ;
#7464 = CARTESIAN_POINT ( 'NONE',  ( 0.4799999999999860489, 0.8000000000000000444, -2.899999999999999911 ) ) ;
#7465 = COLOUR_RGB ( '',0.7803921568627451011, 0.7803921568627451011, 0.7803921568627451011 ) ;
#7466 =( LENGTH_UNIT ( ) NAMED_UNIT ( * ) SI_UNIT ( .MILLI., .METRE. ) );
#7467 = FILL_AREA_STYLE ('',( #3641 ) ) ;
#7468 = AXIS2_PLACEMENT_3D ( 'NONE', #12210, #1777, #7358 ) ;
#7469 = SURFACE_STYLE_FILL_AREA ( #12081 ) ;
#7470 = AXIS2_PLACEMENT_3D ( 'NONE', #10058, #9995, #9058 ) ;
#7471 = VECTOR ( 'NONE', #2553, 1000.000000000000000 ) ;
#7472 = COLOUR_RGB ( '',0.7803921568627451011, 0.7803921568627451011, 0.7803921568627451011 ) ;
#7473 = ADVANCED_FACE ( 'NONE', ( #4529 ), #9351, .T. ) ;
#7474 = VECTOR ( 'NONE', #5444, 999.9999999999998863 ) ;
#7475 = SURFACE_STYLE_USAGE ( .BOTH. , #3712 ) ;
#7476 = ORIENTED_EDGE ( 'NONE', *, *, #5508, .T. ) ;
#7477 = EDGE_CURVE ( 'NONE', #741, #1511, #2667, .T. ) ;
#7478 = CARTESIAN_POINT ( 'NONE',  ( -2.110638308525089712, 1.417544435933379754, -0.05000000000000000278 ) ) ;
#7479 = VECTOR ( 'NONE', #9576, 1000.000000000000000 ) ;
#7480 = DIRECTION ( 'NONE',  ( -0.000000000000000000, -0.9766444667050904194, -0.2148617826751180737 ) ) ;
#7481 = FACE_OUTER_BOUND ( 'NONE', #2053, .T. ) ;
#7482 = DIRECTION ( 'NONE',  ( -1.000000000000000000, 0.000000000000000000, 0.000000000000000000 ) ) ;
#7483 = LINE ( 'NONE', #3540, #9146 ) ;
#7484 = SURFACE_STYLE_USAGE ( .BOTH. , #6539 ) ;
#7485 = DIRECTION ( 'NONE',  ( 0.000000000000000000, -1.000000000000000000, 0.000000000000000000 ) ) ;
#7486 = ORIENTED_EDGE ( 'NONE', *, *, #9224, .T. ) ;
#7487 = CARTESIAN_POINT ( 'NONE',  ( -0.3300000000000110068, 0.4500000000000000111, -3.399999999999999911 ) ) ;
#7488 =( LENGTH_UNIT ( ) NAMED_UNIT ( * ) SI_UNIT ( .MILLI., .METRE. ) );
#7489 = ORIENTED_EDGE ( 'NONE', *, *, #9088, .T. ) ;
#7490 =( GEOMETRIC_REPRESENTATION_CONTEXT ( 3 ) GLOBAL_UNCERTAINTY_ASSIGNED_CONTEXT ( ( #6896 ) ) GLOBAL_UNIT_ASSIGNED_CONTEXT ( ( #5942, #1512, #11991 ) ) REPRESENTATION_CONTEXT ( 'NONE', 'WORKASPACE' ) );
#7491 =( NAMED_UNIT ( * ) SI_UNIT ( $, .STERADIAN. ) SOLID_ANGLE_UNIT ( ) );
#7492 = DIRECTION ( 'NONE',  ( -1.000000000000000000, 0.000000000000000000, 0.000000000000000000 ) ) ;
#7493 = EDGE_CURVE ( 'NONE', #2799, #11559, #12022, .T. ) ;
#7494 = ORIENTED_EDGE ( 'NONE', *, *, #11557, .F. ) ;
#7495 = EDGE_CURVE ( 'NONE', #4939, #5369, #11214, .T. ) ;
#7496 =( NAMED_UNIT ( * ) SI_UNIT ( $, .STERADIAN. ) SOLID_ANGLE_UNIT ( ) );
#7497 = EDGE_CURVE ( 'NONE', #6743, #3744, #2598, .T. ) ;
#7498 = FACE_BOUND ( 'NONE', #8351, .T. ) ;
#7499 = VECTOR ( 'NONE', #710, 1000.000000000000000 ) ;
#7500 = FACE_BOUND ( 'NONE', #7893, .T. ) ;
#7501 =( LENGTH_UNIT ( ) NAMED_UNIT ( * ) SI_UNIT ( .MILLI., .METRE. ) );
#7502 = DIRECTION ( 'NONE',  ( 0.000000000000000000, 1.000000000000000000, 0.000000000000000000 ) ) ;
#7503 = ORIENTED_EDGE ( 'NONE', *, *, #9809, .F. ) ;
#7504 = PRESENTATION_STYLE_ASSIGNMENT (( #12043 ) ) ;
#7505 = ORIENTED_EDGE ( 'NONE', *, *, #6533, .T. ) ;
#7506 = ORIENTED_EDGE ( 'NONE', *, *, #3592, .T. ) ;
#7507 = DIRECTION ( 'NONE',  ( 1.000000000000000000, 0.000000000000000000, 0.000000000000000000 ) ) ;
#7508 = FILL_AREA_STYLE ('',( #2618 ) ) ;
#7509 = SURFACE_STYLE_FILL_AREA ( #6380 ) ;
#7510 = LINE ( 'NONE', #2806, #6242 ) ;
#7511 = EDGE_CURVE ( 'NONE', #4944, #9775, #1589, .T. ) ;
#7512 = EDGE_LOOP ( 'NONE', ( #12, #9368, #1915, #2923 ) ) ;
#7513 = DIRECTION ( 'NONE',  ( 0.000000000000000000, 1.000000000000000000, 0.000000000000000000 ) ) ;
#7514 =( NAMED_UNIT ( * ) PLANE_ANGLE_UNIT ( ) SI_UNIT ( $, .RADIAN. ) );
#7515 = FACE_OUTER_BOUND ( 'NONE', #569, .T. ) ;
#7516 = CARTESIAN_POINT ( 'NONE',  ( -7.299999999999999822, 1.399999999999999911, 3.200000000000000178 ) ) ;
#7517 = VERTEX_POINT ( 'NONE', #4592 ) ;
#7518 =( NAMED_UNIT ( * ) SI_UNIT ( $, .STERADIAN. ) SOLID_ANGLE_UNIT ( ) );
#7519 = ORIENTED_EDGE ( 'NONE', *, *, #2659, .T. ) ;
#7520 = CARTESIAN_POINT ( 'NONE',  ( 0.3699999999999849520, 1.149999999999999911, -3.399999999999999911 ) ) ;
#7521 = LINE ( 'NONE', #12256, #8339 ) ;
#7522 = FACE_OUTER_BOUND ( 'NONE', #988, .T. ) ;
#7523 = FILL_AREA_STYLE ('',( #11677 ) ) ;
#7524 = EDGE_CURVE ( 'NONE', #3593, #4481, #3664, .T. ) ;
#7525 = UNCERTAINTY_MEASURE_WITH_UNIT (LENGTH_MEASURE( 1.000000000000000082E-05 ), #10655, 'distance_accuracy_value', 'NONE');
#7526 = ORIENTED_EDGE ( 'NONE', *, *, #78, .F. ) ;
#7527 = VECTOR ( 'NONE', #6, 1000.000000000000000 ) ;
#7528 = VECTOR ( 'NONE', #10613, 1000.000000000000000 ) ;
#7529 = CARTESIAN_POINT ( 'NONE',  ( -7.330000000000000071, 1.369999999999999885, 10.20000000000000107 ) ) ;
#7530 = VERTEX_POINT ( 'NONE', #11281 ) ;
#7531 = CARTESIAN_POINT ( 'NONE',  ( -11.25999999999999979, 1.399999999999999911, 3.200000000000000178 ) ) ;
#7532 = CARTESIAN_POINT ( 'NONE',  ( 3.380000000000000338, 0.2000000000000000111, 3.200000000000000178 ) ) ;
#7533 = EDGE_CURVE ( 'NONE', #6166, #2740, #5577, .T. ) ;
#7534 = AXIS2_PLACEMENT_3D ( 'NONE', #3555, #4408, #2544 ) ;
#7535 = SURFACE_STYLE_USAGE ( .BOTH. , #5575 ) ;
#7536 = UNCERTAINTY_MEASURE_WITH_UNIT (LENGTH_MEASURE( 1.000000000000000082E-05 ), #2846, 'distance_accuracy_value', 'NONE');
#7537 = FACE_OUTER_BOUND ( 'NONE', #5567, .T. ) ;
#7538 = EDGE_LOOP ( 'NONE', ( #9218, #12285, #1708, #10807 ) ) ;
#7539 = DIRECTION ( 'NONE',  ( 1.000000000000000000, 0.000000000000000000, 0.000000000000000000 ) ) ;
#7540 = ORIENTED_EDGE ( 'NONE', *, *, #1387, .T. ) ;
#7541 =( GEOMETRIC_REPRESENTATION_CONTEXT ( 3 ) GLOBAL_UNCERTAINTY_ASSIGNED_CONTEXT ( ( #2917 ) ) GLOBAL_UNIT_ASSIGNED_CONTEXT ( ( #1652, #9400, #2660 ) ) REPRESENTATION_CONTEXT ( 'NONE', 'WORKASPACE' ) );
#7542 =( GEOMETRIC_REPRESENTATION_CONTEXT ( 3 ) GLOBAL_UNCERTAINTY_ASSIGNED_CONTEXT ( ( #6332 ) ) GLOBAL_UNIT_ASSIGNED_CONTEXT ( ( #11458, #5754, #10555 ) ) REPRESENTATION_CONTEXT ( 'NONE', 'WORKASPACE' ) );
#7543 = VERTEX_POINT ( 'NONE', #4661 ) ;
#7544 = AXIS2_PLACEMENT_3D ( 'NONE', #9077, #4086, #5961 ) ;
#7545 = CARTESIAN_POINT ( 'NONE',  ( -8.250000000000000000, 0.4500000000000000111, 11.19999999999999929 ) ) ;
#7546 = FACE_OUTER_BOUND ( 'NONE', #9096, .T. ) ;
#7547 = VECTOR ( 'NONE', #8713, 1000.000000000000000 ) ;
#7548 = UNCERTAINTY_MEASURE_WITH_UNIT (LENGTH_MEASURE( 1.000000000000000082E-05 ), #5466, 'distance_accuracy_value', 'NONE');
#7549 = PRESENTATION_LAYER_ASSIGNMENT (  '', '', ( #10324 ) ) ;
#7550 = SURFACE_SIDE_STYLE ('',( #5700 ) ) ;
#7551 = ADVANCED_FACE ( 'NONE', ( #8476 ), #2784, .T. ) ;
#7552 = ORIENTED_EDGE ( 'NONE', *, *, #7966, .F. ) ;
#7554 = ORIENTED_EDGE ( 'NONE', *, *, #12253, .F. ) ;
#7553 = FACE_OUTER_BOUND ( 'NONE', #2188, .T. ) ;
#7555 = EDGE_LOOP ( 'NONE', ( #9926, #994, #3014, #4731 ) ) ;
#7556 = VECTOR ( 'NONE', #11443, 1000.000000000000114 ) ;
#7557 = ADVANCED_FACE ( 'NONE', ( #3779 ), #2010, .F. ) ;
#7558 = DIRECTION ( 'NONE',  ( -1.000000000000000000, 0.000000000000000000, 0.000000000000000000 ) ) ;
#7559 = AXIS2_PLACEMENT_3D ( 'NONE', #1935, #4808, #11196 ) ;
#7560 = ADVANCED_FACE ( 'NONE', ( #11576 ), #5758, .T. ) ;
#7561 = VECTOR ( 'NONE', #5513, 1000.000000000000114 ) ;
#7562 = AXIS2_PLACEMENT_3D ( 'NONE', #10529, #6916, #5785 ) ;
#7563 = FACE_OUTER_BOUND ( 'NONE', #8571, .T. ) ;
#7564 = DIRECTION ( 'NONE',  ( -0.8373793591562744831, 0.5466221810894863475, 0.000000000000000000 ) ) ;
#7565 = ORIENTED_EDGE ( 'NONE', *, *, #5161, .T. ) ;
#7566 = CARTESIAN_POINT ( 'NONE',  ( 11.33000000000000007, 0.2300000000000000100, 11.19999999999999929 ) ) ;
#7567 =( GEOMETRIC_REPRESENTATION_CONTEXT ( 3 ) GLOBAL_UNCERTAINTY_ASSIGNED_CONTEXT ( ( #6130 ) ) GLOBAL_UNIT_ASSIGNED_CONTEXT ( ( #809, #8503, #11309 ) ) REPRESENTATION_CONTEXT ( 'NONE', 'WORKASPACE' ) );
#7568 =( LENGTH_UNIT ( ) NAMED_UNIT ( * ) SI_UNIT ( .MILLI., .METRE. ) );
#7569 = FACE_OUTER_BOUND ( 'NONE', #10492, .T. ) ;
#7570 = STYLED_ITEM ( 'NONE', ( #9471 ), #12049 ) ;
#7571 = VECTOR ( 'NONE', #8545, 1000.000000000000000 ) ;
#7572 = VECTOR ( 'NONE', #12323, 1000.000000000000114 ) ;
#7573 = VERTEX_POINT ( 'NONE', #5136 ) ;
#7574 = DIRECTION ( 'NONE',  ( -0.9486832528137612019, 0.3162279017270631098, 0.000000000000000000 ) ) ;
#7575 = FACE_OUTER_BOUND ( 'NONE', #7735, .T. ) ;
#7576 = CARTESIAN_POINT ( 'NONE',  ( 0.000000000000000000, 0.000000000000000000, 0.5999999999999999778 ) ) ;
#7577 = CARTESIAN_POINT ( 'NONE',  ( -2.200000000000000178, 0.8675444240124519091, 0.000000000000000000 ) ) ;
#7578 =( NAMED_UNIT ( * ) SI_UNIT ( $, .STERADIAN. ) SOLID_ANGLE_UNIT ( ) );
#7579 = CARTESIAN_POINT ( 'NONE',  ( -1.714893621206280194, 1.055044424012449911, 0.000000000000000000 ) ) ;
#7580 = ORIENTED_EDGE ( 'NONE', *, *, #5978, .T. ) ;
#7581 =( LENGTH_UNIT ( ) NAMED_UNIT ( * ) SI_UNIT ( .MILLI., .METRE. ) );
#7582 = FILL_AREA_STYLE ('',( #3764 ) ) ;
#7583 = ADVANCED_FACE ( 'NONE', ( #10877 ), #269, .F. ) ;
#7584 = LINE ( 'NONE', #12198, #2045 ) ;
#7585 = ORIENTED_EDGE ( 'NONE', *, *, #524, .F. ) ;
#7586 = LINE ( 'NONE', #5628, #3675 ) ;
#7587 = SURFACE_STYLE_USAGE ( .BOTH. , #12150 ) ;
#7588 = SURFACE_SIDE_STYLE ('',( #7659 ) ) ;
#7589 = SURFACE_STYLE_FILL_AREA ( #10691 ) ;
#7590 = CARTESIAN_POINT ( 'NONE',  ( -12.85999999999999943, 2.000000000000000000, 21.88419999999999987 ) ) ;
#7591 = LINE ( 'NONE', #4895, #4826 ) ;
#7592 = ORIENTED_EDGE ( 'NONE', *, *, #2837, .T. ) ;
#7593 = SURFACE_STYLE_FILL_AREA ( #9584 ) ;
#7594 = SURFACE_STYLE_FILL_AREA ( #12212 ) ;
#7595 = ORIENTED_EDGE ( 'NONE', *, *, #11135, .T. ) ;
#7596 =( LENGTH_UNIT ( ) NAMED_UNIT ( * ) SI_UNIT ( .MILLI., .METRE. ) );
#7597 = EDGE_LOOP ( 'NONE', ( #3432, #3589, #5040, #5682 ) ) ;
#7598 = EDGE_CURVE ( 'NONE', #12193, #161, #3287, .T. ) ;
#7599 = EDGE_CURVE ( 'NONE', #1893, #4476, #6193, .T. ) ;
#7600 = FACE_OUTER_BOUND ( 'NONE', #3093, .T. ) ;
#7601 = FILL_AREA_STYLE_COLOUR ( '', #3930 ) ;
#7602 = COLOUR_RGB ( '',0.7803921568627451011, 0.7803921568627451011, 0.7803921568627451011 ) ;
#7603 = CARTESIAN_POINT ( 'NONE',  ( -4.509999999999999787, 1.369999999999999885, 10.20000000000000107 ) ) ;
#7604 = VERTEX_POINT ( 'NONE', #4323 ) ;
#7605 = CARTESIAN_POINT ( 'NONE',  ( -1.995744669437410357, 1.455044435933379843, 0.000000000000000000 ) ) ;
#7607 = ORIENTED_EDGE ( 'NONE', *, *, #3605, .T. ) ;
#7606 = SURFACE_STYLE_USAGE ( .BOTH. , #3971 ) ;
#7608 = ORIENTED_EDGE ( 'NONE', *, *, #6164, .T. ) ;
#7609 =( NAMED_UNIT ( * ) SI_UNIT ( $, .STERADIAN. ) SOLID_ANGLE_UNIT ( ) );
#7610 = DIRECTION ( 'NONE',  ( 0.000000000000000000, -1.000000000000000000, 0.000000000000000000 ) ) ;
#7611 =( GEOMETRIC_REPRESENTATION_CONTEXT ( 3 ) GLOBAL_UNCERTAINTY_ASSIGNED_CONTEXT ( ( #11093 ) ) GLOBAL_UNIT_ASSIGNED_CONTEXT ( ( #8959, #146, #6950 ) ) REPRESENTATION_CONTEXT ( 'NONE', 'WORKASPACE' ) );
#7612 = ORIENTED_EDGE ( 'NONE', *, *, #456, .T. ) ;
#7613 = AXIS2_PLACEMENT_3D ( 'NONE', #1210, #5009, #10816 ) ;
#7614 = EDGE_CURVE ( 'NONE', #9989, #7861, #1399, .T. ) ;
#7615 = DIRECTION ( 'NONE',  ( 0.000000000000000000, 0.000000000000000000, 1.000000000000000000 ) ) ;
#7616 = CARTESIAN_POINT ( 'NONE',  ( -0.5500000000000080380, 0.2300000000000000100, 10.20000000000000107 ) ) ;
#7617 =( NAMED_UNIT ( * ) SI_UNIT ( $, .STERADIAN. ) SOLID_ANGLE_UNIT ( ) );
#7618 = ORIENTED_EDGE ( 'NONE', *, *, #9088, .F. ) ;
#7619 = MECHANICAL_DESIGN_GEOMETRIC_PRESENTATION_REPRESENTATION (  '', ( #9408 ), #3818 ) ;
#7620 = PLANE ( 'NONE',  #432 ) ;
#7621 = ADVANCED_FACE ( 'NONE', ( #11702 ), #7962, .F. ) ;
#7622 = DIRECTION ( 'NONE',  ( 0.000000000000000000, 1.000000000000000000, 0.000000000000000000 ) ) ;
#7623 = ORIENTED_EDGE ( 'NONE', *, *, #4645, .T. ) ;
#7624 = FILL_AREA_STYLE_COLOUR ( '', #10930 ) ;
#7625 = COLOUR_RGB ( '',1.000000000000000000, 1.000000000000000000, 0.9450980392156862475 ) ;
#7626 = FACE_OUTER_BOUND ( 'NONE', #6847, .T. ) ;
#7627 = DIRECTION ( 'NONE',  ( 1.000000000000000000, 0.000000000000000000, 0.000000000000000000 ) ) ;
#7628 = EDGE_CURVE ( 'NONE', #1184, #675, #2395, .T. ) ;
#7629 = VECTOR ( 'NONE', #545, 1000.000000000000000 ) ;
#7630 = MECHANICAL_DESIGN_GEOMETRIC_PRESENTATION_REPRESENTATION (  '', ( #8820 ), #5019 ) ;
#7631 = EDGE_CURVE ( 'NONE', #107, #3008, #9085, .T. ) ;
#7632 = COLOUR_RGB ( '',1.000000000000000000, 1.000000000000000000, 0.9450980392156862475 ) ;
#7633 = VERTEX_POINT ( 'NONE', #580 ) ;
#7634 = PRESENTATION_LAYER_ASSIGNMENT (  '', '', ( #4431 ) ) ;
#7635 = SURFACE_STYLE_USAGE ( .BOTH. , #7701 ) ;
#7636 = VECTOR ( 'NONE', #312, 1000.000000000000000 ) ;
#7637 = DIRECTION ( 'NONE',  ( 1.000000000000000000, 0.000000000000000000, 0.000000000000000000 ) ) ;
#7638 = EDGE_CURVE ( 'NONE', #8982, #5954, #8338, .T. ) ;
#7639 = SURFACE_SIDE_STYLE ('',( #5441 ) ) ;
#7640 = VECTOR ( 'NONE', #2697, 1000.000000000000000 ) ;
#7641 = LINE ( 'NONE', #8462, #8538 ) ;
#7642 = EDGE_LOOP ( 'NONE', ( #415, #4534, #6011, #3110 ) ) ;
#7643 = LINE ( 'NONE', #6529, #1035 ) ;
#7644 = LINE ( 'NONE', #10375, #9657 ) ;
#7645 = AXIS2_PLACEMENT_3D ( 'NONE', #2152, #10831, #11834 ) ;
#7646 = VECTOR ( 'NONE', #25, 1000.000000000000114 ) ;
#7647 =( GEOMETRIC_REPRESENTATION_CONTEXT ( 3 ) GLOBAL_UNCERTAINTY_ASSIGNED_CONTEXT ( ( #11969 ) ) GLOBAL_UNIT_ASSIGNED_CONTEXT ( ( #9656, #6845, #2202 ) ) REPRESENTATION_CONTEXT ( 'NONE', 'WORKASPACE' ) );
#7648 = PRESENTATION_LAYER_ASSIGNMENT (  '', '', ( #2055 ) ) ;
#7649 = VECTOR ( 'NONE', #5717, 1000.000000000000000 ) ;
#7650 = ADVANCED_FACE ( 'NONE', ( #3476 ), #7286, .T. ) ;
#7651 = PRESENTATION_STYLE_ASSIGNMENT (( #7475 ) ) ;
#7652 = VECTOR ( 'NONE', #2278, 1000.000000000000114 ) ;
#7653 = ORIENTED_EDGE ( 'NONE', *, *, #10471, .T. ) ;
#7654 = STYLED_ITEM ( 'NONE', ( #1667 ), #5376 ) ;
#7655 = LINE ( 'NONE', #3949, #6867 ) ;
#7656 = ADVANCED_FACE ( 'NONE', ( #1578 ), #11944, .T. ) ;
#7657 = VECTOR ( 'NONE', #11154, 1000.000000000000227 ) ;
#7658 = VECTOR ( 'NONE', #3630, 1000.000000000000000 ) ;
#7659 = SURFACE_STYLE_FILL_AREA ( #1771 ) ;
#7660 = FACE_OUTER_BOUND ( 'NONE', #6901, .T. ) ;
#7661 = PRESENTATION_LAYER_ASSIGNMENT (  '', '', ( #677 ) ) ;
#7662 = UNCERTAINTY_MEASURE_WITH_UNIT (LENGTH_MEASURE( 1.000000000000000082E-05 ), #5030, 'distance_accuracy_value', 'NONE');
#7663 = CARTESIAN_POINT ( 'NONE',  ( -2.200000000000000178, 2.005044447854310352, -0.05000000000000000278 ) ) ;
#7664 = SURFACE_STYLE_USAGE ( .BOTH. , #4014 ) ;
#7665 = VECTOR ( 'NONE', #7367, 1000.000000000000000 ) ;
#7666 = VERTEX_POINT ( 'NONE', #5504 ) ;
#7667 = CARTESIAN_POINT ( 'NONE',  ( -4.290000000000000036, 0.4500000000000000111, 11.19999999999999929 ) ) ;
#7668 = ORIENTED_EDGE ( 'NONE', *, *, #9306, .F. ) ;
#7669 = VECTOR ( 'NONE', #9897, 1000.000000000000000 ) ;
#7670 = FACE_OUTER_BOUND ( 'NONE', #4599, .T. ) ;
#7671 =( GEOMETRIC_REPRESENTATION_CONTEXT ( 3 ) GLOBAL_UNCERTAINTY_ASSIGNED_CONTEXT ( ( #8 ) ) GLOBAL_UNIT_ASSIGNED_CONTEXT ( ( #9435, #4691, #8255 ) ) REPRESENTATION_CONTEXT ( 'NONE', 'WORKASPACE' ) );
#7672 = ORIENTED_EDGE ( 'NONE', *, *, #5525, .T. ) ;
#7673 = STYLED_ITEM ( 'NONE', ( #12267 ), #11271 ) ;
#7674 = DIRECTION ( 'NONE',  ( 1.000000000000000000, 0.000000000000000000, 0.000000000000000000 ) ) ;
#7675 = FILL_AREA_STYLE ('',( #2793 ) ) ;
#7676 = DIRECTION ( 'NONE',  ( 0.000000000000000000, 1.000000000000000000, 0.000000000000000000 ) ) ;
#7677 = FACE_OUTER_BOUND ( 'NONE', #2630, .T. ) ;
#7678 = ORIENTED_EDGE ( 'NONE', *, *, #10901, .T. ) ;
#7679 = SURFACE_STYLE_FILL_AREA ( #4846 ) ;
#7681 = ORIENTED_EDGE ( 'NONE', *, *, #12324, .F. ) ;
#7680 = PLANE ( 'NONE',  #6849 ) ;
#7682 = EDGE_LOOP ( 'NONE', ( #3039, #11322, #10389, #4669 ) ) ;
#7683 = PLANE ( 'NONE',  #1255 ) ;
#7684 = ADVANCED_FACE ( 'NONE', ( #718 ), #4519, .T. ) ;
#7685 = CARTESIAN_POINT ( 'NONE',  ( -2.148936176300049627, -0.5324554567782588954, 0.000000000000000000 ) ) ;
#7686 = DIRECTION ( 'NONE',  ( -1.000000000000000000, 0.000000000000000000, 0.000000000000000000 ) ) ;
#7687 =( GEOMETRIC_REPRESENTATION_CONTEXT ( 3 ) GLOBAL_UNCERTAINTY_ASSIGNED_CONTEXT ( ( #10277 ) ) GLOBAL_UNIT_ASSIGNED_CONTEXT ( ( #6582, #6397, #8329 ) ) REPRESENTATION_CONTEXT ( 'NONE', 'WORKASPACE' ) );
#7688 = FILL_AREA_STYLE ('',( #7802 ) ) ;
#7689 =( NAMED_UNIT ( * ) PLANE_ANGLE_UNIT ( ) SI_UNIT ( $, .RADIAN. ) );
#7690 = FILL_AREA_STYLE ('',( #3866 ) ) ;
#7691 = EDGE_LOOP ( 'NONE', ( #8563, #11579, #3269, #7489 ) ) ;
#7692 = ORIENTED_EDGE ( 'NONE', *, *, #8608, .F. ) ;
#7693 = FILL_AREA_STYLE_COLOUR ( '', #11224 ) ;
#7694 = DIRECTION ( 'NONE',  ( 1.000000000000000000, 0.000000000000000000, 0.000000000000000000 ) ) ;
#7695 = EDGE_CURVE ( 'NONE', #3954, #8084, #7644, .T. ) ;
#7696 = LINE ( 'NONE', #5983, #12003 ) ;
#7697 =( NAMED_UNIT ( * ) SI_UNIT ( $, .STERADIAN. ) SOLID_ANGLE_UNIT ( ) );
#7698 = CARTESIAN_POINT ( 'NONE',  ( -2.110638308525089712, -0.1449555044619749988, -0.05000000000000000278 ) ) ;
#7699 = ORIENTED_EDGE ( 'NONE', *, *, #11144, .T. ) ;
#7700 = CARTESIAN_POINT ( 'NONE',  ( 12.25000000000000000, 1.149999999999999911, -3.399999999999999911 ) ) ;
#7701 = SURFACE_SIDE_STYLE ('',( #2066 ) ) ;
#7702 = DIRECTION ( 'NONE',  ( 0.000000000000000000, -1.000000000000000000, 0.000000000000000000 ) ) ;
#7703 = CARTESIAN_POINT ( 'NONE',  ( -1.995744669437410357, -0.1074555044619750072, 0.000000000000000000 ) ) ;
#7704 = CARTESIAN_POINT ( 'NONE',  ( 0.6199999999999890044, 1.399999999999999911, 3.200000000000000178 ) ) ;
#7705 = FILL_AREA_STYLE ('',( #127 ) ) ;
#7706 = EDGE_CURVE ( 'NONE', #9124, #1778, #4885, .T. ) ;
#7707 = ORIENTED_EDGE ( 'NONE', *, *, #1760, .F. ) ;
#7708 = SURFACE_STYLE_USAGE ( .BOTH. , #5568 ) ;
#7709 = PLANE ( 'NONE',  #6063 ) ;
#7710 = FILL_AREA_STYLE ('',( #9573 ) ) ;
#7711 = EDGE_CURVE ( 'NONE', #7419, #11582, #12314, .T. ) ;
#7712 = DIRECTION ( 'NONE',  ( 0.9486832528137616460, 0.3162279017270618886, 0.000000000000000000 ) ) ;
#7713 = VERTEX_POINT ( 'NONE', #5742 ) ;
#7714 = FACE_OUTER_BOUND ( 'NONE', #3364, .T. ) ;
#7715 = CARTESIAN_POINT ( 'NONE',  ( -0.5500000000000080380, 0.2300000000000000100, -2.399999999999999911 ) ) ;
#7716 =( NAMED_UNIT ( * ) PLANE_ANGLE_UNIT ( ) SI_UNIT ( $, .RADIAN. ) );
#7717 = DIRECTION ( 'NONE',  ( 0.2100675449707450348, 0.2100675449707440079, 0.9548524771397560729 ) ) ;
#7718 = FILL_AREA_STYLE_COLOUR ( '', #1724 ) ;
#7719 = CARTESIAN_POINT ( 'NONE',  ( 0.000000000000000000, 0.000000000000000000, 0.000000000000000000 ) ) ;
#7720 = DIRECTION ( 'NONE',  ( 1.000000000000000000, 0.000000000000000000, 0.000000000000000000 ) ) ;
#7721 =( NAMED_UNIT ( * ) PLANE_ANGLE_UNIT ( ) SI_UNIT ( $, .RADIAN. ) );
#7722 = ORIENTED_EDGE ( 'NONE', *, *, #9114, .T. ) ;
#7723 =( GEOMETRIC_REPRESENTATION_CONTEXT ( 3 ) GLOBAL_UNCERTAINTY_ASSIGNED_CONTEXT ( ( #10637 ) ) GLOBAL_UNIT_ASSIGNED_CONTEXT ( ( #8895, #9008, #5948 ) ) REPRESENTATION_CONTEXT ( 'NONE', 'WORKASPACE' ) );
#7724 = CARTESIAN_POINT ( 'NONE',  ( -8.500000000000000000, 1.399999999999999911, 3.200000000000000178 ) ) ;
#7725 = FILL_AREA_STYLE_COLOUR ( '', #5452 ) ;
#7726 = ORIENTED_EDGE ( 'NONE', *, *, #435, .T. ) ;
#7727 = ORIENTED_EDGE ( 'NONE', *, *, #2698, .T. ) ;
#7728 = PRESENTATION_LAYER_ASSIGNMENT (  '', '', ( #536 ) ) ;
#7729 = DIRECTION ( 'NONE',  ( 0.000000000000000000, 0.000000000000000000, 1.000000000000000000 ) ) ;
#7730 = DIRECTION ( 'NONE',  ( 0.6996247187607611551, 0.7145104988024501003, 0.000000000000000000 ) ) ;
#7731 = PLANE ( 'NONE',  #7437 ) ;
#7732 = UNCERTAINTY_MEASURE_WITH_UNIT (LENGTH_MEASURE( 1.000000000000000082E-05 ), #5015, 'distance_accuracy_value', 'NONE');
#7733 = DIRECTION ( 'NONE',  ( -0.9689176611437261277, 0.2473834390652930315, 0.000000000000000000 ) ) ;
#7734 = FILL_AREA_STYLE ('',( #11405 ) ) ;
#7735 = EDGE_LOOP ( 'NONE', ( #4849, #4960, #10658, #10549 ) ) ;
#7736 = DIRECTION ( 'NONE',  ( 0.000000000000000000, 0.000000000000000000, -1.000000000000000000 ) ) ;
#7737 = ORIENTED_EDGE ( 'NONE', *, *, #910, .F. ) ;
#7738 = ORIENTED_EDGE ( 'NONE', *, *, #4273, .F. ) ;
#7739 = PRESENTATION_STYLE_ASSIGNMENT (( #6734 ) ) ;
#7740 = STYLED_ITEM ( 'NONE', ( #1162 ), #5895 ) ;
#7741 = ORIENTED_EDGE ( 'NONE', *, *, #2006, .T. ) ;
#7742 = VECTOR ( 'NONE', #8964, 1000.000000000000114 ) ;
#7743 = SURFACE_STYLE_USAGE ( .BOTH. , #1118 ) ;
#7744 = EDGE_CURVE ( 'NONE', #9417, #942, #2827, .T. ) ;
#7745 =( NAMED_UNIT ( * ) SI_UNIT ( $, .STERADIAN. ) SOLID_ANGLE_UNIT ( ) );
#7746 =( LENGTH_UNIT ( ) NAMED_UNIT ( * ) SI_UNIT ( .MILLI., .METRE. ) );
#7748 = EDGE_LOOP ( 'NONE', ( #9161, #8015, #10770, #4517 ) ) ;
#7747 =( NAMED_UNIT ( * ) SI_UNIT ( $, .STERADIAN. ) SOLID_ANGLE_UNIT ( ) );
#7749 = ORIENTED_EDGE ( 'NONE', *, *, #6766, .F. ) ;
#7750 = DIRECTION ( 'NONE',  ( 0.2100675449707459508, -0.2100675449707439524, -0.9548524771397558508 ) ) ;
#7751 = SURFACE_STYLE_FILL_AREA ( #6876 ) ;
#7752 = VERTEX_POINT ( 'NONE', #6641 ) ;
#7753 = VECTOR ( 'NONE', #7068, 999.9999999999998863 ) ;
#7754 = VECTOR ( 'NONE', #11641, 1000.000000000000000 ) ;
#7755 = CARTESIAN_POINT ( 'NONE',  ( -4.639999999999999680, -4.000000000000000000, 0.5999999999999999778 ) ) ;
#7756 = DIRECTION ( 'NONE',  ( 0.000000000000000000, -1.000000000000000000, 0.000000000000000000 ) ) ;
#7757 = DIRECTION ( 'NONE',  ( 1.000000000000000000, 0.000000000000000000, 0.000000000000000000 ) ) ;
#7758 = MECHANICAL_DESIGN_GEOMETRIC_PRESENTATION_REPRESENTATION (  '', ( #4141 ), #3380 ) ;
#7759 = ADVANCED_FACE ( 'NONE', ( #1996 ), #7709, .T. ) ;
#7760 = AXIS2_PLACEMENT_3D ( 'NONE', #11115, #4372, #6315 ) ;
#7761 = ORIENTED_EDGE ( 'NONE', *, *, #11961, .F. ) ;
#7762 = MECHANICAL_DESIGN_GEOMETRIC_PRESENTATION_REPRESENTATION (  '', ( #363 ), #8948 ) ;
#7763 = LINE ( 'NONE', #11560, #10022 ) ;
#7764 =( NAMED_UNIT ( * ) SI_UNIT ( $, .STERADIAN. ) SOLID_ANGLE_UNIT ( ) );
#7765 = LINE ( 'NONE', #10433, #11656 ) ;
#7766 = DIRECTION ( 'NONE',  ( 1.000000000000000000, 0.000000000000000000, 0.000000000000000000 ) ) ;
#7767 = DIRECTION ( 'NONE',  ( 0.000000000000000000, -1.000000000000000000, 0.000000000000000000 ) ) ;
#7768 = VECTOR ( 'NONE', #1902, 1000.000000000000000 ) ;
#7769 = ORIENTED_EDGE ( 'NONE', *, *, #12055, .F. ) ;
#7770 = DIRECTION ( 'NONE',  ( 0.000000000000000000, 1.000000000000000000, 0.000000000000000000 ) ) ;
#7771 = VECTOR ( 'NONE', #961, 1000.000000000000000 ) ;
#7772 = PRESENTATION_LAYER_ASSIGNMENT (  '', '', ( #786 ) ) ;
#7773 = PRODUCT_DEFINITION ( 'Î´Öª', '', #8974, #9900 ) ;
#7774 = SURFACE_STYLE_USAGE ( .BOTH. , #10624 ) ;
#7775 = ORIENTED_EDGE ( 'NONE', *, *, #11670, .T. ) ;
#7776 =( NAMED_UNIT ( * ) PLANE_ANGLE_UNIT ( ) SI_UNIT ( $, .RADIAN. ) );
#7777 = LINE ( 'NONE', #3771, #270 ) ;
#7778 = DIRECTION ( 'NONE',  ( 0.2100675449707440356, 0.2100675449707440356, 0.9548524771397562949 ) ) ;
#7779 =( NAMED_UNIT ( * ) SI_UNIT ( $, .STERADIAN. ) SOLID_ANGLE_UNIT ( ) );
#7780 = CARTESIAN_POINT ( 'NONE',  ( -11.50999999999999979, 1.149999999999999911, 11.19999999999999929 ) ) ;
#7781 = ADVANCED_FACE ( 'NONE', ( #8640 ), #11497, .F. ) ;
#7782 = UNCERTAINTY_MEASURE_WITH_UNIT (LENGTH_MEASURE( 1.000000000000000082E-05 ), #11864, 'distance_accuracy_value', 'NONE');
#7783 = STYLED_ITEM ( 'NONE', ( #6334 ), #12344 ) ;
#7784 = EDGE_LOOP ( 'NONE', ( #6911, #9861, #1410, #4994 ) ) ;
#7785 = CARTESIAN_POINT ( 'NONE',  ( -4.639999999999999680, 4.000000000000000000, 0.5999999999999999778 ) ) ;
#7786 = VERTEX_POINT ( 'NONE', #805 ) ;
#7787 = FACE_OUTER_BOUND ( 'NONE', #4718, .T. ) ;
#7788 = ORIENTED_EDGE ( 'NONE', *, *, #3858, .T. ) ;
#7789 = EDGE_CURVE ( 'NONE', #7111, #1224, #8498, .T. ) ;
#7790 = SURFACE_STYLE_USAGE ( .BOTH. , #4841 ) ;
#7791 = ADVANCED_FACE ( 'NONE', ( #3512 ), #12057, .T. ) ;
#7792 = CARTESIAN_POINT ( 'NONE',  ( -8.500000000000000000, 1.399999999999999911, 3.200000000000000178 ) ) ;
#7793 = FILL_AREA_STYLE_COLOUR ( '', #2250 ) ;
#7794 = LINE ( 'NONE', #3044, #2370 ) ;
#7795 = ORIENTED_EDGE ( 'NONE', *, *, #3418, .F. ) ;
#7796 = EDGE_CURVE ( 'NONE', #1099, #2034, #2560, .T. ) ;
#7797 = ORIENTED_EDGE ( 'NONE', *, *, #5314, .T. ) ;
#7798 = ORIENTED_EDGE ( 'NONE', *, *, #4938, .F. ) ;
#7799 = FILL_AREA_STYLE ('',( #3974 ) ) ;
#7800 =( NAMED_UNIT ( * ) SI_UNIT ( $, .STERADIAN. ) SOLID_ANGLE_UNIT ( ) );
#7801 = ORIENTED_EDGE ( 'NONE', *, *, #1204, .T. ) ;
#7802 = FILL_AREA_STYLE_COLOUR ( '', #4038 ) ;
#7803 = PLANE ( 'NONE',  #9119 ) ;
#7804 = FILL_AREA_STYLE_COLOUR ( '', #8437 ) ;
#7805 = CARTESIAN_POINT ( 'NONE',  ( -1.804255312681200207, -0.1824555044619740052, 0.000000000000000000 ) ) ;
#7807 = VERTEX_POINT ( 'NONE', #9251 ) ;
#7806 = PRESENTATION_STYLE_ASSIGNMENT (( #5787 ) ) ;
#7808 = ORIENTED_EDGE ( 'NONE', *, *, #3562, .T. ) ;
#7809 = PLANE ( 'NONE',  #10802 ) ;
#7811 = PLANE ( 'NONE',  #11410 ) ;
#7810 = UNCERTAINTY_MEASURE_WITH_UNIT (LENGTH_MEASURE( 1.000000000000000082E-05 ), #6272, 'distance_accuracy_value', 'NONE');
#7812 = DIRECTION ( 'NONE',  ( 0.000000000000000000, 0.000000000000000000, 1.000000000000000000 ) ) ;
#7813 = SURFACE_SIDE_STYLE ('',( #183 ) ) ;
#7814 = SURFACE_STYLE_USAGE ( .BOTH. , #7055 ) ;
#7815 = ORIENTED_EDGE ( 'NONE', *, *, #1747, .F. ) ;
#7816 = AXIS2_PLACEMENT_3D ( 'NONE', #10192, #5332, #3289 ) ;
#7817 = CARTESIAN_POINT ( 'NONE',  ( 12.85999999999999943, 2.000000000000000000, -12.38419999999999987 ) ) ;
#7818 = COLOUR_RGB ( '',0.7803921568627451011, 0.7803921568627451011, 0.7803921568627451011 ) ;
#7819 = CARTESIAN_POINT ( 'NONE',  ( -7.200000000000000178, -4.000000000000000000, 0.5999999999999999778 ) ) ;
#7820 = FACE_OUTER_BOUND ( 'NONE', #66, .T. ) ;
#7821 = LINE ( 'NONE', #4118, #5703 ) ;
#7822 = CARTESIAN_POINT ( 'NONE',  ( 12.50000000000000000, 4.080000000000000071, 9.500000000000000000 ) ) ;
#7823 = VERTEX_POINT ( 'NONE', #699 ) ;
#7824 = FACE_OUTER_BOUND ( 'NONE', #10462, .T. ) ;
#7825 = EDGE_CURVE ( 'NONE', #6489, #6095, #8314, .T. ) ;
#7826 = LINE ( 'NONE', #11635, #8060 ) ;
#7827 = MECHANICAL_DESIGN_GEOMETRIC_PRESENTATION_REPRESENTATION (  '', ( #10582 ), #10020 ) ;
#7828 =( GEOMETRIC_REPRESENTATION_CONTEXT ( 3 ) GLOBAL_UNCERTAINTY_ASSIGNED_CONTEXT ( ( #1346 ) ) GLOBAL_UNIT_ASSIGNED_CONTEXT ( ( #7568, #9256, #11308 ) ) REPRESENTATION_CONTEXT ( 'NONE', 'WORKASPACE' ) );
#7829 = AXIS2_PLACEMENT_3D ( 'NONE', #4217, #8050, #9979 ) ;
#7830 = DIRECTION ( 'NONE',  ( 1.000000000000000000, 0.000000000000000000, 0.000000000000000000 ) ) ;
#7831 = STYLED_ITEM ( 'NONE', ( #1355 ), #10559 ) ;
#7832 = ORIENTED_EDGE ( 'NONE', *, *, #4512, .F. ) ;
#7833 = SURFACE_SIDE_STYLE ('',( #1018 ) ) ;
#7834 = CARTESIAN_POINT ( 'NONE',  ( -0.5800000000000109512, 0.2000000000000000111, 3.200000000000000178 ) ) ;
#7835 = COLOUR_RGB ( '',0.2941176470588235392, 0.2941176470588235392, 0.2941176470588235392 ) ;
#7836 = LINE ( 'NONE', #8714, #876 ) ;
#7837 = DIRECTION ( 'NONE',  ( -1.000000000000000000, 0.000000000000000000, 0.000000000000000000 ) ) ;
#7838 = COLOUR_RGB ( '',0.2941176470588235392, 0.2941176470588235392, 0.2941176470588235392 ) ;
#7839 = PRESENTATION_STYLE_ASSIGNMENT (( #6838 ) ) ;
#7840 = DIRECTION ( 'NONE',  ( 0.000000000000000000, -1.000000000000000000, 0.000000000000000000 ) ) ;
#7841 = ORIENTED_EDGE ( 'NONE', *, *, #8318, .F. ) ;
#7842 = AXIS2_PLACEMENT_3D ( 'NONE', #5086, #1401, #3345 ) ;
#7843 = EDGE_CURVE ( 'NONE', #8799, #3666, #6439, .T. ) ;
#7844 =( GEOMETRIC_REPRESENTATION_CONTEXT ( 3 ) GLOBAL_UNCERTAINTY_ASSIGNED_CONTEXT ( ( #3341 ) ) GLOBAL_UNIT_ASSIGNED_CONTEXT ( ( #1698, #8451, #7518 ) ) REPRESENTATION_CONTEXT ( 'NONE', 'WORKASPACE' ) );
#7845 = FILL_AREA_STYLE_COLOUR ( '', #12186 ) ;
#7846 = DIRECTION ( 'NONE',  ( -0.2100675449707450348, 0.2100675449707440079, -0.9548524771397560729 ) ) ;
#7847 = EDGE_LOOP ( 'NONE', ( #4550, #9948, #4179, #2561 ) ) ;
#7848 = PRESENTATION_LAYER_ASSIGNMENT (  '', '', ( #1843 ) ) ;
#7849 =( NAMED_UNIT ( * ) PLANE_ANGLE_UNIT ( ) SI_UNIT ( $, .RADIAN. ) );
#7850 = COLOUR_RGB ( '',0.7803921568627451011, 0.7803921568627451011, 0.7803921568627451011 ) ;
#7851 = PRESENTATION_LAYER_ASSIGNMENT (  '', '', ( #7654 ) ) ;
#7852 = STYLED_ITEM ( 'NONE', ( #986 ), #7283 ) ;
#7853 = VECTOR ( 'NONE', #4417, 1000.000000000000000 ) ;
#7854 = CARTESIAN_POINT ( 'NONE',  ( -1.753191488981250101, -0.6574555521456909579, -0.05000000000000000278 ) ) ;
#7855 = UNCERTAINTY_MEASURE_WITH_UNIT (LENGTH_MEASURE( 1.000000000000000082E-05 ), #11683, 'distance_accuracy_value', 'NONE');
#7856 = VECTOR ( 'NONE', #8036, 1000.000000000000000 ) ;
#7857 = VERTEX_POINT ( 'NONE', #11305 ) ;
#7860 = ORIENTED_EDGE ( 'NONE', *, *, #4157, .F. ) ;
#7859 = VECTOR ( 'NONE', #9208, 1000.000000000000000 ) ;
#7858 = DIRECTION ( 'NONE',  ( 0.000000000000000000, 0.000000000000000000, -1.000000000000000000 ) ) ;
#7861 = VERTEX_POINT ( 'NONE', #2751 ) ;
#7862 = EDGE_CURVE ( 'NONE', #1043, #5878, #10355, .T. ) ;
#7863 =( LENGTH_UNIT ( ) NAMED_UNIT ( * ) SI_UNIT ( .MILLI., .METRE. ) );
#7864 = VECTOR ( 'NONE', #7485, 1000.000000000000000 ) ;
#7865 = FILL_AREA_STYLE ('',( #4912 ) ) ;
#7866 = MECHANICAL_DESIGN_GEOMETRIC_PRESENTATION_REPRESENTATION (  '', ( #11449 ), #11250 ) ;
#7867 = EDGE_LOOP ( 'NONE', ( #11548, #11855, #6540, #12370 ) ) ;
#7868 = EDGE_CURVE ( 'NONE', #6066, #1957, #5597, .T. ) ;
#7869 = VECTOR ( 'NONE', #7767, 1000.000000000000000 ) ;
#7870 =( LENGTH_UNIT ( ) NAMED_UNIT ( * ) SI_UNIT ( .MILLI., .METRE. ) );
#7871 = CARTESIAN_POINT ( 'NONE',  ( 12.47000000000000064, 1.369999999999999885, 10.20000000000000107 ) ) ;
#7872 = DIRECTION ( 'NONE',  ( 0.000000000000000000, 0.000000000000000000, -1.000000000000000000 ) ) ;
#7873 = FACE_OUTER_BOUND ( 'NONE', #9173, .T. ) ;
#7874 = VECTOR ( 'NONE', #6698, 1000.000000000000000 ) ;
#7875 = VERTEX_POINT ( 'NONE', #9307 ) ;
#7876 = ORIENTED_EDGE ( 'NONE', *, *, #7614, .F. ) ;
#7877 = LINE ( 'NONE', #11680, #3650 ) ;
#7878 = CARTESIAN_POINT ( 'NONE',  ( -12.46000000000000085, 0.2000000000000000111, 3.200000000000000178 ) ) ;
#7879 = DIRECTION ( 'NONE',  ( 0.000000000000000000, 1.000000000000000000, 0.000000000000000000 ) ) ;
#7880 = FILL_AREA_STYLE ('',( #5057 ) ) ;
#7881 = DIRECTION ( 'NONE',  ( -0.2377704967206480113, 0.9713213633443961159, 0.000000000000000000 ) ) ;
#7882 = ADVANCED_FACE ( 'NONE', ( #2126 ), #6830, .F. ) ;
#7883 = COLOUR_RGB ( '',0.2941176470588235392, 0.2941176470588235392, 0.2941176470588235392 ) ;
#7884 = EDGE_CURVE ( 'NONE', #7111, #1732, #8825, .T. ) ;
#7885 = EDGE_LOOP ( 'NONE', ( #7761, #5297, #5707, #743 ) ) ;
#7886 = FACE_OUTER_BOUND ( 'NONE', #10670, .T. ) ;
#7887 =( LENGTH_UNIT ( ) NAMED_UNIT ( * ) SI_UNIT ( .MILLI., .METRE. ) );
#7888 = FILL_AREA_STYLE ('',( #10739 ) ) ;
#7889 = EDGE_CURVE ( 'NONE', #7301, #899, #9575, .T. ) ;
#7890 = ORIENTED_EDGE ( 'NONE', *, *, #11440, .F. ) ;
#7891 =( NAMED_UNIT ( * ) PLANE_ANGLE_UNIT ( ) SI_UNIT ( $, .RADIAN. ) );
#7892 = CARTESIAN_POINT ( 'NONE',  ( -2.046808493137360241, -0.09495555214569059710, 0.000000000000000000 ) ) ;
#7893 = EDGE_LOOP ( 'NONE', ( #7554, #7618, #8294, #9729 ) ) ;
#7894 = ADVANCED_FACE ( 'NONE', ( #7714 ), #1203, .T. ) ;
#7895 = SURFACE_STYLE_USAGE ( .BOTH. , #4073 ) ;
#7896 = CARTESIAN_POINT ( 'NONE',  ( 4.440000000000000391, 0.8000000000000000444, -2.899999999999999911 ) ) ;
#7897 = LINE ( 'NONE', #3407, #1975 ) ;
#7898 = LINE ( 'NONE', #3282, #3915 ) ;
#7899 = LINE ( 'NONE', #9272, #151 ) ;
#7900 = UNCERTAINTY_MEASURE_WITH_UNIT (LENGTH_MEASURE( 1.000000000000000082E-05 ), #8990, 'distance_accuracy_value', 'NONE');
#7901 = CARTESIAN_POINT ( 'NONE',  ( -1.714893621206280194, 1.055044424012449911, -0.05000000000000000278 ) ) ;
#7902 = DIRECTION ( 'NONE',  ( 1.000000000000000000, 0.000000000000000000, 0.000000000000000000 ) ) ;
#7903 = EDGE_LOOP ( 'NONE', ( #4692, #6301, #1709, #9686 ) ) ;
#7904 =( NAMED_UNIT ( * ) PLANE_ANGLE_UNIT ( ) SI_UNIT ( $, .RADIAN. ) );
#7905 = ORIENTED_EDGE ( 'NONE', *, *, #4077, .T. ) ;
#7906 = ADVANCED_FACE ( 'NONE', ( #4950 ), #8711, .F. ) ;
#7907 = DIRECTION ( 'NONE',  ( 1.000000000000000000, 0.000000000000000000, 0.000000000000000000 ) ) ;
#7908 = CARTESIAN_POINT ( 'NONE',  ( -8.500000000000000000, 0.2000000000000000111, 3.200000000000000178 ) ) ;
#7909 = DIRECTION ( 'NONE',  ( 0.000000000000000000, 0.000000000000000000, 1.000000000000000000 ) ) ;
#7910 = AXIS2_PLACEMENT_3D ( 'NONE', #8386, #4383, #7280 ) ;
#7911 = EDGE_LOOP ( 'NONE', ( #9830, #4721, #431, #1369 ) ) ;
#7912 = CARTESIAN_POINT ( 'NONE',  ( -2.110638308525089712, 0.9800444240124520645, 0.000000000000000000 ) ) ;
#7914 = ORIENTED_EDGE ( 'NONE', *, *, #11600, .T. ) ;
#7913 =( LENGTH_UNIT ( ) NAMED_UNIT ( * ) SI_UNIT ( .MILLI., .METRE. ) );
#7915 = EDGE_LOOP ( 'NONE', ( #4108, #11679, #9719, #903 ) ) ;
#7916 = SURFACE_STYLE_FILL_AREA ( #6173 ) ;
#7917 =( NAMED_UNIT ( * ) SI_UNIT ( $, .STERADIAN. ) SOLID_ANGLE_UNIT ( ) );
#7918 =( NAMED_UNIT ( * ) SI_UNIT ( $, .STERADIAN. ) SOLID_ANGLE_UNIT ( ) );
#7919 = VERTEX_POINT ( 'NONE', #633 ) ;
#7920 = PRESENTATION_LAYER_ASSIGNMENT (  '', '', ( #10701 ) ) ;
#7921 = EDGE_CURVE ( 'NONE', #4965, #4900, #383, .T. ) ;
#7922 = VECTOR ( 'NONE', #10360, 1000.000000000000114 ) ;
#7923 =( NAMED_UNIT ( * ) PLANE_ANGLE_UNIT ( ) SI_UNIT ( $, .RADIAN. ) );
#7924 = EDGE_CURVE ( 'NONE', #10695, #4030, #4192, .T. ) ;
#7925 = ORIENTED_EDGE ( 'NONE', *, *, #1524, .F. ) ;
#7926 = VERTEX_POINT ( 'NONE', #8016 ) ;
#7927 = SURFACE_STYLE_FILL_AREA ( #8621 ) ;
#7928 = VECTOR ( 'NONE', #792, 1000.000000000000000 ) ;
#7929 = ADVANCED_FACE ( 'NONE', ( #3336 ), #4261, .F. ) ;
#7930 =( LENGTH_UNIT ( ) NAMED_UNIT ( * ) SI_UNIT ( .MILLI., .METRE. ) );
#7931 = FILL_AREA_STYLE_COLOUR ( '', #6865 ) ;
#7932 = DIRECTION ( 'NONE',  ( -1.000000000000000000, 0.000000000000000000, 0.000000000000000000 ) ) ;
#7933 = FILL_AREA_STYLE_COLOUR ( '', #9866 ) ;
#7934 = VECTOR ( 'NONE', #9987, 1000.000000000000000 ) ;
#7935 = COLOUR_RGB ( '',0.7803921568627451011, 0.7803921568627451011, 0.7803921568627451011 ) ;
#7936 = PRESENTATION_STYLE_ASSIGNMENT (( #7249 ) ) ;
#7937 = AXIS2_PLACEMENT_3D ( 'NONE', #634, #1513, #3464 ) ;
#7938 = ORIENTED_EDGE ( 'NONE', *, *, #72, .F. ) ;
#7939 = PRESENTATION_STYLE_ASSIGNMENT (( #8193 ) ) ;
#7940 = VECTOR ( 'NONE', #2460, 1000.000000000000000 ) ;
#7941 = DIRECTION ( 'NONE',  ( 0.2100675449707450348, -0.2100675449707440079, -0.9548524771397560729 ) ) ;
#7942 = VECTOR ( 'NONE', #317, 1000.000000000000114 ) ;
#7943 =( GEOMETRIC_REPRESENTATION_CONTEXT ( 3 ) GLOBAL_UNCERTAINTY_ASSIGNED_CONTEXT ( ( #3467 ) ) GLOBAL_UNIT_ASSIGNED_CONTEXT ( ( #2548, #8920, #4165 ) ) REPRESENTATION_CONTEXT ( 'NONE', 'WORKASPACE' ) );
#7944 =( LENGTH_UNIT ( ) NAMED_UNIT ( * ) SI_UNIT ( .MILLI., .METRE. ) );
#7945 = SURFACE_STYLE_USAGE ( .BOTH. , #5877 ) ;
#7946 = ORIENTED_EDGE ( 'NONE', *, *, #2755, .T. ) ;
#7947 = LINE ( 'NONE', #4001, #6206 ) ;
#7948 =( GEOMETRIC_REPRESENTATION_CONTEXT ( 3 ) GLOBAL_UNCERTAINTY_ASSIGNED_CONTEXT ( ( #279 ) ) GLOBAL_UNIT_ASSIGNED_CONTEXT ( ( #11112, #12060, #2563 ) ) REPRESENTATION_CONTEXT ( 'NONE', 'WORKASPACE' ) );
#7949 = CARTESIAN_POINT ( 'NONE',  ( -1.804255312681200207, -0.6449554567782590508, 0.000000000000000000 ) ) ;
#7950 = COLOUR_RGB ( '',0.2941176470588235392, 0.2941176470588235392, 0.2941176470588235392 ) ;
#7951 = AXIS2_PLACEMENT_3D ( 'NONE', #3355, #10956, #6148 ) ;
#7952 = PRESENTATION_STYLE_ASSIGNMENT (( #7774 ) ) ;
#7953 = EDGE_LOOP ( 'NONE', ( #7236, #6780, #1788, #9002 ) ) ;
#7954 = DIRECTION ( 'NONE',  ( 0.000000000000000000, 0.000000000000000000, -1.000000000000000000 ) ) ;
#7955 = VECTOR ( 'NONE', #5300, 1000.000000000000000 ) ;
#7956 = DIRECTION ( 'NONE',  ( 1.000000000000000000, 0.000000000000000000, 0.000000000000000000 ) ) ;
#7957 = CARTESIAN_POINT ( 'NONE',  ( 4.330000000000000071, 0.4500000000000000111, -3.399999999999999911 ) ) ;
#7958 = LINE ( 'NONE', #6947, #4171 ) ;
#7959 = SURFACE_STYLE_USAGE ( .BOTH. , #4010 ) ;
#7960 = FILL_AREA_STYLE ('',( #4321 ) ) ;
#7961 = DIRECTION ( 'NONE',  ( 0.000000000000000000, 0.000000000000000000, -1.000000000000000000 ) ) ;
#7962 = PLANE ( 'NONE',  #9060 ) ;
#7963 = ORIENTED_EDGE ( 'NONE', *, *, #9310, .F. ) ;
#7964 = VECTOR ( 'NONE', #10451, 1000.000000000000000 ) ;
#7965 = FILL_AREA_STYLE ('',( #1289 ) ) ;
#7966 = EDGE_CURVE ( 'NONE', #10684, #6528, #9949, .T. ) ;
#7967 = MECHANICAL_DESIGN_GEOMETRIC_PRESENTATION_REPRESENTATION (  '', ( #1379 ), #5552 ) ;
#7968 = EDGE_LOOP ( 'NONE', ( #4677, #6929, #2443, #8197 ) ) ;
#7969 = CARTESIAN_POINT ( 'NONE',  ( -2.046808493137360241, 0.9675444716961679736, 0.000000000000000000 ) ) ;
#7970 =( GEOMETRIC_REPRESENTATION_CONTEXT ( 3 ) GLOBAL_UNCERTAINTY_ASSIGNED_CONTEXT ( ( #3529 ) ) GLOBAL_UNIT_ASSIGNED_CONTEXT ( ( #2974, #4893, #7779 ) ) REPRESENTATION_CONTEXT ( 'NONE', 'WORKASPACE' ) );
#7971 = CARTESIAN_POINT ( 'NONE',  ( 3.409999999999999698, 0.2300000000000000100, -2.399999999999999911 ) ) ;
#7972 = UNCERTAINTY_MEASURE_WITH_UNIT (LENGTH_MEASURE( 1.000000000000000082E-05 ), #7353, 'distance_accuracy_value', 'NONE');
#7973 = PLANE ( 'NONE',  #7645 ) ;
#7974 = SURFACE_SIDE_STYLE ('',( #11956 ) ) ;
#7975 = DIRECTION ( 'NONE',  ( -1.000000000000000000, 0.000000000000000000, 0.000000000000000000 ) ) ;
#7976 = PRESENTATION_STYLE_ASSIGNMENT (( #12077 ) ) ;
#7977 = VERTEX_POINT ( 'NONE', #1391 ) ;
#7978 = ORIENTED_EDGE ( 'NONE', *, *, #11965, .T. ) ;
#7979 =( LENGTH_UNIT ( ) NAMED_UNIT ( * ) SI_UNIT ( .MILLI., .METRE. ) );
#7980 = CARTESIAN_POINT ( 'NONE',  ( 7.590000000000000746, 1.149999999999999911, -3.399999999999999911 ) ) ;
#7981 = FILL_AREA_STYLE_COLOUR ( '', #11425 ) ;
#7982 = PLANE ( 'NONE',  #7829 ) ;
#7983 = EDGE_CURVE ( 'NONE', #8946, #2091, #7189, .T. ) ;
#7984 = EDGE_CURVE ( 'NONE', #11282, #1732, #9003, .T. ) ;
#7985 = ORIENTED_EDGE ( 'NONE', *, *, #696, .T. ) ;
#7986 = CARTESIAN_POINT ( 'NONE',  ( -13.86000000000000121, 3.000000000000000000, 3.200000000000000178 ) ) ;
#7987 = EDGE_CURVE ( 'NONE', #925, #5033, #7274, .T. ) ;
#7988 = CARTESIAN_POINT ( 'NONE',  ( 3.279999999999999805, -4.000000000000000000, 0.000000000000000000 ) ) ;
#7989 = SURFACE_STYLE_USAGE ( .BOTH. , #6972 ) ;
#7990 = DIRECTION ( 'NONE',  ( 0.000000000000000000, 0.000000000000000000, -1.000000000000000000 ) ) ;
#7991 = ORIENTED_EDGE ( 'NONE', *, *, #9698, .T. ) ;
#7992 = ORIENTED_EDGE ( 'NONE', *, *, #9532, .F. ) ;
#7993 = CARTESIAN_POINT ( 'NONE',  ( -0.6800000000000100409, -4.000000000000000000, 0.000000000000000000 ) ) ;
#7994 = PLANE ( 'NONE',  #6626 ) ;
#7995 = FILL_AREA_STYLE ('',( #300 ) ) ;
#7996 = EDGE_CURVE ( 'NONE', #4481, #9489, #10073, .T. ) ;
#7997 = DIRECTION ( 'NONE',  ( 0.000000000000000000, 0.000000000000000000, 1.000000000000000000 ) ) ;
#7998 = EDGE_CURVE ( 'NONE', #3593, #6166, #10808, .T. ) ;
#7999 =( NAMED_UNIT ( * ) SI_UNIT ( $, .STERADIAN. ) SOLID_ANGLE_UNIT ( ) );
#8000 = ORIENTED_EDGE ( 'NONE', *, *, #7868, .F. ) ;
#8001 = SURFACE_STYLE_USAGE ( .BOTH. , #372 ) ;
#8002 = PLANE ( 'NONE',  #2950 ) ;
#8003 = MECHANICAL_DESIGN_GEOMETRIC_PRESENTATION_REPRESENTATION (  '', ( #8995 ), #1221 ) ;
#8004 = FACE_OUTER_BOUND ( 'NONE', #10505, .T. ) ;
#8005 = DIRECTION ( 'NONE',  ( 0.000000000000000000, 1.000000000000000000, 0.000000000000000000 ) ) ;
#8006 = ORIENTED_EDGE ( 'NONE', *, *, #10276, .T. ) ;
#8007 = DIRECTION ( 'NONE',  ( 0.000000000000000000, -1.000000000000000000, 0.000000000000000000 ) ) ;
#8008 = EDGE_CURVE ( 'NONE', #11985, #9467, #570, .T. ) ;
#8009 = ORIENTED_EDGE ( 'NONE', *, *, #1117, .T. ) ;
#8010 = COLOUR_RGB ( '',0.2941176470588235392, 0.2941176470588235392, 0.2941176470588235392 ) ;
#8011 = EDGE_CURVE ( 'NONE', #10727, #5829, #10130, .T. ) ;
#8012 = COLOUR_RGB ( '',0.2941176470588235392, 0.2941176470588235392, 0.2941176470588235392 ) ;
#8013 = ADVANCED_FACE ( 'NONE', ( #6631 ), #8507, .T. ) ;
#8014 = LINE ( 'NONE', #439, #1840 ) ;
#8015 = ORIENTED_EDGE ( 'NONE', *, *, #2734, .F. ) ;
#8016 = CARTESIAN_POINT ( 'NONE',  ( -1.804255312681200207, -0.1074555044619750072, -0.05000000000000000278 ) ) ;
#8017 = LINE ( 'NONE', #11872, #6668 ) ;
#8018 = MECHANICAL_DESIGN_GEOMETRIC_PRESENTATION_REPRESENTATION (  '', ( #8031 ), #10222 ) ;
#8019 = FACE_OUTER_BOUND ( 'NONE', #3118, .T. ) ;
#8020 = CARTESIAN_POINT ( 'NONE',  ( -7.330000000000000071, 1.369999999999999885, 10.20000000000000107 ) ) ;
#8021 = DIRECTION ( 'NONE',  ( 0.2100675449707440356, -0.2100675449707440356, 0.9548524771397562949 ) ) ;
#8022 = UNCERTAINTY_MEASURE_WITH_UNIT (LENGTH_MEASURE( 1.000000000000000082E-05 ), #6921, 'distance_accuracy_value', 'NONE');
#8023 = DIRECTION ( 'NONE',  ( -0.9766444667050901973, 0.000000000000000000, 0.2148617826751190452 ) ) ;
#8024 = PRESENTATION_STYLE_ASSIGNMENT (( #5276 ) ) ;
#8025 = STYLED_ITEM ( 'NONE', ( #7054 ), #2746 ) ;
#8026 = MECHANICAL_DESIGN_GEOMETRIC_PRESENTATION_REPRESENTATION (  '', ( #11790 ), #7436 ) ;
#8027 = DIRECTION ( 'NONE',  ( 0.000000000000000000, 0.000000000000000000, -1.000000000000000000 ) ) ;
#8028 = ORIENTED_EDGE ( 'NONE', *, *, #194, .T. ) ;
#8029 = COLOUR_RGB ( '',0.2941176470588235392, 0.2941176470588235392, 0.2941176470588235392 ) ;
#8030 = EDGE_CURVE ( 'NONE', #2099, #9625, #11367, .T. ) ;
#8031 = STYLED_ITEM ( 'NONE', ( #8791 ), #10443 ) ;
#8032 = EDGE_CURVE ( 'NONE', #10972, #2099, #816, .T. ) ;
#8033 = PLANE ( 'NONE',  #2330 ) ;
#8034 = AXIS2_PLACEMENT_3D ( 'NONE', #7988, #5912, #1239 ) ;
#8035 =( GEOMETRIC_REPRESENTATION_CONTEXT ( 3 ) GLOBAL_UNCERTAINTY_ASSIGNED_CONTEXT ( ( #9966 ) ) GLOBAL_UNIT_ASSIGNED_CONTEXT ( ( #8185, #1605, #1498 ) ) REPRESENTATION_CONTEXT ( 'NONE', 'WORKASPACE' ) );
#8036 = DIRECTION ( 'NONE',  ( 0.000000000000000000, 0.000000000000000000, -1.000000000000000000 ) ) ;
#8037 = LINE ( 'NONE', #7792, #9726 ) ;
#8038 = AXIS2_PLACEMENT_3D ( 'NONE', #11908, #6974, #6300 ) ;
#8039 = VECTOR ( 'NONE', #9961, 1000.000000000000000 ) ;
#8040 = CARTESIAN_POINT ( 'NONE',  ( -2.187234044075009987, 1.317544424012449866, 0.000000000000000000 ) ) ;
#8041 = DIRECTION ( 'NONE',  ( 0.000000000000000000, -1.000000000000000000, 0.000000000000000000 ) ) ;
#8042 = STYLED_ITEM ( 'NONE', ( #3654 ), #734 ) ;
#8043 =( LENGTH_UNIT ( ) NAMED_UNIT ( * ) SI_UNIT ( .MILLI., .METRE. ) );
#8044 = ORIENTED_EDGE ( 'NONE', *, *, #11581, .F. ) ;
#8045 = VECTOR ( 'NONE', #11841, 1000.000000000000000 ) ;
#8046 = ORIENTED_EDGE ( 'NONE', *, *, #3516, .T. ) ;
#8047 = CARTESIAN_POINT ( 'NONE',  ( 3.629999999999999893, 0.4500000000000000111, 11.19999999999999929 ) ) ;
#8048 = CARTESIAN_POINT ( 'NONE',  ( -1.600000000000000089, -0.2824555521456910134, -0.05000000000000000278 ) ) ;
#8049 = AXIS2_PLACEMENT_3D ( 'NONE', #5899, #8852, #6022 ) ;
#8050 = DIRECTION ( 'NONE',  ( 1.000000000000000000, 0.000000000000000000, 0.000000000000000000 ) ) ;
#8051 = MECHANICAL_DESIGN_GEOMETRIC_PRESENTATION_REPRESENTATION (  '', ( #11010 ), #4836 ) ;
#8052 = COLOUR_RGB ( '',0.7803921568627451011, 0.7803921568627451011, 0.7803921568627451011 ) ;
#8053 = ORIENTED_EDGE ( 'NONE', *, *, #1256, .F. ) ;
#8054 = AXIS2_PLACEMENT_3D ( 'NONE', #8327, #10312, #7459 ) ;
#8055 = COLOUR_RGB ( '',0.7803921568627451011, 0.7803921568627451011, 0.7803921568627451011 ) ;
#8056 = SURFACE_STYLE_USAGE ( .BOTH. , #10096 ) ;
#8057 = CARTESIAN_POINT ( 'NONE',  ( 7.479999999999999538, 0.8000000000000000444, -2.899999999999999911 ) ) ;
#8058 = COLOUR_RGB ( '',0.7803921568627451011, 0.7803921568627451011, 0.7803921568627451011 ) ;
#8059 = DIRECTION ( 'NONE',  ( 0.2100675449707450348, -0.2100675449707440079, -0.9548524771397560729 ) ) ;
#8060 = VECTOR ( 'NONE', #4068, 1000.000000000000000 ) ;
#8061 = EDGE_CURVE ( 'NONE', #4539, #4397, #3703, .T. ) ;
#8062 = CARTESIAN_POINT ( 'NONE',  ( 12.50000000000000000, 1.399999999999999911, 3.200000000000000178 ) ) ;
#8063 = AXIS2_PLACEMENT_3D ( 'NONE', #84, #7085, #5194 ) ;
#8065 = ORIENTED_EDGE ( 'NONE', *, *, #11693, .F. ) ;
#8064 = LINE ( 'NONE', #9988, #10031 ) ;
#8066 = ORIENTED_EDGE ( 'NONE', *, *, #6253, .T. ) ;
#8067 = PRESENTATION_LAYER_ASSIGNMENT (  '', '', ( #6474 ) ) ;
#8068 = DIRECTION ( 'NONE',  ( 0.000000000000000000, -1.000000000000000000, 0.000000000000000000 ) ) ;
#8069 = SURFACE_SIDE_STYLE ('',( #3437 ) ) ;
#8070 = LINE ( 'NONE', #10785, #7007 ) ;
#8071 = VECTOR ( 'NONE', #10491, 1000.000000000000000 ) ;
#8072 =( GEOMETRIC_REPRESENTATION_CONTEXT ( 3 ) GLOBAL_UNCERTAINTY_ASSIGNED_CONTEXT ( ( #911 ) ) GLOBAL_UNIT_ASSIGNED_CONTEXT ( ( #11000, #68, #3885 ) ) REPRESENTATION_CONTEXT ( 'NONE', 'WORKASPACE' ) );
#8073 = DIRECTION ( 'NONE',  ( -1.000000000000000000, 0.000000000000000000, 0.000000000000000000 ) ) ;
#8074 = ORIENTED_EDGE ( 'NONE', *, *, #12311, .T. ) ;
#8075 = FACE_OUTER_BOUND ( 'NONE', #3739, .T. ) ;
#8076 = CARTESIAN_POINT ( 'NONE',  ( -12.56000000000000050, 3.000000000000000000, 0.000000000000000000 ) ) ;
#8077 = ADVANCED_FACE ( 'NONE', ( #4575 ), #11317, .T. ) ;
#8078 = FILL_AREA_STYLE_COLOUR ( '', #3755 ) ;
#8079 = PLANE ( 'NONE',  #7760 ) ;
#8080 = VECTOR ( 'NONE', #7954, 1000.000000000000000 ) ;
#8081 =( NAMED_UNIT ( * ) PLANE_ANGLE_UNIT ( ) SI_UNIT ( $, .RADIAN. ) );
#8082 = ORIENTED_EDGE ( 'NONE', *, *, #4890, .T. ) ;
#8083 = FILL_AREA_STYLE_COLOUR ( '', #2652 ) ;
#8084 = VERTEX_POINT ( 'NONE', #5675 ) ;
#8085 = CARTESIAN_POINT ( 'NONE',  ( 3.409999999999999698, 0.2300000000000000100, 10.20000000000000107 ) ) ;
#8086 = EDGE_CURVE ( 'NONE', #7112, #1729, #4700, .T. ) ;
#8087 = CARTESIAN_POINT ( 'NONE',  ( -4.509999999999999787, 0.2300000000000000100, -2.399999999999999911 ) ) ;
#8088 = DIRECTION ( 'NONE',  ( -1.000000000000000000, 0.000000000000000000, 0.000000000000000000 ) ) ;
#8089 = UNCERTAINTY_MEASURE_WITH_UNIT (LENGTH_MEASURE( 1.000000000000000082E-05 ), #5329, 'distance_accuracy_value', 'NONE');
#8090 = DIRECTION ( 'NONE',  ( 0.000000000000000000, -1.000000000000000000, 0.000000000000000000 ) ) ;
#8091 = LINE ( 'NONE', #4266, #5908 ) ;
#8092 = FACE_OUTER_BOUND ( 'NONE', #9845, .T. ) ;
#8093 =( NAMED_UNIT ( * ) PLANE_ANGLE_UNIT ( ) SI_UNIT ( $, .RADIAN. ) );
#8094 = SURFACE_SIDE_STYLE ('',( #8153 ) ) ;
#8095 = PLANE ( 'NONE',  #4207 ) ;
#8096 = EDGE_CURVE ( 'NONE', #7857, #11423, #3523, .T. ) ;
#8097 = SURFACE_SIDE_STYLE ('',( #10760 ) ) ;
#8098 = EDGE_LOOP ( 'NONE', ( #9589, #3025, #10562, #8748 ) ) ;
#8099 = DIRECTION ( 'NONE',  ( 0.000000000000000000, 1.000000000000000000, 0.000000000000000000 ) ) ;
#8100 = PLANE ( 'NONE',  #758 ) ;
#8101 = UNCERTAINTY_MEASURE_WITH_UNIT (LENGTH_MEASURE( 1.000000000000000082E-05 ), #4591, 'distance_accuracy_value', 'NONE');
#8102 = CARTESIAN_POINT ( 'NONE',  ( -1.740425533056259910, 1.442544447854309908, 0.000000000000000000 ) ) ;
#8103 = DIRECTION ( 'NONE',  ( -1.000000000000000000, 0.000000000000000000, 0.000000000000000000 ) ) ;
#8104 = FILL_AREA_STYLE ('',( #4281 ) ) ;
#8105 = FILL_AREA_STYLE_COLOUR ( '', #558 ) ;
#8106 = DIRECTION ( 'NONE',  ( 0.8373786433119693173, 0.5466232777013851907, 0.000000000000000000 ) ) ;
#8107 = EDGE_LOOP ( 'NONE', ( #3616, #12252, #3294, #10918 ) ) ;
#8108 = ORIENTED_EDGE ( 'NONE', *, *, #1140, .T. ) ;
#8109 = SURFACE_SIDE_STYLE ('',( #6964 ) ) ;
#8110 = DIRECTION ( 'NONE',  ( 0.2001234283434639993, 0.9797706943096728960, 0.000000000000000000 ) ) ;
#8111 = DIRECTION ( 'NONE',  ( 0.000000000000000000, 1.000000000000000000, 0.000000000000000000 ) ) ;
#8112 = CARTESIAN_POINT ( 'NONE',  ( -12.85999999999999943, 2.000000000000000000, 0.000000000000000000 ) ) ;
#8113 = LINE ( 'NONE', #11899, #1644 ) ;
#8114 = EDGE_LOOP ( 'NONE', ( #8678, #3722, #12291, #4585 ) ) ;
#8115 = SURFACE_SIDE_STYLE ('',( #9921 ) ) ;
#8116 = UNCERTAINTY_MEASURE_WITH_UNIT (LENGTH_MEASURE( 1.000000000000000082E-05 ), #1925, 'distance_accuracy_value', 'NONE');
#8117 = LINE ( 'NONE', #2357, #851 ) ;
#8118 = DIRECTION ( 'NONE',  ( 0.000000000000000000, -1.000000000000000000, 0.000000000000000000 ) ) ;
#8119 = DIRECTION ( 'NONE',  ( 0.000000000000000000, 0.000000000000000000, -1.000000000000000000 ) ) ;
#8121 = ORIENTED_EDGE ( 'NONE', *, *, #8301, .T. ) ;
#8120 = CARTESIAN_POINT ( 'NONE',  ( -2.110638308525089712, -0.1449555044619749988, -0.05000000000000000278 ) ) ;
#8122 = ORIENTED_EDGE ( 'NONE', *, *, #315, .T. ) ;
#8123 = SURFACE_SIDE_STYLE ('',( #5725 ) ) ;
#8124 = LINE ( 'NONE', #12050, #4233 ) ;
#8125 = CARTESIAN_POINT ( 'NONE',  ( -7.299999999999999822, 0.2000000000000000111, 3.200000000000000178 ) ) ;
#8126 = FILL_AREA_STYLE ('',( #9057 ) ) ;
#8127 =( LENGTH_UNIT ( ) NAMED_UNIT ( * ) SI_UNIT ( .MILLI., .METRE. ) );
#8128 = EDGE_CURVE ( 'NONE', #10093, #5106, #10735, .T. ) ;
#8129 = VECTOR ( 'NONE', #6884, 1000.000000000000000 ) ;
#8130 = CARTESIAN_POINT ( 'NONE',  ( 12.59999999999999964, 3.000000000000000000, 0.000000000000000000 ) ) ;
#8131 = FILL_AREA_STYLE_COLOUR ( '', #9631 ) ;
#8132 = ORIENTED_EDGE ( 'NONE', *, *, #1131, .F. ) ;
#8133 =( NAMED_UNIT ( * ) SI_UNIT ( $, .STERADIAN. ) SOLID_ANGLE_UNIT ( ) );
#8134 =( LENGTH_UNIT ( ) NAMED_UNIT ( * ) SI_UNIT ( .MILLI., .METRE. ) );
#8135 =( GEOMETRIC_REPRESENTATION_CONTEXT ( 3 ) GLOBAL_UNCERTAINTY_ASSIGNED_CONTEXT ( ( #20 ) ) GLOBAL_UNIT_ASSIGNED_CONTEXT ( ( #8794, #1977, #7617 ) ) REPRESENTATION_CONTEXT ( 'NONE', 'WORKASPACE' ) );
#8136 = FILL_AREA_STYLE ('',( #1505 ) ) ;
#8137 = CARTESIAN_POINT ( 'NONE',  ( 4.679999999999999716, -4.000000000000000000, 0.000000000000000000 ) ) ;
#8138 =( NAMED_UNIT ( * ) SI_UNIT ( $, .STERADIAN. ) SOLID_ANGLE_UNIT ( ) );
#8139 = PRESENTATION_LAYER_ASSIGNMENT (  '', '', ( #4930 ) ) ;
#8140 = ORIENTED_EDGE ( 'NONE', *, *, #3770, .F. ) ;
#8141 = EDGE_CURVE ( 'NONE', #9989, #7088, #2065, .T. ) ;
#8142 = MECHANICAL_DESIGN_GEOMETRIC_PRESENTATION_REPRESENTATION (  '', ( #1149 ), #329 ) ;
#8143 = COLOUR_RGB ( '',0.7803921568627451011, 0.7803921568627451011, 0.7803921568627451011 ) ;
#8144 = VECTOR ( 'NONE', #6524, 1000.000000000000000 ) ;
#8145 = ORIENTED_EDGE ( 'NONE', *, *, #2872, .F. ) ;
#8146 =( NAMED_UNIT ( * ) SI_UNIT ( $, .STERADIAN. ) SOLID_ANGLE_UNIT ( ) );
#8147 =( NAMED_UNIT ( * ) PLANE_ANGLE_UNIT ( ) SI_UNIT ( $, .RADIAN. ) );
#8148 = CARTESIAN_POINT ( 'NONE',  ( 12.50000000000000000, 4.000000000000000000, 0.5999999999999999778 ) ) ;
#8149 = DIRECTION ( 'NONE',  ( 0.000000000000000000, 0.000000000000000000, -1.000000000000000000 ) ) ;
#8150 = AXIS2_PLACEMENT_3D ( 'NONE', #11687, #5871, #9752 ) ;
#8151 = UNCERTAINTY_MEASURE_WITH_UNIT (LENGTH_MEASURE( 1.000000000000000082E-05 ), #11373, 'distance_accuracy_value', 'NONE');
#8152 = DIRECTION ( 'NONE',  ( 0.000000000000000000, 1.000000000000000000, 0.000000000000000000 ) ) ;
#8153 = SURFACE_STYLE_FILL_AREA ( #10694 ) ;
#8154 = CARTESIAN_POINT ( 'NONE',  ( 12.25000000000000000, 1.149999999999999911, 11.19999999999999929 ) ) ;
#8155 = STYLED_ITEM ( 'NONE', ( #4064 ), #10070 ) ;
#8156 = VECTOR ( 'NONE', #1799, 1000.000000000000000 ) ;
#8157 = SURFACE_STYLE_USAGE ( .BOTH. , #4459 ) ;
#8158 = VECTOR ( 'NONE', #6413, 1000.000000000000114 ) ;
#8159 = ORIENTED_EDGE ( 'NONE', *, *, #5071, .F. ) ;
#8160 = STYLED_ITEM ( 'NONE', ( #3067 ), #6248 ) ;
#8161 = LINE ( 'NONE', #10083, #7449 ) ;
#8162 = VECTOR ( 'NONE', #4871, 1000.000000000000000 ) ;
#8163 = LINE ( 'NONE', #10948, #4671 ) ;
#8164 = ADVANCED_FACE ( 'NONE', ( #7886 ), #3877, .T. ) ;
#8165 = SURFACE_STYLE_FILL_AREA ( #8211 ) ;
#8166 = DIRECTION ( 'NONE',  ( 0.2473831068377969067, -0.9689177459677776882, 0.000000000000000000 ) ) ;
#8167 = FACE_OUTER_BOUND ( 'NONE', #11655, .T. ) ;
#8168 = PRESENTATION_STYLE_ASSIGNMENT (( #5289 ) ) ;
#8169 = ORIENTED_EDGE ( 'NONE', *, *, #9692, .F. ) ;
#8170 =( NAMED_UNIT ( * ) SI_UNIT ( $, .STERADIAN. ) SOLID_ANGLE_UNIT ( ) );
#8171 = COLOUR_RGB ( '',0.2941176470588235392, 0.2941176470588235392, 0.2941176470588235392 ) ;
#8172 = ORIENTED_EDGE ( 'NONE', *, *, #7165, .F. ) ;
#8173 = SURFACE_STYLE_USAGE ( .BOTH. , #4346 ) ;
#8174 = ORIENTED_EDGE ( 'NONE', *, *, #3605, .F. ) ;
#8175 = STYLED_ITEM ( 'NONE', ( #4392 ), #12013 ) ;
#8176 = FACE_OUTER_BOUND ( 'NONE', #10268, .T. ) ;
#8177 = EDGE_CURVE ( 'NONE', #1818, #10684, #11442, .T. ) ;
#8178 = CARTESIAN_POINT ( 'NONE',  ( -1.957446801662450220, 0.4675444478543100413, -0.05000000000000000278 ) ) ;
#8179 = FILL_AREA_STYLE_COLOUR ( '', #8252 ) ;
#8180 = SURFACE_SIDE_STYLE ('',( #5302 ) ) ;
#8181 = ORIENTED_EDGE ( 'NONE', *, *, #1304, .T. ) ;
#8182 = EDGE_LOOP ( 'NONE', ( #11463, #4832, #5123, #11697 ) ) ;
#8183 =( NAMED_UNIT ( * ) SI_UNIT ( $, .STERADIAN. ) SOLID_ANGLE_UNIT ( ) );
#8184 = MECHANICAL_DESIGN_GEOMETRIC_PRESENTATION_REPRESENTATION (  '', ( #11952 ), #11568 ) ;
#8185 =( LENGTH_UNIT ( ) NAMED_UNIT ( * ) SI_UNIT ( .MILLI., .METRE. ) );
#8186 =( NAMED_UNIT ( * ) PLANE_ANGLE_UNIT ( ) SI_UNIT ( $, .RADIAN. ) );
#8187 = FILL_AREA_STYLE ('',( #9175 ) ) ;
#8188 = DIRECTION ( 'NONE',  ( 1.000000000000000000, 0.000000000000000000, 0.000000000000000000 ) ) ;
#8189 = SURFACE_SIDE_STYLE ('',( #4365 ) ) ;
#8190 =( LENGTH_UNIT ( ) NAMED_UNIT ( * ) SI_UNIT ( .MILLI., .METRE. ) );
#8191 = EDGE_CURVE ( 'NONE', #7604, #4005, #4990, .T. ) ;
#8192 = ORIENTED_EDGE ( 'NONE', *, *, #2564, .T. ) ;
#8193 = SURFACE_STYLE_USAGE ( .BOTH. , #11980 ) ;
#8194 =( NAMED_UNIT ( * ) SI_UNIT ( $, .STERADIAN. ) SOLID_ANGLE_UNIT ( ) );
#8195 = SURFACE_STYLE_FILL_AREA ( #1442 ) ;
#8196 = FACE_OUTER_BOUND ( 'NONE', #8337, .T. ) ;
#8197 = ORIENTED_EDGE ( 'NONE', *, *, #7631, .T. ) ;
#8198 = VERTEX_POINT ( 'NONE', #6930 ) ;
#8199 = FILL_AREA_STYLE_COLOUR ( '', #5041 ) ;
#8200 = CARTESIAN_POINT ( 'NONE',  ( 12.50000000000000000, 3.479999999999999982, 9.500000000000000000 ) ) ;
#8201 = CARTESIAN_POINT ( 'NONE',  ( -1.600000000000000089, 0.8675444240124519091, 0.000000000000000000 ) ) ;
#8202 = SURFACE_STYLE_USAGE ( .BOTH. , #1632 ) ;
#8203 = FACE_OUTER_BOUND ( 'NONE', #5805, .T. ) ;
#8204 = EDGE_CURVE ( 'NONE', #11261, #3331, #4803, .T. ) ;
#8205 = LINE ( 'NONE', #9858, #7940 ) ;
#8206 = DIRECTION ( 'NONE',  ( 0.000000000000000000, 0.000000000000000000, -1.000000000000000000 ) ) ;
#8207 =( NAMED_UNIT ( * ) PLANE_ANGLE_UNIT ( ) SI_UNIT ( $, .RADIAN. ) );
#8208 = AXIS2_PLACEMENT_3D ( 'NONE', #5035, #4034, #11539 ) ;
#8209 = ORIENTED_EDGE ( 'NONE', *, *, #5101, .F. ) ;
#8210 = DIRECTION ( 'NONE',  ( 1.000000000000000000, 0.000000000000000000, 0.000000000000000000 ) ) ;
#8211 = FILL_AREA_STYLE ('',( #5459 ) ) ;
#8212 = UNCERTAINTY_MEASURE_WITH_UNIT (LENGTH_MEASURE( 1.000000000000000082E-05 ), #10099, 'distance_accuracy_value', 'NONE');
#8213 = LINE ( 'NONE', #11015, #9640 ) ;
#8214 = CARTESIAN_POINT ( 'NONE',  ( -1.714893621206280194, -0.06995550446197459915, -0.05000000000000000278 ) ) ;
#8215 = COLOUR_RGB ( '',0.2941176470588235392, 0.2941176470588235392, 0.2941176470588235392 ) ;
#8216 =( LENGTH_UNIT ( ) NAMED_UNIT ( * ) SI_UNIT ( .MILLI., .METRE. ) );
#8217 = EDGE_CURVE ( 'NONE', #9124, #5398, #8630, .T. ) ;
#8218 =( GEOMETRIC_REPRESENTATION_CONTEXT ( 3 ) GLOBAL_UNCERTAINTY_ASSIGNED_CONTEXT ( ( #7900 ) ) GLOBAL_UNIT_ASSIGNED_CONTEXT ( ( #8990, #11055, #370 ) ) REPRESENTATION_CONTEXT ( 'NONE', 'WORKASPACE' ) );
#8219 = SURFACE_SIDE_STYLE ('',( #6415 ) ) ;
#8220 = CARTESIAN_POINT ( 'NONE',  ( 3.409999999999999698, 1.369999999999999885, 10.20000000000000107 ) ) ;
#8221 = ORIENTED_EDGE ( 'NONE', *, *, #8287, .F. ) ;
#8222 = DIRECTION ( 'NONE',  ( -0.2100675449707450348, -0.2100675449707440079, -0.9548524771397560729 ) ) ;
#8223 = EDGE_LOOP ( 'NONE', ( #9600, #2315, #8082, #4775 ) ) ;
#8224 =( NAMED_UNIT ( * ) SI_UNIT ( $, .STERADIAN. ) SOLID_ANGLE_UNIT ( ) );
#8225 = AXIS2_PLACEMENT_3D ( 'NONE', #5170, #359, #4170 ) ;
#8226 = MECHANICAL_DESIGN_GEOMETRIC_PRESENTATION_REPRESENTATION (  '', ( #11001 ), #4424 ) ;
#8227 = EDGE_LOOP ( 'NONE', ( #10264, #5970, #2969, #8535 ) ) ;
#8228 = PRESENTATION_LAYER_ASSIGNMENT (  '', '', ( #10582 ) ) ;
#8229 = VECTOR ( 'NONE', #9350, 1000.000000000000000 ) ;
#8230 = STYLED_ITEM ( 'NONE', ( #2306 ), #8380 ) ;
#8231 = COLOUR_RGB ( '',0.7803921568627451011, 0.7803921568627451011, 0.7803921568627451011 ) ;
#8232 = PRESENTATION_LAYER_ASSIGNMENT (  '', '', ( #8432 ) ) ;
#8233 = LINE ( 'NONE', #12038, #6922 ) ;
#8234 = UNCERTAINTY_MEASURE_WITH_UNIT (LENGTH_MEASURE( 1.000000000000000082E-05 ), #1377, 'distance_accuracy_value', 'NONE');
#8235 = VECTOR ( 'NONE', #2035, 1000.000000000000000 ) ;
#8236 = CARTESIAN_POINT ( 'NONE',  ( 12.85999999999999943, -4.000000000000000000, 3.200000000000000178 ) ) ;
#8237 = EDGE_CURVE ( 'NONE', #2526, #2155, #2118, .T. ) ;
#8238 = FILL_AREA_STYLE ('',( #5105 ) ) ;
#8239 = DIRECTION ( 'NONE',  ( 0.000000000000000000, 0.000000000000000000, -1.000000000000000000 ) ) ;
#8242 = VERTEX_POINT ( 'NONE', #7700 ) ;
#8241 = VECTOR ( 'NONE', #7040, 1000.000000000000000 ) ;
#8240 =( NAMED_UNIT ( * ) SI_UNIT ( $, .STERADIAN. ) SOLID_ANGLE_UNIT ( ) );
#8243 = ORIENTED_EDGE ( 'NONE', *, *, #11818, .T. ) ;
#8244 = AXIS2_PLACEMENT_3D ( 'NONE', #11353, #5657, #4608 ) ;
#8245 = SURFACE_STYLE_USAGE ( .BOTH. , #8123 ) ;
#8246 = LINE ( 'NONE', #3388, #9623 ) ;
#8247 = VECTOR ( 'NONE', #6136, 1000.000000000000000 ) ;
#8248 = SURFACE_STYLE_USAGE ( .BOTH. , #12238 ) ;
#8249 = MECHANICAL_DESIGN_GEOMETRIC_PRESENTATION_REPRESENTATION (  '', ( #1263 ), #11431 ) ;
#8250 = EDGE_CURVE ( 'NONE', #8790, #11975, #7763, .T. ) ;
#8251 = VECTOR ( 'NONE', #3064, 1000.000000000000000 ) ;
#8252 = COLOUR_RGB ( '',0.2941176470588235392, 0.2941176470588235392, 0.2941176470588235392 ) ;
#8253 = DIRECTION ( 'NONE',  ( 0.000000000000000000, 0.000000000000000000, -1.000000000000000000 ) ) ;
#8254 =( NAMED_UNIT ( * ) SI_UNIT ( $, .STERADIAN. ) SOLID_ANGLE_UNIT ( ) );
#8255 =( NAMED_UNIT ( * ) SI_UNIT ( $, .STERADIAN. ) SOLID_ANGLE_UNIT ( ) );
#8256 = VECTOR ( 'NONE', #5206, 1000.000000000000000 ) ;
#8257 = ORIENTED_EDGE ( 'NONE', *, *, #1805, .T. ) ;
#8258 =( NAMED_UNIT ( * ) SI_UNIT ( $, .STERADIAN. ) SOLID_ANGLE_UNIT ( ) );
#8259 =( GEOMETRIC_REPRESENTATION_CONTEXT ( 3 ) GLOBAL_UNCERTAINTY_ASSIGNED_CONTEXT ( ( #9361 ) ) GLOBAL_UNIT_ASSIGNED_CONTEXT ( ( #9653, #10561, #9715 ) ) REPRESENTATION_CONTEXT ( 'NONE', 'WORKASPACE' ) );
#8260 = FILL_AREA_STYLE ('',( #10980 ) ) ;
#8261 = COLOUR_RGB ( '',0.2941176470588235392, 0.2941176470588235392, 0.2941176470588235392 ) ;
#8262 = SURFACE_SIDE_STYLE ('',( #11926 ) ) ;
#8263 = VECTOR ( 'NONE', #4160, 1000.000000000000000 ) ;
#8264 = EDGE_CURVE ( 'NONE', #4342, #12158, #11622, .T. ) ;
#8265 = DIRECTION ( 'NONE',  ( -0.3102789952956300223, 0.9506455412393909343, 0.000000000000000000 ) ) ;
#8266 = VECTOR ( 'NONE', #10200, 1000.000000000000000 ) ;
#8267 = EDGE_CURVE ( 'NONE', #6121, #12024, #9695, .T. ) ;
#8268 = ORIENTED_EDGE ( 'NONE', *, *, #7511, .F. ) ;
#8269 = STYLED_ITEM ( 'NONE', ( #4771 ), #7560 ) ;
#8270 = PRESENTATION_LAYER_ASSIGNMENT (  '', '', ( #881 ) ) ;
#8271 = AXIS2_PLACEMENT_3D ( 'NONE', #2540, #12275, #3723 ) ;
#8272 = MECHANICAL_DESIGN_GEOMETRIC_PRESENTATION_REPRESENTATION (  '', ( #7673 ), #5859 ) ;
#8273 = VERTEX_POINT ( 'NONE', #10679 ) ;
#8274 = DIRECTION ( 'NONE',  ( 0.000000000000000000, 0.000000000000000000, -1.000000000000000000 ) ) ;
#8275 = SURFACE_STYLE_FILL_AREA ( #3524 ) ;
#8276 = PRESENTATION_STYLE_ASSIGNMENT (( #10871 ) ) ;
#8277 = COLOUR_RGB ( '',0.2941176470588235392, 0.2941176470588235392, 0.2941176470588235392 ) ;
#8278 = LINE ( 'NONE', #713, #471 ) ;
#8279 =( LENGTH_UNIT ( ) NAMED_UNIT ( * ) SI_UNIT ( .MILLI., .METRE. ) );
#8280 = CARTESIAN_POINT ( 'NONE',  ( -1.676595744490619877, 1.255044447854309908, 0.000000000000000000 ) ) ;
#8281 = CARTESIAN_POINT ( 'NONE',  ( -1.600000000000000089, -0.2824555521456910134, 0.000000000000000000 ) ) ;
#8282 = UNCERTAINTY_MEASURE_WITH_UNIT (LENGTH_MEASURE( 1.000000000000000082E-05 ), #8190, 'distance_accuracy_value', 'NONE');
#8283 =( NAMED_UNIT ( * ) PLANE_ANGLE_UNIT ( ) SI_UNIT ( $, .RADIAN. ) );
#8284 = DIRECTION ( 'NONE',  ( 0.000000000000000000, 0.2538981284121001325, -0.9672309653794344264 ) ) ;
#8285 = STYLED_ITEM ( 'NONE', ( #6770 ), #7882 ) ;
#8286 = ORIENTED_EDGE ( 'NONE', *, *, #8191, .F. ) ;
#8287 = EDGE_CURVE ( 'NONE', #2190, #12367, #5926, .T. ) ;
#8288 = CARTESIAN_POINT ( 'NONE',  ( -11.16000000000000014, 4.000000000000000000, 0.5999999999999999778 ) ) ;
#8289 = CARTESIAN_POINT ( 'NONE',  ( -1.753191488981250101, -0.6574555521456909579, 0.000000000000000000 ) ) ;
#8290 = CARTESIAN_POINT ( 'NONE',  ( -4.290000000000000036, 1.149999999999999911, 11.19999999999999929 ) ) ;
#8291 = CARTESIAN_POINT ( 'NONE',  ( -2.161702132225040263, 1.367544447854309952, -0.05000000000000000278 ) ) ;
#8292 = LINE ( 'NONE', #8526, #8158 ) ;
#8293 = DIRECTION ( 'NONE',  ( -1.000000000000000000, 0.000000000000000000, 0.000000000000000000 ) ) ;
#8294 = ORIENTED_EDGE ( 'NONE', *, *, #3544, .F. ) ;
#8295 = SURFACE_STYLE_FILL_AREA ( #2406 ) ;
#8296 = CARTESIAN_POINT ( 'NONE',  ( 7.590000000000000746, 0.4500000000000000111, 11.19999999999999929 ) ) ;
#8297 = ORIENTED_EDGE ( 'NONE', *, *, #8030, .T. ) ;
#8298 = DIRECTION ( 'NONE',  ( -0.000000000000000000, -0.9766444667050904194, -0.2148617826751180737 ) ) ;
#8299 = SURFACE_STYLE_FILL_AREA ( #2485 ) ;
#8300 = ORIENTED_EDGE ( 'NONE', *, *, #11540, .F. ) ;
#8301 = EDGE_CURVE ( 'NONE', #7530, #8824, #4060, .T. ) ;
#8302 = FILL_AREA_STYLE ('',( #11091 ) ) ;
#8303 = DIRECTION ( 'NONE',  ( 0.000000000000000000, 1.000000000000000000, 0.000000000000000000 ) ) ;
#8304 = CARTESIAN_POINT ( 'NONE',  ( -13.86000000000000121, -3.000000000000000000, 0.000000000000000000 ) ) ;
#8305 = ORIENTED_EDGE ( 'NONE', *, *, #11374, .F. ) ;
#8306 = CARTESIAN_POINT ( 'NONE',  ( 3.380000000000000338, 1.399999999999999911, 0.5999999999999999778 ) ) ;
#8307 = VERTEX_POINT ( 'NONE', #3139 ) ;
#8308 = ORIENTED_EDGE ( 'NONE', *, *, #3504, .T. ) ;
#8309 = PLANE ( 'NONE',  #2855 ) ;
#8310 =( LENGTH_UNIT ( ) NAMED_UNIT ( * ) SI_UNIT ( .MILLI., .METRE. ) );
#8311 = ADVANCED_FACE ( 'NONE', ( #4751 ), #4180, .T. ) ;
#8312 = LINE ( 'NONE', #616, #3095 ) ;
#8313 = SURFACE_STYLE_FILL_AREA ( #12176 ) ;
#8314 = LINE ( 'NONE', #12114, #4689 ) ;
#8315 = ORIENTED_EDGE ( 'NONE', *, *, #2160, .T. ) ;
#8316 =( LENGTH_UNIT ( ) NAMED_UNIT ( * ) SI_UNIT ( .MILLI., .METRE. ) );
#8317 = DIRECTION ( 'NONE',  ( 0.000000000000000000, 1.000000000000000000, 0.000000000000000000 ) ) ;
#8318 = EDGE_CURVE ( 'NONE', #2362, #5798, #3393, .T. ) ;
#8319 = LINE ( 'NONE', #4743, #6531 ) ;
#8320 = FACE_OUTER_BOUND ( 'NONE', #11297, .T. ) ;
#8321 = PLANE ( 'NONE',  #1176 ) ;
#8322 = STYLED_ITEM ( 'NONE', ( #9899 ), #6837 ) ;
#8323 = CARTESIAN_POINT ( 'NONE',  ( -2.110638308525089712, 1.417544435933379754, 0.000000000000000000 ) ) ;
#8324 = DIRECTION ( 'NONE',  ( -0.2100675449707450348, 0.2100675449707440079, 0.9548524771397560729 ) ) ;
#8325 = ORIENTED_EDGE ( 'NONE', *, *, #10261, .F. ) ;
#8326 =( GEOMETRIC_REPRESENTATION_CONTEXT ( 3 ) GLOBAL_UNCERTAINTY_ASSIGNED_CONTEXT ( ( #7548 ) ) GLOBAL_UNIT_ASSIGNED_CONTEXT ( ( #5466, #10528, #8610 ) ) REPRESENTATION_CONTEXT ( 'NONE', 'WORKASPACE' ) );
#8327 = CARTESIAN_POINT ( 'NONE',  ( -12.85999999999999943, 2.000000000000000000, 3.200000000000000178 ) ) ;
#8328 = VERTEX_POINT ( 'NONE', #3260 ) ;
#8329 =( NAMED_UNIT ( * ) SI_UNIT ( $, .STERADIAN. ) SOLID_ANGLE_UNIT ( ) );
#8330 = VECTOR ( 'NONE', #10542, 1000.000000000000000 ) ;
#8331 = EDGE_CURVE ( 'NONE', #6026, #8674, #10063, .T. ) ;
#8332 = SURFACE_STYLE_FILL_AREA ( #9266 ) ;
#8333 = UNCERTAINTY_MEASURE_WITH_UNIT (LENGTH_MEASURE( 1.000000000000000082E-05 ), #2077, 'distance_accuracy_value', 'NONE');
#8334 = CARTESIAN_POINT ( 'NONE',  ( -2.085106396675110219, -0.06995550446197459915, -0.05000000000000000278 ) ) ;
#8335 = VECTOR ( 'NONE', #2393, 1000.000000000000000 ) ;
#8336 = DIRECTION ( 'NONE',  ( 0.2100675449707459508, -0.2100675449707439524, -0.9548524771397558508 ) ) ;
#8337 = EDGE_LOOP ( 'NONE', ( #9259, #8808, #10410, #11390 ) ) ;
#8338 = LINE ( 'NONE', #4583, #10252 ) ;
#8339 = VECTOR ( 'NONE', #10367, 1000.000000000000000 ) ;
#8340 = VECTOR ( 'NONE', #686, 1000.000000000000000 ) ;
#8341 = VECTOR ( 'NONE', #10499, 1000.000000000000000 ) ;
#8342 = EDGE_LOOP ( 'NONE', ( #3763, #5487, #8629, #5941 ) ) ;
#8343 = CARTESIAN_POINT ( 'NONE',  ( -7.299999999999999822, 0.2000000000000000111, 3.200000000000000178 ) ) ;
#8344 = CARTESIAN_POINT ( 'NONE',  ( 0.7199999999999900924, -4.000000000000000000, 0.000000000000000000 ) ) ;
#8345 = UNCERTAINTY_MEASURE_WITH_UNIT (LENGTH_MEASURE( 1.000000000000000082E-05 ), #9555, 'distance_accuracy_value', 'NONE');
#8346 = LINE ( 'NONE', #4524, #5254 ) ;
#8347 = DIRECTION ( 'NONE',  ( 0.000000000000000000, 0.000000000000000000, -1.000000000000000000 ) ) ;
#8348 = CARTESIAN_POINT ( 'NONE',  ( -12.42999999999999972, 0.2300000000000000100, 10.20000000000000107 ) ) ;
#8349 = VECTOR ( 'NONE', #2138, 1000.000000000000000 ) ;
#8350 = DIRECTION ( 'NONE',  ( 1.000000000000000000, 0.000000000000000000, 0.000000000000000000 ) ) ;
#8351 = EDGE_LOOP ( 'NONE', ( #11519, #4289, #6660, #9533 ) ) ;
#8352 = FILL_AREA_STYLE_COLOUR ( '', #2255 ) ;
#8353 = ORIENTED_EDGE ( 'NONE', *, *, #8608, .T. ) ;
#8354 =( NAMED_UNIT ( * ) SI_UNIT ( $, .STERADIAN. ) SOLID_ANGLE_UNIT ( ) );
#8355 =( GEOMETRIC_REPRESENTATION_CONTEXT ( 3 ) GLOBAL_UNCERTAINTY_ASSIGNED_CONTEXT ( ( #5911 ) ) GLOBAL_UNIT_ASSIGNED_CONTEXT ( ( #6226, #10904, #7232 ) ) REPRESENTATION_CONTEXT ( 'NONE', 'WORKASPACE' ) );
#8356 = EDGE_LOOP ( 'NONE', ( #11173, #11847, #2538, #1137 ) ) ;
#8357 = STYLED_ITEM ( 'NONE', ( #3330 ), #10131 ) ;
#8358 = DIRECTION ( 'NONE',  ( 1.000000000000000000, 0.000000000000000000, 0.000000000000000000 ) ) ;
#8359 = FILL_AREA_STYLE ('',( #4546 ) ) ;
#8360 = AXIS2_PLACEMENT_3D ( 'NONE', #2865, #4780, #212 ) ;
#8361 = ORIENTED_EDGE ( 'NONE', *, *, #9992, .T. ) ;
#8363 = ORIENTED_EDGE ( 'NONE', *, *, #3290, .F. ) ;
#8362 = FILL_AREA_STYLE ('',( #4680 ) ) ;
#8364 = ORIENTED_EDGE ( 'NONE', *, *, #9706, .F. ) ;
#8365 =( LENGTH_UNIT ( ) NAMED_UNIT ( * ) SI_UNIT ( .MILLI., .METRE. ) );
#8366 = EDGE_CURVE ( 'NONE', #4481, #5177, #6057, .T. ) ;
#8367 = PRESENTATION_LAYER_ASSIGNMENT (  '', '', ( #7382 ) ) ;
#8368 = SURFACE_STYLE_FILL_AREA ( #12054 ) ;
#8369 = PRESENTATION_STYLE_ASSIGNMENT (( #11247 ) ) ;
#8370 = ORIENTED_EDGE ( 'NONE', *, *, #5184, .T. ) ;
#8371 =( LENGTH_UNIT ( ) NAMED_UNIT ( * ) SI_UNIT ( .MILLI., .METRE. ) );
#8372 = PRESENTATION_LAYER_ASSIGNMENT (  '', '', ( #10157 ) ) ;
#8373 =( NAMED_UNIT ( * ) PLANE_ANGLE_UNIT ( ) SI_UNIT ( $, .RADIAN. ) );
#8374 = FACE_OUTER_BOUND ( 'NONE', #4156, .T. ) ;
#8375 = LINE ( 'NONE', #9381, #2364 ) ;
#8376 = EDGE_CURVE ( 'NONE', #7823, #12084, #7119, .T. ) ;
#8377 = FILL_AREA_STYLE ('',( #6450 ) ) ;
#8378 = LINE ( 'NONE', #12182, #7658 ) ;
#8379 = VERTEX_POINT ( 'NONE', #7182 ) ;
#8380 = ADVANCED_FACE ( 'NONE', ( #8075 ), #1504, .F. ) ;
#8381 = ORIENTED_EDGE ( 'NONE', *, *, #901, .T. ) ;
#8382 = FILL_AREA_STYLE_COLOUR ( '', #7073 ) ;
#8383 = LINE ( 'NONE', #10314, #3170 ) ;
#8384 = CARTESIAN_POINT ( 'NONE',  ( -2.161702132225040263, -0.09495555214569059710, -0.05000000000000000278 ) ) ;
#8385 =( NAMED_UNIT ( * ) SI_UNIT ( $, .STERADIAN. ) SOLID_ANGLE_UNIT ( ) );
#8386 = CARTESIAN_POINT ( 'NONE',  ( -1.753191488981250101, 0.9675444716961679736, 0.000000000000000000 ) ) ;
#8387 = SURFACE_SIDE_STYLE ('',( #11445 ) ) ;
#8388 = EDGE_CURVE ( 'NONE', #3802, #9417, #9999, .T. ) ;
#8389 = UNCERTAINTY_MEASURE_WITH_UNIT (LENGTH_MEASURE( 1.000000000000000082E-05 ), #976, 'distance_accuracy_value', 'NONE');
#8390 = ORIENTED_EDGE ( 'NONE', *, *, #1556, .T. ) ;
#8391 = FILL_AREA_STYLE ('',( #8579 ) ) ;
#8392 = FILL_AREA_STYLE_COLOUR ( '', #8277 ) ;
#8393 = ORIENTED_EDGE ( 'NONE', *, *, #11142, .T. ) ;
#8394 = EDGE_CURVE ( 'NONE', #6266, #942, #5312, .T. ) ;
#8395 = CARTESIAN_POINT ( 'NONE',  ( 8.290000000000000924, 1.149999999999999911, -3.399999999999999911 ) ) ;
#8396 = ORIENTED_EDGE ( 'NONE', *, *, #6174, .F. ) ;
#8397 =( NAMED_UNIT ( * ) SI_UNIT ( $, .STERADIAN. ) SOLID_ANGLE_UNIT ( ) );
#8398 = LINE ( 'NONE', #11275, #8341 ) ;
#8399 = CARTESIAN_POINT ( 'NONE',  ( 12.59999999999999964, 3.000000000000000000, 0.5999999999999999778 ) ) ;
#8400 = DIRECTION ( 'NONE',  ( 0.000000000000000000, 1.000000000000000000, 0.000000000000000000 ) ) ;
#8401 = CARTESIAN_POINT ( 'NONE',  ( -1.995744669437410357, 1.455044435933379843, -0.05000000000000000278 ) ) ;
#8402 = UNCERTAINTY_MEASURE_WITH_UNIT (LENGTH_MEASURE( 1.000000000000000082E-05 ), #6905, 'distance_accuracy_value', 'NONE');
#8403 = LINE ( 'NONE', #1027, #6019 ) ;
#8404 = CARTESIAN_POINT ( 'NONE',  ( 12.50000000000000000, 0.2000000000000000111, 3.200000000000000178 ) ) ;
#8405 = COLOUR_RGB ( '',0.7803921568627451011, 0.7803921568627451011, 0.7803921568627451011 ) ;
#8406 = ORIENTED_EDGE ( 'NONE', *, *, #7789, .F. ) ;
#8407 = LINE ( 'NONE', #7487, #5197 ) ;
#8408 = PLANE ( 'NONE',  #7457 ) ;
#8409 = ADVANCED_FACE ( 'NONE', ( #3514 ), #12341, .T. ) ;
#8410 = ORIENTED_EDGE ( 'NONE', *, *, #2824, .T. ) ;
#8411 = LINE ( 'NONE', #732, #9449 ) ;
#8412 = SURFACE_SIDE_STYLE ('',( #8299 ) ) ;
#8413 = STYLED_ITEM ( 'NONE', ( #1468 ), #641 ) ;
#8414 = EDGE_CURVE ( 'NONE', #11985, #729, #4562, .T. ) ;
#8415 = ORIENTED_EDGE ( 'NONE', *, *, #6052, .T. ) ;
#8416 = AXIS2_PLACEMENT_3D ( 'NONE', #5025, #2992, #10705 ) ;
#8417 = VECTOR ( 'NONE', #11650, 1000.000000000000000 ) ;
#8418 = FACE_OUTER_BOUND ( 'NONE', #8602, .T. ) ;
#8419 = FACE_BOUND ( 'NONE', #9544, .T. ) ;
#8420 =( NAMED_UNIT ( * ) SI_UNIT ( $, .STERADIAN. ) SOLID_ANGLE_UNIT ( ) );
#8421 = ORIENTED_EDGE ( 'NONE', *, *, #524, .T. ) ;
#8422 = CARTESIAN_POINT ( 'NONE',  ( -1.753191488981250101, -0.6574555521456909579, 0.000000000000000000 ) ) ;
#8424 = ORIENTED_EDGE ( 'NONE', *, *, #422, .T. ) ;
#8423 = DIRECTION ( 'NONE',  ( 0.000000000000000000, 0.000000000000000000, -1.000000000000000000 ) ) ;
#8425 = ORIENTED_EDGE ( 'NONE', *, *, #1274, .F. ) ;
#8426 = FILL_AREA_STYLE ('',( #800 ) ) ;
#8427 = FACE_OUTER_BOUND ( 'NONE', #2215, .T. ) ;
#8428 = COLOUR_RGB ( '',0.7803921568627451011, 0.7803921568627451011, 0.7803921568627451011 ) ;
#8429 = FACE_OUTER_BOUND ( 'NONE', #6581, .T. ) ;
#8430 = COLOUR_RGB ( '',1.000000000000000000, 1.000000000000000000, 0.9450980392156862475 ) ;
#8431 = PRESENTATION_LAYER_ASSIGNMENT (  '', '', ( #9429 ) ) ;
#8432 = STYLED_ITEM ( 'NONE', ( #7651 ), #720 ) ;
#8433 = ADVANCED_FACE ( 'NONE', ( #5370 ), #10241, .F. ) ;
#8434 = CARTESIAN_POINT ( 'NONE',  ( -1.612765957042580078, 1.317544424012449866, 0.000000000000000000 ) ) ;
#8435 = SURFACE_SIDE_STYLE ('',( #10171 ) ) ;
#8436 = ORIENTED_EDGE ( 'NONE', *, *, #3753, .T. ) ;
#8437 = COLOUR_RGB ( '',0.7803921568627451011, 0.7803921568627451011, 0.7803921568627451011 ) ;
#8438 = VECTOR ( 'NONE', #10957, 1000.000000000000000 ) ;
#8439 = DIRECTION ( 'NONE',  ( -1.000000000000000000, 0.000000000000000000, 0.000000000000000000 ) ) ;
#8440 = COLOUR_RGB ( '',1.000000000000000000, 1.000000000000000000, 0.9450980392156862475 ) ;
#8441 = SURFACE_STYLE_USAGE ( .BOTH. , #6573 ) ;
#8442 = SURFACE_STYLE_FILL_AREA ( #2627 ) ;
#8443 = PRESENTATION_LAYER_ASSIGNMENT (  '', '', ( #890 ) ) ;
#8444 =( NAMED_UNIT ( * ) SI_UNIT ( $, .STERADIAN. ) SOLID_ANGLE_UNIT ( ) );
#8445 = SURFACE_STYLE_FILL_AREA ( #8504 ) ;
#8446 = VERTEX_POINT ( 'NONE', #2990 ) ;
#8447 = COLOUR_RGB ( '',1.000000000000000000, 1.000000000000000000, 0.9450980392156862475 ) ;
#8448 = VECTOR ( 'NONE', #8661, 1000.000000000000000 ) ;
#8449 = ADVANCED_FACE ( 'NONE', ( #5767 ), #7731, .T. ) ;
#8450 = PRESENTATION_LAYER_ASSIGNMENT (  '', '', ( #1263 ) ) ;
#8451 =( NAMED_UNIT ( * ) PLANE_ANGLE_UNIT ( ) SI_UNIT ( $, .RADIAN. ) );
#8452 = STYLED_ITEM ( 'NONE', ( #5897 ), #11084 ) ;
#8453 = ORIENTED_EDGE ( 'NONE', *, *, #8887, .F. ) ;
#8454 = FILL_AREA_STYLE ('',( #10432 ) ) ;
#8455 = FILL_AREA_STYLE ('',( #8573 ) ) ;
#8456 = SURFACE_STYLE_FILL_AREA ( #4631 ) ;
#8457 = DIRECTION ( 'NONE',  ( -0.4547774575563641175, 0.8906051112016871718, 0.000000000000000000 ) ) ;
#8458 = VECTOR ( 'NONE', #3716, 1000.000000000000000 ) ;
#8459 = CARTESIAN_POINT ( 'NONE',  ( -1.804255312681200207, 1.380044471696169950, 0.000000000000000000 ) ) ;
#8460 = LINE ( 'NONE', #3586, #10949 ) ;
#8461 = FACE_OUTER_BOUND ( 'NONE', #2715, .T. ) ;
#8462 = CARTESIAN_POINT ( 'NONE',  ( 12.59999999999999964, -4.000000000000000000, 0.5999999999999999778 ) ) ;
#8463 = ORIENTED_EDGE ( 'NONE', *, *, #2056, .T. ) ;
#8464 = VECTOR ( 'NONE', #9562, 1000.000000000000114 ) ;
#8465 =( GEOMETRIC_REPRESENTATION_CONTEXT ( 3 ) GLOBAL_UNCERTAINTY_ASSIGNED_CONTEXT ( ( #7078 ) ) GLOBAL_UNIT_ASSIGNED_CONTEXT ( ( #3619, #9305, #7435 ) ) REPRESENTATION_CONTEXT ( 'NONE', 'WORKASPACE' ) );
#8466 =( GEOMETRIC_REPRESENTATION_CONTEXT ( 3 ) GLOBAL_UNCERTAINTY_ASSIGNED_CONTEXT ( ( #6202 ) ) GLOBAL_UNIT_ASSIGNED_CONTEXT ( ( #6700, #5679, #8385 ) ) REPRESENTATION_CONTEXT ( 'NONE', 'WORKASPACE' ) );
#8467 = EDGE_CURVE ( 'NONE', #10888, #7186, #4969, .T. ) ;
#8468 = AXIS2_PLACEMENT_3D ( 'NONE', #5543, #1797, #751 ) ;
#8469 = DIRECTION ( 'NONE',  ( -0.4547769415433869367, 0.8906053746977068419, 0.000000000000000000 ) ) ;
#8470 = EDGE_LOOP ( 'NONE', ( #3925, #9319, #9422, #1017 ) ) ;
#8471 = SURFACE_STYLE_USAGE ( .BOTH. , #3714 ) ;
#8472 = CARTESIAN_POINT ( 'NONE',  ( -7.550000000000000711, 1.149999999999999911, -3.399999999999999911 ) ) ;
#8473 = LINE ( 'NONE', #11276, #9042 ) ;
#8474 = SURFACE_SIDE_STYLE ('',( #7412 ) ) ;
#8475 = EDGE_CURVE ( 'NONE', #1602, #8793, #9907, .T. ) ;
#8476 = FACE_OUTER_BOUND ( 'NONE', #11489, .T. ) ;
#8477 = EDGE_LOOP ( 'NONE', ( #8591, #1907, #9460, #10973 ) ) ;
#8478 = DIRECTION ( 'NONE',  ( 1.000000000000000000, 0.000000000000000000, 0.000000000000000000 ) ) ;
#8479 = SURFACE_STYLE_USAGE ( .BOTH. , #9477 ) ;
#8480 = VERTEX_POINT ( 'NONE', #5898 ) ;
#8481 =( GEOMETRIC_REPRESENTATION_CONTEXT ( 3 ) GLOBAL_UNCERTAINTY_ASSIGNED_CONTEXT ( ( #10384 ) ) GLOBAL_UNIT_ASSIGNED_CONTEXT ( ( #11935, #1329, #10868 ) ) REPRESENTATION_CONTEXT ( 'NONE', 'WORKASPACE' ) );
#8482 = ORIENTED_EDGE ( 'NONE', *, *, #11395, .T. ) ;
#8483 = DIRECTION ( 'NONE',  ( 0.000000000000000000, -1.000000000000000000, 0.000000000000000000 ) ) ;
#8484 = SURFACE_SIDE_STYLE ('',( #3902 ) ) ;
#8485 = UNCERTAINTY_MEASURE_WITH_UNIT (LENGTH_MEASURE( 1.000000000000000082E-05 ), #5831, 'distance_accuracy_value', 'NONE');
#8486 = DIRECTION ( 'NONE',  ( 0.000000000000000000, 1.000000000000000000, 0.000000000000000000 ) ) ;
#8487 =( NAMED_UNIT ( * ) SI_UNIT ( $, .STERADIAN. ) SOLID_ANGLE_UNIT ( ) );
#8488 = FILL_AREA_STYLE ('',( #9167 ) ) ;
#8489 = EDGE_LOOP ( 'NONE', ( #8122, #3946, #5774, #10292 ) ) ;
#8490 = LINE ( 'NONE', #4489, #1141 ) ;
#8492 = ORIENTED_EDGE ( 'NONE', *, *, #1641, .T. ) ;
#8491 = CARTESIAN_POINT ( 'NONE',  ( -1.804255312681200207, -0.1824555044619740052, 0.000000000000000000 ) ) ;
#8493 = ORIENTED_EDGE ( 'NONE', *, *, #5278, .T. ) ;
#8494 = DIRECTION ( 'NONE',  ( 1.000000000000000000, 0.000000000000000000, 0.000000000000000000 ) ) ;
#8495 = PLANE ( 'NONE',  #8244 ) ;
#8496 = DIRECTION ( 'NONE',  ( 0.000000000000000000, 0.000000000000000000, -1.000000000000000000 ) ) ;
#8497 =( NAMED_UNIT ( * ) SI_UNIT ( $, .STERADIAN. ) SOLID_ANGLE_UNIT ( ) );
#8498 = LINE ( 'NONE', #5368, #3090 ) ;
#8499 = ORIENTED_EDGE ( 'NONE', *, *, #7418, .T. ) ;
#8500 = FACE_OUTER_BOUND ( 'NONE', #12244, .T. ) ;
#8501 = CARTESIAN_POINT ( 'NONE',  ( 12.50000000000000000, 4.080000000000000071, 9.500000000000000000 ) ) ;
#8502 = CARTESIAN_POINT ( 'NONE',  ( -0.5800000000000109512, 0.2000000000000000111, 3.200000000000000178 ) ) ;
#8503 =( NAMED_UNIT ( * ) PLANE_ANGLE_UNIT ( ) SI_UNIT ( $, .RADIAN. ) );
#8504 = FILL_AREA_STYLE ('',( #6693 ) ) ;
#8505 = EDGE_CURVE ( 'NONE', #3266, #12143, #6852, .T. ) ;
#8506 = ORIENTED_EDGE ( 'NONE', *, *, #9588, .T. ) ;
#8507 = PLANE ( 'NONE',  #3881 ) ;
#8508 =( LENGTH_UNIT ( ) NAMED_UNIT ( * ) SI_UNIT ( .MILLI., .METRE. ) );
#8509 =( NAMED_UNIT ( * ) SI_UNIT ( $, .STERADIAN. ) SOLID_ANGLE_UNIT ( ) );
#8510 = SURFACE_STYLE_USAGE ( .BOTH. , #4702 ) ;
#8511 = LINE ( 'NONE', #4634, #8071 ) ;
#8512 = UNCERTAINTY_MEASURE_WITH_UNIT (LENGTH_MEASURE( 1.000000000000000082E-05 ), #1634, 'distance_accuracy_value', 'NONE');
#8513 = ORIENTED_EDGE ( 'NONE', *, *, #7304, .F. ) ;
#8514 = CARTESIAN_POINT ( 'NONE',  ( -2.161702132225040263, -0.09495555214569059710, -0.05000000000000000278 ) ) ;
#8515 = DIRECTION ( 'NONE',  ( 0.9766444667050901973, -0.000000000000000000, 0.2148617826751190452 ) ) ;
#8516 = EDGE_CURVE ( 'NONE', #1071, #4399, #1294, .T. ) ;
#8517 = AXIS2_PLACEMENT_3D ( 'NONE', #10203, #663, #4590 ) ;
#8518 =( GEOMETRIC_REPRESENTATION_CONTEXT ( 3 ) GLOBAL_UNCERTAINTY_ASSIGNED_CONTEXT ( ( #8772 ) ) GLOBAL_UNIT_ASSIGNED_CONTEXT ( ( #11113, #884, #11362 ) ) REPRESENTATION_CONTEXT ( 'NONE', 'WORKASPACE' ) );
#8519 = CARTESIAN_POINT ( 'NONE',  ( -2.161702132225040263, 1.030044447854310041, -0.05000000000000000278 ) ) ;
#8520 = VERTEX_POINT ( 'NONE', #6020 ) ;
#8521 = DIRECTION ( 'NONE',  ( -0.4547774575563601207, 0.8906051112016891702, 0.000000000000000000 ) ) ;
#8522 = DIRECTION ( 'NONE',  ( 0.000000000000000000, 0.000000000000000000, 1.000000000000000000 ) ) ;
#8523 = DIRECTION ( 'NONE',  ( 0.000000000000000000, 0.000000000000000000, -1.000000000000000000 ) ) ;
#8524 = SURFACE_STYLE_FILL_AREA ( #11508 ) ;
#8525 = VECTOR ( 'NONE', #7168, 1000.000000000000000 ) ;
#8526 = CARTESIAN_POINT ( 'NONE',  ( -0.5500000000000080380, 0.2300000000000000100, -2.399999999999999911 ) ) ;
#8527 = UNCERTAINTY_MEASURE_WITH_UNIT (LENGTH_MEASURE( 1.000000000000000082E-05 ), #5010, 'distance_accuracy_value', 'NONE');
#8528 = CARTESIAN_POINT ( 'NONE',  ( -1.676595744490619877, 1.555044447854309952, 0.000000000000000000 ) ) ;
#8529 = VERTEX_POINT ( 'NONE', #6955 ) ;
#8530 = EDGE_CURVE ( 'NONE', #10663, #3582, #4087, .T. ) ;
#8531 = SURFACE_STYLE_USAGE ( .BOTH. , #4716 ) ;
#8532 = AXIS2_PLACEMENT_3D ( 'NONE', #10777, #1422, #8921 ) ;
#8533 = CARTESIAN_POINT ( 'NONE',  ( -1.804255312681200207, -0.1074555044619750072, 0.000000000000000000 ) ) ;
#8534 = VERTEX_POINT ( 'NONE', #9661 ) ;
#8535 = ORIENTED_EDGE ( 'NONE', *, *, #2177, .T. ) ;
#8536 = STYLED_ITEM ( 'NONE', ( #10934 ), #5865 ) ;
#8537 = EDGE_CURVE ( 'NONE', #1071, #1936, #8782, .T. ) ;
#8538 = VECTOR ( 'NONE', #1759, 1000.000000000000000 ) ;
#8539 = CARTESIAN_POINT ( 'NONE',  ( -1.638297872245309872, 1.367544447854309952, 0.000000000000000000 ) ) ;
#8540 =( LENGTH_UNIT ( ) NAMED_UNIT ( * ) SI_UNIT ( .MILLI., .METRE. ) );
#8541 = VECTOR ( 'NONE', #2003, 1000.000000000000000 ) ;
#8542 = UNCERTAINTY_MEASURE_WITH_UNIT (LENGTH_MEASURE( 1.000000000000000082E-05 ), #3786, 'distance_accuracy_value', 'NONE');
#8543 = DIRECTION ( 'NONE',  ( 1.000000000000000000, 0.000000000000000000, 0.000000000000000000 ) ) ;
#8544 = FILL_AREA_STYLE_COLOUR ( '', #8010 ) ;
#8545 = DIRECTION ( 'NONE',  ( -1.000000000000000000, 0.000000000000000000, 0.000000000000000000 ) ) ;
#8546 = ORIENTED_EDGE ( 'NONE', *, *, #4837, .F. ) ;
#8547 = DIRECTION ( 'NONE',  ( 1.000000000000000000, 0.000000000000000000, 0.000000000000000000 ) ) ;
#8549 = ORIENTED_EDGE ( 'NONE', *, *, #8896, .F. ) ;
#8548 = PRESENTATION_STYLE_ASSIGNMENT (( #7606 ) ) ;
#8550 = EDGE_LOOP ( 'NONE', ( #6512, #1918, #2942, #2111, #5915, #2078, #9596, #4349, #11796, #2243 ) ) ;
#8551 = LINE ( 'NONE', #11102, #5016 ) ;
#8552 =( LENGTH_UNIT ( ) NAMED_UNIT ( * ) SI_UNIT ( .MILLI., .METRE. ) );
#8553 = LINE ( 'NONE', #2803, #2431 ) ;
#8554 = STYLED_ITEM ( 'NONE', ( #3939 ), #10082 ) ;
#8555 = EDGE_CURVE ( 'NONE', #10206, #6605, #8037, .T. ) ;
#8556 = VECTOR ( 'NONE', #4694, 1000.000000000000000 ) ;
#8557 = EDGE_CURVE ( 'NONE', #9240, #8780, #7018, .T. ) ;
#8558 =( GEOMETRIC_REPRESENTATION_CONTEXT ( 3 ) GLOBAL_UNCERTAINTY_ASSIGNED_CONTEXT ( ( #1543 ) ) GLOBAL_UNIT_ASSIGNED_CONTEXT ( ( #935, #9681, #10588 ) ) REPRESENTATION_CONTEXT ( 'NONE', 'WORKASPACE' ) );
#8559 = SURFACE_STYLE_FILL_AREA ( #12356 ) ;
#8560 = PLANE ( 'NONE',  #8915 ) ;
#8561 = ORIENTED_EDGE ( 'NONE', *, *, #8516, .F. ) ;
#8562 = CARTESIAN_POINT ( 'NONE',  ( 4.549999999999999822, 1.369999999999999885, 10.20000000000000107 ) ) ;
#8563 = ORIENTED_EDGE ( 'NONE', *, *, #7495, .T. ) ;
#8564 = DIRECTION ( 'NONE',  ( 0.000000000000000000, -0.9766444667050904194, 0.2148617826751180737 ) ) ;
#8565 = SURFACE_STYLE_USAGE ( .BOTH. , #6448 ) ;
#8566 = AXIS2_PLACEMENT_3D ( 'NONE', #6411, #9401, #836 ) ;
#8567 = LINE ( 'NONE', #4799, #10408 ) ;
#8568 = PLANE ( 'NONE',  #2884 ) ;
#8569 = ADVANCED_FACE ( 'NONE', ( #398 ), #11710, .T. ) ;
#8570 =( GEOMETRIC_REPRESENTATION_CONTEXT ( 3 ) GLOBAL_UNCERTAINTY_ASSIGNED_CONTEXT ( ( #7810 ) ) GLOBAL_UNIT_ASSIGNED_CONTEXT ( ( #6272, #7137, #2391 ) ) REPRESENTATION_CONTEXT ( 'NONE', 'WORKASPACE' ) );
#8571 = EDGE_LOOP ( 'NONE', ( #1590, #10190, #2657, #6422 ) ) ;
#8572 = SURFACE_STYLE_FILL_AREA ( #9751 ) ;
#8573 = FILL_AREA_STYLE_COLOUR ( '', #2953 ) ;
#8574 = SURFACE_STYLE_FILL_AREA ( #6815 ) ;
#8575 = CARTESIAN_POINT ( 'NONE',  ( 0.7199999999999900924, -4.000000000000000000, 0.5999999999999999778 ) ) ;
#8576 = CARTESIAN_POINT ( 'NONE',  ( -0.5500000000000080380, 1.369999999999999885, 11.19999999999999929 ) ) ;
#8577 = DIRECTION ( 'NONE',  ( 0.000000000000000000, -1.000000000000000000, 0.000000000000000000 ) ) ;
#8578 = VERTEX_POINT ( 'NONE', #5089 ) ;
#8579 = FILL_AREA_STYLE_COLOUR ( '', #2013 ) ;
#8580 = ORIENTED_EDGE ( 'NONE', *, *, #9857, .T. ) ;
#8581 = EDGE_CURVE ( 'NONE', #9489, #5398, #4144, .T. ) ;
#8582 = LINE ( 'NONE', #2777, #11045 ) ;
#8583 = DIRECTION ( 'NONE',  ( 0.000000000000000000, -1.000000000000000000, 0.000000000000000000 ) ) ;
#8584 = LINE ( 'NONE', #2004, #2376 ) ;
#8585 = CARTESIAN_POINT ( 'NONE',  ( 11.29999999999999893, 1.399999999999999911, 0.5999999999999999778 ) ) ;
#8586 = FILL_AREA_STYLE ('',( #10385 ) ) ;
#8587 = SURFACE_SIDE_STYLE ('',( #12329 ) ) ;
#8588 = ORIENTED_EDGE ( 'NONE', *, *, #11802, .T. ) ;
#8589 =( NAMED_UNIT ( * ) SI_UNIT ( $, .STERADIAN. ) SOLID_ANGLE_UNIT ( ) );
#8590 = ORIENTED_EDGE ( 'NONE', *, *, #7862, .T. ) ;
#8591 = ORIENTED_EDGE ( 'NONE', *, *, #7072, .T. ) ;
#8592 = EDGE_CURVE ( 'NONE', #4539, #11894, #6345, .T. ) ;
#8593 = FILL_AREA_STYLE_COLOUR ( '', #5842 ) ;
#8594 =( NAMED_UNIT ( * ) SI_UNIT ( $, .STERADIAN. ) SOLID_ANGLE_UNIT ( ) );
#8595 = UNCERTAINTY_MEASURE_WITH_UNIT (LENGTH_MEASURE( 1.000000000000000082E-05 ), #7361, 'distance_accuracy_value', 'NONE');
#8596 = MECHANICAL_DESIGN_GEOMETRIC_PRESENTATION_REPRESENTATION (  '', ( #1015 ), #6196 ) ;
#8597 = DIRECTION ( 'NONE',  ( 0.9766444667050901973, -0.000000000000000000, 0.2148617826751190452 ) ) ;
#8598 = DIRECTION ( 'NONE',  ( -1.000000000000000000, 0.000000000000000000, 0.000000000000000000 ) ) ;
#8599 = EDGE_LOOP ( 'NONE', ( #2228, #10391, #700, #5812 ) ) ;
#8601 = EDGE_LOOP ( 'NONE', ( #8046, #6044, #5520, #6520 ) ) ;
#8600 = CARTESIAN_POINT ( 'NONE',  ( 12.47000000000000064, 1.369999999999999885, -2.399999999999999911 ) ) ;
#8602 = EDGE_LOOP ( 'NONE', ( #8499, #6167, #1089, #5141 ) ) ;
#8603 =( NAMED_UNIT ( * ) PLANE_ANGLE_UNIT ( ) SI_UNIT ( $, .RADIAN. ) );
#8604 = DIRECTION ( 'NONE',  ( -1.000000000000000000, 0.000000000000000000, 0.000000000000000000 ) ) ;
#8605 = PRESENTATION_LAYER_ASSIGNMENT (  '', '', ( #6203 ) ) ;
#8606 = AXIS2_PLACEMENT_3D ( 'NONE', #4013, #8023, #7840 ) ;
#8607 = DIRECTION ( 'NONE',  ( 0.000000000000000000, 1.000000000000000000, 0.000000000000000000 ) ) ;
#8608 = EDGE_CURVE ( 'NONE', #2526, #5052, #2528, .T. ) ;
#8609 = CARTESIAN_POINT ( 'NONE',  ( -2.187234044075009987, 1.317544424012449866, -0.05000000000000000278 ) ) ;
#8610 =( NAMED_UNIT ( * ) SI_UNIT ( $, .STERADIAN. ) SOLID_ANGLE_UNIT ( ) );
#8611 = VECTOR ( 'NONE', #6370, 999.9999999999998863 ) ;
#8612 =( LENGTH_UNIT ( ) NAMED_UNIT ( * ) SI_UNIT ( .MILLI., .METRE. ) );
#8613 = LINE ( 'NONE', #3985, #11147 ) ;
#8614 = EDGE_CURVE ( 'NONE', #102, #11411, #519, .T. ) ;
#8615 = LINE ( 'NONE', #2172, #5922 ) ;
#8617 = EDGE_LOOP ( 'NONE', ( #987, #358, #2927, #2826 ) ) ;
#8616 = MECHANICAL_DESIGN_GEOMETRIC_PRESENTATION_REPRESENTATION (  '', ( #11607 ), #7434 ) ;
#8618 = ORIENTED_EDGE ( 'NONE', *, *, #2755, .F. ) ;
#8619 = DIRECTION ( 'NONE',  ( 0.2100675449707450348, 0.2100675449707440079, 0.9548524771397560729 ) ) ;
#8620 = VECTOR ( 'NONE', #9703, 1000.000000000000000 ) ;
#8621 = FILL_AREA_STYLE ('',( #4798 ) ) ;
#8622 = EDGE_CURVE ( 'NONE', #3868, #11100, #1582, .T. ) ;
#8623 = MECHANICAL_DESIGN_GEOMETRIC_PRESENTATION_REPRESENTATION (  '', ( #9429 ), #4626 ) ;
#8624 = FACE_OUTER_BOUND ( 'NONE', #46, .T. ) ;
#8625 = MECHANICAL_DESIGN_GEOMETRIC_PRESENTATION_REPRESENTATION (  '', ( #4818 ), #2019 ) ;
#8626 = COLOUR_RGB ( '',1.000000000000000000, 1.000000000000000000, 0.9450980392156862475 ) ;
#8627 = STYLED_ITEM ( 'NONE', ( #10278 ), #4398 ) ;
#8628 = VECTOR ( 'NONE', #5565, 1000.000000000000000 ) ;
#8629 = ORIENTED_EDGE ( 'NONE', *, *, #9675, .F. ) ;
#8630 = LINE ( 'NONE', #5986, #6629 ) ;
#8631 = STYLED_ITEM ( 'NONE', ( #7363 ), #1372 ) ;
#8632 =( LENGTH_UNIT ( ) NAMED_UNIT ( * ) SI_UNIT ( .MILLI., .METRE. ) );
#8633 = COLOUR_RGB ( '',0.2941176470588235392, 0.2941176470588235392, 0.2941176470588235392 ) ;
#8634 = CARTESIAN_POINT ( 'NONE',  ( 12.47000000000000064, 0.2300000000000000100, 10.20000000000000107 ) ) ;
#8635 = VECTOR ( 'NONE', #6054, 1000.000000000000000 ) ;
#8636 =( NAMED_UNIT ( * ) PLANE_ANGLE_UNIT ( ) SI_UNIT ( $, .RADIAN. ) );
#8637 =( NAMED_UNIT ( * ) SI_UNIT ( $, .STERADIAN. ) SOLID_ANGLE_UNIT ( ) );
#8638 = EDGE_LOOP ( 'NONE', ( #3318, #4931, #10373, #232 ) ) ;
#8639 = FACE_OUTER_BOUND ( 'NONE', #7847, .T. ) ;
#8640 = FACE_OUTER_BOUND ( 'NONE', #5694, .T. ) ;
#8641 = PRESENTATION_LAYER_ASSIGNMENT (  '', '', ( #10618 ) ) ;
#8642 = ORIENTED_EDGE ( 'NONE', *, *, #6990, .T. ) ;
#8643 = VECTOR ( 'NONE', #9029, 1000.000000000000000 ) ;
#8644 = MECHANICAL_DESIGN_GEOMETRIC_PRESENTATION_REPRESENTATION (  '', ( #1462 ), #7844 ) ;
#8645 = VECTOR ( 'NONE', #10415, 1000.000000000000000 ) ;
#8646 = DIRECTION ( 'NONE',  ( -0.2001232253107629866, -0.9797707357801709316, 0.000000000000000000 ) ) ;
#8647 = VECTOR ( 'NONE', #6204, 1000.000000000000000 ) ;
#8648 = ORIENTED_EDGE ( 'NONE', *, *, #1958, .F. ) ;
#8649 = SURFACE_SIDE_STYLE ('',( #9642 ) ) ;
#8650 = STYLED_ITEM ( 'NONE', ( #2074 ), #5483 ) ;
#8651 = CARTESIAN_POINT ( 'NONE',  ( -1.676595744490619877, 0.01754444785430959997, 0.000000000000000000 ) ) ;
#8652 = FILL_AREA_STYLE_COLOUR ( '', #1164 ) ;
#8653 = LINE ( 'NONE', #79, #10435 ) ;
#8654 = PRESENTATION_STYLE_ASSIGNMENT (( #1148 ) ) ;
#8655 = CARTESIAN_POINT ( 'NONE',  ( -11.16000000000000014, -4.000000000000000000, 0.000000000000000000 ) ) ;
#8656 = UNCERTAINTY_MEASURE_WITH_UNIT (LENGTH_MEASURE( 1.000000000000000082E-05 ), #385, 'distance_accuracy_value', 'NONE');
#8657 = CARTESIAN_POINT ( 'NONE',  ( 3.409999999999999698, 0.2300000000000000100, 10.20000000000000107 ) ) ;
#8658 = MECHANICAL_DESIGN_GEOMETRIC_PRESENTATION_REPRESENTATION (  '', ( #2058 ), #1080 ) ;
#8659 = VERTEX_POINT ( 'NONE', #10030 ) ;
#8660 = DIRECTION ( 'NONE',  ( 0.000000000000000000, 0.000000000000000000, 1.000000000000000000 ) ) ;
#8661 = DIRECTION ( 'NONE',  ( 0.000000000000000000, -1.000000000000000000, 0.000000000000000000 ) ) ;
#8662 = ORIENTED_EDGE ( 'NONE', *, *, #3588, .T. ) ;
#8663 = VECTOR ( 'NONE', #4196, 1000.000000000000114 ) ;
#8664 = CARTESIAN_POINT ( 'NONE',  ( -1.600000000000000089, 0.01754444785430970058, 0.000000000000000000 ) ) ;
#8665 = EDGE_CURVE ( 'NONE', #7926, #1859, #4332, .T. ) ;
#8666 = VERTEX_POINT ( 'NONE', #6201 ) ;
#8667 = PRESENTATION_LAYER_ASSIGNMENT (  '', '', ( #10056 ) ) ;
#8668 = DIRECTION ( 'NONE',  ( 1.000000000000000000, 0.000000000000000000, 0.000000000000000000 ) ) ;
#8669 = CARTESIAN_POINT ( 'NONE',  ( -1.689361700415610068, 1.417544435933379754, 0.000000000000000000 ) ) ;
#8670 = FILL_AREA_STYLE ('',( #620 ) ) ;
#8671 = UNCERTAINTY_MEASURE_WITH_UNIT (LENGTH_MEASURE( 1.000000000000000082E-05 ), #8849, 'distance_accuracy_value', 'NONE');
#8672 = PRESENTATION_STYLE_ASSIGNMENT (( #11403 ) ) ;
#8673 = PRESENTATION_STYLE_ASSIGNMENT (( #10290 ) ) ;
#8674 = VERTEX_POINT ( 'NONE', #2333 ) ;
#8675 = CARTESIAN_POINT ( 'NONE',  ( 12.59999999999999964, 3.000000000000000000, 0.000000000000000000 ) ) ;
#8676 = COLOUR_RGB ( '',1.000000000000000000, 1.000000000000000000, 0.9450980392156862475 ) ;
#8677 = ORIENTED_EDGE ( 'NONE', *, *, #9693, .T. ) ;
#8678 = ORIENTED_EDGE ( 'NONE', *, *, #8516, .T. ) ;
#8679 = FACE_OUTER_BOUND ( 'NONE', #7362, .T. ) ;
#8680 = PRESENTATION_STYLE_ASSIGNMENT (( #4853 ) ) ;
#8681 = ADVANCED_FACE ( 'NONE', ( #10885 ), #8100, .T. ) ;
#8682 = STYLED_ITEM ( 'NONE', ( #996 ), #584 ) ;
#8683 = VERTEX_POINT ( 'NONE', #6410 ) ;
#8684 =( GEOMETRIC_REPRESENTATION_CONTEXT ( 3 ) GLOBAL_UNCERTAINTY_ASSIGNED_CONTEXT ( ( #11752 ) ) GLOBAL_UNIT_ASSIGNED_CONTEXT ( ( #3583, #11262, #6521 ) ) REPRESENTATION_CONTEXT ( 'NONE', 'WORKASPACE' ) );
#8685 = CARTESIAN_POINT ( 'NONE',  ( -7.330000000000000071, 1.369999999999999885, 11.19999999999999929 ) ) ;
#8686 = CARTESIAN_POINT ( 'NONE',  ( -3.939999999999999947, 1.260000000000000009, -2.899999999999999911 ) ) ;
#8687 = FILL_AREA_STYLE_COLOUR ( '', #6338 ) ;
#8688 = FACE_OUTER_BOUND ( 'NONE', #11202, .T. ) ;
#8689 = SURFACE_STYLE_USAGE ( .BOTH. , #3986 ) ;
#8690 = VERTEX_POINT ( 'NONE', #4468 ) ;
#8691 = VERTEX_POINT ( 'NONE', #8290 ) ;
#8692 = CARTESIAN_POINT ( 'NONE',  ( 8.290000000000000924, 0.4500000000000000111, -3.399999999999999911 ) ) ;
#8693 = ORIENTED_EDGE ( 'NONE', *, *, #3323, .T. ) ;
#8694 = DIRECTION ( 'NONE',  ( -1.000000000000000000, 0.000000000000000000, 0.000000000000000000 ) ) ;
#8695 = DIRECTION ( 'NONE',  ( 0.9689177459677765780, -0.2473831068378018749, 0.000000000000000000 ) ) ;
#8696 = CARTESIAN_POINT ( 'NONE',  ( 4.549999999999999822, 0.2300000000000000100, 11.19999999999999929 ) ) ;
#8697 = EDGE_CURVE ( 'NONE', #1837, #4907, #6142, .T. ) ;
#8698 = VERTEX_POINT ( 'NONE', #8344 ) ;
#8699 = CARTESIAN_POINT ( 'NONE',  ( -7.550000000000000711, 0.4500000000000000111, 11.19999999999999929 ) ) ;
#8700 = LINE ( 'NONE', #9754, #11313 ) ;
#8701 = PRESENTATION_STYLE_ASSIGNMENT (( #8886 ) ) ;
#8702 =( NAMED_UNIT ( * ) SI_UNIT ( $, .STERADIAN. ) SOLID_ANGLE_UNIT ( ) );
#8703 = EDGE_LOOP ( 'NONE', ( #12331, #11409, #5712, #10474 ) ) ;
#8704 = SURFACE_SIDE_STYLE ('',( #3020 ) ) ;
#8705 = SURFACE_SIDE_STYLE ('',( #10547 ) ) ;
#8706 = CARTESIAN_POINT ( 'NONE',  ( 4.549999999999999822, 0.2300000000000000100, -2.399999999999999911 ) ) ;
#8707 = EDGE_CURVE ( 'NONE', #2979, #1066, #10085, .T. ) ;
#8708 = ADVANCED_FACE ( 'NONE', ( #3295 ), #3352, .T. ) ;
#8709 = DIRECTION ( 'NONE',  ( -0.000000000000000000, 1.000000000000000000, 0.000000000000000000 ) ) ;
#8710 = ORIENTED_EDGE ( 'NONE', *, *, #7165, .T. ) ;
#8711 = PLANE ( 'NONE',  #11850 ) ;
#8712 = DIRECTION ( 'NONE',  ( 0.000000000000000000, 0.000000000000000000, -1.000000000000000000 ) ) ;
#8713 = DIRECTION ( 'NONE',  ( 1.000000000000000000, 0.000000000000000000, 0.000000000000000000 ) ) ;
#8714 = CARTESIAN_POINT ( 'NONE',  ( -1.612765957042569864, -0.04495559982940600108, 0.000000000000000000 ) ) ;
#8715 =( NAMED_UNIT ( * ) SI_UNIT ( $, .STERADIAN. ) SOLID_ANGLE_UNIT ( ) );
#8716 =( NAMED_UNIT ( * ) SI_UNIT ( $, .STERADIAN. ) SOLID_ANGLE_UNIT ( ) );
#8717 = LINE ( 'NONE', #3719, #9022 ) ;
#8718 = ORIENTED_EDGE ( 'NONE', *, *, #7966, .T. ) ;
#8719 = VECTOR ( 'NONE', #1949, 1000.000000000000000 ) ;
#8720 = FILL_AREA_STYLE_COLOUR ( '', #10193 ) ;
#8721 = LINE ( 'NONE', #8837, #3477 ) ;
#8722 = ORIENTED_EDGE ( 'NONE', *, *, #7987, .F. ) ;
#8723 = CARTESIAN_POINT ( 'NONE',  ( 0.7199999999999900924, 4.000000000000000000, 0.000000000000000000 ) ) ;
#8724 = ORIENTED_EDGE ( 'NONE', *, *, #1909, .T. ) ;
#8725 =( GEOMETRIC_REPRESENTATION_CONTEXT ( 3 ) GLOBAL_UNCERTAINTY_ASSIGNED_CONTEXT ( ( #1040 ) ) GLOBAL_UNIT_ASSIGNED_CONTEXT ( ( #1675, #4484, #10342 ) ) REPRESENTATION_CONTEXT ( 'NONE', 'WORKASPACE' ) );
#8726 = CARTESIAN_POINT ( 'NONE',  ( 8.400000000000000355, 0.8000000000000000444, 10.69999999999999929 ) ) ;
#8727 = UNCERTAINTY_MEASURE_WITH_UNIT (LENGTH_MEASURE( 1.000000000000000082E-05 ), #7930, 'distance_accuracy_value', 'NONE');
#8728 = FILL_AREA_STYLE_COLOUR ( '', #8842 ) ;
#8729 = FILL_AREA_STYLE_COLOUR ( '', #2828 ) ;
#8730 = CARTESIAN_POINT ( 'NONE',  ( -2.200000000000000178, 1.930044447854309952, 0.000000000000000000 ) ) ;
#8731 = ORIENTED_EDGE ( 'NONE', *, *, #7407, .F. ) ;
#8732 = FACE_OUTER_BOUND ( 'NONE', #8227, .T. ) ;
#8734 = VERTEX_POINT ( 'NONE', #11455 ) ;
#8733 = CARTESIAN_POINT ( 'NONE',  ( -1.753191488981250101, -0.09495555214569059710, 0.000000000000000000 ) ) ;
#8735 = ORIENTED_EDGE ( 'NONE', *, *, #6550, .T. ) ;
#8736 = FACE_OUTER_BOUND ( 'NONE', #9910, .T. ) ;
#8737 = PRESENTATION_LAYER_ASSIGNMENT (  '', '', ( #8536 ) ) ;
#8738 = VECTOR ( 'NONE', #1518, 1000.000000000000000 ) ;
#8739 = DIRECTION ( 'NONE',  ( 0.000000000000000000, 0.000000000000000000, -1.000000000000000000 ) ) ;
#8740 = DIRECTION ( 'NONE',  ( 0.000000000000000000, 1.000000000000000000, 0.000000000000000000 ) ) ;
#8741 = CARTESIAN_POINT ( 'NONE',  ( 20.42000000000000171, 0.000000000000000000, -3.399999999999999911 ) ) ;
#8742 = CARTESIAN_POINT ( 'NONE',  ( -2.110638308525089712, 1.305044471696169994, 0.000000000000000000 ) ) ;
#8743 = EDGE_CURVE ( 'NONE', #731, #1813, #777, .T. ) ;
#8744 = AXIS2_PLACEMENT_3D ( 'NONE', #7183, #11863, #2506 ) ;
#8745 = LINE ( 'NONE', #228, #134 ) ;
#8747 = ORIENTED_EDGE ( 'NONE', *, *, #506, .F. ) ;
#8746 = LINE ( 'NONE', #2766, #854 ) ;
#8748 = ORIENTED_EDGE ( 'NONE', *, *, #43, .T. ) ;
#8749 = FILL_AREA_STYLE_COLOUR ( '', #648 ) ;
#8750 = MECHANICAL_DESIGN_GEOMETRIC_PRESENTATION_REPRESENTATION (  '', ( #348 ), #1941 ) ;
#8751 =( GEOMETRIC_REPRESENTATION_CONTEXT ( 3 ) GLOBAL_UNCERTAINTY_ASSIGNED_CONTEXT ( ( #9953 ) ) GLOBAL_UNIT_ASSIGNED_CONTEXT ( ( #8043, #1477, #5204 ) ) REPRESENTATION_CONTEXT ( 'NONE', 'WORKASPACE' ) );
#8752 = FILL_AREA_STYLE_COLOUR ( '', #222 ) ;
#8753 = AXIS2_PLACEMENT_3D ( 'NONE', #2886, #1916, #4044 ) ;
#8754 = PRESENTATION_LAYER_ASSIGNMENT (  '', '', ( #1765 ) ) ;
#8755 = ORIENTED_EDGE ( 'NONE', *, *, #12097, .F. ) ;
#8756 =( NAMED_UNIT ( * ) SI_UNIT ( $, .STERADIAN. ) SOLID_ANGLE_UNIT ( ) );
#8757 = ADVANCED_FACE ( 'NONE', ( #12268 ), #4652, .F. ) ;
#8758 = LINE ( 'NONE', #124, #11109 ) ;
#8759 =( LENGTH_UNIT ( ) NAMED_UNIT ( * ) SI_UNIT ( .MILLI., .METRE. ) );
#8760 = PRESENTATION_LAYER_ASSIGNMENT (  '', '', ( #3187 ) ) ;
#8761 = ORIENTED_EDGE ( 'NONE', *, *, #11257, .F. ) ;
#8762 = PRESENTATION_STYLE_ASSIGNMENT (( #11691 ) ) ;
#8763 =( NAMED_UNIT ( * ) SI_UNIT ( $, .STERADIAN. ) SOLID_ANGLE_UNIT ( ) );
#8764 = ORIENTED_EDGE ( 'NONE', *, *, #3623, .F. ) ;
#8765 = SURFACE_SIDE_STYLE ('',( #135 ) ) ;
#8766 = EDGE_LOOP ( 'NONE', ( #6230, #10718, #12185, #1380 ) ) ;
#8767 = EDGE_CURVE ( 'NONE', #7573, #10069, #8398, .T. ) ;
#8768 = SURFACE_STYLE_FILL_AREA ( #9518 ) ;
#8769 = DIRECTION ( 'NONE',  ( 0.000000000000000000, 1.000000000000000000, 0.000000000000000000 ) ) ;
#8770 = FILL_AREA_STYLE_COLOUR ( '', #2732 ) ;
#8771 = DIRECTION ( 'NONE',  ( 0.000000000000000000, 0.000000000000000000, 1.000000000000000000 ) ) ;
#8772 = UNCERTAINTY_MEASURE_WITH_UNIT (LENGTH_MEASURE( 1.000000000000000082E-05 ), #11113, 'distance_accuracy_value', 'NONE');
#8773 =( GEOMETRIC_REPRESENTATION_CONTEXT ( 3 ) GLOBAL_UNCERTAINTY_ASSIGNED_CONTEXT ( ( #11137 ) ) GLOBAL_UNIT_ASSIGNED_CONTEXT ( ( #8279, #7279, #714 ) ) REPRESENTATION_CONTEXT ( 'NONE', 'WORKASPACE' ) );
#8774 =( NAMED_UNIT ( * ) SI_UNIT ( $, .STERADIAN. ) SOLID_ANGLE_UNIT ( ) );
#8775 = FILL_AREA_STYLE_COLOUR ( '', #4854 ) ;
#8776 = ORIENTED_EDGE ( 'NONE', *, *, #11765, .T. ) ;
#8777 = FACE_OUTER_BOUND ( 'NONE', #5901, .T. ) ;
#8778 = FILL_AREA_STYLE ('',( #1212 ) ) ;
#8779 = EDGE_CURVE ( 'NONE', #5001, #1288, #1712, .T. ) ;
#8780 = VERTEX_POINT ( 'NONE', #5572 ) ;
#8781 = PRESENTATION_STYLE_ASSIGNMENT (( #6719 ) ) ;
#8782 = LINE ( 'NONE', #4902, #5923 ) ;
#8783 = UNCERTAINTY_MEASURE_WITH_UNIT (LENGTH_MEASURE( 1.000000000000000082E-05 ), #8632, 'distance_accuracy_value', 'NONE');
#8784 = SURFACE_STYLE_USAGE ( .BOTH. , #1295 ) ;
#8785 = LINE ( 'NONE', #11346, #5738 ) ;
#8786 = ORIENTED_EDGE ( 'NONE', *, *, #4572, .F. ) ;
#8787 = DIRECTION ( 'NONE',  ( 1.000000000000000000, 0.000000000000000000, 0.000000000000000000 ) ) ;
#8789 = EDGE_LOOP ( 'NONE', ( #159, #4586, #2158, #12098 ) ) ;
#8788 = CARTESIAN_POINT ( 'NONE',  ( -12.42999999999999972, 0.2300000000000000100, 11.19999999999999929 ) ) ;
#8790 = VERTEX_POINT ( 'NONE', #3658 ) ;
#8791 = PRESENTATION_STYLE_ASSIGNMENT (( #1908 ) ) ;
#8792 = EDGE_CURVE ( 'NONE', #10842, #6358, #9577, .T. ) ;
#8793 = VERTEX_POINT ( 'NONE', #8472 ) ;
#8794 =( LENGTH_UNIT ( ) NAMED_UNIT ( * ) SI_UNIT ( .MILLI., .METRE. ) );
#8795 = LINE ( 'NONE', #6870, #6833 ) ;
#8796 = DIRECTION ( 'NONE',  ( -0.2001234283434489281, 0.9797706943096757826, 0.000000000000000000 ) ) ;
#8797 = DIRECTION ( 'NONE',  ( 0.9486832528137616460, 0.3162279017270618886, 0.000000000000000000 ) ) ;
#8799 = VERTEX_POINT ( 'NONE', #1947 ) ;
#8798 = SURFACE_SIDE_STYLE ('',( #4106 ) ) ;
#8800 = ORIENTED_EDGE ( 'NONE', *, *, #5603, .T. ) ;
#8801 = CARTESIAN_POINT ( 'NONE',  ( 8.509999999999999787, 1.369999999999999885, -2.399999999999999911 ) ) ;
#8802 = LINE ( 'NONE', #1984, #4360 ) ;
#8803 = PRESENTATION_LAYER_ASSIGNMENT (  '', '', ( #10003 ) ) ;
#8804 =( LENGTH_UNIT ( ) NAMED_UNIT ( * ) SI_UNIT ( .MILLI., .METRE. ) );
#8805 = CARTESIAN_POINT ( 'NONE',  ( -0.4400000000000080513, 0.8000000000000000444, -2.899999999999999911 ) ) ;
#8806 = EDGE_CURVE ( 'NONE', #1732, #4663, #2778, .T. ) ;
#8807 =( GEOMETRIC_REPRESENTATION_CONTEXT ( 3 ) GLOBAL_UNCERTAINTY_ASSIGNED_CONTEXT ( ( #9139 ) ) GLOBAL_UNIT_ASSIGNED_CONTEXT ( ( #11095, #5928, #7308 ) ) REPRESENTATION_CONTEXT ( 'NONE', 'WORKASPACE' ) );
#8808 = ORIENTED_EDGE ( 'NONE', *, *, #8841, .F. ) ;
#8809 = DIRECTION ( 'NONE',  ( 0.000000000000000000, 0.000000000000000000, -1.000000000000000000 ) ) ;
#8810 = MECHANICAL_DESIGN_GEOMETRIC_PRESENTATION_REPRESENTATION (  '', ( #7210 ), #10393 ) ;
#8811 =( NAMED_UNIT ( * ) PLANE_ANGLE_UNIT ( ) SI_UNIT ( $, .RADIAN. ) );
#8812 = VECTOR ( 'NONE', #2121, 1000.000000000000000 ) ;
#8813 = FILL_AREA_STYLE ('',( #1195 ) ) ;
#8814 = SURFACE_SIDE_STYLE ('',( #6885 ) ) ;
#8815 = LINE ( 'NONE', #5118, #964 ) ;
#8816 = ORIENTED_EDGE ( 'NONE', *, *, #1939, .F. ) ;
#8817 =( LENGTH_UNIT ( ) NAMED_UNIT ( * ) SI_UNIT ( .MILLI., .METRE. ) );
#8818 = PRESENTATION_LAYER_ASSIGNMENT (  '', '', ( #6017 ) ) ;
#8819 = ADVANCED_FACE ( 'NONE', ( #5629 ), #12321, .T. ) ;
#8820 = STYLED_ITEM ( 'NONE', ( #6149 ), #4374 ) ;
#8821 = VECTOR ( 'NONE', #4304, 1000.000000000000000 ) ;
#8822 = PRESENTATION_LAYER_ASSIGNMENT (  '', '', ( #10024 ) ) ;
#8823 = PRESENTATION_LAYER_ASSIGNMENT (  '', '', ( #2851 ) ) ;
#8824 = VERTEX_POINT ( 'NONE', #4008 ) ;
#8825 = LINE ( 'NONE', #76, #8080 ) ;
#8826 = FILL_AREA_STYLE ('',( #9078 ) ) ;
#8827 = CARTESIAN_POINT ( 'NONE',  ( -2.161702132225040263, -0.09495555214569070812, 0.000000000000000000 ) ) ;
#8828 = COLOUR_RGB ( '',0.7803921568627451011, 0.7803921568627451011, 0.7803921568627451011 ) ;
#8829 = VECTOR ( 'NONE', #2742, 1000.000000000000000 ) ;
#8830 = DIRECTION ( 'NONE',  ( 0.000000000000000000, 1.000000000000000000, 0.000000000000000000 ) ) ;
#8831 = CARTESIAN_POINT ( 'NONE',  ( -8.470000000000000639, 0.2300000000000000100, 10.20000000000000107 ) ) ;
#8832 = PRESENTATION_LAYER_ASSIGNMENT (  '', '', ( #6997 ) ) ;
#8833 = COLOUR_RGB ( '',0.7803921568627451011, 0.7803921568627451011, 0.7803921568627451011 ) ;
#8834 = PRESENTATION_STYLE_ASSIGNMENT (( #2270 ) ) ;
#8835 = STYLED_ITEM ( 'NONE', ( #11949 ), #1581 ) ;
#8836 = MECHANICAL_DESIGN_GEOMETRIC_PRESENTATION_REPRESENTATION (  '', ( #11243 ), #6240 ) ;
#8837 = CARTESIAN_POINT ( 'NONE',  ( -7.330000000000000071, 0.2300000000000000100, -2.399999999999999911 ) ) ;
#8838 = VECTOR ( 'NONE', #9567, 1000.000000000000000 ) ;
#8839 = MECHANICAL_DESIGN_GEOMETRIC_PRESENTATION_REPRESENTATION (  '', ( #7450 ), #10614 ) ;
#8840 = LINE ( 'NONE', #11880, #8247 ) ;
#8841 = EDGE_CURVE ( 'NONE', #3606, #11249, #4891, .T. ) ;
#8842 = COLOUR_RGB ( '',1.000000000000000000, 1.000000000000000000, 0.9450980392156862475 ) ;
#8843 = EDGE_LOOP ( 'NONE', ( #10348, #6503, #11706, #5395 ) ) ;
#8844 = VECTOR ( 'NONE', #6888, 1000.000000000000000 ) ;
#8845 = EDGE_CURVE ( 'NONE', #1906, #2686, #10752, .T. ) ;
#8846 = PRESENTATION_LAYER_ASSIGNMENT (  '', '', ( #10232 ) ) ;
#8847 = SURFACE_STYLE_USAGE ( .BOTH. , #1901 ) ;
#8848 = EDGE_CURVE ( 'NONE', #5495, #5789, #6832, .T. ) ;
#8849 =( LENGTH_UNIT ( ) NAMED_UNIT ( * ) SI_UNIT ( .MILLI., .METRE. ) );
#8850 = UNCERTAINTY_MEASURE_WITH_UNIT (LENGTH_MEASURE( 1.000000000000000082E-05 ), #12109, 'distance_accuracy_value', 'NONE');
#8851 = STYLED_ITEM ( 'NONE', ( #8781 ), #11116 ) ;
#8852 = DIRECTION ( 'NONE',  ( 0.000000000000000000, 0.000000000000000000, 1.000000000000000000 ) ) ;
#8853 =( NAMED_UNIT ( * ) PLANE_ANGLE_UNIT ( ) SI_UNIT ( $, .RADIAN. ) );
#8854 = VERTEX_POINT ( 'NONE', #1147 ) ;
#8855 = PLANE ( 'NONE',  #1746 ) ;
#8858 = ORIENTED_EDGE ( 'NONE', *, *, #6903, .T. ) ;
#8857 = VECTOR ( 'NONE', #4075, 1000.000000000000114 ) ;
#8856 =( NAMED_UNIT ( * ) SI_UNIT ( $, .STERADIAN. ) SOLID_ANGLE_UNIT ( ) );
#8859 = ORIENTED_EDGE ( 'NONE', *, *, #8743, .T. ) ;
#8860 = LINE ( 'NONE', #9732, #7415 ) ;
#8861 = VECTOR ( 'NONE', #6898, 1000.000000000000114 ) ;
#8862 =( LENGTH_UNIT ( ) NAMED_UNIT ( * ) SI_UNIT ( .MILLI., .METRE. ) );
#8863 = DIRECTION ( 'NONE',  ( -1.000000000000000000, 0.000000000000000000, 0.000000000000000000 ) ) ;
#8864 = AXIS2_PLACEMENT_3D ( 'NONE', #8805, #3253, #9807 ) ;
#8865 = MECHANICAL_DESIGN_GEOMETRIC_PRESENTATION_REPRESENTATION (  '', ( #8631 ), #6220 ) ;
#8866 = MECHANICAL_DESIGN_GEOMETRIC_PRESENTATION_REPRESENTATION (  '', ( #7061 ), #3081 ) ;
#8867 = VERTEX_POINT ( 'NONE', #11574 ) ;
#8868 = MECHANICAL_DESIGN_GEOMETRIC_PRESENTATION_REPRESENTATION (  '', ( #7272 ), #10395 ) ;
#8869 = PLANE ( 'NONE',  #2862 ) ;
#8870 = DIRECTION ( 'NONE',  ( 0.000000000000000000, 0.000000000000000000, -1.000000000000000000 ) ) ;
#8871 = PRESENTATION_LAYER_ASSIGNMENT (  '', '', ( #5268 ) ) ;
#8872 = CARTESIAN_POINT ( 'NONE',  ( -2.123404264450070134, 0.4175444955380249734, 0.000000000000000000 ) ) ;
#8873 = DIRECTION ( 'NONE',  ( 0.000000000000000000, -1.000000000000000000, 0.000000000000000000 ) ) ;
#8874 = ORIENTED_EDGE ( 'NONE', *, *, #11008, .T. ) ;
#8875 = ORIENTED_EDGE ( 'NONE', *, *, #12363, .T. ) ;
#8876 = SURFACE_STYLE_FILL_AREA ( #6806 ) ;
#8877 = MECHANICAL_DESIGN_GEOMETRIC_PRESENTATION_REPRESENTATION (  '', ( #8682 ), #9073 ) ;
#8878 = CARTESIAN_POINT ( 'NONE',  ( -0.5800000000000109512, 1.399999999999999911, 3.200000000000000178 ) ) ;
#8879 = FACE_OUTER_BOUND ( 'NONE', #2469, .T. ) ;
#8880 = PRESENTATION_LAYER_ASSIGNMENT (  '', '', ( #1876 ) ) ;
#8881 = DIRECTION ( 'NONE',  ( 0.000000000000000000, 0.000000000000000000, 1.000000000000000000 ) ) ;
#8882 = ORIENTED_EDGE ( 'NONE', *, *, #9114, .F. ) ;
#8883 = CARTESIAN_POINT ( 'NONE',  ( -12.42999999999999972, 0.2300000000000000100, -2.399999999999999911 ) ) ;
#8884 = LINE ( 'NONE', #11626, #3625 ) ;
#8885 = CARTESIAN_POINT ( 'NONE',  ( -8.470000000000000639, 0.2300000000000000100, 10.20000000000000107 ) ) ;
#8886 = SURFACE_STYLE_USAGE ( .BOTH. , #11630 ) ;
#8887 = EDGE_CURVE ( 'NONE', #162, #7875, #3027, .T. ) ;
#8888 = CARTESIAN_POINT ( 'NONE',  ( -8.470000000000000639, 0.2300000000000000100, -2.399999999999999911 ) ) ;
#8889 = ORIENTED_EDGE ( 'NONE', *, *, #6697, .F. ) ;
#8890 = DIRECTION ( 'NONE',  ( -1.000000000000000000, 0.000000000000000000, 0.000000000000000000 ) ) ;
#8891 = ORIENTED_EDGE ( 'NONE', *, *, #10578, .F. ) ;
#8892 = DIRECTION ( 'NONE',  ( 0.000000000000000000, -1.000000000000000000, 0.000000000000000000 ) ) ;
#8893 = LINE ( 'NONE', #9707, #10513 ) ;
#8894 = SURFACE_SIDE_STYLE ('',( #10552 ) ) ;
#8895 =( LENGTH_UNIT ( ) NAMED_UNIT ( * ) SI_UNIT ( .MILLI., .METRE. ) );
#8896 = EDGE_CURVE ( 'NONE', #5449, #10798, #4953, .T. ) ;
#8897 = CARTESIAN_POINT ( 'NONE',  ( -12.42999999999999972, 1.369999999999999885, 10.20000000000000107 ) ) ;
#8898 = UNCERTAINTY_MEASURE_WITH_UNIT (LENGTH_MEASURE( 1.000000000000000082E-05 ), #10778, 'distance_accuracy_value', 'NONE');
#8899 = EDGE_CURVE ( 'NONE', #4397, #1226, #10629, .T. ) ;
#8900 = CARTESIAN_POINT ( 'NONE',  ( 8.640000000000000568, -4.000000000000000000, 0.000000000000000000 ) ) ;
#8901 = LINE ( 'NONE', #7724, #9199 ) ;
#8902 = EDGE_LOOP ( 'NONE', ( #4777, #8268, #2854, #7801 ) ) ;
#8903 =( NAMED_UNIT ( * ) PLANE_ANGLE_UNIT ( ) SI_UNIT ( $, .RADIAN. ) );
#8904 = DIRECTION ( 'NONE',  ( -0.9813592930673573633, 0.1921820436730150572, 0.000000000000000000 ) ) ;
#8905 = PLANE ( 'NONE',  #9376 ) ;
#8906 = EDGE_CURVE ( 'NONE', #4345, #9089, #8893, .T. ) ;
#8907 =( GEOMETRIC_REPRESENTATION_CONTEXT ( 3 ) GLOBAL_UNCERTAINTY_ASSIGNED_CONTEXT ( ( #5636 ) ) GLOBAL_UNIT_ASSIGNED_CONTEXT ( ( #11384, #11457, #8716 ) ) REPRESENTATION_CONTEXT ( 'NONE', 'WORKASPACE' ) );
#8908 = CARTESIAN_POINT ( 'NONE',  ( -12.85999999999999943, -3.000000000000000000, 21.88419999999999987 ) ) ;
#8909 = VERTEX_POINT ( 'NONE', #5077 ) ;
#8910 = ORIENTED_EDGE ( 'NONE', *, *, #8128, .T. ) ;
#8911 =( NAMED_UNIT ( * ) PLANE_ANGLE_UNIT ( ) SI_UNIT ( $, .RADIAN. ) );
#8912 = LINE ( 'NONE', #4977, #1608 ) ;
#8913 = EDGE_CURVE ( 'NONE', #4255, #4682, #197, .T. ) ;
#8914 = ORIENTED_EDGE ( 'NONE', *, *, #10358, .F. ) ;
#8915 = AXIS2_PLACEMENT_3D ( 'NONE', #1237, #3130, #2292 ) ;
#8916 = DIRECTION ( 'NONE',  ( 0.000000000000000000, 1.000000000000000000, 0.000000000000000000 ) ) ;
#8917 = FILL_AREA_STYLE ('',( #10846 ) ) ;
#8918 = CARTESIAN_POINT ( 'NONE',  ( -2.059574484825129836, 1.442544447854309908, -0.05000000000000000278 ) ) ;
#8919 = EDGE_CURVE ( 'NONE', #7977, #5449, #3102, .T. ) ;
#8920 =( NAMED_UNIT ( * ) PLANE_ANGLE_UNIT ( ) SI_UNIT ( $, .RADIAN. ) );
#8921 = DIRECTION ( 'NONE',  ( 0.5627910658975490144, 0.8265991871190659923, 0.000000000000000000 ) ) ;
#8923 = ORIENTED_EDGE ( 'NONE', *, *, #185, .T. ) ;
#8922 = FILL_AREA_STYLE_COLOUR ( '', #7632 ) ;
#8924 = ORIENTED_EDGE ( 'NONE', *, *, #3510, .F. ) ;
#8925 = COLOUR_RGB ( '',0.2941176470588235392, 0.2941176470588235392, 0.2941176470588235392 ) ;
#8926 = LINE ( 'NONE', #11735, #4405 ) ;
#8927 = VECTOR ( 'NONE', #9105, 1000.000000000000114 ) ;
#8928 = EDGE_CURVE ( 'NONE', #5053, #1893, #5945, .T. ) ;
#8929 = VECTOR ( 'NONE', #5283, 1000.000000000000000 ) ;
#8930 = DIRECTION ( 'NONE',  ( 0.000000000000000000, 0.000000000000000000, -1.000000000000000000 ) ) ;
#8931 = MECHANICAL_DESIGN_GEOMETRIC_PRESENTATION_REPRESENTATION (  '', ( #11522 ), #7948 ) ;
#8932 = PLANE ( 'NONE',  #5429 ) ;
#8933 = ORIENTED_EDGE ( 'NONE', *, *, #3943, .F. ) ;
#8934 = DIRECTION ( 'NONE',  ( -1.000000000000000000, 0.000000000000000000, 0.000000000000000000 ) ) ;
#8935 = SURFACE_STYLE_FILL_AREA ( #6985 ) ;
#8936 = DIRECTION ( 'NONE',  ( 0.000000000000000000, 1.000000000000000000, 0.000000000000000000 ) ) ;
#8937 = VECTOR ( 'NONE', #9643, 1000.000000000000000 ) ;
#8938 = STYLED_ITEM ( 'NONE', ( #12020 ), #15 ) ;
#8939 =( NAMED_UNIT ( * ) PLANE_ANGLE_UNIT ( ) SI_UNIT ( $, .RADIAN. ) );
#8940 = DIRECTION ( 'NONE',  ( -1.000000000000000000, 0.000000000000000000, 0.000000000000000000 ) ) ;
#8941 = VERTEX_POINT ( 'NONE', #8827 ) ;
#8942 = SURFACE_STYLE_FILL_AREA ( #7070 ) ;
#8943 = COLOUR_RGB ( '',1.000000000000000000, 1.000000000000000000, 0.9450980392156862475 ) ;
#8944 = PLANE ( 'NONE',  #9847 ) ;
#8945 = EDGE_CURVE ( 'NONE', #6982, #9868, #9833, .T. ) ;
#8946 = VERTEX_POINT ( 'NONE', #4074 ) ;
#8947 =( GEOMETRIC_REPRESENTATION_CONTEXT ( 3 ) GLOBAL_UNCERTAINTY_ASSIGNED_CONTEXT ( ( #10263 ) ) GLOBAL_UNIT_ASSIGNED_CONTEXT ( ( #6574, #5602, #10247 ) ) REPRESENTATION_CONTEXT ( 'NONE', 'WORKASPACE' ) );
#8948 =( GEOMETRIC_REPRESENTATION_CONTEXT ( 3 ) GLOBAL_UNCERTAINTY_ASSIGNED_CONTEXT ( ( #445 ) ) GLOBAL_UNIT_ASSIGNED_CONTEXT ( ( #909, #1587, #1025 ) ) REPRESENTATION_CONTEXT ( 'NONE', 'WORKASPACE' ) );
#8949 = VERTEX_POINT ( 'NONE', #11698 ) ;
#8950 = DIRECTION ( 'NONE',  ( 0.000000000000000000, 1.000000000000000000, 0.000000000000000000 ) ) ;
#8951 =( GEOMETRIC_REPRESENTATION_CONTEXT ( 3 ) GLOBAL_UNCERTAINTY_ASSIGNED_CONTEXT ( ( #781 ) ) GLOBAL_UNIT_ASSIGNED_CONTEXT ( ( #521, #5966, #6024 ) ) REPRESENTATION_CONTEXT ( 'NONE', 'WORKASPACE' ) );
#8952 =( LENGTH_UNIT ( ) NAMED_UNIT ( * ) SI_UNIT ( .MILLI., .METRE. ) );
#8953 = LINE ( 'NONE', #6399, #1553 ) ;
#8954 = UNCERTAINTY_MEASURE_WITH_UNIT (LENGTH_MEASURE( 1.000000000000000082E-05 ), #6680, 'distance_accuracy_value', 'NONE');
#8955 = CARTESIAN_POINT ( 'NONE',  ( -1.612765957042569864, -0.04495559982940600108, -0.05000000000000000278 ) ) ;
#8956 = FACE_BOUND ( 'NONE', #6725, .T. ) ;
#8957 = DIRECTION ( 'NONE',  ( 0.000000000000000000, 1.000000000000000000, 0.000000000000000000 ) ) ;
#8958 = SURFACE_STYLE_USAGE ( .BOTH. , #3344 ) ;
#8959 =( LENGTH_UNIT ( ) NAMED_UNIT ( * ) SI_UNIT ( .MILLI., .METRE. ) );
#8960 = PRESENTATION_LAYER_ASSIGNMENT (  '', '', ( #978 ) ) ;
#8961 = MECHANICAL_DESIGN_GEOMETRIC_PRESENTATION_REPRESENTATION (  '', ( #10527 ), #9962 ) ;
#8962 = ORIENTED_EDGE ( 'NONE', *, *, #8141, .F. ) ;
#8963 = EDGE_CURVE ( 'NONE', #11776, #5686, #6945, .T. ) ;
#8964 = DIRECTION ( 'NONE',  ( -0.2100675449707440356, 0.2100675449707440356, 0.9548524771397562949 ) ) ;
#8965 = UNCERTAINTY_MEASURE_WITH_UNIT (LENGTH_MEASURE( 1.000000000000000082E-05 ), #12328, 'distance_accuracy_value', 'NONE');
#8966 = CARTESIAN_POINT ( 'NONE',  ( 7.919999999999999929, 0.000000000000000000, 0.5999999999999999778 ) ) ;
#8967 = FILL_AREA_STYLE ('',( #8105 ) ) ;
#8969 = EDGE_LOOP ( 'NONE', ( #6282, #5507, #10313, #752 ) ) ;
#8968 = CARTESIAN_POINT ( 'NONE',  ( -2.161702132225040263, 1.367544447854309952, 0.000000000000000000 ) ) ;
#8970 = VERTEX_POINT ( 'NONE', #11748 ) ;
#8971 = DIRECTION ( 'NONE',  ( -1.000000000000000000, 0.000000000000000000, 0.000000000000000000 ) ) ;
#8972 = CARTESIAN_POINT ( 'NONE',  ( -2.110638308525089712, -0.1449555044619749988, 0.000000000000000000 ) ) ;
#8973 = PRESENTATION_STYLE_ASSIGNMENT (( #6212 ) ) ;
#8974 = PRODUCT_DEFINITION_FORMATION_WITH_SPECIFIED_SOURCE ( 'ÈÎºÎ', '', #1298, .NOT_KNOWN. ) ;
#8975 = ORIENTED_EDGE ( 'NONE', *, *, #9794, .F. ) ;
#8976 = EDGE_CURVE ( 'NONE', #11761, #11667, #7001, .T. ) ;
#8977 = CARTESIAN_POINT ( 'NONE',  ( -11.28999999999999915, 0.2300000000000000100, 10.20000000000000107 ) ) ;
#8978 = FACE_OUTER_BOUND ( 'NONE', #4169, .T. ) ;
#8979 = SURFACE_STYLE_FILL_AREA ( #5221 ) ;
#8980 = SURFACE_STYLE_USAGE ( .BOTH. , #8180 ) ;
#8981 = LINE ( 'NONE', #6101, #5124 ) ;
#8982 = VERTEX_POINT ( 'NONE', #2261 ) ;
#8983 = ORIENTED_EDGE ( 'NONE', *, *, #8061, .T. ) ;
#8984 = DIRECTION ( 'NONE',  ( 0.000000000000000000, 0.000000000000000000, -1.000000000000000000 ) ) ;
#8985 = DIRECTION ( 'NONE',  ( -1.000000000000000000, 0.000000000000000000, 0.000000000000000000 ) ) ;
#8986 = CARTESIAN_POINT ( 'NONE',  ( -2.110638308525089712, 1.305044471696169994, 0.000000000000000000 ) ) ;
#8987 = ADVANCED_FACE ( 'NONE', ( #6073 ), #9896, .F. ) ;
#8988 = FILL_AREA_STYLE ('',( #11787 ) ) ;
#8989 = ORIENTED_EDGE ( 'NONE', *, *, #7996, .T. ) ;
#8990 =( LENGTH_UNIT ( ) NAMED_UNIT ( * ) SI_UNIT ( .MILLI., .METRE. ) );
#8991 = PRESENTATION_STYLE_ASSIGNMENT (( #498 ) ) ;
#8992 = DIRECTION ( 'NONE',  ( -0.9813592778365493041, -0.1921821214476688300, 0.000000000000000000 ) ) ;
#8993 = EDGE_CURVE ( 'NONE', #4126, #11337, #574, .T. ) ;
#8994 = CARTESIAN_POINT ( 'NONE',  ( -2.187234044075009987, -0.04495559982940600108, -0.05000000000000000278 ) ) ;
#8995 = STYLED_ITEM ( 'NONE', ( #11047 ), #2120 ) ;
#8996 = DIRECTION ( 'NONE',  ( 0.000000000000000000, 1.000000000000000000, 0.000000000000000000 ) ) ;
#8997 = ORIENTED_EDGE ( 'NONE', *, *, #2130, .F. ) ;
#8998 = AXIS2_PLACEMENT_3D ( 'NONE', #7065, #188, #4250 ) ;
#8999 = VECTOR ( 'NONE', #5195, 1000.000000000000000 ) ;
#9000 = MECHANICAL_DESIGN_GEOMETRIC_PRESENTATION_REPRESENTATION (  '', ( #2856 ), #9243 ) ;
#9001 = DIRECTION ( 'NONE',  ( 0.000000000000000000, -1.000000000000000000, 0.000000000000000000 ) ) ;
#9002 = ORIENTED_EDGE ( 'NONE', *, *, #4302, .F. ) ;
#9003 = LINE ( 'NONE', #10933, #3096 ) ;
#9004 = DIRECTION ( 'NONE',  ( 0.000000000000000000, 1.000000000000000000, 0.000000000000000000 ) ) ;
#9005 = DIRECTION ( 'NONE',  ( 0.000000000000000000, 0.000000000000000000, -1.000000000000000000 ) ) ;
#9006 = COLOUR_RGB ( '',0.2941176470588235392, 0.2941176470588235392, 0.2941176470588235392 ) ;
#9007 = PLANE ( 'NONE',  #274 ) ;
#9008 =( NAMED_UNIT ( * ) PLANE_ANGLE_UNIT ( ) SI_UNIT ( $, .RADIAN. ) );
#9009 = DIRECTION ( 'NONE',  ( 1.000000000000000000, 0.000000000000000000, 0.000000000000000000 ) ) ;
#9010 = UNCERTAINTY_MEASURE_WITH_UNIT (LENGTH_MEASURE( 1.000000000000000082E-05 ), #6391, 'distance_accuracy_value', 'NONE');
#9011 = CARTESIAN_POINT ( 'NONE',  ( -2.200000000000000178, 1.930044447854309952, 0.000000000000000000 ) ) ;
#9012 = FILL_AREA_STYLE ('',( #3162 ) ) ;
#9013 = VECTOR ( 'NONE', #49, 1000.000000000000000 ) ;
#9014 = SURFACE_SIDE_STYLE ('',( #11140 ) ) ;
#9015 =( GEOMETRIC_REPRESENTATION_CONTEXT ( 3 ) GLOBAL_UNCERTAINTY_ASSIGNED_CONTEXT ( ( #3114 ) ) GLOBAL_UNIT_ASSIGNED_CONTEXT ( ( #12119, #7514, #4567 ) ) REPRESENTATION_CONTEXT ( 'NONE', 'WORKASPACE' ) );
#9016 = STYLED_ITEM ( 'NONE', ( #1613 ), #8449 ) ;
#9017 = EDGE_LOOP ( 'NONE', ( #9158, #4887, #1102, #6829 ) ) ;
#9018 = MECHANICAL_DESIGN_GEOMETRIC_PRESENTATION_REPRESENTATION (  '', ( #9432 ), #2236 ) ;
#9019 =( GEOMETRIC_REPRESENTATION_CONTEXT ( 3 ) GLOBAL_UNCERTAINTY_ASSIGNED_CONTEXT ( ( #8345 ) ) GLOBAL_UNIT_ASSIGNED_CONTEXT ( ( #9555, #3865, #882 ) ) REPRESENTATION_CONTEXT ( 'NONE', 'WORKASPACE' ) );
#9020 = COLOUR_RGB ( '',0.2941176470588235392, 0.2941176470588235392, 0.2941176470588235392 ) ;
#9021 =( LENGTH_UNIT ( ) NAMED_UNIT ( * ) SI_UNIT ( .MILLI., .METRE. ) );
#9022 = VECTOR ( 'NONE', #11334, 1000.000000000000000 ) ;
#9023 = CARTESIAN_POINT ( 'NONE',  ( -1.600000000000000089, -0.7824556475131219102, 0.000000000000000000 ) ) ;
#9024 = STYLED_ITEM ( 'NONE', ( #1601 ), #7142 ) ;
#9025 = LINE ( 'NONE', #10032, #1668 ) ;
#9026 = ORIENTED_EDGE ( 'NONE', *, *, #3100, .T. ) ;
#9027 = STYLED_ITEM ( 'NONE', ( #6463 ), #11682 ) ;
#9028 =( LENGTH_UNIT ( ) NAMED_UNIT ( * ) SI_UNIT ( .MILLI., .METRE. ) );
#9030 = VERTEX_POINT ( 'NONE', #10185 ) ;
#9029 = DIRECTION ( 'NONE',  ( -0.2001234451614839482, -0.9797706908745018595, 0.000000000000000000 ) ) ;
#9031 = EDGE_LOOP ( 'NONE', ( #9724, #6691, #6874, #1325 ) ) ;
#9032 = FACE_OUTER_BOUND ( 'NONE', #11867, .T. ) ;
#9033 = EDGE_CURVE ( 'NONE', #11306, #11894, #5130, .T. ) ;
#9034 = PRESENTATION_STYLE_ASSIGNMENT (( #1412 ) ) ;
#9035 = VECTOR ( 'NONE', #6497, 1000.000000000000000 ) ;
#9036 = COLOUR_RGB ( '',0.7803921568627451011, 0.7803921568627451011, 0.7803921568627451011 ) ;
#9037 = VECTOR ( 'NONE', #7155, 1000.000000000000114 ) ;
#9038 = EDGE_LOOP ( 'NONE', ( #251, #2284, #3570, #8381 ) ) ;
#9039 = STYLED_ITEM ( 'NONE', ( #4533 ), #1739 ) ;
#9040 = STYLED_ITEM ( 'NONE', ( #6366 ), #11056 ) ;
#9041 = FILL_AREA_STYLE ('',( #2356 ) ) ;
#9042 = VECTOR ( 'NONE', #10380, 1000.000000000000000 ) ;
#9043 = SURFACE_STYLE_USAGE ( .BOTH. , #4291 ) ;
#9044 = SURFACE_STYLE_FILL_AREA ( #9923 ) ;
#9045 = CARTESIAN_POINT ( 'NONE',  ( -7.330000000000000071, 0.2300000000000000100, 10.20000000000000107 ) ) ;
#9046 = STYLED_ITEM ( 'NONE', ( #8024 ), #7583 ) ;
#9048 = VERTEX_POINT ( 'NONE', #5267 ) ;
#9047 = DIRECTION ( 'NONE',  ( -0.2100675449707440356, 0.2100675449707440356, -0.9548524771397562949 ) ) ;
#9049 = VERTEX_POINT ( 'NONE', #8200 ) ;
#9050 = MECHANICAL_DESIGN_GEOMETRIC_PRESENTATION_REPRESENTATION (  '', ( #881 ), #5647 ) ;
#9051 = DIRECTION ( 'NONE',  ( 0.3102800213276469821, -0.9506452063545658415, 0.000000000000000000 ) ) ;
#9052 = EDGE_CURVE ( 'NONE', #9779, #2201, #11993, .T. ) ;
#9053 = STYLED_ITEM ( 'NONE', ( #5779 ), #1230 ) ;
#9054 = SURFACE_STYLE_FILL_AREA ( #6305 ) ;
#9055 = PRESENTATION_LAYER_ASSIGNMENT (  '', '', ( #2063 ) ) ;
#9056 = SURFACE_STYLE_USAGE ( .BOTH. , #8069 ) ;
#9057 = FILL_AREA_STYLE_COLOUR ( '', #5214 ) ;
#9058 = DIRECTION ( 'NONE',  ( 0.000000000000000000, -1.000000000000000000, 0.000000000000000000 ) ) ;
#9059 = VECTOR ( 'NONE', #12259, 1000.000000000000227 ) ;
#9060 = AXIS2_PLACEMENT_3D ( 'NONE', #10943, #392, #11753 ) ;
#9061 = CARTESIAN_POINT ( 'NONE',  ( -1.880851066112519954, 0.7925444955380260836, 0.000000000000000000 ) ) ;
#9062 =( GEOMETRIC_REPRESENTATION_CONTEXT ( 3 ) GLOBAL_UNCERTAINTY_ASSIGNED_CONTEXT ( ( #898 ) ) GLOBAL_UNIT_ASSIGNED_CONTEXT ( ( #573, #4448, #6523 ) ) REPRESENTATION_CONTEXT ( 'NONE', 'WORKASPACE' ) );
#9063 = ORIENTED_EDGE ( 'NONE', *, *, #5155, .T. ) ;
#9064 = CARTESIAN_POINT ( 'NONE',  ( -1.689361700415610068, -0.1449555044619749988, -0.05000000000000000278 ) ) ;
#9065 = SURFACE_STYLE_FILL_AREA ( #6312 ) ;
#9066 = CARTESIAN_POINT ( 'NONE',  ( -2.200000000000000178, 0.3175444478543100191, -0.05000000000000000278 ) ) ;
#9067 = CARTESIAN_POINT ( 'NONE',  ( -1.753191488981250101, -0.6574555521456909579, -0.05000000000000000278 ) ) ;
#9068 = EDGE_CURVE ( 'NONE', #7419, #12318, #11067, .T. ) ;
#9069 = STYLED_ITEM ( 'NONE', ( #10991 ), #7929 ) ;
#9070 = CARTESIAN_POINT ( 'NONE',  ( -4.540000000000000036, 1.399999999999999911, 3.200000000000000178 ) ) ;
#9071 = ORIENTED_EDGE ( 'NONE', *, *, #9992, .F. ) ;
#9072 = ADVANCED_FACE ( 'NONE', ( #7077, #6331 ), #9952, .T. ) ;
#9073 =( GEOMETRIC_REPRESENTATION_CONTEXT ( 3 ) GLOBAL_UNCERTAINTY_ASSIGNED_CONTEXT ( ( #5190 ) ) GLOBAL_UNIT_ASSIGNED_CONTEXT ( ( #4203, #11544, #4790 ) ) REPRESENTATION_CONTEXT ( 'NONE', 'WORKASPACE' ) );
#9074 =( NAMED_UNIT ( * ) PLANE_ANGLE_UNIT ( ) SI_UNIT ( $, .RADIAN. ) );
#9075 = ORIENTED_EDGE ( 'NONE', *, *, #9981, .T. ) ;
#9076 = DIRECTION ( 'NONE',  ( 0.000000000000000000, 0.000000000000000000, 1.000000000000000000 ) ) ;
#9077 = CARTESIAN_POINT ( 'NONE',  ( -2.110638308525089712, 1.092544424012449999, 0.000000000000000000 ) ) ;
#9078 = FILL_AREA_STYLE_COLOUR ( '', #7472 ) ;
#9079 = UNCERTAINTY_MEASURE_WITH_UNIT (LENGTH_MEASURE( 1.000000000000000082E-05 ), #11326, 'distance_accuracy_value', 'NONE');
#9080 = EDGE_CURVE ( 'NONE', #6743, #9685, #8953, .T. ) ;
#9081 = CARTESIAN_POINT ( 'NONE',  ( -1.689361700415610068, -0.1449555044619749988, -0.05000000000000000278 ) ) ;
#9082 = CARTESIAN_POINT ( 'NONE',  ( 12.50000000000000000, 0.000000000000000000, -3.399999999999999911 ) ) ;
#9083 =( NAMED_UNIT ( * ) PLANE_ANGLE_UNIT ( ) SI_UNIT ( $, .RADIAN. ) );
#9084 = DIRECTION ( 'NONE',  ( -0.2100675449707440356, 0.2100675449707440356, -0.9548524771397562949 ) ) ;
#9085 = LINE ( 'NONE', #3106, #5653 ) ;
#9086 = CARTESIAN_POINT ( 'NONE',  ( 12.50000000000000000, 4.500000000000000000, 7.900000000000000355 ) ) ;
#9087 = CARTESIAN_POINT ( 'NONE',  ( -2.123404264450070134, 0.4175444955380249734, 0.000000000000000000 ) ) ;
#9088 = EDGE_CURVE ( 'NONE', #7857, #4939, #3405, .T. ) ;
#9089 = VERTEX_POINT ( 'NONE', #2764 ) ;
#9090 = LINE ( 'NONE', #5088, #5056 ) ;
#9091 =( NAMED_UNIT ( * ) SI_UNIT ( $, .STERADIAN. ) SOLID_ANGLE_UNIT ( ) );
#9092 = UNCERTAINTY_MEASURE_WITH_UNIT (LENGTH_MEASURE( 1.000000000000000082E-05 ), #2050, 'distance_accuracy_value', 'NONE');
#9093 = CARTESIAN_POINT ( 'NONE',  ( -2.200000000000000178, -0.5824555521456900031, -0.05000000000000000278 ) ) ;
#9094 = LINE ( 'NONE', #3174, #11948 ) ;
#9095 = SURFACE_STYLE_USAGE ( .BOTH. , #4090 ) ;
#9096 = EDGE_LOOP ( 'NONE', ( #2305, #6902, #3169, #11909 ) ) ;
#9097 = ORIENTED_EDGE ( 'NONE', *, *, #3740, .T. ) ;
#9098 =( LENGTH_UNIT ( ) NAMED_UNIT ( * ) SI_UNIT ( .MILLI., .METRE. ) );
#9099 = ORIENTED_EDGE ( 'NONE', *, *, #4178, .T. ) ;
#9100 = FILL_AREA_STYLE ('',( #5295 ) ) ;
#9101 = FILL_AREA_STYLE ('',( #6094 ) ) ;
#9102 = ORIENTED_EDGE ( 'NONE', *, *, #5321, .F. ) ;
#9103 = LINE ( 'NONE', #11166, #5711 ) ;
#9104 = CARTESIAN_POINT ( 'NONE',  ( -1.804255312681200207, 1.455044435933379843, 0.000000000000000000 ) ) ;
#9105 = DIRECTION ( 'NONE',  ( 0.2100675449707459508, -0.2100675449707439524, -0.9548524771397558508 ) ) ;
#9107 = VERTEX_POINT ( 'NONE', #12137 ) ;
#9106 = SURFACE_STYLE_USAGE ( .BOTH. , #2360 ) ;
#9108 = ORIENTED_EDGE ( 'NONE', *, *, #3128, .F. ) ;
#9109 = CARTESIAN_POINT ( 'NONE',  ( -1.804255312681200207, -0.6449554567782590508, 0.000000000000000000 ) ) ;
#9110 = FILL_AREA_STYLE_COLOUR ( '', #3263 ) ;
#9111 = FACE_OUTER_BOUND ( 'NONE', #1681, .T. ) ;
#9112 = MECHANICAL_DESIGN_GEOMETRIC_PRESENTATION_REPRESENTATION (  '', ( #6913 ), #1562 ) ;
#9113 = FILL_AREA_STYLE ('',( #11977 ) ) ;
#9114 = EDGE_CURVE ( 'NONE', #3560, #527, #1757, .T. ) ;
#9115 = CARTESIAN_POINT ( 'NONE',  ( -13.86000000000000121, 2.000000000000000000, 0.000000000000000000 ) ) ;
#9116 = VERTEX_POINT ( 'NONE', #3813 ) ;
#9117 = SURFACE_STYLE_FILL_AREA ( #7063 ) ;
#9118 = DIRECTION ( 'NONE',  ( 0.2100675449707450348, -0.2100675449707440079, 0.9548524771397560729 ) ) ;
#9119 = AXIS2_PLACEMENT_3D ( 'NONE', #10473, #3005, #7564 ) ;
#9120 =( NAMED_UNIT ( * ) PLANE_ANGLE_UNIT ( ) SI_UNIT ( $, .RADIAN. ) );
#9121 = MECHANICAL_DESIGN_GEOMETRIC_PRESENTATION_REPRESENTATION (  '', ( #11318 ), #11917 ) ;
#9122 = PRESENTATION_LAYER_ASSIGNMENT (  '', '', ( #4544 ) ) ;
#9123 = DIRECTION ( 'NONE',  ( -1.000000000000000000, 0.000000000000000000, 0.000000000000000000 ) ) ;
#9124 = VERTEX_POINT ( 'NONE', #11193 ) ;
#9125 = PRESENTATION_LAYER_ASSIGNMENT (  '', '', ( #7740 ) ) ;
#9126 = EDGE_CURVE ( 'NONE', #4734, #2201, #12307, .T. ) ;
#9127 = PLANE ( 'NONE',  #1070 ) ;
#9128 = PRESENTATION_LAYER_ASSIGNMENT (  '', '', ( #3944 ) ) ;
#9129 = EDGE_LOOP ( 'NONE', ( #10326, #2866, #866, #7769 ) ) ;
#9130 = DIRECTION ( 'NONE',  ( -1.000000000000000000, 0.000000000000000000, 0.000000000000000000 ) ) ;
#9131 = CARTESIAN_POINT ( 'NONE',  ( -2.123404264450070134, 0.2425444478543100080, 0.000000000000000000 ) ) ;
#9132 = CARTESIAN_POINT ( 'NONE',  ( 8.540000000000000924, 1.399999999999999911, 3.200000000000000178 ) ) ;
#9133 = LINE ( 'NONE', #11130, #10444 ) ;
#9134 = SURFACE_STYLE_USAGE ( .BOTH. , #5326 ) ;
#9135 = CARTESIAN_POINT ( 'NONE',  ( -1.689361700415610068, 1.305044471696169994, 0.000000000000000000 ) ) ;
#9136 = COLOUR_RGB ( '',0.7803921568627451011, 0.7803921568627451011, 0.7803921568627451011 ) ;
#9137 = DIRECTION ( 'NONE',  ( 0.000000000000000000, 0.000000000000000000, 1.000000000000000000 ) ) ;
#9138 = CARTESIAN_POINT ( 'NONE',  ( -12.42999999999999972, 1.369999999999999885, -2.399999999999999911 ) ) ;
#9139 = UNCERTAINTY_MEASURE_WITH_UNIT (LENGTH_MEASURE( 1.000000000000000082E-05 ), #11095, 'distance_accuracy_value', 'NONE');
#9140 = SURFACE_SIDE_STYLE ('',( #6404 ) ) ;
#9141 = CARTESIAN_POINT ( 'NONE',  ( 12.50000000000000000, 0.000000000000000000, 11.19999999999999929 ) ) ;
#9142 = CARTESIAN_POINT ( 'NONE',  ( 12.50000000000000000, 4.080000000000000071, 9.500000000000000000 ) ) ;
#9143 = STYLED_ITEM ( 'NONE', ( #2569 ), #10168 ) ;
#9144 = AXIS2_PLACEMENT_3D ( 'NONE', #9180, #10922, #2507 ) ;
#9145 = FILL_AREA_STYLE_COLOUR ( '', #5436 ) ;
#9146 = VECTOR ( 'NONE', #11151, 1000.000000000000000 ) ;
#9147 = ORIENTED_EDGE ( 'NONE', *, *, #11885, .F. ) ;
#9148 = STYLED_ITEM ( 'NONE', ( #6163 ), #6316 ) ;
#9149 = EDGE_CURVE ( 'NONE', #1354, #1184, #6699, .T. ) ;
#9150 = SURFACE_STYLE_FILL_AREA ( #6407 ) ;
#9151 = EDGE_CURVE ( 'NONE', #5643, #5618, #6634, .T. ) ;
#9152 = FILL_AREA_STYLE_COLOUR ( '', #10914 ) ;
#9153 = CARTESIAN_POINT ( 'NONE',  ( -2.059574484825129836, 1.442544447854309908, -0.05000000000000000278 ) ) ;
#9154 = CARTESIAN_POINT ( 'NONE',  ( 11.29999999999999893, 1.399999999999999911, 3.200000000000000178 ) ) ;
#9155 = EDGE_CURVE ( 'NONE', #9704, #3326, #7398, .T. ) ;
#9156 = LINE ( 'NONE', #593, #8229 ) ;
#9157 = CARTESIAN_POINT ( 'NONE',  ( -1.638297872245309872, 1.367544447854309952, 0.000000000000000000 ) ) ;
#9158 = ORIENTED_EDGE ( 'NONE', *, *, #10100, .T. ) ;
#9159 = AXIS2_PLACEMENT_3D ( 'NONE', #740, #2494, #7502 ) ;
#9160 = FACE_OUTER_BOUND ( 'NONE', #12199, .T. ) ;
#9161 = ORIENTED_EDGE ( 'NONE', *, *, #378, .T. ) ;
#9162 = FACE_OUTER_BOUND ( 'NONE', #9617, .T. ) ;
#9163 = VERTEX_POINT ( 'NONE', #9457 ) ;
#9164 = DIRECTION ( 'NONE',  ( 0.000000000000000000, 1.000000000000000000, 0.000000000000000000 ) ) ;
#9165 = ADVANCED_FACE ( 'NONE', ( #9391 ), #9324, .T. ) ;
#9166 = FACE_OUTER_BOUND ( 'NONE', #10779, .T. ) ;
#9167 = FILL_AREA_STYLE_COLOUR ( '', #11742 ) ;
#9168 = PLANE ( 'NONE',  #6579 ) ;
#9169 = EDGE_CURVE ( 'NONE', #1043, #102, #2900, .T. ) ;
#9170 = DIRECTION ( 'NONE',  ( 0.3102805670740331756, 0.9506450282288423370, 0.000000000000000000 ) ) ;
#9172 = ORIENTED_EDGE ( 'NONE', *, *, #5048, .T. ) ;
#9171 = DIRECTION ( 'NONE',  ( 0.000000000000000000, 0.2333729524753250795, 0.9723873019805173712 ) ) ;
#9173 = EDGE_LOOP ( 'NONE', ( #9912, #5479, #8243, #12266 ) ) ;
#9174 = LINE ( 'NONE', #611, #4426 ) ;
#9175 = FILL_AREA_STYLE_COLOUR ( '', #1243 ) ;
#9176 = DIRECTION ( 'NONE',  ( 1.000000000000000000, 0.000000000000000000, 0.000000000000000000 ) ) ;
#9177 = DIRECTION ( 'NONE',  ( 0.7145104988024491011, -0.6996247187607621543, 0.000000000000000000 ) ) ;
#9178 = ORIENTED_EDGE ( 'NONE', *, *, #3592, .F. ) ;
#9179 = DIRECTION ( 'NONE',  ( 1.000000000000000000, 0.000000000000000000, 0.000000000000000000 ) ) ;
#9180 = CARTESIAN_POINT ( 'NONE',  ( 3.979999999999999982, 1.260000000000000009, 10.69999999999999929 ) ) ;
#9181 = LINE ( 'NONE', #376, #6825 ) ;
#9182 = DIRECTION ( 'NONE',  ( 0.000000000000000000, -1.000000000000000000, 0.000000000000000000 ) ) ;
#9183 = ADVANCED_FACE ( 'NONE', ( #896 ), #6584, .F. ) ;
#9184 = PRESENTATION_STYLE_ASSIGNMENT (( #11933 ) ) ;
#9185 = ORIENTED_EDGE ( 'NONE', *, *, #1926, .F. ) ;
#9186 = VECTOR ( 'NONE', #5098, 1000.000000000000114 ) ;
#9187 = CARTESIAN_POINT ( 'NONE',  ( 3.409999999999999698, 1.369999999999999885, 10.20000000000000107 ) ) ;
#9188 = SURFACE_SIDE_STYLE ('',( #7334 ) ) ;
#9189 = DIRECTION ( 'NONE',  ( 0.2473834390652899506, 0.9689176611437267939, 0.000000000000000000 ) ) ;
#9190 = CARTESIAN_POINT ( 'NONE',  ( -2.187234044075009987, -0.04495559982940600108, 0.000000000000000000 ) ) ;
#9191 = UNCERTAINTY_MEASURE_WITH_UNIT (LENGTH_MEASURE( 1.000000000000000082E-05 ), #4376, 'distance_accuracy_value', 'NONE');
#9192 = LINE ( 'NONE', #3526, #11838 ) ;
#9193 = DIRECTION ( 'NONE',  ( -1.000000000000000000, 0.000000000000000000, 0.000000000000000000 ) ) ;
#9194 = SURFACE_SIDE_STYLE ('',( #10138 ) ) ;
#9195 = DIRECTION ( 'NONE',  ( -1.000000000000000000, 0.000000000000000000, 0.000000000000000000 ) ) ;
#9196 = CARTESIAN_POINT ( 'NONE',  ( 8.509999999999999787, 0.2300000000000000100, -2.399999999999999911 ) ) ;
#9197 = EDGE_CURVE ( 'NONE', #9704, #12096, #11562, .T. ) ;
#9198 = FACE_OUTER_BOUND ( 'NONE', #6790, .T. ) ;
#9199 = VECTOR ( 'NONE', #11704, 1000.000000000000000 ) ;
#9200 = VERTEX_POINT ( 'NONE', #5873 ) ;
#9201 = SURFACE_STYLE_USAGE ( .BOTH. , #10882 ) ;
#9202 =( GEOMETRIC_REPRESENTATION_CONTEXT ( 3 ) GLOBAL_UNCERTAINTY_ASSIGNED_CONTEXT ( ( #643 ) ) GLOBAL_UNIT_ASSIGNED_CONTEXT ( ( #7887, #3142, #9938 ) ) REPRESENTATION_CONTEXT ( 'NONE', 'WORKASPACE' ) );
#9203 = MANIFOLD_SOLID_BREP ( 'Imported8', #10924 ) ;
#9204 = DIRECTION ( 'NONE',  ( 0.000000000000000000, 1.000000000000000000, 0.000000000000000000 ) ) ;
#9205 = CARTESIAN_POINT ( 'NONE',  ( 28.33999999999999986, 0.000000000000000000, -3.399999999999999911 ) ) ;
#9206 = UNCERTAINTY_MEASURE_WITH_UNIT (LENGTH_MEASURE( 1.000000000000000082E-05 ), #11242, 'distance_accuracy_value', 'NONE');
#9207 = STYLED_ITEM ( 'NONE', ( #5920 ), #2774 ) ;
#9208 = DIRECTION ( 'NONE',  ( 0.000000000000000000, 0.000000000000000000, 1.000000000000000000 ) ) ;
#9209 =( NAMED_UNIT ( * ) SI_UNIT ( $, .STERADIAN. ) SOLID_ANGLE_UNIT ( ) );
#9210 = MECHANICAL_DESIGN_GEOMETRIC_PRESENTATION_REPRESENTATION (  '', ( #628 ), #10595 ) ;
#9211 = SURFACE_STYLE_USAGE ( .BOTH. , #725 ) ;
#9212 =( NAMED_UNIT ( * ) PLANE_ANGLE_UNIT ( ) SI_UNIT ( $, .RADIAN. ) );
#9213 = DIRECTION ( 'NONE',  ( 0.9486832528137616460, 0.3162279017270618886, 0.000000000000000000 ) ) ;
#9214 = ORIENTED_EDGE ( 'NONE', *, *, #9338, .T. ) ;
#9215 = EDGE_CURVE ( 'NONE', #4663, #10045, #5065, .T. ) ;
#9216 = FILL_AREA_STYLE ('',( #1591 ) ) ;
#9217 = CARTESIAN_POINT ( 'NONE',  ( -8.470000000000000639, 0.2300000000000000100, -2.399999999999999911 ) ) ;
#9218 = ORIENTED_EDGE ( 'NONE', *, *, #7259, .T. ) ;
#9219 = CARTESIAN_POINT ( 'NONE',  ( -12.50000000000000000, 4.000000000000000000, 0.5999999999999999778 ) ) ;
#9220 = PRESENTATION_LAYER_ASSIGNMENT (  '', '', ( #3826 ) ) ;
#9221 = ORIENTED_EDGE ( 'NONE', *, *, #1508, .F. ) ;
#9222 = VECTOR ( 'NONE', #1128, 1000.000000000000000 ) ;
#9224 = EDGE_CURVE ( 'NONE', #9420, #6428, #8700, .T. ) ;
#9223 = VECTOR ( 'NONE', #8619, 1000.000000000000114 ) ;
#9225 =( GEOMETRIC_REPRESENTATION_CONTEXT ( 3 ) GLOBAL_UNCERTAINTY_ASSIGNED_CONTEXT ( ( #3895 ) ) GLOBAL_UNIT_ASSIGNED_CONTEXT ( ( #174, #4920, #1182 ) ) REPRESENTATION_CONTEXT ( 'NONE', 'WORKASPACE' ) );
#9226 = AXIS2_PLACEMENT_3D ( 'NONE', #10042, #4155, #5296 ) ;
#9227 = STYLED_ITEM ( 'NONE', ( #7952 ), #823 ) ;
#9228 = FACE_OUTER_BOUND ( 'NONE', #8902, .T. ) ;
#9229 = SURFACE_STYLE_USAGE ( .BOTH. , #2490 ) ;
#9230 = UNCERTAINTY_MEASURE_WITH_UNIT (LENGTH_MEASURE( 1.000000000000000082E-05 ), #7863, 'distance_accuracy_value', 'NONE');
#9231 =( GEOMETRIC_REPRESENTATION_CONTEXT ( 3 ) GLOBAL_UNCERTAINTY_ASSIGNED_CONTEXT ( ( #1636 ) ) GLOBAL_UNIT_ASSIGNED_CONTEXT ( ( #7060, #6108, #8254 ) ) REPRESENTATION_CONTEXT ( 'NONE', 'WORKASPACE' ) );
#9232 = DIRECTION ( 'NONE',  ( 0.000000000000000000, -1.000000000000000000, 0.000000000000000000 ) ) ;
#9233 = PRESENTATION_STYLE_ASSIGNMENT (( #3729 ) ) ;
#9234 = DIRECTION ( 'NONE',  ( 0.000000000000000000, 1.000000000000000000, 0.000000000000000000 ) ) ;
#9235 = VECTOR ( 'NONE', #3063, 1000.000000000000000 ) ;
#9236 = EDGE_LOOP ( 'NONE', ( #1846, #6045, #8724, #6587 ) ) ;
#9237 = SURFACE_SIDE_STYLE ('',( #6557 ) ) ;
#9239 = ORIENTED_EDGE ( 'NONE', *, *, #2659, .F. ) ;
#9238 = STYLED_ITEM ( 'NONE', ( #5202 ), #3428 ) ;
#9240 = VERTEX_POINT ( 'NONE', #11688 ) ;
#9241 = VECTOR ( 'NONE', #4287, 1000.000000000000000 ) ;
#9242 = DIRECTION ( 'NONE',  ( 0.000000000000000000, -1.000000000000000000, 0.000000000000000000 ) ) ;
#9243 =( GEOMETRIC_REPRESENTATION_CONTEXT ( 3 ) GLOBAL_UNCERTAINTY_ASSIGNED_CONTEXT ( ( #10703 ) ) GLOBAL_UNIT_ASSIGNED_CONTEXT ( ( #2199, #11575, #1706 ) ) REPRESENTATION_CONTEXT ( 'NONE', 'WORKASPACE' ) );
#9244 = MECHANICAL_DESIGN_GEOMETRIC_PRESENTATION_REPRESENTATION (  '', ( #12221 ), #4839 ) ;
#9245 = CARTESIAN_POINT ( 'NONE',  ( 3.380000000000000338, 1.399999999999999911, 3.200000000000000178 ) ) ;
#9246 = PRESENTATION_LAYER_ASSIGNMENT (  '', '', ( #665 ) ) ;
#9247 = EDGE_CURVE ( 'NONE', #3815, #7163, #8758, .T. ) ;
#9248 =( GEOMETRIC_REPRESENTATION_CONTEXT ( 3 ) GLOBAL_UNCERTAINTY_ASSIGNED_CONTEXT ( ( #6853 ) ) GLOBAL_UNIT_ASSIGNED_CONTEXT ( ( #1713, #3659, #2840 ) ) REPRESENTATION_CONTEXT ( 'NONE', 'WORKASPACE' ) );
#9249 = VECTOR ( 'NONE', #5122, 1000.000000000000000 ) ;
#9250 = CARTESIAN_POINT ( 'NONE',  ( -1.600000000000000089, -0.2824555521456910134, 0.000000000000000000 ) ) ;
#9251 = CARTESIAN_POINT ( 'NONE',  ( -2.187234044075009987, 1.080044471696169905, -0.05000000000000000278 ) ) ;
#9252 = VECTOR ( 'NONE', #8350, 1000.000000000000000 ) ;
#9253 = VERTEX_POINT ( 'NONE', #11493 ) ;
#9254 = VECTOR ( 'NONE', #11842, 1000.000000000000000 ) ;
#9255 = CIRCLE ( 'NONE', #10826, 1.000000000000000888 ) ;
#9256 =( NAMED_UNIT ( * ) PLANE_ANGLE_UNIT ( ) SI_UNIT ( $, .RADIAN. ) );
#9257 = DIRECTION ( 'NONE',  ( 1.000000000000000000, 0.000000000000000000, 0.000000000000000000 ) ) ;
#9258 = VECTOR ( 'NONE', #12203, 1000.000000000000000 ) ;
#9259 = ORIENTED_EDGE ( 'NONE', *, *, #10776, .T. ) ;
#9260 = MECHANICAL_DESIGN_GEOMETRIC_PRESENTATION_REPRESENTATION (  '', ( #7268 ), #6667 ) ;
#9261 = VECTOR ( 'NONE', #9204, 1000.000000000000000 ) ;
#9262 = DIRECTION ( 'NONE',  ( -0.2100675449707440356, -0.2100675449707440356, -0.9548524771397562949 ) ) ;
#9263 = ORIENTED_EDGE ( 'NONE', *, *, #6714, .F. ) ;
#9264 = CARTESIAN_POINT ( 'NONE',  ( 0.3699999999999849520, 0.4500000000000000111, -3.399999999999999911 ) ) ;
#9265 = CARTESIAN_POINT ( 'NONE',  ( -1.689361700415610068, -0.03245550446197479483, 0.000000000000000000 ) ) ;
#9266 = FILL_AREA_STYLE ('',( #5678 ) ) ;
#9267 = VECTOR ( 'NONE', #12187, 1000.000000000000000 ) ;
#9268 = DIRECTION ( 'NONE',  ( 0.9506452063545660636, -0.3102800213276460384, 0.000000000000000000 ) ) ;
#9269 = DIRECTION ( 'NONE',  ( 0.000000000000000000, 1.000000000000000000, 0.000000000000000000 ) ) ;
#9270 = FACE_OUTER_BOUND ( 'NONE', #3842, .T. ) ;
#9271 = DIRECTION ( 'NONE',  ( 0.000000000000000000, 0.000000000000000000, -1.000000000000000000 ) ) ;
#9272 = CARTESIAN_POINT ( 'NONE',  ( -1.676595744490619877, 1.930044447854309952, 0.000000000000000000 ) ) ;
#9273 = UNCERTAINTY_MEASURE_WITH_UNIT (LENGTH_MEASURE( 1.000000000000000082E-05 ), #11300, 'distance_accuracy_value', 'NONE');
#9274 = ORIENTED_EDGE ( 'NONE', *, *, #8267, .T. ) ;
#9275 = DIRECTION ( 'NONE',  ( 1.000000000000000000, 0.000000000000000000, 0.000000000000000000 ) ) ;
#9276 = FILL_AREA_STYLE ('',( #11488 ) ) ;
#9277 = VECTOR ( 'NONE', #11052, 1000.000000000000000 ) ;
#9278 = EDGE_LOOP ( 'NONE', ( #11125, #2705, #11718, #3185 ) ) ;
#9279 =( NAMED_UNIT ( * ) PLANE_ANGLE_UNIT ( ) SI_UNIT ( $, .RADIAN. ) );
#9280 = EDGE_CURVE ( 'NONE', #5732, #7786, #3996, .T. ) ;
#9281 =( LENGTH_UNIT ( ) NAMED_UNIT ( * ) SI_UNIT ( .MILLI., .METRE. ) );
#9282 = DIRECTION ( 'NONE',  ( 0.000000000000000000, 1.000000000000000000, 0.000000000000000000 ) ) ;
#9283 = CARTESIAN_POINT ( 'NONE',  ( -1.753191488981250101, 0.9675444716961679736, 0.000000000000000000 ) ) ;
#9284 = FILL_AREA_STYLE ('',( #6536 ) ) ;
#9285 = FILL_AREA_STYLE_COLOUR ( '', #12330 ) ;
#9286 = CARTESIAN_POINT ( 'NONE',  ( 8.509999999999999787, 1.369999999999999885, 10.20000000000000107 ) ) ;
#9287 = FILL_AREA_STYLE ('',( #4475 ) ) ;
#9288 = ORIENTED_EDGE ( 'NONE', *, *, #185, .F. ) ;
#9289 = SURFACE_STYLE_USAGE ( .BOTH. , #10038 ) ;
#9290 = CARTESIAN_POINT ( 'NONE',  ( 4.330000000000000071, 0.4500000000000000111, 11.19999999999999929 ) ) ;
#9291 = ORIENTED_EDGE ( 'NONE', *, *, #4666, .T. ) ;
#9292 = CARTESIAN_POINT ( 'NONE',  ( -1.676595744490619877, 1.255044447854309908, -0.05000000000000000278 ) ) ;
#9293 = VERTEX_POINT ( 'NONE', #4992 ) ;
#9294 = EDGE_CURVE ( 'NONE', #6428, #8734, #4061, .T. ) ;
#9295 = LINE ( 'NONE', #2733, #3272 ) ;
#9296 = CARTESIAN_POINT ( 'NONE',  ( 12.47000000000000064, 1.369999999999999885, -2.399999999999999911 ) ) ;
#9297 =( NAMED_UNIT ( * ) PLANE_ANGLE_UNIT ( ) SI_UNIT ( $, .RADIAN. ) );
#9298 = FILL_AREA_STYLE_COLOUR ( '', #9604 ) ;
#9299 = VERTEX_POINT ( 'NONE', #3936 ) ;
#9300 = DIRECTION ( 'NONE',  ( -0.4547775049247461121, -0.8906050870135553410, 0.000000000000000000 ) ) ;
#9302 = ORIENTED_EDGE ( 'NONE', *, *, #7706, .T. ) ;
#9301 = CARTESIAN_POINT ( 'NONE',  ( -1.600000000000000089, 2.005044447854310352, 0.000000000000000000 ) ) ;
#9303 = ORIENTED_EDGE ( 'NONE', *, *, #1019, .T. ) ;
#9304 = EDGE_CURVE ( 'NONE', #296, #1699, #189, .T. ) ;
#9305 =( NAMED_UNIT ( * ) PLANE_ANGLE_UNIT ( ) SI_UNIT ( $, .RADIAN. ) );
#9306 = EDGE_CURVE ( 'NONE', #4065, #3782, #7821, .T. ) ;
#9307 = CARTESIAN_POINT ( 'NONE',  ( 3.629999999999999893, 0.4500000000000000111, -3.399999999999999911 ) ) ;
#9308 = ORIENTED_EDGE ( 'NONE', *, *, #12188, .F. ) ;
#9309 = DIRECTION ( 'NONE',  ( 1.000000000000000000, 0.000000000000000000, 0.000000000000000000 ) ) ;
#9310 = EDGE_CURVE ( 'NONE', #4126, #5846, #11628, .T. ) ;
#9311 = DIRECTION ( 'NONE',  ( -1.000000000000000000, 0.000000000000000000, 0.000000000000000000 ) ) ;
#9312 = ADVANCED_FACE ( 'NONE', ( #10683 ), #5930, .T. ) ;
#9313 = VECTOR ( 'NONE', #8021, 1000.000000000000114 ) ;
#9314 = EDGE_CURVE ( 'NONE', #8824, #7604, #12062, .T. ) ;
#9315 = PRESENTATION_STYLE_ASSIGNMENT (( #11432 ) ) ;
#9316 = PLANE ( 'NONE',  #11241 ) ;
#9317 = EDGE_LOOP ( 'NONE', ( #1268, #10054, #3631, #8181 ) ) ;
#9318 = COLOUR_RGB ( '',0.7803921568627451011, 0.7803921568627451011, 0.7803921568627451011 ) ;
#9319 = ORIENTED_EDGE ( 'NONE', *, *, #9126, .F. ) ;
#9320 = SURFACE_STYLE_USAGE ( .BOTH. , #11127 ) ;
#9322 =( GEOMETRIC_REPRESENTATION_CONTEXT ( 3 ) GLOBAL_UNCERTAINTY_ASSIGNED_CONTEXT ( ( #4012 ) ) GLOBAL_UNIT_ASSIGNED_CONTEXT ( ( #7746, #10589, #3007 ) ) REPRESENTATION_CONTEXT ( 'NONE', 'WORKASPACE' ) );
#9321 = DIRECTION ( 'NONE',  ( 0.000000000000000000, -0.9766444667050904194, 0.2148617826751180737 ) ) ;
#9323 = EDGE_CURVE ( 'NONE', #2201, #11041, #375, .T. ) ;
#9324 = PLANE ( 'NONE',  #5727 ) ;
#9325 = SURFACE_STYLE_FILL_AREA ( #4755 ) ;
#9326 = FILL_AREA_STYLE ('',( #639 ) ) ;
#9327 = SURFACE_STYLE_FILL_AREA ( #7401 ) ;
#9328 = EDGE_CURVE ( 'NONE', #1720, #8734, #6254, .T. ) ;
#9329 = ORIENTED_EDGE ( 'NONE', *, *, #9304, .T. ) ;
#9330 = SURFACE_STYLE_FILL_AREA ( #8391 ) ;
#9331 = SURFACE_SIDE_STYLE ('',( #4385 ) ) ;
#9332 = AXIS2_PLACEMENT_3D ( 'NONE', #8726, #11467, #5698 ) ;
#9333 = ORIENTED_EDGE ( 'NONE', *, *, #8217, .F. ) ;
#9334 = PRESENTATION_LAYER_ASSIGNMENT (  '', '', ( #547 ) ) ;
#9335 = VECTOR ( 'NONE', #7092, 1000.000000000000227 ) ;
#9336 = ORIENTED_EDGE ( 'NONE', *, *, #1432, .F. ) ;
#9337 = CIRCLE ( 'NONE', #956, 1.000000000000000888 ) ;
#9338 = EDGE_CURVE ( 'NONE', #10468, #5257, #6059, .T. ) ;
#9339 = SURFACE_STYLE_FILL_AREA ( #830 ) ;
#9340 = ORIENTED_EDGE ( 'NONE', *, *, #11228, .T. ) ;
#9341 = VECTOR ( 'NONE', #9566, 1000.000000000000114 ) ;
#9342 =( NAMED_UNIT ( * ) PLANE_ANGLE_UNIT ( ) SI_UNIT ( $, .RADIAN. ) );
#9343 = UNCERTAINTY_MEASURE_WITH_UNIT (LENGTH_MEASURE( 1.000000000000000082E-05 ), #3424, 'distance_accuracy_value', 'NONE');
#9344 = FACE_OUTER_BOUND ( 'NONE', #3989, .T. ) ;
#9345 = FILL_AREA_STYLE_COLOUR ( '', #7166 ) ;
#9346 = LINE ( 'NONE', #8401, #6318 ) ;
#9347 = DIRECTION ( 'NONE',  ( 0.000000000000000000, 0.000000000000000000, -1.000000000000000000 ) ) ;
#9348 = PRESENTATION_LAYER_ASSIGNMENT (  '', '', ( #2352 ) ) ;
#9349 = VECTOR ( 'NONE', #10811, 1000.000000000000000 ) ;
#9350 = DIRECTION ( 'NONE',  ( -1.000000000000000000, 0.000000000000000000, 0.000000000000000000 ) ) ;
#9351 = PLANE ( 'NONE',  #7468 ) ;
#9352 = ORIENTED_EDGE ( 'NONE', *, *, #4776, .F. ) ;
#9353 = FILL_AREA_STYLE_COLOUR ( '', #11637 ) ;
#9354 = ORIENTED_EDGE ( 'NONE', *, *, #4503, .F. ) ;
#9355 = DIRECTION ( 'NONE',  ( -1.000000000000000000, 0.000000000000000000, 0.000000000000000000 ) ) ;
#9356 = EDGE_CURVE ( 'NONE', #8949, #2410, #4184, .T. ) ;
#9357 = ORIENTED_EDGE ( 'NONE', *, *, #8555, .F. ) ;
#9358 = AXIS2_PLACEMENT_3D ( 'NONE', #10480, #12298, #9257 ) ;
#9359 = MECHANICAL_DESIGN_GEOMETRIC_PRESENTATION_REPRESENTATION (  '', ( #2366 ), #7542 ) ;
#9360 = LINE ( 'NONE', #9296, #11509 ) ;
#9361 = UNCERTAINTY_MEASURE_WITH_UNIT (LENGTH_MEASURE( 1.000000000000000082E-05 ), #9653, 'distance_accuracy_value', 'NONE');
#9362 = CARTESIAN_POINT ( 'NONE',  ( 12.50000000000000000, 0.000000000000000000, 0.000000000000000000 ) ) ;
#9363 = SURFACE_SIDE_STYLE ('',( #12164 ) ) ;
#9364 = VECTOR ( 'NONE', #3905, 1000.000000000000000 ) ;
#9365 = ORIENTED_EDGE ( 'NONE', *, *, #5128, .T. ) ;
#9366 = PRESENTATION_STYLE_ASSIGNMENT (( #2737 ) ) ;
#9368 = ORIENTED_EDGE ( 'NONE', *, *, #43, .F. ) ;
#9367 = SURFACE_STYLE_FILL_AREA ( #3686 ) ;
#9369 = VERTEX_POINT ( 'NONE', #9066 ) ;
#9370 = PLANE ( 'NONE',  #12215 ) ;
#9371 = CARTESIAN_POINT ( 'NONE',  ( -1.600000000000000089, 1.142544447854309864, 0.000000000000000000 ) ) ;
#9372 =( NAMED_UNIT ( * ) PLANE_ANGLE_UNIT ( ) SI_UNIT ( $, .RADIAN. ) );
#9373 = VECTOR ( 'NONE', #3567, 1000.000000000000000 ) ;
#9374 = ADVANCED_FACE ( 'NONE', ( #6112 ), #8002, .T. ) ;
#9375 = AXIS2_PLACEMENT_3D ( 'NONE', #8966, #1296, #8103 ) ;
#9376 = AXIS2_PLACEMENT_3D ( 'NONE', #12153, #6484, #5574 ) ;
#9377 =( NAMED_UNIT ( * ) SI_UNIT ( $, .STERADIAN. ) SOLID_ANGLE_UNIT ( ) );
#9378 = VERTEX_POINT ( 'NONE', #4429 ) ;
#9379 = PRESENTATION_STYLE_ASSIGNMENT (( #11251 ) ) ;
#9380 = DIRECTION ( 'NONE',  ( 0.000000000000000000, 0.000000000000000000, -1.000000000000000000 ) ) ;
#9381 = CARTESIAN_POINT ( 'NONE',  ( -2.085106396675110219, 1.342544471696169861, 0.000000000000000000 ) ) ;
#9382 = CARTESIAN_POINT ( 'NONE',  ( 11.33000000000000007, 0.2300000000000000100, 10.20000000000000107 ) ) ;
#9383 = DIRECTION ( 'NONE',  ( -0.9506450282288423370, -0.3102805670740331756, 0.000000000000000000 ) ) ;
#9384 = ADVANCED_FACE ( 'NONE', ( #5250 ), #500, .T. ) ;
#9385 = VERTEX_POINT ( 'NONE', #3697 ) ;
#9386 = EDGE_CURVE ( 'NONE', #4123, #5362, #8319, .T. ) ;
#9387 = EDGE_CURVE ( 'NONE', #5449, #5319, #12118, .T. ) ;
#9388 = DIRECTION ( 'NONE',  ( 0.9506456267026760498, -0.3102787334495809568, 0.000000000000000000 ) ) ;
#9389 = ORIENTED_EDGE ( 'NONE', *, *, #5017, .T. ) ;
#9390 = DIRECTION ( 'NONE',  ( 0.000000000000000000, 0.000000000000000000, -1.000000000000000000 ) ) ;
#9391 = FACE_OUTER_BOUND ( 'NONE', #7903, .T. ) ;
#9392 = SURFACE_STYLE_FILL_AREA ( #9326 ) ;
#9393 = FILL_AREA_STYLE ('',( #10531 ) ) ;
#9394 = UNCERTAINTY_MEASURE_WITH_UNIT (LENGTH_MEASURE( 1.000000000000000082E-05 ), #4542, 'distance_accuracy_value', 'NONE');
#9395 = ORIENTED_EDGE ( 'NONE', *, *, #6494, .F. ) ;
#9396 = PRESENTATION_STYLE_ASSIGNMENT (( #11270 ) ) ;
#9397 = SURFACE_SIDE_STYLE ('',( #9339 ) ) ;
#9398 = VERTEX_POINT ( 'NONE', #9503 ) ;
#9399 = SURFACE_STYLE_USAGE ( .BOTH. , #833 ) ;
#9400 =( NAMED_UNIT ( * ) PLANE_ANGLE_UNIT ( ) SI_UNIT ( $, .RADIAN. ) );
#9401 = DIRECTION ( 'NONE',  ( 0.1921821473725649210, -0.9813592727596095466, 0.000000000000000000 ) ) ;
#9402 = DIRECTION ( 'NONE',  ( 0.000000000000000000, 1.000000000000000000, 0.000000000000000000 ) ) ;
#9403 = CARTESIAN_POINT ( 'NONE',  ( 0.000000000000000000, 0.000000000000000000, 0.000000000000000000 ) ) ;
#9404 = UNCERTAINTY_MEASURE_WITH_UNIT (LENGTH_MEASURE( 1.000000000000000082E-05 ), #4393, 'distance_accuracy_value', 'NONE');
#9405 = ORIENTED_EDGE ( 'NONE', *, *, #3323, .F. ) ;
#9406 = PRESENTATION_STYLE_ASSIGNMENT (( #12159 ) ) ;
#9407 = ORIENTED_EDGE ( 'NONE', *, *, #8475, .F. ) ;
#9408 = STYLED_ITEM ( 'NONE', ( #3264 ), #11860 ) ;
#9409 = AXIS2_PLACEMENT_3D ( 'NONE', #4961, #2144, #5013 ) ;
#9410 =( GEOMETRIC_REPRESENTATION_CONTEXT ( 3 ) GLOBAL_UNCERTAINTY_ASSIGNED_CONTEXT ( ( #10569 ) ) GLOBAL_UNIT_ASSIGNED_CONTEXT ( ( #8817, #7891, #192 ) ) REPRESENTATION_CONTEXT ( 'NONE', 'WORKASPACE' ) );
#9411 = LINE ( 'NONE', #736, #11833 ) ;
#9412 =( NAMED_UNIT ( * ) SI_UNIT ( $, .STERADIAN. ) SOLID_ANGLE_UNIT ( ) );
#9413 = PLANE ( 'NONE',  #7453 ) ;
#9414 = LINE ( 'NONE', #4486, #11986 ) ;
#9415 = DIRECTION ( 'NONE',  ( 0.2100675449707450348, 0.2100675449707440079, -0.9548524771397560729 ) ) ;
#9416 = ADVANCED_FACE ( 'NONE', ( #6513 ), #6445, .T. ) ;
#9417 = VERTEX_POINT ( 'NONE', #5490 ) ;
#9418 = DIRECTION ( 'NONE',  ( -0.2001234451614829768, -0.9797706908745019705, 0.000000000000000000 ) ) ;
#9420 = VERTEX_POINT ( 'NONE', #6621 ) ;
#9419 = SURFACE_STYLE_USAGE ( .BOTH. , #6375 ) ;
#9421 = STYLED_ITEM ( 'NONE', ( #6610 ), #10424 ) ;
#9422 = ORIENTED_EDGE ( 'NONE', *, *, #1117, .F. ) ;
#9423 = SURFACE_STYLE_FILL_AREA ( #7508 ) ;
#9424 = COLOUR_RGB ( '',0.2941176470588235392, 0.2941176470588235392, 0.2941176470588235392 ) ;
#9425 = FACE_OUTER_BOUND ( 'NONE', #10227, .T. ) ;
#9426 = LINE ( 'NONE', #6681, #2220 ) ;
#9427 = VECTOR ( 'NONE', #938, 1000.000000000000000 ) ;
#9428 = PRESENTATION_LAYER_ASSIGNMENT (  '', '', ( #10021 ) ) ;
#9429 = STYLED_ITEM ( 'NONE', ( #11468 ), #8409 ) ;
#9430 = VECTOR ( 'NONE', #788, 1000.000000000000000 ) ;
#9431 =( GEOMETRIC_REPRESENTATION_CONTEXT ( 3 ) GLOBAL_UNCERTAINTY_ASSIGNED_CONTEXT ( ( #7337 ) ) GLOBAL_UNIT_ASSIGNED_CONTEXT ( ( #1943, #5570, #4708 ) ) REPRESENTATION_CONTEXT ( 'NONE', 'WORKASPACE' ) );
#9432 = STYLED_ITEM ( 'NONE', ( #2286 ), #10512 ) ;
#9433 = DIRECTION ( 'NONE',  ( 0.1921826769043490091, 0.9813591690598700845, 0.000000000000000000 ) ) ;
#9434 = DIRECTION ( 'NONE',  ( 1.000000000000000000, 0.000000000000000000, 0.000000000000000000 ) ) ;
#9435 =( LENGTH_UNIT ( ) NAMED_UNIT ( * ) SI_UNIT ( .MILLI., .METRE. ) );
#9436 = ORIENTED_EDGE ( 'NONE', *, *, #11142, .F. ) ;
#9437 =( NAMED_UNIT ( * ) SI_UNIT ( $, .STERADIAN. ) SOLID_ANGLE_UNIT ( ) );
#9438 = PRESENTATION_LAYER_ASSIGNMENT (  '', '', ( #11010 ) ) ;
#9439 = FACE_OUTER_BOUND ( 'NONE', #9614, .T. ) ;
#9440 = EDGE_CURVE ( 'NONE', #161, #7919, #10421, .T. ) ;
#9441 = CARTESIAN_POINT ( 'NONE',  ( 8.640000000000000568, 4.000000000000000000, 0.5999999999999999778 ) ) ;
#9442 = STYLED_ITEM ( 'NONE', ( #1458 ), #6933 ) ;
#9443 = FACE_OUTER_BOUND ( 'NONE', #3348, .T. ) ;
#9444 = COLOUR_RGB ( '',0.7803921568627451011, 0.7803921568627451011, 0.7803921568627451011 ) ;
#9445 = DIRECTION ( 'NONE',  ( -0.000000000000000000, -0.9766444667050904194, -0.2148617826751180737 ) ) ;
#9446 =( GEOMETRIC_REPRESENTATION_CONTEXT ( 3 ) GLOBAL_UNCERTAINTY_ASSIGNED_CONTEXT ( ( #10998 ) ) GLOBAL_UNIT_ASSIGNED_CONTEXT ( ( #10354, #7440, #10170 ) ) REPRESENTATION_CONTEXT ( 'NONE', 'WORKASPACE' ) );
#9447 = DIRECTION ( 'NONE',  ( 1.000000000000000000, 0.000000000000000000, 0.000000000000000000 ) ) ;
#9448 = MECHANICAL_DESIGN_GEOMETRIC_PRESENTATION_REPRESENTATION (  '', ( #4451 ), #12231 ) ;
#9449 = VECTOR ( 'NONE', #2539, 1000.000000000000000 ) ;
#9450 = AXIS2_PLACEMENT_3D ( 'NONE', #8491, #7311, #11172 ) ;
#9451 = STYLED_ITEM ( 'NONE', ( #12108 ), #1193 ) ;
#9452 = COLOUR_RGB ( '',0.7803921568627451011, 0.7803921568627451011, 0.7803921568627451011 ) ;
#9453 = ORIENTED_EDGE ( 'NONE', *, *, #4003, .F. ) ;
#9454 = CARTESIAN_POINT ( 'NONE',  ( 0.000000000000000000, 0.000000000000000000, -0.05000000000000000278 ) ) ;
#9455 = EDGE_CURVE ( 'NONE', #5902, #1043, #6572, .T. ) ;
#9456 = EDGE_CURVE ( 'NONE', #2227, #6121, #756, .T. ) ;
#9457 = CARTESIAN_POINT ( 'NONE',  ( -12.50000000000000000, 4.500000000000000000, 7.900000000000000355 ) ) ;
#9458 = STYLED_ITEM ( 'NONE', ( #1095 ), #3711 ) ;
#9459 = DIRECTION ( 'NONE',  ( 0.000000000000000000, 0.000000000000000000, -1.000000000000000000 ) ) ;
#9460 = ORIENTED_EDGE ( 'NONE', *, *, #7825, .F. ) ;
#9461 = DIRECTION ( 'NONE',  ( -0.1921825732045330248, 0.9813591893677280353, 0.000000000000000000 ) ) ;
#9462 = CARTESIAN_POINT ( 'NONE',  ( 4.549999999999999822, 0.2300000000000000100, 10.20000000000000107 ) ) ;
#9463 = MECHANICAL_DESIGN_GEOMETRIC_PRESENTATION_REPRESENTATION (  '', ( #1469 ), #3864 ) ;
#9464 = STYLED_ITEM ( 'NONE', ( #9917 ), #1349 ) ;
#9465 = EDGE_CURVE ( 'NONE', #4065, #8578, #3517, .T. ) ;
#9466 = STYLED_ITEM ( 'NONE', ( #1687 ), #7791 ) ;
#9467 = VERTEX_POINT ( 'NONE', #4617 ) ;
#9468 = LINE ( 'NONE', #10550, #1866 ) ;
#9469 = VECTOR ( 'NONE', #6758, 1000.000000000000114 ) ;
#9470 = LINE ( 'NONE', #10500, #8458 ) ;
#9471 = PRESENTATION_STYLE_ASSIGNMENT (( #10381 ) ) ;
#9472 = FACE_OUTER_BOUND ( 'NONE', #7642, .T. ) ;
#9473 = SURFACE_STYLE_USAGE ( .BOTH. , #11210 ) ;
#9474 = ORIENTED_EDGE ( 'NONE', *, *, #8376, .F. ) ;
#9475 = EDGE_CURVE ( 'NONE', #2410, #1288, #12247, .T. ) ;
#9476 = DIRECTION ( 'NONE',  ( -1.000000000000000000, 0.000000000000000000, 0.000000000000000000 ) ) ;
#9477 = SURFACE_SIDE_STYLE ('',( #3781 ) ) ;
#9478 = EDGE_CURVE ( 'NONE', #527, #8674, #7322, .T. ) ;
#9479 = ORIENTED_EDGE ( 'NONE', *, *, #2311, .T. ) ;
#9480 = VECTOR ( 'NONE', #1452, 1000.000000000000000 ) ;
#9481 = VERTEX_POINT ( 'NONE', #6742 ) ;
#9482 = PLANE ( 'NONE',  #7460 ) ;
#9483 = FILL_AREA_STYLE_COLOUR ( '', #4540 ) ;
#9484 =( NAMED_UNIT ( * ) PLANE_ANGLE_UNIT ( ) SI_UNIT ( $, .RADIAN. ) );
#9485 = SURFACE_STYLE_FILL_AREA ( #10397 ) ;
#9486 = VERTEX_POINT ( 'NONE', #10530 ) ;
#9487 = CARTESIAN_POINT ( 'NONE',  ( 0.01999999999998889819, 0.3400000000000000244, 10.69999999999999929 ) ) ;
#9489 = VERTEX_POINT ( 'NONE', #3068 ) ;
#9488 = CARTESIAN_POINT ( 'NONE',  ( 12.47000000000000064, 0.2300000000000000100, 10.20000000000000107 ) ) ;
#9490 = ORIENTED_EDGE ( 'NONE', *, *, #7240, .T. ) ;
#9491 = CARTESIAN_POINT ( 'NONE',  ( -1.753191488981250101, -0.09495555214569059710, 0.000000000000000000 ) ) ;
#9492 = EDGE_CURVE ( 'NONE', #3734, #8780, #5722, .T. ) ;
#9493 = SURFACE_STYLE_FILL_AREA ( #1792 ) ;
#9494 = PRESENTATION_STYLE_ASSIGNMENT (( #9547 ) ) ;
#9495 = LINE ( 'NONE', #10407, #2020 ) ;
#9496 = ORIENTED_EDGE ( 'NONE', *, *, #9080, .F. ) ;
#9497 = SURFACE_STYLE_FILL_AREA ( #5663 ) ;
#9498 = CARTESIAN_POINT ( 'NONE',  ( -4.540000000000000036, 1.399999999999999911, 3.200000000000000178 ) ) ;
#9499 = LINE ( 'NONE', #2939, #6324 ) ;
#9500 = EDGE_LOOP ( 'NONE', ( #409, #1424, #2373, #5304 ) ) ;
#9501 = DIRECTION ( 'NONE',  ( 1.000000000000000000, 0.000000000000000000, 0.000000000000000000 ) ) ;
#9502 =( LENGTH_UNIT ( ) NAMED_UNIT ( * ) SI_UNIT ( .MILLI., .METRE. ) );
#9503 = CARTESIAN_POINT ( 'NONE',  ( 0.6199999999999890044, 0.2000000000000000111, 3.200000000000000178 ) ) ;
#9504 = DIRECTION ( 'NONE',  ( 0.000000000000000000, -1.000000000000000000, 0.000000000000000000 ) ) ;
#9505 = LINE ( 'NONE', #1001, #9427 ) ;
#9506 = EDGE_CURVE ( 'NONE', #4649, #7163, #10477, .T. ) ;
#9507 = EDGE_LOOP ( 'NONE', ( #3520, #10055, #3645, #8169 ) ) ;
#9508 = CARTESIAN_POINT ( 'NONE',  ( -12.85999999999999943, -4.000000000000000000, 0.000000000000000000 ) ) ;
#9509 = VECTOR ( 'NONE', #4766, 1000.000000000000114 ) ;
#9510 =( NAMED_UNIT ( * ) PLANE_ANGLE_UNIT ( ) SI_UNIT ( $, .RADIAN. ) );
#9511 = FACE_OUTER_BOUND ( 'NONE', #1987, .T. ) ;
#9512 = FILL_AREA_STYLE_COLOUR ( '', #6932 ) ;
#9513 = EDGE_LOOP ( 'NONE', ( #12080, #1317, #1202, #1705 ) ) ;
#9514 =( NAMED_UNIT ( * ) SI_UNIT ( $, .STERADIAN. ) SOLID_ANGLE_UNIT ( ) );
#9515 = EDGE_CURVE ( 'NONE', #7573, #2690, #11427, .T. ) ;
#9516 = STYLED_ITEM ( 'NONE', ( #4917 ), #5593 ) ;
#9517 = EDGE_LOOP ( 'NONE', ( #11120, #6678, #7174, #11768 ) ) ;
#9518 = FILL_AREA_STYLE ('',( #1883 ) ) ;
#9519 = CARTESIAN_POINT ( 'NONE',  ( -1.880851066112519954, 0.7925444955380260836, -0.05000000000000000278 ) ) ;
#9520 = DIRECTION ( 'NONE',  ( -0.9766444667050901973, 0.000000000000000000, -0.2148617826751190452 ) ) ;
#9521 = DIRECTION ( 'NONE',  ( -1.000000000000000000, 0.000000000000000000, 0.000000000000000000 ) ) ;
#9522 = VECTOR ( 'NONE', #895, 1000.000000000000000 ) ;
#9523 = LINE ( 'NONE', #4825, #9946 ) ;
#9524 = UNCERTAINTY_MEASURE_WITH_UNIT (LENGTH_MEASURE( 1.000000000000000082E-05 ), #11886, 'distance_accuracy_value', 'NONE');
#9525 = FILL_AREA_STYLE ('',( #10556 ) ) ;
#9526 = PRESENTATION_STYLE_ASSIGNMENT (( #3834 ) ) ;
#9527 = ORIENTED_EDGE ( 'NONE', *, *, #6182, .T. ) ;
#9528 = VECTOR ( 'NONE', #10228, 1000.000000000000000 ) ;
#9529 = FILL_AREA_STYLE ('',( #8352 ) ) ;
#9530 = ORIENTED_EDGE ( 'NONE', *, *, #8913, .T. ) ;
#9531 = FILL_AREA_STYLE_COLOUR ( '', #1830 ) ;
#9532 = EDGE_CURVE ( 'NONE', #5667, #488, #8745, .T. ) ;
#9533 = ORIENTED_EDGE ( 'NONE', *, *, #8976, .T. ) ;
#9534 = VECTOR ( 'NONE', #883, 1000.000000000000000 ) ;
#9535 = EDGE_CURVE ( 'NONE', #11667, #11423, #6689, .T. ) ;
#9536 = SURFACE_STYLE_FILL_AREA ( #920 ) ;
#9537 = VECTOR ( 'NONE', #5003, 1000.000000000000000 ) ;
#9538 =( NAMED_UNIT ( * ) SI_UNIT ( $, .STERADIAN. ) SOLID_ANGLE_UNIT ( ) );
#9539 = FACE_OUTER_BOUND ( 'NONE', #9317, .T. ) ;
#9540 = CARTESIAN_POINT ( 'NONE',  ( -12.50000000000000000, 3.000000000000000000, 3.200000000000000178 ) ) ;
#9541 = ORIENTED_EDGE ( 'NONE', *, *, #5401, .T. ) ;
#9543 = ORIENTED_EDGE ( 'NONE', *, *, #1416, .T. ) ;
#9542 = FACE_OUTER_BOUND ( 'NONE', #2420, .T. ) ;
#9544 = EDGE_LOOP ( 'NONE', ( #8891, #5861, #532, #89 ) ) ;
#9545 = VECTOR ( 'NONE', #1929, 1000.000000000000000 ) ;
#9546 =( NAMED_UNIT ( * ) SI_UNIT ( $, .STERADIAN. ) SOLID_ANGLE_UNIT ( ) );
#9547 = SURFACE_STYLE_USAGE ( .BOTH. , #11413 ) ;
#9548 = LINE ( 'NONE', #992, #10591 ) ;
#9549 = PRESENTATION_LAYER_ASSIGNMENT (  '', '', ( #8554 ) ) ;
#9550 = EDGE_CURVE ( 'NONE', #8379, #9299, #5786, .T. ) ;
#9551 = COLOUR_RGB ( '',0.7803921568627451011, 0.7803921568627451011, 0.7803921568627451011 ) ;
#9552 = CARTESIAN_POINT ( 'NONE',  ( -1.880851066112519954, 0.4675444478543100413, 0.000000000000000000 ) ) ;
#9553 = CARTESIAN_POINT ( 'NONE',  ( -1.740425533056259910, -0.1699555521456899976, 0.000000000000000000 ) ) ;
#9554 = ORIENTED_EDGE ( 'NONE', *, *, #10404, .T. ) ;
#9555 =( LENGTH_UNIT ( ) NAMED_UNIT ( * ) SI_UNIT ( .MILLI., .METRE. ) );
#9556 = LINE ( 'NONE', #6802, #4541 ) ;
#9557 = ORIENTED_EDGE ( 'NONE', *, *, #12279, .F. ) ;
#9558 = EDGE_LOOP ( 'NONE', ( #5120, #1671, #9178, #7218 ) ) ;
#9559 = LINE ( 'NONE', #7878, #2773 ) ;
#9560 = LINE ( 'NONE', #9382, #4624 ) ;
#9561 = CARTESIAN_POINT ( 'NONE',  ( -1.676595744490619877, 0.7925444955380260836, 0.000000000000000000 ) ) ;
#9562 = DIRECTION ( 'NONE',  ( -0.2473831068377969067, -0.9689177459677776882, 0.000000000000000000 ) ) ;
#9563 = CIRCLE ( 'NONE', #5371, 1.000000000000000000 ) ;
#9564 = EDGE_LOOP ( 'NONE', ( #3400, #4357, #2919, #4975 ) ) ;
#9565 = DIRECTION ( 'NONE',  ( -1.000000000000000000, 0.000000000000000000, 0.000000000000000000 ) ) ;
#9566 = DIRECTION ( 'NONE',  ( 0.9813591690598700845, -0.1921826769043490091, 0.000000000000000000 ) ) ;
#9567 = DIRECTION ( 'NONE',  ( 0.000000000000000000, 1.000000000000000000, 0.000000000000000000 ) ) ;
#9568 = SURFACE_SIDE_STYLE ('',( #10490 ) ) ;
#9569 = LINE ( 'NONE', #4703, #9059 ) ;
#9570 = EDGE_CURVE ( 'NONE', #382, #11316, #9556, .T. ) ;
#9571 = ORIENTED_EDGE ( 'NONE', *, *, #9903, .T. ) ;
#9572 = SURFACE_STYLE_FILL_AREA ( #7582 ) ;
#9573 = FILL_AREA_STYLE_COLOUR ( '', #2251 ) ;
#9574 = EDGE_LOOP ( 'NONE', ( #7992, #824, #6208, #5478 ) ) ;
#9575 = LINE ( 'NONE', #4006, #10258 ) ;
#9576 = DIRECTION ( 'NONE',  ( -1.000000000000000000, 0.000000000000000000, 0.000000000000000000 ) ) ;
#9577 = LINE ( 'NONE', #7478, #2960 ) ;
#9578 = FILL_AREA_STYLE ('',( #2973 ) ) ;
#9579 = SURFACE_STYLE_USAGE ( .BOTH. , #5818 ) ;
#9580 = FILL_AREA_STYLE ('',( #11331 ) ) ;
#9581 = EDGE_CURVE ( 'NONE', #11146, #9874, #8615, .T. ) ;
#9582 = FILL_AREA_STYLE_COLOUR ( '', #12310 ) ;
#9583 = ORIENTED_EDGE ( 'NONE', *, *, #2572, .T. ) ;
#9584 = FILL_AREA_STYLE ('',( #2670 ) ) ;
#9585 = SURFACE_STYLE_FILL_AREA ( #8778 ) ;
#9586 = ORIENTED_EDGE ( 'NONE', *, *, #10502, .T. ) ;
#9587 = CARTESIAN_POINT ( 'NONE',  ( -1.600000000000000089, -0.3574555521456899698, 0.000000000000000000 ) ) ;
#9588 = EDGE_CURVE ( 'NONE', #1612, #717, #4045, .T. ) ;
#9589 = ORIENTED_EDGE ( 'NONE', *, *, #10059, .T. ) ;
#9590 = DIRECTION ( 'NONE',  ( 0.8906053505096229728, 0.4547769889117430075, 0.000000000000000000 ) ) ;
#9591 =( NAMED_UNIT ( * ) PLANE_ANGLE_UNIT ( ) SI_UNIT ( $, .RADIAN. ) );
#9592 = DIRECTION ( 'NONE',  ( 0.000000000000000000, 1.000000000000000000, 0.000000000000000000 ) ) ;
#9593 = AXIS2_PLACEMENT_3D ( 'NONE', #4830, #8660, #7417 ) ;
#9594 =( LENGTH_UNIT ( ) NAMED_UNIT ( * ) SI_UNIT ( .MILLI., .METRE. ) );
#9595 = ADVANCED_FACE ( 'NONE', ( #7873 ), #9740, .T. ) ;
#9596 = ORIENTED_EDGE ( 'NONE', *, *, #2275, .F. ) ;
#9597 = SURFACE_SIDE_STYLE ('',( #7679 ) ) ;
#9599 = ORIENTED_EDGE ( 'NONE', *, *, #194, .F. ) ;
#9598 = DIRECTION ( 'NONE',  ( 0.000000000000000000, 1.000000000000000000, 0.000000000000000000 ) ) ;
#9600 = ORIENTED_EDGE ( 'NONE', *, *, #8086, .F. ) ;
#9601 = CARTESIAN_POINT ( 'NONE',  ( -2.200000000000000178, 0.01754444785430959997, 0.000000000000000000 ) ) ;
#9602 = SURFACE_STYLE_FILL_AREA ( #343 ) ;
#9603 = CARTESIAN_POINT ( 'NONE',  ( 11.29999999999999893, 0.2000000000000000111, 0.5999999999999999778 ) ) ;
#9604 = COLOUR_RGB ( '',0.2941176470588235392, 0.2941176470588235392, 0.2941176470588235392 ) ;
#9605 =( NAMED_UNIT ( * ) SI_UNIT ( $, .STERADIAN. ) SOLID_ANGLE_UNIT ( ) );
#9606 = ADVANCED_FACE ( 'NONE', ( #9683 ), #3132, .T. ) ;
#9607 =( NAMED_UNIT ( * ) SI_UNIT ( $, .STERADIAN. ) SOLID_ANGLE_UNIT ( ) );
#9608 = DIRECTION ( 'NONE',  ( -1.000000000000000000, 0.000000000000000000, 0.000000000000000000 ) ) ;
#9609 = COLOUR_RGB ( '',0.2941176470588235392, 0.2941176470588235392, 0.2941176470588235392 ) ;
#9610 =( NAMED_UNIT ( * ) SI_UNIT ( $, .STERADIAN. ) SOLID_ANGLE_UNIT ( ) );
#9611 = DIRECTION ( 'NONE',  ( 0.000000000000000000, 0.000000000000000000, 1.000000000000000000 ) ) ;
#9613 = ORIENTED_EDGE ( 'NONE', *, *, #11540, .T. ) ;
#9612 =( GEOMETRIC_REPRESENTATION_CONTEXT ( 3 ) GLOBAL_UNCERTAINTY_ASSIGNED_CONTEXT ( ( #9206 ) ) GLOBAL_UNIT_ASSIGNED_CONTEXT ( ( #11242, #6239, #2695 ) ) REPRESENTATION_CONTEXT ( 'NONE', 'WORKASPACE' ) );
#9614 = EDGE_LOOP ( 'NONE', ( #9490, #6805, #6908, #5412 ) ) ;
#9615 = CARTESIAN_POINT ( 'NONE',  ( -8.250000000000000000, 1.149999999999999911, -3.399999999999999911 ) ) ;
#9616 = DIRECTION ( 'NONE',  ( 1.000000000000000000, 0.000000000000000000, 0.000000000000000000 ) ) ;
#9617 = EDGE_LOOP ( 'NONE', ( #8390, #10336, #12348, #8590 ) ) ;
#9618 = EDGE_CURVE ( 'NONE', #5667, #2979, #414, .T. ) ;
#9619 = DIRECTION ( 'NONE',  ( 1.000000000000000000, 0.000000000000000000, 0.000000000000000000 ) ) ;
#9620 = LINE ( 'NONE', #3927, #9812 ) ;
#9621 = STYLED_ITEM ( 'NONE', ( #10917 ), #10649 ) ;
#9622 = STYLED_ITEM ( 'NONE', ( #475 ), #2987 ) ;
#9623 = VECTOR ( 'NONE', #8068, 1000.000000000000000 ) ;
#9624 = COLOUR_RGB ( '',1.000000000000000000, 1.000000000000000000, 0.9450980392156862475 ) ;
#9625 = VERTEX_POINT ( 'NONE', #294 ) ;
#9626 = CARTESIAN_POINT ( 'NONE',  ( -1.676595744490619877, 1.930044447854309952, -0.05000000000000000278 ) ) ;
#9627 = PRESENTATION_LAYER_ASSIGNMENT (  '', '', ( #12221 ) ) ;
#9628 = DIRECTION ( 'NONE',  ( 0.000000000000000000, 0.000000000000000000, -1.000000000000000000 ) ) ;
#9629 = STYLED_ITEM ( 'NONE', ( #9184 ), #829 ) ;
#9630 = LINE ( 'NONE', #10489, #2487 ) ;
#9631 = COLOUR_RGB ( '',1.000000000000000000, 1.000000000000000000, 0.9450980392156862475 ) ;
#9632 = DIRECTION ( 'NONE',  ( -0.9813592930673576964, 0.1921820436730129200, 0.000000000000000000 ) ) ;
#9633 = FILL_AREA_STYLE_COLOUR ( '', #2149 ) ;
#9634 = ORIENTED_EDGE ( 'NONE', *, *, #8301, .F. ) ;
#9635 = FACE_OUTER_BOUND ( 'NONE', #2807, .T. ) ;
#9636 = FILL_AREA_STYLE ('',( #6765 ) ) ;
#9637 = VECTOR ( 'NONE', #8881, 1000.000000000000000 ) ;
#9638 = VECTOR ( 'NONE', #4221, 1000.000000000000000 ) ;
#9639 = PLANE ( 'NONE',  #7458 ) ;
#9640 = VECTOR ( 'NONE', #12151, 1000.000000000000000 ) ;
#9641 = ORIENTED_EDGE ( 'NONE', *, *, #5616, .T. ) ;
#9642 = SURFACE_STYLE_FILL_AREA ( #11572 ) ;
#9643 = DIRECTION ( 'NONE',  ( 0.000000000000000000, -1.000000000000000000, 0.000000000000000000 ) ) ;
#9644 = CARTESIAN_POINT ( 'NONE',  ( -1.676595744490619877, 1.255044447854309908, 0.000000000000000000 ) ) ;
#9645 = PRESENTATION_STYLE_ASSIGNMENT (( #5820 ) ) ;
#9646 = PRESENTATION_LAYER_ASSIGNMENT (  '', '', ( #9451 ) ) ;
#9647 = PRESENTATION_STYLE_ASSIGNMENT (( #9771 ) ) ;
#9648 = UNCERTAINTY_MEASURE_WITH_UNIT (LENGTH_MEASURE( 1.000000000000000082E-05 ), #1264, 'distance_accuracy_value', 'NONE');
#9649 = DIRECTION ( 'NONE',  ( 0.000000000000000000, 1.000000000000000000, 0.000000000000000000 ) ) ;
#9650 =( LENGTH_UNIT ( ) NAMED_UNIT ( * ) SI_UNIT ( .MILLI., .METRE. ) );
#9651 = MECHANICAL_DESIGN_GEOMETRIC_PRESENTATION_REPRESENTATION (  '', ( #8851 ), #6659 ) ;
#9652 = EDGE_LOOP ( 'NONE', ( #2699, #10270, #3884, #10025 ) ) ;
#9653 =( LENGTH_UNIT ( ) NAMED_UNIT ( * ) SI_UNIT ( .MILLI., .METRE. ) );
#9654 = ORIENTED_EDGE ( 'NONE', *, *, #5301, .T. ) ;
#9655 = VECTOR ( 'NONE', #7278, 1000.000000000000000 ) ;
#9656 =( LENGTH_UNIT ( ) NAMED_UNIT ( * ) SI_UNIT ( .MILLI., .METRE. ) );
#9657 = VECTOR ( 'NONE', #131, 1000.000000000000000 ) ;
#9658 = VERTEX_POINT ( 'NONE', #4228 ) ;
#9659 = EDGE_CURVE ( 'NONE', #1436, #5158, #8981, .T. ) ;
#9660 = VECTOR ( 'NONE', #7956, 1000.000000000000000 ) ;
#9661 = CARTESIAN_POINT ( 'NONE',  ( -1.612765957042580078, -0.04495559982940600108, -0.05000000000000000278 ) ) ;
#9662 = FACE_OUTER_BOUND ( 'NONE', #7968, .T. ) ;
#9663 = SURFACE_SIDE_STYLE ('',( #11660 ) ) ;
#9664 = CARTESIAN_POINT ( 'NONE',  ( -1.880851066112519954, 0.4675444478543100413, 0.000000000000000000 ) ) ;
#9665 = ORIENTED_EDGE ( 'NONE', *, *, #4767, .T. ) ;
#9666 = DIRECTION ( 'NONE',  ( -0.4547769889117450060, -0.8906053505096219736, 0.000000000000000000 ) ) ;
#9667 = VECTOR ( 'NONE', #6267, 1000.000000000000114 ) ;
#9669 = ORIENTED_EDGE ( 'NONE', *, *, #3242, .F. ) ;
#9668 = SURFACE_STYLE_FILL_AREA ( #11475 ) ;
#9670 = VERTEX_POINT ( 'NONE', #2418 ) ;
#9671 = LINE ( 'NONE', #10577, #8235 ) ;
#9672 = PLANE ( 'NONE',  #4243 ) ;
#9673 = SURFACE_STYLE_FILL_AREA ( #10661 ) ;
#9674 = MECHANICAL_DESIGN_GEOMETRIC_PRESENTATION_REPRESENTATION (  '', ( #11460 ), #491 ) ;
#9675 = EDGE_CURVE ( 'NONE', #1568, #7342, #6042, .T. ) ;
#9676 = STYLED_ITEM ( 'NONE', ( #3639 ), #8077 ) ;
#9677 = CARTESIAN_POINT ( 'NONE',  ( 0.5899999999999850919, 0.2300000000000000100, -2.399999999999999911 ) ) ;
#9678 = CARTESIAN_POINT ( 'NONE',  ( -1.676595744490619877, 1.930044447854309952, 0.000000000000000000 ) ) ;
#9679 = FACE_OUTER_BOUND ( 'NONE', #8107, .T. ) ;
#9680 = CARTESIAN_POINT ( 'NONE',  ( 0.01999999999998889819, 1.260000000000000009, 10.69999999999999929 ) ) ;
#9681 =( NAMED_UNIT ( * ) PLANE_ANGLE_UNIT ( ) SI_UNIT ( $, .RADIAN. ) );
#9682 = EDGE_CURVE ( 'NONE', #12318, #4107, #1367, .T. ) ;
#9683 = FACE_OUTER_BOUND ( 'NONE', #2274, .T. ) ;
#9685 = VERTEX_POINT ( 'NONE', #2296 ) ;
#9684 = FACE_OUTER_BOUND ( 'NONE', #5824, .T. ) ;
#9686 = ORIENTED_EDGE ( 'NONE', *, *, #4926, .F. ) ;
#9687 = FACE_OUTER_BOUND ( 'NONE', #11234, .T. ) ;
#9688 = UNCERTAINTY_MEASURE_WITH_UNIT (LENGTH_MEASURE( 1.000000000000000082E-05 ), #11149, 'distance_accuracy_value', 'NONE');
#9689 = CARTESIAN_POINT ( 'NONE',  ( -1.880851066112519954, 0.7925444955380260836, 0.000000000000000000 ) ) ;
#9690 = CARTESIAN_POINT ( 'NONE',  ( -1.753191488981250101, 1.042544471696169817, -0.05000000000000000278 ) ) ;
#9691 =( LENGTH_UNIT ( ) NAMED_UNIT ( * ) SI_UNIT ( .MILLI., .METRE. ) );
#9692 = EDGE_CURVE ( 'NONE', #1568, #11485, #3191, .T. ) ;
#9693 = EDGE_CURVE ( 'NONE', #11485, #3940, #11772, .T. ) ;
#9694 = ORIENTED_EDGE ( 'NONE', *, *, #10819, .F. ) ;
#9695 = LINE ( 'NONE', #246, #12005 ) ;
#9696 = PRESENTATION_STYLE_ASSIGNMENT (( #4805 ) ) ;
#9697 = DIRECTION ( 'NONE',  ( 0.000000000000000000, 0.000000000000000000, -1.000000000000000000 ) ) ;
#9698 = EDGE_CURVE ( 'NONE', #11985, #8854, #7110, .T. ) ;
#9699 = PRESENTATION_STYLE_ASSIGNMENT (( #9817 ) ) ;
#9700 = DIRECTION ( 'NONE',  ( 0.000000000000000000, 0.000000000000000000, 1.000000000000000000 ) ) ;
#9701 = DIRECTION ( 'NONE',  ( 0.000000000000000000, -0.000000000000000000, 1.000000000000000000 ) ) ;
#9702 = VERTEX_POINT ( 'NONE', #355 ) ;
#9703 = DIRECTION ( 'NONE',  ( 1.000000000000000000, 0.000000000000000000, 0.000000000000000000 ) ) ;
#9704 = VERTEX_POINT ( 'NONE', #4356 ) ;
#9705 = FACE_OUTER_BOUND ( 'NONE', #10581, .T. ) ;
#9706 = EDGE_CURVE ( 'NONE', #11854, #5311, #7043, .T. ) ;
#9707 = CARTESIAN_POINT ( 'NONE',  ( -7.299999999999999822, 0.2000000000000000111, 0.5999999999999999778 ) ) ;
#9708 = CARTESIAN_POINT ( 'NONE',  ( -3.239999999999999769, -4.000000000000000000, 0.000000000000000000 ) ) ;
#9709 = FACE_OUTER_BOUND ( 'NONE', #5533, .T. ) ;
#9710 = CARTESIAN_POINT ( 'NONE',  ( -3.370000000000000107, 0.2300000000000000100, 10.20000000000000107 ) ) ;
#9711 = CARTESIAN_POINT ( 'NONE',  ( -1.676595744490619877, 1.930044447854309952, 0.000000000000000000 ) ) ;
#9712 = VERTEX_POINT ( 'NONE', #3315 ) ;
#9713 =( GEOMETRIC_REPRESENTATION_CONTEXT ( 3 ) GLOBAL_UNCERTAINTY_ASSIGNED_CONTEXT ( ( #4659 ) ) GLOBAL_UNIT_ASSIGNED_CONTEXT ( ( #8216, #6412, #11016 ) ) REPRESENTATION_CONTEXT ( 'NONE', 'WORKASPACE' ) );
#9714 = SURFACE_STYLE_USAGE ( .BOTH. , #2014 ) ;
#9715 =( NAMED_UNIT ( * ) SI_UNIT ( $, .STERADIAN. ) SOLID_ANGLE_UNIT ( ) );
#9716 = ORIENTED_EDGE ( 'NONE', *, *, #2805, .F. ) ;
#9717 = SURFACE_STYLE_USAGE ( .BOTH. , #2852 ) ;
#9718 = VECTOR ( 'NONE', #10118, 1000.000000000000000 ) ;
#9719 = ORIENTED_EDGE ( 'NONE', *, *, #58, .F. ) ;
#9720 = DIRECTION ( 'NONE',  ( 0.000000000000000000, 0.000000000000000000, -1.000000000000000000 ) ) ;
#9721 = FILL_AREA_STYLE ('',( #2515 ) ) ;
#9722 = DIRECTION ( 'NONE',  ( 0.000000000000000000, 0.000000000000000000, -1.000000000000000000 ) ) ;
#9723 = SURFACE_STYLE_FILL_AREA ( #11588 ) ;
#9724 = ORIENTED_EDGE ( 'NONE', *, *, #10117, .T. ) ;
#9725 = VECTOR ( 'NONE', #4866, 1000.000000000000000 ) ;
#9726 = VECTOR ( 'NONE', #9722, 1000.000000000000000 ) ;
#9728 = ORIENTED_EDGE ( 'NONE', *, *, #1004, .T. ) ;
#9727 =( LENGTH_UNIT ( ) NAMED_UNIT ( * ) SI_UNIT ( .MILLI., .METRE. ) );
#9729 = ORIENTED_EDGE ( 'NONE', *, *, #10627, .F. ) ;
#9730 = LINE ( 'NONE', #4976, #4633 ) ;
#9731 = ADVANCED_FACE ( 'NONE', ( #11972 ), #9925, .T. ) ;
#9732 = CARTESIAN_POINT ( 'NONE',  ( -2.110638308525089712, 0.9800444240124520645, 0.000000000000000000 ) ) ;
#9733 =( LENGTH_UNIT ( ) NAMED_UNIT ( * ) SI_UNIT ( .MILLI., .METRE. ) );
#9734 = CARTESIAN_POINT ( 'NONE',  ( -1.638297872245309872, 1.367544447854309952, 0.000000000000000000 ) ) ;
#9735 = PRESENTATION_LAYER_ASSIGNMENT (  '', '', ( #1927 ) ) ;
#9736 =( GEOMETRIC_REPRESENTATION_CONTEXT ( 3 ) GLOBAL_UNCERTAINTY_ASSIGNED_CONTEXT ( ( #8512 ) ) GLOBAL_UNIT_ASSIGNED_CONTEXT ( ( #1634, #4514, #9785 ) ) REPRESENTATION_CONTEXT ( 'NONE', 'WORKASPACE' ) );
#9737 = LINE ( 'NONE', #8872, #8241 ) ;
#9738 = PRESENTATION_STYLE_ASSIGNMENT (( #10722 ) ) ;
#9739 =( GEOMETRIC_REPRESENTATION_CONTEXT ( 3 ) GLOBAL_UNCERTAINTY_ASSIGNED_CONTEXT ( ( #5022 ) ) GLOBAL_UNIT_ASSIGNED_CONTEXT ( ( #3328, #11738, #4181 ) ) REPRESENTATION_CONTEXT ( 'NONE', 'WORKASPACE' ) );
#9740 = PLANE ( 'NONE',  #10120 ) ;
#9742 = ORIENTED_EDGE ( 'NONE', *, *, #1019, .F. ) ;
#9741 = DIRECTION ( 'NONE',  ( -0.2100675449707450348, 0.2100675449707440079, -0.9548524771397560729 ) ) ;
#9743 = ORIENTED_EDGE ( 'NONE', *, *, #5684, .F. ) ;
#9744 = DIRECTION ( 'NONE',  ( 0.000000000000000000, -0.9766444667050904194, 0.2148617826751180737 ) ) ;
#9745 = EDGE_CURVE ( 'NONE', #2259, #213, #12104, .T. ) ;
#9746 = COLOUR_RGB ( '',1.000000000000000000, 1.000000000000000000, 0.9450980392156862475 ) ;
#9747 = VECTOR ( 'NONE', #7622, 1000.000000000000000 ) ;
#9748 = LINE ( 'NONE', #9876, #6835 ) ;
#9749 = VECTOR ( 'NONE', #5054, 1000.000000000000000 ) ;
#9750 = VERTEX_POINT ( 'NONE', #10347 ) ;
#9751 = FILL_AREA_STYLE ('',( #4877 ) ) ;
#9752 = DIRECTION ( 'NONE',  ( 0.2001234451614810617, -0.9797706908745024146, 0.000000000000000000 ) ) ;
#9753 = SURFACE_SIDE_STYLE ('',( #304 ) ) ;
#9754 = CARTESIAN_POINT ( 'NONE',  ( -4.509999999999999787, 1.369999999999999885, 10.20000000000000107 ) ) ;
#9755 = FACE_OUTER_BOUND ( 'NONE', #3455, .T. ) ;
#9756 =( GEOMETRIC_REPRESENTATION_CONTEXT ( 3 ) GLOBAL_UNCERTAINTY_ASSIGNED_CONTEXT ( ( #2169 ) ) GLOBAL_UNIT_ASSIGNED_CONTEXT ( ( #4487, #11233, #8420 ) ) REPRESENTATION_CONTEXT ( 'NONE', 'WORKASPACE' ) );
#9757 = LINE ( 'NONE', #6061, #10921 ) ;
#9758 = EDGE_CURVE ( 'NONE', #4150, #8970, #8490, .T. ) ;
#9759 = EDGE_LOOP ( 'NONE', ( #10478, #9599, #9474, #9927 ) ) ;
#9760 =( LENGTH_UNIT ( ) NAMED_UNIT ( * ) SI_UNIT ( .MILLI., .METRE. ) );
#9761 = SURFACE_STYLE_FILL_AREA ( #11692 ) ;
#9762 = EDGE_CURVE ( 'NONE', #3326, #7926, #6606, .T. ) ;
#9763 = FILL_AREA_STYLE ('',( #11746 ) ) ;
#9764 = ORIENTED_EDGE ( 'NONE', *, *, #168, .F. ) ;
#9765 = CARTESIAN_POINT ( 'NONE',  ( -2.187234044075009987, 1.080044471696169905, 0.000000000000000000 ) ) ;
#9766 = CARTESIAN_POINT ( 'NONE',  ( -2.046808493137360241, 1.367544447854309952, -0.05000000000000000278 ) ) ;
#9767 = DIRECTION ( 'NONE',  ( 0.9797706908745024146, -0.2001234451614810617, 0.000000000000000000 ) ) ;
#9768 = SURFACE_STYLE_USAGE ( .BOTH. , #4130 ) ;
#9769 = CARTESIAN_POINT ( 'NONE',  ( 8.640000000000000568, -4.000000000000000000, 0.000000000000000000 ) ) ;
#9770 = LINE ( 'NONE', #10874, #10887 ) ;
#9771 = SURFACE_STYLE_USAGE ( .BOTH. , #5949 ) ;
#9772 = UNCERTAINTY_MEASURE_WITH_UNIT (LENGTH_MEASURE( 1.000000000000000082E-05 ), #1660, 'distance_accuracy_value', 'NONE');
#9773 = MECHANICAL_DESIGN_GEOMETRIC_PRESENTATION_REPRESENTATION (  '', ( #6390 ), #8570 ) ;
#9774 = SURFACE_STYLE_FILL_AREA ( #3952 ) ;
#9775 = VERTEX_POINT ( 'NONE', #6429 ) ;
#9776 = FACE_OUTER_BOUND ( 'NONE', #3385, .T. ) ;
#9777 = ORIENTED_EDGE ( 'NONE', *, *, #9506, .F. ) ;
#9778 = DIRECTION ( 'NONE',  ( -1.000000000000000000, 0.000000000000000000, 0.000000000000000000 ) ) ;
#9779 = VERTEX_POINT ( 'NONE', #4678 ) ;
#9780 = FILL_AREA_STYLE ('',( #1570 ) ) ;
#9781 = CARTESIAN_POINT ( 'NONE',  ( 0.6199999999999890044, 1.399999999999999911, 3.200000000000000178 ) ) ;
#9782 = UNCERTAINTY_MEASURE_WITH_UNIT (LENGTH_MEASURE( 1.000000000000000082E-05 ), #5320, 'distance_accuracy_value', 'NONE');
#9783 =( LENGTH_UNIT ( ) NAMED_UNIT ( * ) SI_UNIT ( .MILLI., .METRE. ) );
#9784 = ORIENTED_EDGE ( 'NONE', *, *, #9149, .T. ) ;
#9785 =( NAMED_UNIT ( * ) SI_UNIT ( $, .STERADIAN. ) SOLID_ANGLE_UNIT ( ) );
#9786 = ORIENTED_EDGE ( 'NONE', *, *, #2224, .F. ) ;
#9787 = VERTEX_POINT ( 'NONE', #863 ) ;
#9788 = SURFACE_STYLE_USAGE ( .BOTH. , #5708 ) ;
#9789 = CARTESIAN_POINT ( 'NONE',  ( -12.50000000000000000, 4.080000000000000071, 9.500000000000000000 ) ) ;
#9790 = SURFACE_SIDE_STYLE ('',( #2163 ) ) ;
#9791 =( NAMED_UNIT ( * ) PLANE_ANGLE_UNIT ( ) SI_UNIT ( $, .RADIAN. ) );
#9792 = VERTEX_POINT ( 'NONE', #1679 ) ;
#9793 = VECTOR ( 'NONE', #2217, 1000.000000000000114 ) ;
#9794 = EDGE_CURVE ( 'NONE', #10089, #7807, #4411, .T. ) ;
#9795 = SURFACE_STYLE_USAGE ( .BOTH. , #10472 ) ;
#9796 =( LENGTH_UNIT ( ) NAMED_UNIT ( * ) SI_UNIT ( .MILLI., .METRE. ) );
#9797 = UNCERTAINTY_MEASURE_WITH_UNIT (LENGTH_MEASURE( 1.000000000000000082E-05 ), #9502, 'distance_accuracy_value', 'NONE');
#9798 = PLANE ( 'NONE',  #1257 ) ;
#9799 = CARTESIAN_POINT ( 'NONE',  ( -1.600000000000000089, -0.7074556475131219546, 0.000000000000000000 ) ) ;
#9800 = SURFACE_STYLE_FILL_AREA ( #5979 ) ;
#9802 = ORIENTED_EDGE ( 'NONE', *, *, #2816, .T. ) ;
#9801 = FACE_OUTER_BOUND ( 'NONE', #339, .T. ) ;
#9803 = VERTEX_POINT ( 'NONE', #8306 ) ;
#9804 = LINE ( 'NONE', #118, #11611 ) ;
#9805 = AXIS2_PLACEMENT_3D ( 'NONE', #5110, #5235, #10975 ) ;
#9806 = LINE ( 'NONE', #8878, #1034 ) ;
#9807 = DIRECTION ( 'NONE',  ( 0.000000000000000000, 1.000000000000000000, 0.000000000000000000 ) ) ;
#9808 = COLOUR_RGB ( '',0.2941176470588235392, 0.2941176470588235392, 0.2941176470588235392 ) ;
#9809 = EDGE_CURVE ( 'NONE', #129, #6056, #10162, .T. ) ;
#9810 = ADVANCED_FACE ( 'NONE', ( #12284 ), #12167, .T. ) ;
#9811 = ORIENTED_EDGE ( 'NONE', *, *, #10197, .T. ) ;
#9812 = VECTOR ( 'NONE', #5866, 1000.000000000000227 ) ;
#9813 = DIRECTION ( 'NONE',  ( -0.8373793591562744831, 0.5466221810894863475, 0.000000000000000000 ) ) ;
#9814 = DIRECTION ( 'NONE',  ( 0.000000000000000000, -1.000000000000000000, 0.000000000000000000 ) ) ;
#9815 = LINE ( 'NONE', #6931, #7002 ) ;
#9816 = VECTOR ( 'NONE', #8996, 1000.000000000000000 ) ;
#9817 = SURFACE_STYLE_USAGE ( .BOTH. , #10738 ) ;
#9818 = MECHANICAL_DESIGN_GEOMETRIC_PRESENTATION_REPRESENTATION (  '', ( #9016 ), #428 ) ;
#9819 = CARTESIAN_POINT ( 'NONE',  ( 12.59999999999999964, -4.000000000000000000, 0.000000000000000000 ) ) ;
#9820 = ORIENTED_EDGE ( 'NONE', *, *, #3351, .T. ) ;
#9821 = AXIS2_PLACEMENT_3D ( 'NONE', #6233, #9051, #9875 ) ;
#9822 = PRESENTATION_STYLE_ASSIGNMENT (( #3147 ) ) ;
#9823 = ORIENTED_EDGE ( 'NONE', *, *, #9758, .T. ) ;
#9824 = VECTOR ( 'NONE', #6105, 1000.000000000000000 ) ;
#9825 =( GEOMETRIC_REPRESENTATION_CONTEXT ( 3 ) GLOBAL_UNCERTAINTY_ASSIGNED_CONTEXT ( ( #10464 ) ) GLOBAL_UNIT_ASSIGNED_CONTEXT ( ( #849, #7303, #2730 ) ) REPRESENTATION_CONTEXT ( 'NONE', 'WORKASPACE' ) );
#9826 = EDGE_CURVE ( 'NONE', #1733, #7530, #7428, .T. ) ;
#9827 =( GEOMETRIC_REPRESENTATION_CONTEXT ( 3 ) GLOBAL_UNCERTAINTY_ASSIGNED_CONTEXT ( ( #2582 ) ) GLOBAL_UNIT_ASSIGNED_CONTEXT ( ( #5457, #9279, #12148 ) ) REPRESENTATION_CONTEXT ( 'NONE', 'WORKASPACE' ) );
#9828 = FACE_OUTER_BOUND ( 'NONE', #3638, .T. ) ;
#9829 =( GEOMETRIC_REPRESENTATION_CONTEXT ( 3 ) GLOBAL_UNCERTAINTY_ASSIGNED_CONTEXT ( ( #8282 ) ) GLOBAL_UNIT_ASSIGNED_CONTEXT ( ( #8190, #5176, #7999 ) ) REPRESENTATION_CONTEXT ( 'NONE', 'WORKASPACE' ) );
#9830 = ORIENTED_EDGE ( 'NONE', *, *, #9169, .T. ) ;
#9831 = SURFACE_STYLE_USAGE ( .BOTH. , #2910 ) ;
#9832 = CARTESIAN_POINT ( 'NONE',  ( -0.6800000000000100409, -4.000000000000000000, 0.000000000000000000 ) ) ;
#9833 = LINE ( 'NONE', #264, #3371 ) ;
#9834 = VECTOR ( 'NONE', #5163, 1000.000000000000000 ) ;
#9835 = PLANE ( 'NONE',  #680 ) ;
#9836 =( LENGTH_UNIT ( ) NAMED_UNIT ( * ) SI_UNIT ( .MILLI., .METRE. ) );
#9837 = CARTESIAN_POINT ( 'NONE',  ( 12.59999999999999964, -4.000000000000000000, 0.000000000000000000 ) ) ;
#9839 = ADVANCED_FACE ( 'NONE', ( #10293 ), #796, .T. ) ;
#9838 = PRESENTATION_LAYER_ASSIGNMENT (  '', '', ( #2856 ) ) ;
#9840 = MECHANICAL_DESIGN_GEOMETRIC_PRESENTATION_REPRESENTATION (  '', ( #4236 ), #649 ) ;
#9841 = COLOUR_RGB ( '',0.2941176470588235392, 0.2941176470588235392, 0.2941176470588235392 ) ;
#9842 = ORIENTED_EDGE ( 'NONE', *, *, #5097, .T. ) ;
#9843 = AXIS2_PLACEMENT_3D ( 'NONE', #1418, #10900, #9164 ) ;
#9844 = STYLED_ITEM ( 'NONE', ( #8672 ), #3339 ) ;
#9845 = EDGE_LOOP ( 'NONE', ( #1169, #10296, #10365, #2541 ) ) ;
#9846 = EDGE_CURVE ( 'NONE', #6066, #11652, #4728, .T. ) ;
#9847 = AXIS2_PLACEMENT_3D ( 'NONE', #193, #3022, #11745 ) ;
#9848 = EDGE_CURVE ( 'NONE', #10213, #11496, #2031, .T. ) ;
#9849 = VECTOR ( 'NONE', #8324, 1000.000000000000114 ) ;
#9850 = FILL_AREA_STYLE_COLOUR ( '', #4271 ) ;
#9851 = ADVANCED_FACE ( 'NONE', ( #10573 ), #5773, .T. ) ;
#9852 = DIRECTION ( 'NONE',  ( 0.2473831068378058440, 0.9689177459677754678, 0.000000000000000000 ) ) ;
#9853 = UNCERTAINTY_MEASURE_WITH_UNIT (LENGTH_MEASURE( 1.000000000000000082E-05 ), #11646, 'distance_accuracy_value', 'NONE');
#9854 = PRESENTATION_STYLE_ASSIGNMENT (( #6088 ) ) ;
#9855 = FACE_OUTER_BOUND ( 'NONE', #11589, .T. ) ;
#9856 = ORIENTED_EDGE ( 'NONE', *, *, #5525, .F. ) ;
#9857 = EDGE_CURVE ( 'NONE', #213, #3481, #12346, .T. ) ;
#9858 = CARTESIAN_POINT ( 'NONE',  ( 4.679999999999999716, 4.000000000000000000, 0.5999999999999999778 ) ) ;
#9861 = ORIENTED_EDGE ( 'NONE', *, *, #4501, .F. ) ;
#9860 = VECTOR ( 'NONE', #4391, 1000.000000000000114 ) ;
#9859 = SURFACE_STYLE_USAGE ( .BOTH. , #4282 ) ;
#9862 = VERTEX_POINT ( 'NONE', #8675 ) ;
#9863 = CARTESIAN_POINT ( 'NONE',  ( 11.19999999999999929, 4.000000000000000000, 0.5999999999999999778 ) ) ;
#9864 = DIRECTION ( 'NONE',  ( 0.000000000000000000, 0.000000000000000000, -1.000000000000000000 ) ) ;
#9865 = LINE ( 'NONE', #534, #5609 ) ;
#9866 = COLOUR_RGB ( '',0.2941176470588235392, 0.2941176470588235392, 0.2941176470588235392 ) ;
#9867 =( GEOMETRIC_REPRESENTATION_CONTEXT ( 3 ) GLOBAL_UNCERTAINTY_ASSIGNED_CONTEXT ( ( #513 ) ) GLOBAL_UNIT_ASSIGNED_CONTEXT ( ( #9021, #4277, #5960 ) ) REPRESENTATION_CONTEXT ( 'NONE', 'WORKASPACE' ) );
#9868 = VERTEX_POINT ( 'NONE', #985 ) ;
#9869 = PRESENTATION_STYLE_ASSIGNMENT (( #10774 ) ) ;
#9870 = DIRECTION ( 'NONE',  ( -0.9486832528137612019, 0.3162279017270631098, 0.000000000000000000 ) ) ;
#9871 = ADVANCED_FACE ( 'NONE', ( #8732 ), #1044, .T. ) ;
#9872 = DIRECTION ( 'NONE',  ( 0.000000000000000000, 0.000000000000000000, -1.000000000000000000 ) ) ;
#9873 = ORIENTED_EDGE ( 'NONE', *, *, #10859, .T. ) ;
#9874 = VERTEX_POINT ( 'NONE', #1297 ) ;
#9875 = DIRECTION ( 'NONE',  ( -0.9506452063545657305, -0.3102800213276469266, 0.000000000000000000 ) ) ;
#9876 = CARTESIAN_POINT ( 'NONE',  ( -12.46000000000000085, 0.2000000000000000111, 3.200000000000000178 ) ) ;
#9877 = SURFACE_SIDE_STYLE ('',( #420 ) ) ;
#9878 = PRESENTATION_STYLE_ASSIGNMENT (( #5984 ) ) ;
#9880 = PRESENTATION_LAYER_ASSIGNMENT (  '', '', ( #481 ) ) ;
#9879 = PRODUCT_DEFINITION_SHAPE ( 'NONE', 'NONE',  #7773 ) ;
#9881 = FILL_AREA_STYLE ('',( #5308 ) ) ;
#9882 = FACE_OUTER_BOUND ( 'NONE', #7911, .T. ) ;
#9883 = ORIENTED_EDGE ( 'NONE', *, *, #4946, .F. ) ;
#9884 = SURFACE_STYLE_USAGE ( .BOTH. , #4368 ) ;
#9885 = LINE ( 'NONE', #1319, #4348 ) ;
#9886 = CARTESIAN_POINT ( 'NONE',  ( -2.200000000000000178, 0.01754444785430959997, 0.000000000000000000 ) ) ;
#9887 = CARTESIAN_POINT ( 'NONE',  ( -12.42999999999999972, 1.369999999999999885, 11.19999999999999929 ) ) ;
#9888 = EDGE_LOOP ( 'NONE', ( #6919, #10520, #789, #11215 ) ) ;
#9889 = EDGE_CURVE ( 'NONE', #9874, #2690, #8205, .T. ) ;
#9890 =( LENGTH_UNIT ( ) NAMED_UNIT ( * ) SI_UNIT ( .MILLI., .METRE. ) );
#9891 = ORIENTED_EDGE ( 'NONE', *, *, #5390, .T. ) ;
#9892 = FILL_AREA_STYLE_COLOUR ( '', #5611 ) ;
#9893 = VERTEX_POINT ( 'NONE', #5093 ) ;
#9894 = SURFACE_STYLE_USAGE ( .BOTH. , #6122 ) ;
#9895 = DIRECTION ( 'NONE',  ( 0.5627909312417429533, -0.8265992787996199187, 0.000000000000000000 ) ) ;
#9896 = PLANE ( 'NONE',  #6135 ) ;
#9897 = DIRECTION ( 'NONE',  ( 0.000000000000000000, 0.000000000000000000, 1.000000000000000000 ) ) ;
#9898 = CARTESIAN_POINT ( 'NONE',  ( 8.509999999999999787, 0.2300000000000000100, -2.399999999999999911 ) ) ;
#9899 = PRESENTATION_STYLE_ASSIGNMENT (( #7959 ) ) ;
#9900 = PRODUCT_DEFINITION_CONTEXT ( 'detailed design', #9901, 'design' ) ;
#9901 = APPLICATION_CONTEXT ( 'automotive_design' ) ;
#9902 = CARTESIAN_POINT ( 'NONE',  ( 0.7199999999999900924, 4.000000000000000000, 0.000000000000000000 ) ) ;
#9903 = EDGE_CURVE ( 'NONE', #2155, #11960, #11714, .T. ) ;
#9904 = CARTESIAN_POINT ( 'NONE',  ( 8.640000000000000568, 4.000000000000000000, 0.5999999999999999778 ) ) ;
#9905 = ORIENTED_EDGE ( 'NONE', *, *, #3135, .T. ) ;
#9906 = DIRECTION ( 'NONE',  ( -0.6996247500295026400, 0.7145104681851457418, 0.000000000000000000 ) ) ;
#9907 = LINE ( 'NONE', #3113, #2024 ) ;
#9908 =( NAMED_UNIT ( * ) PLANE_ANGLE_UNIT ( ) SI_UNIT ( $, .RADIAN. ) );
#9909 = FILL_AREA_STYLE_COLOUR ( '', #2575 ) ;
#9910 = EDGE_LOOP ( 'NONE', ( #949, #5588, #11062, #10564 ) ) ;
#9912 = ORIENTED_EDGE ( 'NONE', *, *, #9224, .F. ) ;
#9911 = CARTESIAN_POINT ( 'NONE',  ( -8.470000000000000639, 0.2300000000000000100, 10.20000000000000107 ) ) ;
#9913 = ORIENTED_EDGE ( 'NONE', *, *, #3077, .T. ) ;
#9914 = DIRECTION ( 'NONE',  ( 0.000000000000000000, 1.000000000000000000, 0.000000000000000000 ) ) ;
#9915 = ADVANCED_FACE ( 'NONE', ( #6335 ), #8855, .T. ) ;
#9916 = DIRECTION ( 'NONE',  ( 1.000000000000000000, 0.000000000000000000, 0.000000000000000000 ) ) ;
#9917 = PRESENTATION_STYLE_ASSIGNMENT (( #3425 ) ) ;
#9918 = ORIENTED_EDGE ( 'NONE', *, *, #3579, .T. ) ;
#9919 = EDGE_CURVE ( 'NONE', #3593, #12024, #11998, .T. ) ;
#9920 = PRESENTATION_LAYER_ASSIGNMENT (  '', '', ( #3347 ) ) ;
#9921 = SURFACE_STYLE_FILL_AREA ( #5975 ) ;
#9922 = LINE ( 'NONE', #10668, #5036 ) ;
#9923 = FILL_AREA_STYLE ('',( #3190 ) ) ;
#9924 = DIRECTION ( 'NONE',  ( 1.000000000000000000, 0.000000000000000000, 0.000000000000000000 ) ) ;
#9925 = PLANE ( 'NONE',  #9932 ) ;
#9926 = ORIENTED_EDGE ( 'NONE', *, *, #11795, .F. ) ;
#9927 = ORIENTED_EDGE ( 'NONE', *, *, #11643, .T. ) ;
#9928 = PRESENTATION_STYLE_ASSIGNMENT (( #3319 ) ) ;
#9929 = COLOUR_RGB ( '',0.7803921568627451011, 0.7803921568627451011, 0.7803921568627451011 ) ;
#9930 = DIRECTION ( 'NONE',  ( 1.000000000000000000, 0.000000000000000000, 0.000000000000000000 ) ) ;
#9931 =( LENGTH_UNIT ( ) NAMED_UNIT ( * ) SI_UNIT ( .MILLI., .METRE. ) );
#9932 = AXIS2_PLACEMENT_3D ( 'NONE', #2687, #7310, #9300 ) ;
#9933 = STYLED_ITEM ( 'NONE', ( #11013 ), #8681 ) ;
#9934 = CARTESIAN_POINT ( 'NONE',  ( 24.37999999999999901, 0.000000000000000000, 11.19999999999999929 ) ) ;
#9935 = STYLED_ITEM ( 'NONE', ( #1561 ), #6147 ) ;
#9936 = LINE ( 'NONE', #1316, #8635 ) ;
#9937 = ORIENTED_EDGE ( 'NONE', *, *, #11877, .T. ) ;
#9938 =( NAMED_UNIT ( * ) SI_UNIT ( $, .STERADIAN. ) SOLID_ANGLE_UNIT ( ) );
#9939 = COLOUR_RGB ( '',1.000000000000000000, 1.000000000000000000, 0.9450980392156862475 ) ;
#9940 = CLOSED_SHELL ( 'NONE', ( #10215, #4189, #618, #4847, #5546, #6837, #6362, #4214, #2774, #10180, #9595, #10809, #684, #214 ) ) ;
#9941 = SURFACE_SIDE_STYLE ('',( #4432 ) ) ;
#9942 = FILL_AREA_STYLE_COLOUR ( '', #6140 ) ;
#9943 = CARTESIAN_POINT ( 'NONE',  ( -1.753191488981250101, 1.042544471696169817, 0.000000000000000000 ) ) ;
#9944 = AXIS2_PLACEMENT_3D ( 'NONE', #5047, #3379, #4104 ) ;
#9945 = ORIENTED_EDGE ( 'NONE', *, *, #3370, .T. ) ;
#9946 = VECTOR ( 'NONE', #2975, 1000.000000000000114 ) ;
#9947 = FACE_OUTER_BOUND ( 'NONE', #6419, .T. ) ;
#9948 = ORIENTED_EDGE ( 'NONE', *, *, #11707, .F. ) ;
#9949 = LINE ( 'NONE', #3403, #5469 ) ;
#9950 = EDGE_CURVE ( 'NONE', #3548, #9775, #10997, .T. ) ;
#9951 = DIRECTION ( 'NONE',  ( 0.2100675449707440356, 0.2100675449707440356, -0.9548524771397562949 ) ) ;
#9952 = PLANE ( 'NONE',  #7357 ) ;
#9953 = UNCERTAINTY_MEASURE_WITH_UNIT (LENGTH_MEASURE( 1.000000000000000082E-05 ), #8043, 'distance_accuracy_value', 'NONE');
#9954 = CARTESIAN_POINT ( 'NONE',  ( 4.330000000000000071, 1.149999999999999911, -3.399999999999999911 ) ) ;
#9955 = DIRECTION ( 'NONE',  ( 0.000000000000000000, 0.000000000000000000, -1.000000000000000000 ) ) ;
#9956 = DIRECTION ( 'NONE',  ( 0.000000000000000000, 0.000000000000000000, -1.000000000000000000 ) ) ;
#9957 = FILL_AREA_STYLE_COLOUR ( '', #5523 ) ;
#9958 = FILL_AREA_STYLE_COLOUR ( '', #2677 ) ;
#9959 = CARTESIAN_POINT ( 'NONE',  ( -2.161702132225040263, 1.030044447854310041, 0.000000000000000000 ) ) ;
#9960 = AXIS2_PLACEMENT_3D ( 'NONE', #467, #4335, #6023 ) ;
#9961 = DIRECTION ( 'NONE',  ( 1.000000000000000000, 0.000000000000000000, 0.000000000000000000 ) ) ;
#9962 =( GEOMETRIC_REPRESENTATION_CONTEXT ( 3 ) GLOBAL_UNCERTAINTY_ASSIGNED_CONTEXT ( ( #1775 ) ) GLOBAL_UNIT_ASSIGNED_CONTEXT ( ( #3175, #6090, #3298 ) ) REPRESENTATION_CONTEXT ( 'NONE', 'WORKASPACE' ) );
#9963 = EDGE_CURVE ( 'NONE', #3612, #11503, #6274, .T. ) ;
#9964 = CARTESIAN_POINT ( 'NONE',  ( 7.370000000000000107, 0.2300000000000000100, 10.20000000000000107 ) ) ;
#9965 = CARTESIAN_POINT ( 'NONE',  ( -1.676595744490619877, 0.2425444478543100080, -0.05000000000000000278 ) ) ;
#9966 = UNCERTAINTY_MEASURE_WITH_UNIT (LENGTH_MEASURE( 1.000000000000000082E-05 ), #8185, 'distance_accuracy_value', 'NONE');
#9967 = PRESENTATION_STYLE_ASSIGNMENT (( #8784 ) ) ;
#9968 =( NAMED_UNIT ( * ) SI_UNIT ( $, .STERADIAN. ) SOLID_ANGLE_UNIT ( ) );
#9969 =( LENGTH_UNIT ( ) NAMED_UNIT ( * ) SI_UNIT ( .MILLI., .METRE. ) );
#9970 = CARTESIAN_POINT ( 'NONE',  ( 12.47000000000000064, 0.2300000000000000100, 10.20000000000000107 ) ) ;
#9971 = FACE_OUTER_BOUND ( 'NONE', #10789, .T. ) ;
#9973 = ORIENTED_EDGE ( 'NONE', *, *, #9848, .T. ) ;
#9972 = LINE ( 'NONE', #6091, #2051 ) ;
#9974 = VERTEX_POINT ( 'NONE', #3473 ) ;
#9975 = CARTESIAN_POINT ( 'NONE',  ( -0.5800000000000109512, 1.399999999999999911, 3.200000000000000178 ) ) ;
#9976 = SURFACE_SIDE_STYLE ('',( #6154 ) ) ;
#9977 = SURFACE_SIDE_STYLE ('',( #2537 ) ) ;
#9978 =( NAMED_UNIT ( * ) PLANE_ANGLE_UNIT ( ) SI_UNIT ( $, .RADIAN. ) );
#9979 = DIRECTION ( 'NONE',  ( 0.000000000000000000, 1.000000000000000000, 0.000000000000000000 ) ) ;
#9980 = ORIENTED_EDGE ( 'NONE', *, *, #11374, .T. ) ;
#9981 = EDGE_CURVE ( 'NONE', #1065, #5033, #2156, .T. ) ;
#9982 = LINE ( 'NONE', #4040, #8525 ) ;
#9983 = FILL_AREA_STYLE_COLOUR ( '', #4439 ) ;
#9984 = PLANE ( 'NONE',  #10338 ) ;
#9985 = LINE ( 'NONE', #5222, #3751 ) ;
#9986 = ADVANCED_FACE ( 'NONE', ( #10707 ), #4453, .T. ) ;
#9987 = DIRECTION ( 'NONE',  ( 0.000000000000000000, -1.000000000000000000, 0.000000000000000000 ) ) ;
#9989 = VERTEX_POINT ( 'NONE', #12192 ) ;
#9988 = CARTESIAN_POINT ( 'NONE',  ( 12.47000000000000064, 0.2300000000000000100, -2.399999999999999911 ) ) ;
#9990 = ORIENTED_EDGE ( 'NONE', *, *, #9387, .T. ) ;
#9991 =( LENGTH_UNIT ( ) NAMED_UNIT ( * ) SI_UNIT ( .MILLI., .METRE. ) );
#9992 = EDGE_CURVE ( 'NONE', #5053, #8659, #5615, .T. ) ;
#9993 = DIRECTION ( 'NONE',  ( -0.9813592778365493041, -0.1921821214476688300, 0.000000000000000000 ) ) ;
#9994 = FACE_OUTER_BOUND ( 'NONE', #7188, .T. ) ;
#9995 = DIRECTION ( 'NONE',  ( 1.000000000000000000, 0.000000000000000000, 0.000000000000000000 ) ) ;
#9996 = CARTESIAN_POINT ( 'NONE',  ( -1.676595744490619877, 1.555044447854309952, 0.000000000000000000 ) ) ;
#9997 = CARTESIAN_POINT ( 'NONE',  ( 12.50000000000000000, 4.500000000000000000, 7.500000000000000000 ) ) ;
#9998 = ORIENTED_EDGE ( 'NONE', *, *, #2996, .F. ) ;
#9999 = LINE ( 'NONE', #9064, #8821 ) ;
#10000 = FACE_OUTER_BOUND ( 'NONE', #7221, .T. ) ;
#10001 = EDGE_CURVE ( 'NONE', #5846, #553, #7641, .T. ) ;
#10002 = CARTESIAN_POINT ( 'NONE',  ( 8.509999999999999787, 1.369999999999999885, 11.19999999999999929 ) ) ;
#10003 = STYLED_ITEM ( 'NONE', ( #2036 ), #2137 ) ;
#10004 =( LENGTH_UNIT ( ) NAMED_UNIT ( * ) SI_UNIT ( .MILLI., .METRE. ) );
#10005 = SURFACE_STYLE_USAGE ( .BOTH. , #7324 ) ;
#10006 = ADVANCED_FACE ( 'NONE', ( #1010 ), #1704, .F. ) ;
#10007 = FACE_OUTER_BOUND ( 'NONE', #1490, .T. ) ;
#10008 = DIRECTION ( 'NONE',  ( 1.000000000000000000, 0.000000000000000000, 0.000000000000000000 ) ) ;
#10009 = ORIENTED_EDGE ( 'NONE', *, *, #12079, .F. ) ;
#10010 = VECTOR ( 'NONE', #8992, 1000.000000000000114 ) ;
#10011 = MECHANICAL_DESIGN_GEOMETRIC_PRESENTATION_REPRESENTATION (  '', ( #6203 ), #10783 ) ;
#10012 = PRESENTATION_LAYER_ASSIGNMENT (  '', '', ( #3035 ) ) ;
#10013 = ORIENTED_EDGE ( 'NONE', *, *, #4616, .T. ) ;
#10014 = DIRECTION ( 'NONE',  ( -1.000000000000000000, 0.000000000000000000, 0.000000000000000000 ) ) ;
#10015 = SURFACE_SIDE_STYLE ('',( #1515 ) ) ;
#10016 = CARTESIAN_POINT ( 'NONE',  ( -3.239999999999999769, -4.000000000000000000, 0.000000000000000000 ) ) ;
#10017 = UNCERTAINTY_MEASURE_WITH_UNIT (LENGTH_MEASURE( 1.000000000000000082E-05 ), #10047, 'distance_accuracy_value', 'NONE');
#10018 = CARTESIAN_POINT ( 'NONE',  ( -0.6800000000000100409, -4.000000000000000000, 0.5999999999999999778 ) ) ;
#10019 = PRESENTATION_LAYER_ASSIGNMENT (  '', '', ( #8025 ) ) ;
#10020 =( GEOMETRIC_REPRESENTATION_CONTEXT ( 3 ) GLOBAL_UNCERTAINTY_ASSIGNED_CONTEXT ( ( #5963 ) ) GLOBAL_UNIT_ASSIGNED_CONTEXT ( ( #3805, #10362, #8444 ) ) REPRESENTATION_CONTEXT ( 'NONE', 'WORKASPACE' ) );
#10021 = STYLED_ITEM ( 'NONE', ( #1563 ), #4214 ) ;
#10022 = VECTOR ( 'NONE', #3015, 1000.000000000000000 ) ;
#10023 = SURFACE_STYLE_USAGE ( .BOTH. , #11756 ) ;
#10024 = STYLED_ITEM ( 'NONE', ( #10748 ), #755 ) ;
#10025 = ORIENTED_EDGE ( 'NONE', *, *, #4310, .F. ) ;
#10026 = MECHANICAL_DESIGN_GEOMETRIC_PRESENTATION_REPRESENTATION (  '', ( #9621 ), #9231 ) ;
#10027 = VECTOR ( 'NONE', #2170, 1000.000000000000000 ) ;
#10028 = STYLED_ITEM ( 'NONE', ( #6295 ), #5375 ) ;
#10029 = CARTESIAN_POINT ( 'NONE',  ( -4.290000000000000036, 1.149999999999999911, 11.19999999999999929 ) ) ;
#10030 = CARTESIAN_POINT ( 'NONE',  ( -1.689361700415610068, 1.092544424012449999, 0.000000000000000000 ) ) ;
#10031 = VECTOR ( 'NONE', #9047, 1000.000000000000114 ) ;
#10032 = CARTESIAN_POINT ( 'NONE',  ( -1.804255312681200207, -0.4199554567782590175, 0.000000000000000000 ) ) ;
#10033 = DIRECTION ( 'NONE',  ( 0.000000000000000000, -1.000000000000000000, 0.000000000000000000 ) ) ;
#10034 = PRESENTATION_LAYER_ASSIGNMENT (  '', '', ( #11243 ) ) ;
#10035 = DIRECTION ( 'NONE',  ( 0.000000000000000000, 0.9766444667050906414, -0.2148617826751169080 ) ) ;
#10036 = ORIENTED_EDGE ( 'NONE', *, *, #7889, .T. ) ;
#10037 = FILL_AREA_STYLE_COLOUR ( '', #7438 ) ;
#10038 = SURFACE_SIDE_STYLE ('',( #12025 ) ) ;
#10039 = DIRECTION ( 'NONE',  ( -0.7145107183351142588, 0.6996244945570723184, 0.000000000000000000 ) ) ;
#10040 = ORIENTED_EDGE ( 'NONE', *, *, #2937, .T. ) ;
#10041 = AXIS2_PLACEMENT_3D ( 'NONE', #9362, #4602, #9232 ) ;
#10042 = CARTESIAN_POINT ( 'NONE',  ( 0.000000000000000000, 0.000000000000000000, 0.000000000000000000 ) ) ;
#10043 = ADVANCED_FACE ( 'NONE', ( #2768 ), #10436, .T. ) ;
#10044 = MECHANICAL_DESIGN_GEOMETRIC_PRESENTATION_REPRESENTATION (  '', ( #7852 ), #7033 ) ;
#10045 = VERTEX_POINT ( 'NONE', #1877 ) ;
#10046 = STYLED_ITEM ( 'NONE', ( #2981 ), #1803 ) ;
#10047 =( LENGTH_UNIT ( ) NAMED_UNIT ( * ) SI_UNIT ( .MILLI., .METRE. ) );
#10048 = AXIS2_PLACEMENT_3D ( 'NONE', #1822, #5632, #6655 ) ;
#10049 =( LENGTH_UNIT ( ) NAMED_UNIT ( * ) SI_UNIT ( .MILLI., .METRE. ) );
#10050 = DIRECTION ( 'NONE',  ( -1.000000000000000000, 0.000000000000000000, 0.000000000000000000 ) ) ;
#10051 = CARTESIAN_POINT ( 'NONE',  ( 11.33000000000000007, 1.369999999999999885, -2.399999999999999911 ) ) ;
#10052 = VECTOR ( 'NONE', #10150, 1000.000000000000000 ) ;
#10054 = ORIENTED_EDGE ( 'NONE', *, *, #11707, .T. ) ;
#10053 = CARTESIAN_POINT ( 'NONE',  ( -1.676595744490619877, 0.7925444955380260836, -0.05000000000000000278 ) ) ;
#10055 = ORIENTED_EDGE ( 'NONE', *, *, #2311, .F. ) ;
#10056 = STYLED_ITEM ( 'NONE', ( #1651 ), #11303 ) ;
#10057 = FILL_AREA_STYLE_COLOUR ( '', #7050 ) ;
#10058 = CARTESIAN_POINT ( 'NONE',  ( -1.600000000000000089, 0.3175444478543100191, 0.000000000000000000 ) ) ;
#10059 = EDGE_CURVE ( 'NONE', #3954, #3082, #948, .T. ) ;
#10060 =( NAMED_UNIT ( * ) SI_UNIT ( $, .STERADIAN. ) SOLID_ANGLE_UNIT ( ) );
#10061 = PRESENTATION_LAYER_ASSIGNMENT (  '', '', ( #3094 ) ) ;
#10062 = ORIENTED_EDGE ( 'NONE', *, *, #4515, .T. ) ;
#10063 = LINE ( 'NONE', #5246, #839 ) ;
#10064 = CARTESIAN_POINT ( 'NONE',  ( 8.640000000000000568, 4.000000000000000000, 0.000000000000000000 ) ) ;
#10065 = FILL_AREA_STYLE ('',( #11794 ) ) ;
#10066 =( NAMED_UNIT ( * ) PLANE_ANGLE_UNIT ( ) SI_UNIT ( $, .RADIAN. ) );
#10067 = VECTOR ( 'NONE', #9130, 1000.000000000000000 ) ;
#10068 = EDGE_CURVE ( 'NONE', #1699, #8854, #2641, .T. ) ;
#10069 = VERTEX_POINT ( 'NONE', #2186 ) ;
#10070 = ADVANCED_FACE ( 'NONE', ( #10741 ), #4882, .T. ) ;
#10071 = DIRECTION ( 'NONE',  ( 1.000000000000000000, 0.000000000000000000, 0.000000000000000000 ) ) ;
#10072 = ORIENTED_EDGE ( 'NONE', *, *, #3061, .T. ) ;
#10073 = LINE ( 'NONE', #8085, #3874 ) ;
#10074 = SURFACE_STYLE_FILL_AREA ( #1629 ) ;
#10075 = CARTESIAN_POINT ( 'NONE',  ( 8.509999999999999787, 1.369999999999999885, -2.399999999999999911 ) ) ;
#10076 = FILL_AREA_STYLE_COLOUR ( '', #8440 ) ;
#10077 = CARTESIAN_POINT ( 'NONE',  ( -3.239999999999999769, -4.000000000000000000, 0.000000000000000000 ) ) ;
#10078 =( NAMED_UNIT ( * ) PLANE_ANGLE_UNIT ( ) SI_UNIT ( $, .RADIAN. ) );
#10079 = SURFACE_SIDE_STYLE ('',( #6192 ) ) ;
#10080 = SURFACE_STYLE_FILL_AREA ( #2524 ) ;
#10081 = ORIENTED_EDGE ( 'NONE', *, *, #1685, .F. ) ;
#10082 = ADVANCED_FACE ( 'NONE', ( #306 ), #5068, .T. ) ;
#10083 = CARTESIAN_POINT ( 'NONE',  ( -8.599999999999999645, -4.000000000000000000, 0.5999999999999999778 ) ) ;
#10084 = CARTESIAN_POINT ( 'NONE',  ( -2.123404264450070134, 0.7925444955380260836, 0.000000000000000000 ) ) ;
#10085 = LINE ( 'NONE', #1527, #2132 ) ;
#10086 = UNCERTAINTY_MEASURE_WITH_UNIT (LENGTH_MEASURE( 1.000000000000000082E-05 ), #8804, 'distance_accuracy_value', 'NONE');
#10087 = CARTESIAN_POINT ( 'NONE',  ( -11.28999999999999915, 1.369999999999999885, -2.399999999999999911 ) ) ;
#10088 = LINE ( 'NONE', #2663, #2379 ) ;
#10089 = VERTEX_POINT ( 'NONE', #6989 ) ;
#10090 = FILL_AREA_STYLE_COLOUR ( '', #55 ) ;
#10091 = EDGE_LOOP ( 'NONE', ( #9571, #9221, #7692, #10990 ) ) ;
#10092 = DIRECTION ( 'NONE',  ( -0.9766444667050901973, 0.000000000000000000, -0.2148617826751190452 ) ) ;
#10093 = VERTEX_POINT ( 'NONE', #7822 ) ;
#10094 = LINE ( 'NONE', #9219, #2437 ) ;
#10095 = VERTEX_POINT ( 'NONE', #11632 ) ;
#10096 = SURFACE_SIDE_STYLE ('',( #6096 ) ) ;
#10097 = SURFACE_STYLE_FILL_AREA ( #10159 ) ;
#10098 = UNCERTAINTY_MEASURE_WITH_UNIT (LENGTH_MEASURE( 1.000000000000000082E-05 ), #5973, 'distance_accuracy_value', 'NONE');
#10099 =( LENGTH_UNIT ( ) NAMED_UNIT ( * ) SI_UNIT ( .MILLI., .METRE. ) );
#10100 = EDGE_CURVE ( 'NONE', #6177, #3176, #10797, .T. ) ;
#10101 = FACE_OUTER_BOUND ( 'NONE', #6650, .T. ) ;
#10102 =( NAMED_UNIT ( * ) SI_UNIT ( $, .STERADIAN. ) SOLID_ANGLE_UNIT ( ) );
#10104 = ORIENTED_EDGE ( 'NONE', *, *, #5681, .F. ) ;
#10103 = DIRECTION ( 'NONE',  ( 0.9713213633443960049, -0.2377704967206480113, 0.000000000000000000 ) ) ;
#10105 = VERTEX_POINT ( 'NONE', #6935 ) ;
#10106 = FILL_AREA_STYLE_COLOUR ( '', #9006 ) ;
#10107 = DIRECTION ( 'NONE',  ( -1.000000000000000000, 0.000000000000000000, 0.000000000000000000 ) ) ;
#10108 = DIRECTION ( 'NONE',  ( 0.000000000000000000, 0.000000000000000000, -1.000000000000000000 ) ) ;
#10109 =( NAMED_UNIT ( * ) SI_UNIT ( $, .STERADIAN. ) SOLID_ANGLE_UNIT ( ) );
#10110 = CARTESIAN_POINT ( 'NONE',  ( -1.600000000000000089, 1.555044447854309952, 0.000000000000000000 ) ) ;
#10111 = VECTOR ( 'NONE', #8149, 1000.000000000000000 ) ;
#10112 = AXIS2_PLACEMENT_3D ( 'NONE', #10245, #1690, #7513 ) ;
#10113 = FACE_OUTER_BOUND ( 'NONE', #9500, .T. ) ;
#10114 = PLANE ( 'NONE',  #12009 ) ;
#10115 = VERTEX_POINT ( 'NONE', #2248 ) ;
#10116 = FILL_AREA_STYLE_COLOUR ( '', #6128 ) ;
#10117 = EDGE_CURVE ( 'NONE', #4606, #2643, #9757, .T. ) ;
#10118 = DIRECTION ( 'NONE',  ( 0.000000000000000000, 0.000000000000000000, 1.000000000000000000 ) ) ;
#10119 =( NAMED_UNIT ( * ) PLANE_ANGLE_UNIT ( ) SI_UNIT ( $, .RADIAN. ) );
#10120 = AXIS2_PLACEMENT_3D ( 'NONE', #2941, #11676, #1181 ) ;
#10121 = MECHANICAL_DESIGN_GEOMETRIC_PRESENTATION_REPRESENTATION (  '', ( #11903 ), #11118 ) ;
#10122 = SURFACE_SIDE_STYLE ('',( #6319 ) ) ;
#10123 = PRESENTATION_STYLE_ASSIGNMENT (( #4505 ) ) ;
#10124 = EDGE_CURVE ( 'NONE', #5732, #4085, #8815, .T. ) ;
#10125 = ORIENTED_EDGE ( 'NONE', *, *, #6944, .T. ) ;
#10126 = VECTOR ( 'NONE', #3584, 1000.000000000000000 ) ;
#10127 =( NAMED_UNIT ( * ) SI_UNIT ( $, .STERADIAN. ) SOLID_ANGLE_UNIT ( ) );
#10128 = VECTOR ( 'NONE', #10434, 1000.000000000000000 ) ;
#10129 = EDGE_LOOP ( 'NONE', ( #9527, #478, #8914, #5860 ) ) ;
#10130 = LINE ( 'NONE', #4509, #11060 ) ;
#10131 = ADVANCED_FACE ( 'NONE', ( #3883 ), #8079, .T. ) ;
#10132 = FACE_OUTER_BOUND ( 'NONE', #5718, .T. ) ;
#10133 = CARTESIAN_POINT ( 'NONE',  ( 3.959999999999999964, 0.000000000000000000, 0.5999999999999999778 ) ) ;
#10134 = DIRECTION ( 'NONE',  ( 0.8373788769558767608, -0.5466229197793618377, 0.000000000000000000 ) ) ;
#10135 =( NAMED_UNIT ( * ) PLANE_ANGLE_UNIT ( ) SI_UNIT ( $, .RADIAN. ) );
#10136 =( NAMED_UNIT ( * ) SI_UNIT ( $, .STERADIAN. ) SOLID_ANGLE_UNIT ( ) );
#10137 = AXIS2_PLACEMENT_3D ( 'NONE', #425, #9179, #5313 ) ;
#10138 = SURFACE_STYLE_FILL_AREA ( #578 ) ;
#10139 = UNCERTAINTY_MEASURE_WITH_UNIT (LENGTH_MEASURE( 1.000000000000000082E-05 ), #5485, 'distance_accuracy_value', 'NONE');
#10140 = PLANE ( 'NONE',  #657 ) ;
#10141 = CARTESIAN_POINT ( 'NONE',  ( -1.676595744490619877, 1.142544447854309864, 0.000000000000000000 ) ) ;
#10142 = EDGE_CURVE ( 'NONE', #5864, #11306, #1507, .T. ) ;
#10143 = DIRECTION ( 'NONE',  ( 0.000000000000000000, 0.000000000000000000, -1.000000000000000000 ) ) ;
#10144 = ORIENTED_EDGE ( 'NONE', *, *, #7227, .F. ) ;
#10145 = DIRECTION ( 'NONE',  ( 0.000000000000000000, 0.000000000000000000, -1.000000000000000000 ) ) ;
#10146 = CARTESIAN_POINT ( 'NONE',  ( -2.123404264450070134, 0.7925444955380260836, 0.000000000000000000 ) ) ;
#10147 = FILL_AREA_STYLE_COLOUR ( '', #3580 ) ;
#10148 = SURFACE_STYLE_FILL_AREA ( #3489 ) ;
#10149 = VECTOR ( 'NONE', #8347, 1000.000000000000000 ) ;
#10150 = DIRECTION ( 'NONE',  ( 0.000000000000000000, 1.000000000000000000, 0.000000000000000000 ) ) ;
#10151 = ORIENTED_EDGE ( 'NONE', *, *, #6727, .T. ) ;
#10152 = CARTESIAN_POINT ( 'NONE',  ( 11.54999999999999893, 0.4500000000000000111, 11.19999999999999929 ) ) ;
#10153 = PLANE ( 'NONE',  #6842 ) ;
#10154 = ORIENTED_EDGE ( 'NONE', *, *, #11967, .T. ) ;
#10155 = SURFACE_STYLE_USAGE ( .BOTH. , #4535 ) ;
#10156 = ORIENTED_EDGE ( 'NONE', *, *, #11341, .F. ) ;
#10157 = STYLED_ITEM ( 'NONE', ( #3892 ), #12208 ) ;
#10158 = SURFACE_SIDE_STYLE ('',( #5584 ) ) ;
#10159 = FILL_AREA_STYLE ('',( #3426 ) ) ;
#10160 = DIRECTION ( 'NONE',  ( 0.9713213633443960049, -0.2377704967206480113, 0.000000000000000000 ) ) ;
#10161 = FILL_AREA_STYLE_COLOUR ( '', #11347 ) ;
#10162 = LINE ( 'NONE', #3559, #9528 ) ;
#10164 = ORIENTED_EDGE ( 'NONE', *, *, #8250, .F. ) ;
#10163 = CARTESIAN_POINT ( 'NONE',  ( -1.689361700415610068, 1.417544435933379754, 0.000000000000000000 ) ) ;
#10165 = ORIENTED_EDGE ( 'NONE', *, *, #3510, .T. ) ;
#10166 = DIRECTION ( 'NONE',  ( -0.5466232777013847466, 0.8373786433119696504, 0.000000000000000000 ) ) ;
#10167 = DIRECTION ( 'NONE',  ( 0.000000000000000000, 0.000000000000000000, 1.000000000000000000 ) ) ;
#10168 = ADVANCED_FACE ( 'NONE', ( #624 ), #2439, .T. ) ;
#10169 = LINE ( 'NONE', #1555, #3961 ) ;
#10170 =( NAMED_UNIT ( * ) SI_UNIT ( $, .STERADIAN. ) SOLID_ANGLE_UNIT ( ) );
#10171 = SURFACE_STYLE_FILL_AREA ( #6511 ) ;
#10172 = ORIENTED_EDGE ( 'NONE', *, *, #11145, .F. ) ;
#10173 = FILL_AREA_STYLE ('',( #12059 ) ) ;
#10174 =( LENGTH_UNIT ( ) NAMED_UNIT ( * ) SI_UNIT ( .MILLI., .METRE. ) );
#10175 = SURFACE_STYLE_USAGE ( .BOTH. , #9941 ) ;
#10176 = PLANE ( 'NONE',  #2021 ) ;
#10177 = DIRECTION ( 'NONE',  ( 1.000000000000000000, 0.000000000000000000, 0.000000000000000000 ) ) ;
#10178 = ORIENTED_EDGE ( 'NONE', *, *, #10834, .F. ) ;
#10179 = ADVANCED_FACE ( 'NONE', ( #2309 ), #3450, .T. ) ;
#10180 = ADVANCED_FACE ( 'NONE', ( #12120 ), #886, .T. ) ;
#10181 = DIRECTION ( 'NONE',  ( 1.000000000000000000, 0.000000000000000000, 0.000000000000000000 ) ) ;
#10182 = ORIENTED_EDGE ( 'NONE', *, *, #8177, .F. ) ;
#10183 = VECTOR ( 'NONE', #87, 1000.000000000000000 ) ;
#10184 = LINE ( 'NONE', #6583, #952 ) ;
#10185 = CARTESIAN_POINT ( 'NONE',  ( 7.590000000000000746, 0.4500000000000000111, -3.399999999999999911 ) ) ;
#10186 = UNCERTAINTY_MEASURE_WITH_UNIT (LENGTH_MEASURE( 1.000000000000000082E-05 ), #4312, 'distance_accuracy_value', 'NONE');
#10187 = CARTESIAN_POINT ( 'NONE',  ( -11.16000000000000014, -4.000000000000000000, 0.5999999999999999778 ) ) ;
#10188 = LINE ( 'NONE', #9135, #3141 ) ;
#10189 = DIRECTION ( 'NONE',  ( 0.2473834390652840665, -0.9689176611437283482, 0.000000000000000000 ) ) ;
#10190 = ORIENTED_EDGE ( 'NONE', *, *, #10459, .F. ) ;
#10191 = CARTESIAN_POINT ( 'NONE',  ( -8.599999999999999645, 4.000000000000000000, 0.000000000000000000 ) ) ;
#10192 = CARTESIAN_POINT ( 'NONE',  ( -8.359999999999999432, 0.8000000000000000444, 10.69999999999999929 ) ) ;
#10193 = COLOUR_RGB ( '',0.7803921568627451011, 0.7803921568627451011, 0.7803921568627451011 ) ;
#10194 = EDGE_CURVE ( 'NONE', #4342, #129, #7389, .T. ) ;
#10195 = VERTEX_POINT ( 'NONE', #2702 ) ;
#10196 = FACE_OUTER_BOUND ( 'NONE', #3214, .T. ) ;
#10197 = EDGE_CURVE ( 'NONE', #7861, #799, #8375, .T. ) ;
#10198 = UNCERTAINTY_MEASURE_WITH_UNIT (LENGTH_MEASURE( 1.000000000000000082E-05 ), #10004, 'distance_accuracy_value', 'NONE');
#10199 = VECTOR ( 'NONE', #7610, 1000.000000000000000 ) ;
#10200 = DIRECTION ( 'NONE',  ( 0.000000000000000000, 1.000000000000000000, 0.000000000000000000 ) ) ;
#10201 = FILL_AREA_STYLE ('',( #9345 ) ) ;
#10202 = STYLED_ITEM ( 'NONE', ( #11061 ), #4801 ) ;
#10203 = CARTESIAN_POINT ( 'NONE',  ( 7.939999999999999503, 1.260000000000000009, 10.69999999999999929 ) ) ;
#10204 = LINE ( 'NONE', #2723, #11336 ) ;
#10205 = MECHANICAL_DESIGN_GEOMETRIC_PRESENTATION_REPRESENTATION (  '', ( #3821 ), #11402 ) ;
#10206 = VERTEX_POINT ( 'NONE', #6515 ) ;
#10207 = PLANE ( 'NONE',  #3456 ) ;
#10208 = CARTESIAN_POINT ( 'NONE',  ( 32.30000000000000426, 0.000000000000000000, -3.399999999999999911 ) ) ;
#10209 = ORIENTED_EDGE ( 'NONE', *, *, #5365, .F. ) ;
#10210 = AXIS2_PLACEMENT_3D ( 'NONE', #6378, #8494, #9242 ) ;
#10211 = ADVANCED_FACE ( 'NONE', ( #9443 ), #12248, .F. ) ;
#10212 =( GEOMETRIC_REPRESENTATION_CONTEXT ( 3 ) GLOBAL_UNCERTAINTY_ASSIGNED_CONTEXT ( ( #9092 ) ) GLOBAL_UNIT_ASSIGNED_CONTEXT ( ( #2050, #2808, #1121 ) ) REPRESENTATION_CONTEXT ( 'NONE', 'WORKASPACE' ) );
#10213 = VERTEX_POINT ( 'NONE', #3749 ) ;
#10214 = VECTOR ( 'NONE', #840, 1000.000000000000000 ) ;
#10215 = ADVANCED_FACE ( 'NONE', ( #7569 ), #8321, .T. ) ;
#10216 = VECTOR ( 'NONE', #4294, 1000.000000000000000 ) ;
#10217 = MECHANICAL_DESIGN_GEOMETRIC_PRESENTATION_REPRESENTATION (  '', ( #4431 ), #2472 ) ;
#10218 = FACE_OUTER_BOUND ( 'NONE', #6034, .T. ) ;
#10219 = EDGE_CURVE ( 'NONE', #1807, #2643, #2945, .T. ) ;
#10220 = CARTESIAN_POINT ( 'NONE',  ( 12.50000000000000000, 3.000000000000000000, 7.500000000000000000 ) ) ;
#10221 = UNCERTAINTY_MEASURE_WITH_UNIT (LENGTH_MEASURE( 1.000000000000000082E-05 ), #7596, 'distance_accuracy_value', 'NONE');
#10222 =( GEOMETRIC_REPRESENTATION_CONTEXT ( 3 ) GLOBAL_UNCERTAINTY_ASSIGNED_CONTEXT ( ( #7284 ) ) GLOBAL_UNIT_ASSIGNED_CONTEXT ( ( #11668, #8603, #29 ) ) REPRESENTATION_CONTEXT ( 'NONE', 'WORKASPACE' ) );
#10223 = LINE ( 'NONE', #3904, #2455 ) ;
#10224 =( NAMED_UNIT ( * ) SI_UNIT ( $, .STERADIAN. ) SOLID_ANGLE_UNIT ( ) );
#10225 =( NAMED_UNIT ( * ) PLANE_ANGLE_UNIT ( ) SI_UNIT ( $, .RADIAN. ) );
#10226 = VECTOR ( 'NONE', #7615, 1000.000000000000000 ) ;
#10227 = EDGE_LOOP ( 'NONE', ( #6729, #1751, #8421, #11380 ) ) ;
#10228 = DIRECTION ( 'NONE',  ( 0.000000000000000000, 0.000000000000000000, -1.000000000000000000 ) ) ;
#10229 = ORIENTED_EDGE ( 'NONE', *, *, #6304, .T. ) ;
#10230 = ORIENTED_EDGE ( 'NONE', *, *, #9762, .F. ) ;
#10231 = COLOUR_RGB ( '',0.7803921568627451011, 0.7803921568627451011, 0.7803921568627451011 ) ;
#10232 = STYLED_ITEM ( 'NONE', ( #4094 ), #7331 ) ;
#10233 = SURFACE_STYLE_USAGE ( .BOTH. , #3618 ) ;
#10234 = EDGE_CURVE ( 'NONE', #10836, #1818, #5863, .T. ) ;
#10235 = PRESENTATION_STYLE_ASSIGNMENT (( #10302 ) ) ;
#10236 = VECTOR ( 'NONE', #11498, 1000.000000000000000 ) ;
#10237 = LINE ( 'NONE', #11359, #7640 ) ;
#10238 = EDGE_CURVE ( 'NONE', #1301, #5472, #9559, .T. ) ;
#10239 = CARTESIAN_POINT ( 'NONE',  ( -1.676595744490619877, 0.2425444478543100080, 0.000000000000000000 ) ) ;
#10240 = ORIENTED_EDGE ( 'NONE', *, *, #11144, .F. ) ;
#10241 = PLANE ( 'NONE',  #5021 ) ;
#10242 = VECTOR ( 'NONE', #5693, 1000.000000000000227 ) ;
#10243 = SURFACE_STYLE_USAGE ( .BOTH. , #10357 ) ;
#10244 =( GEOMETRIC_REPRESENTATION_CONTEXT ( 3 ) GLOBAL_UNCERTAINTY_ASSIGNED_CONTEXT ( ( #5442 ) ) GLOBAL_UNIT_ASSIGNED_CONTEXT ( ( #10974, #10855, #1315 ) ) REPRESENTATION_CONTEXT ( 'NONE', 'WORKASPACE' ) );
#10245 = CARTESIAN_POINT ( 'NONE',  ( 12.47000000000000064, 0.2300000000000000100, 11.19999999999999929 ) ) ;
#10246 = COLOUR_RGB ( '',0.2941176470588235392, 0.2941176470588235392, 0.2941176470588235392 ) ;
#10247 =( NAMED_UNIT ( * ) SI_UNIT ( $, .STERADIAN. ) SOLID_ANGLE_UNIT ( ) );
#10248 = SURFACE_STYLE_USAGE ( .BOTH. , #2628 ) ;
#10249 = COLOUR_RGB ( '',1.000000000000000000, 1.000000000000000000, 0.9450980392156862475 ) ;
#10250 = CARTESIAN_POINT ( 'NONE',  ( -8.470000000000000639, 1.369999999999999885, 10.20000000000000107 ) ) ;
#10251 = ORIENTED_EDGE ( 'NONE', *, *, #6303, .F. ) ;
#10252 = VECTOR ( 'NONE', #11073, 1000.000000000000000 ) ;
#10253 = VECTOR ( 'NONE', #12014, 1000.000000000000000 ) ;
#10254 = LINE ( 'NONE', #2706, #5837 ) ;
#10255 = ORIENTED_EDGE ( 'NONE', *, *, #9280, .F. ) ;
#10256 = SURFACE_STYLE_FILL_AREA ( #8455 ) ;
#10257 =( NAMED_UNIT ( * ) PLANE_ANGLE_UNIT ( ) SI_UNIT ( $, .RADIAN. ) );
#10258 = VECTOR ( 'NONE', #10626, 1000.000000000000000 ) ;
#10259 = SURFACE_SIDE_STYLE ('',( #1702 ) ) ;
#10260 =( NAMED_UNIT ( * ) PLANE_ANGLE_UNIT ( ) SI_UNIT ( $, .RADIAN. ) );
#10261 = EDGE_CURVE ( 'NONE', #8982, #11799, #8802, .T. ) ;
#10262 = CARTESIAN_POINT ( 'NONE',  ( -2.200000000000000178, 0.01754444785430959997, 0.000000000000000000 ) ) ;
#10263 = UNCERTAINTY_MEASURE_WITH_UNIT (LENGTH_MEASURE( 1.000000000000000082E-05 ), #6574, 'distance_accuracy_value', 'NONE');
#10264 = ORIENTED_EDGE ( 'NONE', *, *, #550, .T. ) ;
#10265 =( LENGTH_UNIT ( ) NAMED_UNIT ( * ) SI_UNIT ( .MILLI., .METRE. ) );
#10266 =( NAMED_UNIT ( * ) PLANE_ANGLE_UNIT ( ) SI_UNIT ( $, .RADIAN. ) );
#10267 =( NAMED_UNIT ( * ) PLANE_ANGLE_UNIT ( ) SI_UNIT ( $, .RADIAN. ) );
#10268 = EDGE_LOOP ( 'NONE', ( #9586, #5914, #1191, #653 ) ) ;
#10269 = COLOUR_RGB ( '',1.000000000000000000, 1.000000000000000000, 0.9450980392156862475 ) ;
#10270 = ORIENTED_EDGE ( 'NONE', *, *, #5603, .F. ) ;
#10271 = DIRECTION ( 'NONE',  ( 0.9766444667050901973, 0.000000000000000000, -0.2148617826751190452 ) ) ;
#10272 = ORIENTED_EDGE ( 'NONE', *, *, #9052, .F. ) ;
#10273 =( NAMED_UNIT ( * ) PLANE_ANGLE_UNIT ( ) SI_UNIT ( $, .RADIAN. ) );
#10274 = CARTESIAN_POINT ( 'NONE',  ( -2.148936176300049627, -0.5324554567782588954, -0.05000000000000000278 ) ) ;
#10275 = LINE ( 'NONE', #1529, #6160 ) ;
#10276 = EDGE_CURVE ( 'NONE', #5290, #9030, #10673, .T. ) ;
#10277 = UNCERTAINTY_MEASURE_WITH_UNIT (LENGTH_MEASURE( 1.000000000000000082E-05 ), #6582, 'distance_accuracy_value', 'NONE');
#10278 = PRESENTATION_STYLE_ASSIGNMENT (( #12021 ) ) ;
#10279 = CARTESIAN_POINT ( 'NONE',  ( -1.957446801662450220, 0.7925444955380260836, -0.05000000000000000278 ) ) ;
#10280 = ORIENTED_EDGE ( 'NONE', *, *, #11736, .T. ) ;
#10281 = SURFACE_STYLE_USAGE ( .BOTH. , #5579 ) ;
#10282 = CARTESIAN_POINT ( 'NONE',  ( -1.689361700415610068, 0.9800444240124520645, -0.05000000000000000278 ) ) ;
#10283 = ORIENTED_EDGE ( 'NONE', *, *, #10955, .T. ) ;
#10284 = PLANE ( 'NONE',  #4650 ) ;
#10285 = EDGE_LOOP ( 'NONE', ( #8874, #9479, #4897, #2450 ) ) ;
#10286 =( NAMED_UNIT ( * ) PLANE_ANGLE_UNIT ( ) SI_UNIT ( $, .RADIAN. ) );
#10287 = FACE_OUTER_BOUND ( 'NONE', #1539, .T. ) ;
#10288 = SURFACE_SIDE_STYLE ('',( #3066 ) ) ;
#10289 = SURFACE_STYLE_USAGE ( .BOTH. , #6498 ) ;
#10290 = SURFACE_STYLE_USAGE ( .BOTH. , #9363 ) ;
#10291 = ADVANCED_FACE ( 'NONE', ( #3923 ), #7811, .T. ) ;
#10292 = ORIENTED_EDGE ( 'NONE', *, *, #35, .T. ) ;
#10293 = FACE_OUTER_BOUND ( 'NONE', #6109, .T. ) ;
#10295 = EDGE_LOOP ( 'NONE', ( #1227, #11608, #564, #11521 ) ) ;
#10294 = LINE ( 'NONE', #2738, #3058 ) ;
#10296 = ORIENTED_EDGE ( 'NONE', *, *, #11802, .F. ) ;
#10297 = FACE_OUTER_BOUND ( 'NONE', #4596, .T. ) ;
#10298 =( LENGTH_UNIT ( ) NAMED_UNIT ( * ) SI_UNIT ( .MILLI., .METRE. ) );
#10299 = SURFACE_STYLE_USAGE ( .BOTH. , #10406 ) ;
#10300 = CARTESIAN_POINT ( 'NONE',  ( -11.25999999999999979, 1.399999999999999911, 0.5999999999999999778 ) ) ;
#10301 = ADVANCED_FACE ( 'NONE', ( #11681 ), #6977, .T. ) ;
#10302 = SURFACE_STYLE_USAGE ( .BOTH. , #2621 ) ;
#10303 = CARTESIAN_POINT ( 'NONE',  ( -11.86000000000000121, 1.260000000000000009, -2.899999999999999911 ) ) ;
#10304 = ORIENTED_EDGE ( 'NONE', *, *, #506, .T. ) ;
#10305 = CARTESIAN_POINT ( 'NONE',  ( -1.676595744490619877, 0.01754444785430970058, 0.000000000000000000 ) ) ;
#10306 = SURFACE_STYLE_USAGE ( .BOTH. , #3803 ) ;
#10307 = FILL_AREA_STYLE ('',( #7624 ) ) ;
#10308 = CARTESIAN_POINT ( 'NONE',  ( 0.3699999999999860067, 1.149999999999999911, 11.19999999999999929 ) ) ;
#10309 = PRESENTATION_LAYER_ASSIGNMENT (  '', '', ( #6913 ) ) ;
#10310 = ORIENTED_EDGE ( 'NONE', *, *, #4157, .T. ) ;
#10311 = MECHANICAL_DESIGN_GEOMETRIC_PRESENTATION_REPRESENTATION (  '', ( #3738 ), #7121 ) ;
#10312 = DIRECTION ( 'NONE',  ( 0.000000000000000000, 0.000000000000000000, 1.000000000000000000 ) ) ;
#10313 = ORIENTED_EDGE ( 'NONE', *, *, #4767, .F. ) ;
#10314 = CARTESIAN_POINT ( 'NONE',  ( 4.549999999999999822, 0.2300000000000000100, -2.399999999999999911 ) ) ;
#10315 = VECTOR ( 'NONE', #9418, 1000.000000000000114 ) ;
#10316 =( NAMED_UNIT ( * ) SI_UNIT ( $, .STERADIAN. ) SOLID_ANGLE_UNIT ( ) );
#10317 = DIRECTION ( 'NONE',  ( 0.000000000000000000, -1.000000000000000000, 0.000000000000000000 ) ) ;
#10318 = CARTESIAN_POINT ( 'NONE',  ( -3.239999999999999769, 4.000000000000000000, 0.000000000000000000 ) ) ;
#10319 = ORIENTED_EDGE ( 'NONE', *, *, #7987, .T. ) ;
#10320 = FILL_AREA_STYLE_COLOUR ( '', #11398 ) ;
#10321 =( GEOMETRIC_REPRESENTATION_CONTEXT ( 3 ) GLOBAL_UNCERTAINTY_ASSIGNED_CONTEXT ( ( #6787 ) ) GLOBAL_UNIT_ASSIGNED_CONTEXT ( ( #8508, #1628, #12135 ) ) REPRESENTATION_CONTEXT ( 'NONE', 'WORKASPACE' ) );
#10322 = VECTOR ( 'NONE', #5501, 1000.000000000000114 ) ;
#10323 = COLOUR_RGB ( '',0.2941176470588235392, 0.2941176470588235392, 0.2941176470588235392 ) ;
#10324 = STYLED_ITEM ( 'NONE', ( #877 ), #484 ) ;
#10325 = ADVANCED_FACE ( 'NONE', ( #11777 ), #1313, .T. ) ;
#10326 = ORIENTED_EDGE ( 'NONE', *, *, #5083, .T. ) ;
#10327 = LINE ( 'NONE', #8343, #10640 ) ;
#10328 = CARTESIAN_POINT ( 'NONE',  ( -3.239999999999999769, -4.000000000000000000, 0.000000000000000000 ) ) ;
#10329 = CARTESIAN_POINT ( 'NONE',  ( -1.600000000000000089, 2.005044447854310352, 0.000000000000000000 ) ) ;
#10330 = PLANE ( 'NONE',  #4566 ) ;
#10331 =( GEOMETRIC_REPRESENTATION_CONTEXT ( 3 ) GLOBAL_UNCERTAINTY_ASSIGNED_CONTEXT ( ( #5274 ) ) GLOBAL_UNIT_ASSIGNED_CONTEXT ( ( #3088, #3207, #8702 ) ) REPRESENTATION_CONTEXT ( 'NONE', 'WORKASPACE' ) );
#10332 = PLANE ( 'NONE',  #3249 ) ;
#10333 = SURFACE_STYLE_FILL_AREA ( #9287 ) ;
#10334 = ORIENTED_EDGE ( 'NONE', *, *, #2833, .T. ) ;
#10335 = FILL_AREA_STYLE ('',( #6541 ) ) ;
#10336 = ORIENTED_EDGE ( 'NONE', *, *, #8614, .F. ) ;
#10337 = DIRECTION ( 'NONE',  ( 0.000000000000000000, -1.000000000000000000, 0.000000000000000000 ) ) ;
#10338 = AXIS2_PLACEMENT_3D ( 'NONE', #5977, #7426, #7309 ) ;
#10339 = EDGE_LOOP ( 'NONE', ( #4403, #5354, #8300, #8172 ) ) ;
#10340 = EDGE_CURVE ( 'NONE', #5993, #8867, #7049, .T. ) ;
#10341 = SURFACE_STYLE_USAGE ( .BOTH. , #679 ) ;
#10342 =( NAMED_UNIT ( * ) SI_UNIT ( $, .STERADIAN. ) SOLID_ANGLE_UNIT ( ) );
#10343 = LINE ( 'NONE', #7603, #2868 ) ;
#10344 = DIRECTION ( 'NONE',  ( -0.4547769889117429520, -0.8906053505096228617, 0.000000000000000000 ) ) ;
#10345 = PRESENTATION_STYLE_ASSIGNMENT (( #683 ) ) ;
#10346 = ORIENTED_EDGE ( 'NONE', *, *, #5236, .F. ) ;
#10347 = CARTESIAN_POINT ( 'NONE',  ( -1.600000000000000089, 1.555044447854309952, -0.05000000000000000278 ) ) ;
#10348 = ORIENTED_EDGE ( 'NONE', *, *, #3332, .T. ) ;
#10349 = ORIENTED_EDGE ( 'NONE', *, *, #3375, .T. ) ;
#10350 = FILL_AREA_STYLE_COLOUR ( '', #10231 ) ;
#10351 = CARTESIAN_POINT ( 'NONE',  ( -1.753191488981250101, -0.09495555214569059710, 0.000000000000000000 ) ) ;
#10352 = ADVANCED_FACE ( 'NONE', ( #3386 ), #489, .T. ) ;
#10353 = FILL_AREA_STYLE_COLOUR ( '', #3394 ) ;
#10354 =( LENGTH_UNIT ( ) NAMED_UNIT ( * ) SI_UNIT ( .MILLI., .METRE. ) );
#10355 = LINE ( 'NONE', #10239, #5868 ) ;
#10356 = VERTEX_POINT ( 'NONE', #1604 ) ;
#10357 = SURFACE_SIDE_STYLE ('',( #5489 ) ) ;
#10358 = EDGE_CURVE ( 'NONE', #6889, #107, #3617, .T. ) ;
#10359 = PRESENTATION_LAYER_ASSIGNMENT (  '', '', ( #6390 ) ) ;
#10360 = DIRECTION ( 'NONE',  ( -0.2100675449707450348, -0.2100675449707440079, 0.9548524771397560729 ) ) ;
#10361 = DIRECTION ( 'NONE',  ( -1.000000000000000000, 0.000000000000000000, 0.000000000000000000 ) ) ;
#10362 =( NAMED_UNIT ( * ) PLANE_ANGLE_UNIT ( ) SI_UNIT ( $, .RADIAN. ) );
#10363 = CARTESIAN_POINT ( 'NONE',  ( -2.110638308525089712, 1.305044471696169994, -0.05000000000000000278 ) ) ;
#10364 = ORIENTED_EDGE ( 'NONE', *, *, #1304, .F. ) ;
#10365 = ORIENTED_EDGE ( 'NONE', *, *, #2704, .T. ) ;
#10366 = CARTESIAN_POINT ( 'NONE',  ( 8.400000000000000355, 0.8000000000000000444, -2.899999999999999911 ) ) ;
#10367 = DIRECTION ( 'NONE',  ( 0.000000000000000000, 0.000000000000000000, -1.000000000000000000 ) ) ;
#10368 = ADVANCED_FACE ( 'NONE', ( #3689 ), #2617, .T. ) ;
#10369 = CARTESIAN_POINT ( 'NONE',  ( -1.995744669437410357, -0.1074555044619750072, 0.000000000000000000 ) ) ;
#10370 = DIRECTION ( 'NONE',  ( 0.000000000000000000, 1.000000000000000000, 0.000000000000000000 ) ) ;
#10371 =( NAMED_UNIT ( * ) SI_UNIT ( $, .STERADIAN. ) SOLID_ANGLE_UNIT ( ) );
#10372 = UNCERTAINTY_MEASURE_WITH_UNIT (LENGTH_MEASURE( 1.000000000000000082E-05 ), #11719, 'distance_accuracy_value', 'NONE');
#10373 = ORIENTED_EDGE ( 'NONE', *, *, #1131, .T. ) ;
#10374 = DIRECTION ( 'NONE',  ( 0.9813591893677280353, 0.1921825732045330248, 0.000000000000000000 ) ) ;
#10375 = CARTESIAN_POINT ( 'NONE',  ( 12.47000000000000064, 1.369999999999999885, 10.20000000000000107 ) ) ;
#10376 = FILL_AREA_STYLE ('',( #2717 ) ) ;
#10377 = ORIENTED_EDGE ( 'NONE', *, *, #11784, .F. ) ;
#10378 = DIRECTION ( 'NONE',  ( -1.000000000000000000, 0.000000000000000000, 0.000000000000000000 ) ) ;
#10379 = DIRECTION ( 'NONE',  ( 0.7145104988024491011, -0.6996247187607621543, 0.000000000000000000 ) ) ;
#10380 = DIRECTION ( 'NONE',  ( -0.9713210491250665601, -0.2377717803411078801, 0.000000000000000000 ) ) ;
#10381 = SURFACE_STYLE_USAGE ( .BOTH. , #1585 ) ;
#10382 = CARTESIAN_POINT ( 'NONE',  ( 12.50000000000000000, 3.000000000000000000, 0.5999999999999999778 ) ) ;
#10383 = LINE ( 'NONE', #726, #7561 ) ;
#10384 = UNCERTAINTY_MEASURE_WITH_UNIT (LENGTH_MEASURE( 1.000000000000000082E-05 ), #11935, 'distance_accuracy_value', 'NONE');
#10385 = FILL_AREA_STYLE_COLOUR ( '', #7445 ) ;
#10386 = MECHANICAL_DESIGN_GEOMETRIC_PRESENTATION_REPRESENTATION (  '', ( #1998 ), #7201 ) ;
#10387 = ORIENTED_EDGE ( 'NONE', *, *, #2029, .F. ) ;
#10388 = DIRECTION ( 'NONE',  ( 0.000000000000000000, 1.000000000000000000, 0.000000000000000000 ) ) ;
#10389 = ORIENTED_EDGE ( 'NONE', *, *, #11135, .F. ) ;
#10390 = PLANE ( 'NONE',  #7225 ) ;
#10391 = ORIENTED_EDGE ( 'NONE', *, *, #11416, .F. ) ;
#10392 = STYLED_ITEM ( 'NONE', ( #2647 ), #2676 ) ;
#10393 =( GEOMETRIC_REPRESENTATION_CONTEXT ( 3 ) GLOBAL_UNCERTAINTY_ASSIGNED_CONTEXT ( ( #10829 ) ) GLOBAL_UNIT_ASSIGNED_CONTEXT ( ( #4435, #4252, #705 ) ) REPRESENTATION_CONTEXT ( 'NONE', 'WORKASPACE' ) );
#10394 = LINE ( 'NONE', #3500, #7665 ) ;
#10395 =( GEOMETRIC_REPRESENTATION_CONTEXT ( 3 ) GLOBAL_UNCERTAINTY_ASSIGNED_CONTEXT ( ( #1220 ) ) GLOBAL_UNIT_ASSIGNED_CONTEXT ( ( #7944, #8636, #3018 ) ) REPRESENTATION_CONTEXT ( 'NONE', 'WORKASPACE' ) );
#10396 = UNCERTAINTY_MEASURE_WITH_UNIT (LENGTH_MEASURE( 1.000000000000000082E-05 ), #4886, 'distance_accuracy_value', 'NONE');
#10397 = FILL_AREA_STYLE ('',( #9298 ) ) ;
#10398 = ORIENTED_EDGE ( 'NONE', *, *, #12110, .T. ) ;
#10399 = FILL_AREA_STYLE_COLOUR ( '', #1737 ) ;
#10401 = VERTEX_POINT ( 'NONE', #692 ) ;
#10400 = CARTESIAN_POINT ( 'NONE',  ( -11.28999999999999915, 1.369999999999999885, 10.20000000000000107 ) ) ;
#10402 = MECHANICAL_DESIGN_GEOMETRIC_PRESENTATION_REPRESENTATION (  '', ( #9421 ), #3822 ) ;
#10403 = ORIENTED_EDGE ( 'NONE', *, *, #2268, .T. ) ;
#10404 = EDGE_CURVE ( 'NONE', #9775, #10888, #2741, .T. ) ;
#10405 = VECTOR ( 'NONE', #5660, 1000.000000000000000 ) ;
#10406 = SURFACE_SIDE_STYLE ('',( #6611 ) ) ;
#10407 = CARTESIAN_POINT ( 'NONE',  ( -1.740425533056259910, 1.442544447854309908, 0.000000000000000000 ) ) ;
#10408 = VECTOR ( 'NONE', #7879, 1000.000000000000000 ) ;
#10409 = PRESENTATION_LAYER_ASSIGNMENT (  '', '', ( #4428 ) ) ;
#10410 = ORIENTED_EDGE ( 'NONE', *, *, #4999, .F. ) ;
#10411 = PRESENTATION_LAYER_ASSIGNMENT (  '', '', ( #9464 ) ) ;
#10412 = AXIS2_PLACEMENT_3D ( 'NONE', #11696, #8709, #1999 ) ;
#10413 = VECTOR ( 'NONE', #1173, 1000.000000000000000 ) ;
#10414 = FACE_OUTER_BOUND ( 'NONE', #10129, .T. ) ;
#10415 = DIRECTION ( 'NONE',  ( 0.000000000000000000, -1.000000000000000000, 0.000000000000000000 ) ) ;
#10416 = FACE_OUTER_BOUND ( 'NONE', #424, .T. ) ;
#10417 = ORIENTED_EDGE ( 'NONE', *, *, #4603, .T. ) ;
#10418 = LINE ( 'NONE', #8742, #12217 ) ;
#10419 =( GEOMETRIC_REPRESENTATION_CONTEXT ( 3 ) GLOBAL_UNCERTAINTY_ASSIGNED_CONTEXT ( ( #4206 ) ) GLOBAL_UNIT_ASSIGNED_CONTEXT ( ( #8862, #3977, #7917 ) ) REPRESENTATION_CONTEXT ( 'NONE', 'WORKASPACE' ) );
#10420 = PLANE ( 'NONE',  #1174 ) ;
#10421 = LINE ( 'NONE', #4565, #940 ) ;
#10422 = PRESENTATION_LAYER_ASSIGNMENT (  '', '', ( #4236 ) ) ;
#10423 = STYLED_ITEM ( 'NONE', ( #1156 ), #1482 ) ;
#10424 = ADVANCED_FACE ( 'NONE', ( #4493 ), #745, .T. ) ;
#10425 =( GEOMETRIC_REPRESENTATION_CONTEXT ( 3 ) GLOBAL_UNCERTAINTY_ASSIGNED_CONTEXT ( ( #9191 ) ) GLOBAL_UNIT_ASSIGNED_CONTEXT ( ( #4376, #1450, #6325 ) ) REPRESENTATION_CONTEXT ( 'NONE', 'WORKASPACE' ) );
#10426 = MECHANICAL_DESIGN_GEOMETRIC_PRESENTATION_REPRESENTATION (  '', ( #9027 ), #6872 ) ;
#10427 = MECHANICAL_DESIGN_GEOMETRIC_PRESENTATION_REPRESENTATION (  '', ( #10618 ), #4834 ) ;
#10428 = VECTOR ( 'NONE', #7858, 1000.000000000000000 ) ;
#10429 = MECHANICAL_DESIGN_GEOMETRIC_PRESENTATION_REPRESENTATION (  '', ( #1854 ), #12033 ) ;
#10430 = MECHANICAL_DESIGN_GEOMETRIC_PRESENTATION_REPRESENTATION (  '', ( #6474 ), #8465 ) ;
#10431 = ORIENTED_EDGE ( 'NONE', *, *, #408, .T. ) ;
#10432 = FILL_AREA_STYLE_COLOUR ( '', #7290 ) ;
#10433 = CARTESIAN_POINT ( 'NONE',  ( -1.995744669437410357, 1.380044471696169950, 0.000000000000000000 ) ) ;
#10434 = DIRECTION ( 'NONE',  ( -1.000000000000000000, 0.000000000000000000, 0.000000000000000000 ) ) ;
#10435 = VECTOR ( 'NONE', #7717, 1000.000000000000114 ) ;
#10436 = PLANE ( 'NONE',  #7559 ) ;
#10437 = EDGE_CURVE ( 'NONE', #5706, #11667, #8551, .T. ) ;
#10438 = EDGE_LOOP ( 'NONE', ( #7612, #5762, #12296, #10036 ) ) ;
#10439 = PRESENTATION_LAYER_ASSIGNMENT (  '', '', ( #11038 ) ) ;
#10440 =( LENGTH_UNIT ( ) NAMED_UNIT ( * ) SI_UNIT ( .MILLI., .METRE. ) );
#10441 = SURFACE_SIDE_STYLE ('',( #9572 ) ) ;
#10442 = VECTOR ( 'NONE', #9355, 1000.000000000000000 ) ;
#10443 = ADVANCED_FACE ( 'NONE', ( #10297 ), #9370, .T. ) ;
#10444 = VECTOR ( 'NONE', #4452, 1000.000000000000000 ) ;
#10445 = MECHANICAL_DESIGN_GEOMETRIC_PRESENTATION_REPRESENTATION (  '', ( #2072 ), #7057 ) ;
#10446 = SURFACE_STYLE_FILL_AREA ( #10376 ) ;
#10447 = VERTEX_POINT ( 'NONE', #6910 ) ;
#10448 = CARTESIAN_POINT ( 'NONE',  ( -1.600000000000000089, 0.4175444955380249734, 0.000000000000000000 ) ) ;
#10449 = CARTESIAN_POINT ( 'NONE',  ( -8.500000000000000000, 1.399999999999999911, 3.200000000000000178 ) ) ;
#10450 = CARTESIAN_POINT ( 'NONE',  ( -2.059574484825129836, -0.1699555521456899976, 0.000000000000000000 ) ) ;
#10451 = DIRECTION ( 'NONE',  ( 0.000000000000000000, -1.000000000000000000, 0.000000000000000000 ) ) ;
#10452 = DIRECTION ( 'NONE',  ( 0.000000000000000000, 0.000000000000000000, 1.000000000000000000 ) ) ;
#10453 = CARTESIAN_POINT ( 'NONE',  ( -1.612765957042580078, 1.080044471696169905, -0.05000000000000000278 ) ) ;
#10454 = FACE_OUTER_BOUND ( 'NONE', #7867, .T. ) ;
#10455 = CARTESIAN_POINT ( 'NONE',  ( 4.679999999999999716, 4.000000000000000000, 0.000000000000000000 ) ) ;
#10456 = VERTEX_POINT ( 'NONE', #10521 ) ;
#10457 = FACE_OUTER_BOUND ( 'NONE', #11649, .T. ) ;
#10458 = LINE ( 'NONE', #1896, #10242 ) ;
#10459 = EDGE_CURVE ( 'NONE', #9089, #6605, #9730, .T. ) ;
#10460 = VERTEX_POINT ( 'NONE', #2999 ) ;
#10461 = SURFACE_SIDE_STYLE ('',( #2017 ) ) ;
#10462 = EDGE_LOOP ( 'NONE', ( #11274, #9303, #5208, #458, #8933, #9263 ) ) ;
#10463 = SURFACE_STYLE_FILL_AREA ( #4966 ) ;
#10464 = UNCERTAINTY_MEASURE_WITH_UNIT (LENGTH_MEASURE( 1.000000000000000082E-05 ), #849, 'distance_accuracy_value', 'NONE');
#10465 = ORIENTED_EDGE ( 'NONE', *, *, #7477, .F. ) ;
#10467 = EDGE_LOOP ( 'NONE', ( #10398, #3988, #4036, #10947 ) ) ;
#10466 =( NAMED_UNIT ( * ) PLANE_ANGLE_UNIT ( ) SI_UNIT ( $, .RADIAN. ) );
#10468 = VERTEX_POINT ( 'NONE', #9601 ) ;
#10469 = DIRECTION ( 'NONE',  ( -1.000000000000000000, 0.000000000000000000, 0.000000000000000000 ) ) ;
#10470 = CARTESIAN_POINT ( 'NONE',  ( -4.540000000000000036, 1.399999999999999911, 0.5999999999999999778 ) ) ;
#10471 = EDGE_CURVE ( 'NONE', #2643, #6591, #2102, .T. ) ;
#10472 = SURFACE_SIDE_STYLE ('',( #1236 ) ) ;
#10473 = CARTESIAN_POINT ( 'NONE',  ( -1.714893621206280194, 1.342544471696169861, 0.000000000000000000 ) ) ;
#10474 = ORIENTED_EDGE ( 'NONE', *, *, #11868, .T. ) ;
#10475 = SURFACE_STYLE_USAGE ( .BOTH. , #172 ) ;
#10476 = DIRECTION ( 'NONE',  ( 0.000000000000000000, 1.000000000000000000, 0.000000000000000000 ) ) ;
#10477 = LINE ( 'NONE', #1124, #3150 ) ;
#10478 = ORIENTED_EDGE ( 'NONE', *, *, #11435, .T. ) ;
#10479 = ORIENTED_EDGE ( 'NONE', *, *, #10955, .F. ) ;
#10480 = CARTESIAN_POINT ( 'NONE',  ( 7.339999999999999858, 0.2000000000000000111, 3.200000000000000178 ) ) ;
#10481 = PLANE ( 'NONE',  #2432 ) ;
#10482 = DIRECTION ( 'NONE',  ( -1.000000000000000000, 0.000000000000000000, 0.000000000000000000 ) ) ;
#10483 = LINE ( 'NONE', #1003, #2061 ) ;
#10484 = EDGE_CURVE ( 'NONE', #10823, #3713, #4852, .T. ) ;
#10485 = ORIENTED_EDGE ( 'NONE', *, *, #4063, .F. ) ;
#10486 = SURFACE_STYLE_USAGE ( .BOTH. , #6881 ) ;
#10487 = CARTESIAN_POINT ( 'NONE',  ( -1.600000000000000089, 0.8675444240124519091, 0.000000000000000000 ) ) ;
#10488 = PRESENTATION_LAYER_ASSIGNMENT (  '', '', ( #311 ) ) ;
#10489 = CARTESIAN_POINT ( 'NONE',  ( -1.600000000000000089, 1.255044447854309908, -0.05000000000000000278 ) ) ;
#10490 = SURFACE_STYLE_FILL_AREA ( #8813 ) ;
#10491 = DIRECTION ( 'NONE',  ( 0.000000000000000000, -1.000000000000000000, 0.000000000000000000 ) ) ;
#10492 = EDGE_LOOP ( 'NONE', ( #2615, #7653, #10403, #103 ) ) ;
#10493 = DIRECTION ( 'NONE',  ( 1.000000000000000000, 0.000000000000000000, 0.000000000000000000 ) ) ;
#10494 = DIRECTION ( 'NONE',  ( -1.000000000000000000, 0.000000000000000000, 0.000000000000000000 ) ) ;
#10495 = ADVANCED_FACE ( 'NONE', ( #8679 ), #7683, .T. ) ;
#10496 = VECTOR ( 'NONE', #8936, 1000.000000000000000 ) ;
#10497 = ORIENTED_EDGE ( 'NONE', *, *, #2434, .F. ) ;
#10498 = LINE ( 'NONE', #10448, #11648 ) ;
#10499 = DIRECTION ( 'NONE',  ( 1.000000000000000000, 0.000000000000000000, 0.000000000000000000 ) ) ;
#10500 = CARTESIAN_POINT ( 'NONE',  ( -1.753191488981250101, -0.4074556475131219657, 0.000000000000000000 ) ) ;
#10501 = PLANE ( 'NONE',  #4584 ) ;
#10502 = EDGE_CURVE ( 'NONE', #772, #4944, #9671, .T. ) ;
#10503 = UNCERTAINTY_MEASURE_WITH_UNIT (LENGTH_MEASURE( 1.000000000000000082E-05 ), #11506, 'distance_accuracy_value', 'NONE');
#10504 = FILL_AREA_STYLE_COLOUR ( '', #4668 ) ;
#10505 = EDGE_LOOP ( 'NONE', ( #5848, #1968, #2175, #7347 ) ) ;
#10506 = VECTOR ( 'NONE', #1309, 1000.000000000000000 ) ;
#10507 = ORIENTED_EDGE ( 'NONE', *, *, #9745, .T. ) ;
#10508 = VECTOR ( 'NONE', #10651, 1000.000000000000000 ) ;
#10509 = ORIENTED_EDGE ( 'NONE', *, *, #6818, .T. ) ;
#10510 = AXIS2_PLACEMENT_3D ( 'NONE', #9487, #11590, #8547 ) ;
#10511 = FILL_AREA_STYLE_COLOUR ( '', #10246 ) ;
#10512 = ADVANCED_FACE ( 'NONE', ( #8736 ), #163, .F. ) ;
#10513 = VECTOR ( 'NONE', #8769, 1000.000000000000000 ) ;
#10514 = LINE ( 'NONE', #158, #5599 ) ;
#10515 = DIRECTION ( 'NONE',  ( 0.000000000000000000, 1.000000000000000000, 0.000000000000000000 ) ) ;
#10516 = EDGE_LOOP ( 'NONE', ( #8410, #7131, #1360, #9728 ) ) ;
#10517 = EDGE_CURVE ( 'NONE', #2481, #10095, #2344, .T. ) ;
#10519 = ORIENTED_EDGE ( 'NONE', *, *, #11104, .T. ) ;
#10518 = CARTESIAN_POINT ( 'NONE',  ( -1.600000000000000089, 0.3175444478543100191, 0.000000000000000000 ) ) ;
#10520 = ORIENTED_EDGE ( 'NONE', *, *, #10276, .F. ) ;
#10521 = CARTESIAN_POINT ( 'NONE',  ( -12.56000000000000050, -4.000000000000000000, 0.000000000000000000 ) ) ;
#10522 = COLOUR_RGB ( '',1.000000000000000000, 1.000000000000000000, 0.9450980392156862475 ) ;
#10523 = DIRECTION ( 'NONE',  ( 1.000000000000000000, 0.000000000000000000, 0.000000000000000000 ) ) ;
#10524 =( NAMED_UNIT ( * ) PLANE_ANGLE_UNIT ( ) SI_UNIT ( $, .RADIAN. ) );
#10525 = AXIS2_PLACEMENT_3D ( 'NONE', #4568, #2892, #10361 ) ;
#10526 = ORIENTED_EDGE ( 'NONE', *, *, #207, .T. ) ;
#10527 = STYLED_ITEM ( 'NONE', ( #2154 ), #6586 ) ;
#10528 =( NAMED_UNIT ( * ) PLANE_ANGLE_UNIT ( ) SI_UNIT ( $, .RADIAN. ) );
#10529 = CARTESIAN_POINT ( 'NONE',  ( -2.161702132225040263, 1.030044447854310041, 0.000000000000000000 ) ) ;
#10530 = CARTESIAN_POINT ( 'NONE',  ( -8.500000000000000000, 0.2000000000000000111, 3.200000000000000178 ) ) ;
#10532 = ORIENTED_EDGE ( 'NONE', *, *, #968, .F. ) ;
#10531 = FILL_AREA_STYLE_COLOUR ( '', #6021 ) ;
#10533 = VERTEX_POINT ( 'NONE', #9863 ) ;
#10534 =( LENGTH_UNIT ( ) NAMED_UNIT ( * ) SI_UNIT ( .MILLI., .METRE. ) );
#10535 = VECTOR ( 'NONE', #8336, 1000.000000000000114 ) ;
#10536 = CARTESIAN_POINT ( 'NONE',  ( -1.676595744490619877, 1.930044447854309952, 0.000000000000000000 ) ) ;
#10537 = DIRECTION ( 'NONE',  ( 0.000000000000000000, 1.000000000000000000, 0.000000000000000000 ) ) ;
#10538 =( NAMED_UNIT ( * ) PLANE_ANGLE_UNIT ( ) SI_UNIT ( $, .RADIAN. ) );
#10539 = UNCERTAINTY_MEASURE_WITH_UNIT (LENGTH_MEASURE( 1.000000000000000082E-05 ), #2993, 'distance_accuracy_value', 'NONE');
#10540 = ORIENTED_EDGE ( 'NONE', *, *, #4865, .T. ) ;
#10541 = SURFACE_STYLE_FILL_AREA ( #11128 ) ;
#10542 = DIRECTION ( 'NONE',  ( 0.000000000000000000, -1.000000000000000000, 0.000000000000000000 ) ) ;
#10543 = PRESENTATION_STYLE_ASSIGNMENT (( #11563 ) ) ;
#10544 = SURFACE_SIDE_STYLE ('',( #1321 ) ) ;
#10545 = ORIENTED_EDGE ( 'NONE', *, *, #4386, .F. ) ;
#10546 = SURFACE_STYLE_USAGE ( .BOTH. , #11198 ) ;
#10547 = SURFACE_STYLE_FILL_AREA ( #6764 ) ;
#10548 = EDGE_CURVE ( 'NONE', #4030, #1849, #474, .T. ) ;
#10549 = ORIENTED_EDGE ( 'NONE', *, *, #11451, .T. ) ;
#10550 = CARTESIAN_POINT ( 'NONE',  ( -1.676595744490619877, 1.555044447854309952, 0.000000000000000000 ) ) ;
#10551 = CARTESIAN_POINT ( 'NONE',  ( -1.880851066112519954, 0.7925444955380260836, -0.05000000000000000278 ) ) ;
#10552 = SURFACE_STYLE_FILL_AREA ( #3216 ) ;
#10553 = FILL_AREA_STYLE_COLOUR ( '', #3964 ) ;
#10554 =( NAMED_UNIT ( * ) SI_UNIT ( $, .STERADIAN. ) SOLID_ANGLE_UNIT ( ) );
#10555 =( NAMED_UNIT ( * ) SI_UNIT ( $, .STERADIAN. ) SOLID_ANGLE_UNIT ( ) );
#10556 = FILL_AREA_STYLE_COLOUR ( '', #5230 ) ;
#10557 = DIRECTION ( 'NONE',  ( 0.000000000000000000, -1.000000000000000000, 0.000000000000000000 ) ) ;
#10558 = ORIENTED_EDGE ( 'NONE', *, *, #11299, .T. ) ;
#10559 = ADVANCED_FACE ( 'NONE', ( #10959 ), #5153, .T. ) ;
#10560 = SURFACE_STYLE_FILL_AREA ( #4898 ) ;
#10561 =( NAMED_UNIT ( * ) PLANE_ANGLE_UNIT ( ) SI_UNIT ( $, .RADIAN. ) );
#10562 = ORIENTED_EDGE ( 'NONE', *, *, #11740, .F. ) ;
#10563 =( NAMED_UNIT ( * ) SI_UNIT ( $, .STERADIAN. ) SOLID_ANGLE_UNIT ( ) );
#10564 = ORIENTED_EDGE ( 'NONE', *, *, #3544, .T. ) ;
#10565 = EDGE_CURVE ( 'NONE', #12024, #5177, #406, .T. ) ;
#10566 = FACE_OUTER_BOUND ( 'NONE', #6460, .T. ) ;
#10567 = PRESENTATION_STYLE_ASSIGNMENT (( #10650 ) ) ;
#10568 =( NAMED_UNIT ( * ) SI_UNIT ( $, .STERADIAN. ) SOLID_ANGLE_UNIT ( ) );
#10569 = UNCERTAINTY_MEASURE_WITH_UNIT (LENGTH_MEASURE( 1.000000000000000082E-05 ), #8817, 'distance_accuracy_value', 'NONE');
#10570 = DIRECTION ( 'NONE',  ( -0.9813592930673576964, 0.1921820436730129200, 0.000000000000000000 ) ) ;
#10571 =( NAMED_UNIT ( * ) SI_UNIT ( $, .STERADIAN. ) SOLID_ANGLE_UNIT ( ) );
#10572 = ORIENTED_EDGE ( 'NONE', *, *, #7744, .T. ) ;
#10573 = FACE_OUTER_BOUND ( 'NONE', #8477, .T. ) ;
#10575 = EDGE_LOOP ( 'NONE', ( #8776, #4741, #10526, #3317 ) ) ;
#10574 = LINE ( 'NONE', #8600, #7646 ) ;
#10576 = ORIENTED_EDGE ( 'NONE', *, *, #9356, .T. ) ;
#10577 = CARTESIAN_POINT ( 'NONE',  ( -1.957446801662450220, 0.7925444955380260836, 0.000000000000000000 ) ) ;
#10578 = EDGE_CURVE ( 'NONE', #5958, #4255, #3305, .T. ) ;
#10579 = SURFACE_STYLE_USAGE ( .BOTH. , #3912 ) ;
#10580 = DIRECTION ( 'NONE',  ( 1.000000000000000000, 0.000000000000000000, 0.000000000000000000 ) ) ;
#10581 = EDGE_LOOP ( 'NONE', ( #28, #4032, #933, #1000 ) ) ;
#10582 = STYLED_ITEM ( 'NONE', ( #5728 ), #4879 ) ;
#10583 = ADVANCED_FACE ( 'NONE', ( #9032 ), #8932, .T. ) ;
#10584 = LINE ( 'NONE', #2276, #10226 ) ;
#10585 = LINE ( 'NONE', #3862, #6036 ) ;
#10586 = FILL_AREA_STYLE_COLOUR ( '', #11708 ) ;
#10587 = VECTOR ( 'NONE', #3248, 1000.000000000000000 ) ;
#10588 =( NAMED_UNIT ( * ) SI_UNIT ( $, .STERADIAN. ) SOLID_ANGLE_UNIT ( ) );
#10589 =( NAMED_UNIT ( * ) PLANE_ANGLE_UNIT ( ) SI_UNIT ( $, .RADIAN. ) );
#10592 = ORIENTED_EDGE ( 'NONE', *, *, #11491, .F. ) ;
#10591 = VECTOR ( 'NONE', #1793, 1000.000000000000000 ) ;
#10590 = CARTESIAN_POINT ( 'NONE',  ( 12.50000000000000000, 3.000000000000000000, 3.200000000000000178 ) ) ;
#10593 = ORIENTED_EDGE ( 'NONE', *, *, #9963, .F. ) ;
#10594 = CARTESIAN_POINT ( 'NONE',  ( -3.370000000000000107, 1.369999999999999885, -2.399999999999999911 ) ) ;
#10595 =( GEOMETRIC_REPRESENTATION_CONTEXT ( 3 ) GLOBAL_UNCERTAINTY_ASSIGNED_CONTEXT ( ( #4970 ) ) GLOBAL_UNIT_ASSIGNED_CONTEXT ( ( #9760, #1199, #308 ) ) REPRESENTATION_CONTEXT ( 'NONE', 'WORKASPACE' ) );
#10596 = ORIENTED_EDGE ( 'NONE', *, *, #6072, .T. ) ;
#10597 = STYLED_ITEM ( 'NONE', ( #11363 ), #4257 ) ;
#10598 = VECTOR ( 'NONE', #2244, 1000.000000000000000 ) ;
#10599 = PRESENTATION_STYLE_ASSIGNMENT (( #10675 ) ) ;
#10600 = PRESENTATION_LAYER_ASSIGNMENT (  '', '', ( #7831 ) ) ;
#10601 = EDGE_CURVE ( 'NONE', #2071, #6387, #1435, .T. ) ;
#10602 = VECTOR ( 'NONE', #411, 1000.000000000000114 ) ;
#10603 = PRESENTATION_LAYER_ASSIGNMENT (  '', '', ( #3649 ) ) ;
#10604 = STYLED_ITEM ( 'NONE', ( #12093 ), #4465 ) ;
#10605 = VECTOR ( 'NONE', #9741, 1000.000000000000114 ) ;
#10606 = EDGE_LOOP ( 'NONE', ( #6578, #2995, #4488, #776 ) ) ;
#10607 = DIRECTION ( 'NONE',  ( 0.000000000000000000, 0.000000000000000000, -1.000000000000000000 ) ) ;
#10608 = PRESENTATION_LAYER_ASSIGNMENT (  '', '', ( #10423 ) ) ;
#10609 = PLANE ( 'NONE',  #8150 ) ;
#10610 = COLOUR_RGB ( '',0.2941176470588235392, 0.2941176470588235392, 0.2941176470588235392 ) ;
#10611 = CARTESIAN_POINT ( 'NONE',  ( 7.339999999999999858, 0.2000000000000000111, 0.5999999999999999778 ) ) ;
#10612 = AXIS2_PLACEMENT_3D ( 'NONE', #6633, #7702, #7637 ) ;
#10613 = DIRECTION ( 'NONE',  ( 0.000000000000000000, 0.000000000000000000, -1.000000000000000000 ) ) ;
#10614 =( GEOMETRIC_REPRESENTATION_CONTEXT ( 3 ) GLOBAL_UNCERTAINTY_ASSIGNED_CONTEXT ( ( #4268 ) ) GLOBAL_UNIT_ASSIGNED_CONTEXT ( ( #10666, #1976, #9607 ) ) REPRESENTATION_CONTEXT ( 'NONE', 'WORKASPACE' ) );
#10615 = EDGE_CURVE ( 'NONE', #4030, #8529, #552, .T. ) ;
#10616 = ORIENTED_EDGE ( 'NONE', *, *, #1894, .F. ) ;
#10617 = DIRECTION ( 'NONE',  ( 0.000000000000000000, 0.000000000000000000, -1.000000000000000000 ) ) ;
#10618 = STYLED_ITEM ( 'NONE', ( #11470 ), #3346 ) ;
#10619 = VECTOR ( 'NONE', #3307, 1000.000000000000000 ) ;
#10620 = LINE ( 'NONE', #6822, #9249 ) ;
#10621 = ORIENTED_EDGE ( 'NONE', *, *, #11162, .T. ) ;
#10622 = MECHANICAL_DESIGN_GEOMETRIC_PRESENTATION_REPRESENTATION (  '', ( #10046 ), #8259 ) ;
#10623 = VECTOR ( 'NONE', #9720, 1000.000000000000000 ) ;
#10624 = SURFACE_SIDE_STYLE ('',( #4125 ) ) ;
#10625 = EDGE_LOOP ( 'NONE', ( #1829, #7860, #7503, #8923 ) ) ;
#10626 = DIRECTION ( 'NONE',  ( 0.000000000000000000, -1.000000000000000000, 0.000000000000000000 ) ) ;
#10627 = EDGE_CURVE ( 'NONE', #2904, #5706, #9936, .T. ) ;
#10628 = CARTESIAN_POINT ( 'NONE',  ( 8.540000000000000924, 1.399999999999999911, 0.5999999999999999778 ) ) ;
#10629 = LINE ( 'NONE', #2081, #3566 ) ;
#10630 =( GEOMETRIC_REPRESENTATION_CONTEXT ( 3 ) GLOBAL_UNCERTAINTY_ASSIGNED_CONTEXT ( ( #8527 ) ) GLOBAL_UNIT_ASSIGNED_CONTEXT ( ( #5010, #4081, #6132 ) ) REPRESENTATION_CONTEXT ( 'NONE', 'WORKASPACE' ) );
#10631 =( GEOMETRIC_REPRESENTATION_CONTEXT ( 3 ) GLOBAL_UNCERTAINTY_ASSIGNED_CONTEXT ( ( #8116 ) ) GLOBAL_UNIT_ASSIGNED_CONTEXT ( ( #1925, #6624, #12251 ) ) REPRESENTATION_CONTEXT ( 'NONE', 'WORKASPACE' ) );
#10632 =( NAMED_UNIT ( * ) PLANE_ANGLE_UNIT ( ) SI_UNIT ( $, .RADIAN. ) );
#10633 =( NAMED_UNIT ( * ) PLANE_ANGLE_UNIT ( ) SI_UNIT ( $, .RADIAN. ) );
#10634 = SURFACE_STYLE_USAGE ( .BOTH. , #2084 ) ;
#10635 = AXIS2_PLACEMENT_3D ( 'NONE', #11541, #2933, #3056 ) ;
#10636 = FACE_OUTER_BOUND ( 'NONE', #1495, .T. ) ;
#10637 = UNCERTAINTY_MEASURE_WITH_UNIT (LENGTH_MEASURE( 1.000000000000000082E-05 ), #8895, 'distance_accuracy_value', 'NONE');
#10638 = LINE ( 'NONE', #2322, #1259 ) ;
#10639 =( LENGTH_UNIT ( ) NAMED_UNIT ( * ) SI_UNIT ( .MILLI., .METRE. ) );
#10640 = VECTOR ( 'NONE', #4651, 1000.000000000000000 ) ;
#10641 = ORIENTED_EDGE ( 'NONE', *, *, #1085, .F. ) ;
#10642 = CARTESIAN_POINT ( 'NONE',  ( -7.550000000000000711, 0.4500000000000000111, -3.399999999999999911 ) ) ;
#10643 = CARTESIAN_POINT ( 'NONE',  ( -4.540000000000000036, 0.2000000000000000111, 0.5999999999999999778 ) ) ;
#10644 = EDGE_LOOP ( 'NONE', ( #1503, #7505, #4000, #6211 ) ) ;
#10645 = VECTOR ( 'NONE', #9700, 1000.000000000000000 ) ;
#10646 = DIRECTION ( 'NONE',  ( 0.3102805670740331756, -0.9506450282288423370, 0.000000000000000000 ) ) ;
#10647 = ORIENTED_EDGE ( 'NONE', *, *, #12097, .T. ) ;
#10648 = AXIS2_PLACEMENT_3D ( 'NONE', #2516, #9321, #6398 ) ;
#10649 = ADVANCED_FACE ( 'NONE', ( #9882 ), #10114, .T. ) ;
#10650 = SURFACE_STYLE_USAGE ( .BOTH. , #857 ) ;
#10651 = DIRECTION ( 'NONE',  ( 0.000000000000000000, 0.000000000000000000, -1.000000000000000000 ) ) ;
#10652 = SURFACE_STYLE_FILL_AREA ( #7021 ) ;
#10653 =( NAMED_UNIT ( * ) PLANE_ANGLE_UNIT ( ) SI_UNIT ( $, .RADIAN. ) );
#10654 = VERTEX_POINT ( 'NONE', #9061 ) ;
#10655 =( LENGTH_UNIT ( ) NAMED_UNIT ( * ) SI_UNIT ( .MILLI., .METRE. ) );
#10657 = ORIENTED_EDGE ( 'NONE', *, *, #1293, .F. ) ;
#10656 =( NAMED_UNIT ( * ) SI_UNIT ( $, .STERADIAN. ) SOLID_ANGLE_UNIT ( ) );
#10658 = ORIENTED_EDGE ( 'NONE', *, *, #8622, .F. ) ;
#10659 = SURFACE_SIDE_STYLE ('',( #11594 ) ) ;
#10660 = PRESENTATION_STYLE_ASSIGNMENT (( #4788 ) ) ;
#10661 = FILL_AREA_STYLE ('',( #1051 ) ) ;
#10662 = AXIS2_PLACEMENT_3D ( 'NONE', #8685, #8607, #3916 ) ;
#10663 = VERTEX_POINT ( 'NONE', #5113 ) ;
#10664 = PRESENTATION_LAYER_ASSIGNMENT (  '', '', ( #1103 ) ) ;
#10665 = EDGE_CURVE ( 'NONE', #8854, #1602, #7180, .T. ) ;
#10666 =( LENGTH_UNIT ( ) NAMED_UNIT ( * ) SI_UNIT ( .MILLI., .METRE. ) );
#10667 = DIRECTION ( 'NONE',  ( -0.2001232253107649017, -0.9797707357801704875, 0.000000000000000000 ) ) ;
#10668 = CARTESIAN_POINT ( 'NONE',  ( -8.470000000000000639, 1.369999999999999885, 10.20000000000000107 ) ) ;
#10669 = FILL_AREA_STYLE ('',( #110 ) ) ;
#10670 = EDGE_LOOP ( 'NONE', ( #4750, #1245, #6405, #1580 ) ) ;
#10671 = VERTEX_POINT ( 'NONE', #11978 ) ;
#10672 = FILL_AREA_STYLE ('',( #7693 ) ) ;
#10673 = LINE ( 'NONE', #8692, #11798 ) ;
#10674 = EDGE_CURVE ( 'NONE', #2787, #3360, #7252, .T. ) ;
#10675 = SURFACE_STYLE_USAGE ( .BOTH. , #1985 ) ;
#10676 = FACE_OUTER_BOUND ( 'NONE', #5510, .T. ) ;
#10677 = CARTESIAN_POINT ( 'NONE',  ( 0.3699999999999860067, 0.4500000000000000111, -3.399999999999999911 ) ) ;
#10678 = ORIENTED_EDGE ( 'NONE', *, *, #10578, .T. ) ;
#10679 = CARTESIAN_POINT ( 'NONE',  ( -4.540000000000000036, 1.399999999999999911, 0.5999999999999999778 ) ) ;
#10680 = PRESENTATION_STYLE_ASSIGNMENT (( #7635 ) ) ;
#10681 = FILL_AREA_STYLE ('',( #6883 ) ) ;
#10682 = EDGE_CURVE ( 'NONE', #6026, #1898, #1558, .T. ) ;
#10683 = FACE_OUTER_BOUND ( 'NONE', #6609, .T. ) ;
#10684 = VERTEX_POINT ( 'NONE', #12113 ) ;
#10685 = SURFACE_STYLE_USAGE ( .BOTH. , #3091 ) ;
#10686 = CARTESIAN_POINT ( 'NONE',  ( -12.46000000000000085, 0.2000000000000000111, 0.5999999999999999778 ) ) ;
#10687 = LINE ( 'NONE', #6941, #4028 ) ;
#10688 = EDGE_LOOP ( 'NONE', ( #3303, #4727, #7046, #8425 ) ) ;
#10689 = FACE_OUTER_BOUND ( 'NONE', #8114, .T. ) ;
#10690 = FILL_AREA_STYLE_COLOUR ( '', #7465 ) ;
#10691 = FILL_AREA_STYLE ('',( #10553 ) ) ;
#10692 = PLANE ( 'NONE',  #2313 ) ;
#10693 = FILL_AREA_STYLE_COLOUR ( '', #8012 ) ;
#10694 = FILL_AREA_STYLE ('',( #9958 ) ) ;
#10695 = VERTEX_POINT ( 'NONE', #8434 ) ;
#10696 = PLANE ( 'NONE',  #9409 ) ;
#10697 = ORIENTED_EDGE ( 'NONE', *, *, #2224, .T. ) ;
#10698 = CARTESIAN_POINT ( 'NONE',  ( -2.110638308525089712, -0.1449555044619749988, 0.000000000000000000 ) ) ;
#10699 = EDGE_CURVE ( 'NONE', #5398, #6177, #10237, .T. ) ;
#10700 = ORIENTED_EDGE ( 'NONE', *, *, #1873, .T. ) ;
#10701 = STYLED_ITEM ( 'NONE', ( #4103 ), #5644 ) ;
#10702 = CARTESIAN_POINT ( 'NONE',  ( -7.299999999999999822, 0.2000000000000000111, 3.200000000000000178 ) ) ;
#10703 = UNCERTAINTY_MEASURE_WITH_UNIT (LENGTH_MEASURE( 1.000000000000000082E-05 ), #2199, 'distance_accuracy_value', 'NONE');
#10704 = CARTESIAN_POINT ( 'NONE',  ( -1.957446801662450220, 0.4675444478543100413, 0.000000000000000000 ) ) ;
#10705 = DIRECTION ( 'NONE',  ( 0.000000000000000000, -1.000000000000000000, 0.000000000000000000 ) ) ;
#10706 = VERTEX_POINT ( 'NONE', #3743 ) ;
#10707 = FACE_OUTER_BOUND ( 'NONE', #690, .T. ) ;
#10708 = VECTOR ( 'NONE', #10379, 1000.000000000000000 ) ;
#10710 = ORIENTED_EDGE ( 'NONE', *, *, #1274, .T. ) ;
#10709 = DIRECTION ( 'NONE',  ( 0.000000000000000000, -1.000000000000000000, 0.000000000000000000 ) ) ;
#10711 = ORIENTED_EDGE ( 'NONE', *, *, #10059, .F. ) ;
#10712 =( LENGTH_UNIT ( ) NAMED_UNIT ( * ) SI_UNIT ( .MILLI., .METRE. ) );
#10713 = DIRECTION ( 'NONE',  ( -0.7145102180352601584, 0.6996250055016651759, 0.000000000000000000 ) ) ;
#10714 = FACE_OUTER_BOUND ( 'NONE', #3221, .T. ) ;
#10715 = LINE ( 'NONE', #3001, #2887 ) ;
#10716 = EDGE_CURVE ( 'NONE', #12193, #8949, #7510, .T. ) ;
#10717 = MECHANICAL_DESIGN_GEOMETRIC_PRESENTATION_REPRESENTATION (  '', ( #7740 ), #10321 ) ;
#10718 = ORIENTED_EDGE ( 'NONE', *, *, #8848, .F. ) ;
#10719 = COLOUR_RGB ( '',0.2941176470588235392, 0.2941176470588235392, 0.2941176470588235392 ) ;
#10720 = COLOUR_RGB ( '',0.7921568627450980005, 0.8196078431372548767, 0.9333333333333333481 ) ;
#10721 = LINE ( 'NONE', #7106, #10602 ) ;
#10722 = SURFACE_STYLE_USAGE ( .BOTH. , #42 ) ;
#10723 = MECHANICAL_DESIGN_GEOMETRIC_PRESENTATION_REPRESENTATION (  '', ( #1752 ), #5721 ) ;
#10724 = CARTESIAN_POINT ( 'NONE',  ( 8.540000000000000924, 0.2000000000000000111, 0.5999999999999999778 ) ) ;
#10726 = VERTEX_POINT ( 'NONE', #4739 ) ;
#10725 =( NAMED_UNIT ( * ) PLANE_ANGLE_UNIT ( ) SI_UNIT ( $, .RADIAN. ) );
#10727 = VERTEX_POINT ( 'NONE', #6510 ) ;
#10728 = SURFACE_STYLE_USAGE ( .BOTH. , #2113 ) ;
#10729 = LINE ( 'NONE', #5919, #3829 ) ;
#10730 = MECHANICAL_DESIGN_GEOMETRIC_PRESENTATION_REPRESENTATION (  '', ( #3373 ), #2574 ) ;
#10731 = ADVANCED_FACE ( 'NONE', ( #7563 ), #4498, .F. ) ;
#10732 = VECTOR ( 'NONE', #11727, 1000.000000000000114 ) ;
#10733 = ADVANCED_FACE ( 'NONE', ( #11179 ), #2750, .T. ) ;
#10734 = ORIENTED_EDGE ( 'NONE', *, *, #9440, .T. ) ;
#10735 = LINE ( 'NONE', #2181, #3300 ) ;
#10736 = VECTOR ( 'NONE', #6373, 1000.000000000000000 ) ;
#10737 = CARTESIAN_POINT ( 'NONE',  ( -12.50000000000000000, 4.500000000000000000, 7.500000000000000000 ) ) ;
#10738 = SURFACE_SIDE_STYLE ('',( #1086 ) ) ;
#10739 = FILL_AREA_STYLE_COLOUR ( '', #8430 ) ;
#10740 = MECHANICAL_DESIGN_GEOMETRIC_PRESENTATION_REPRESENTATION (  '', ( #2775 ), #8951 ) ;
#10741 = FACE_OUTER_BOUND ( 'NONE', #1426, .T. ) ;
#10742 = ORIENTED_EDGE ( 'NONE', *, *, #9149, .F. ) ;
#10743 = DIRECTION ( 'NONE',  ( 0.000000000000000000, 0.000000000000000000, 1.000000000000000000 ) ) ;
#10744 = FILL_AREA_STYLE ('',( #1272 ) ) ;
#10745 = ORIENTED_EDGE ( 'NONE', *, *, #1432, .T. ) ;
#10746 = EDGE_CURVE ( 'NONE', #2012, #382, #4690, .T. ) ;
#10747 = MECHANICAL_DESIGN_GEOMETRIC_PRESENTATION_REPRESENTATION (  '', ( #11558 ), #2791 ) ;
#10748 = PRESENTATION_STYLE_ASSIGNMENT (( #5997 ) ) ;
#10749 = ORIENTED_EDGE ( 'NONE', *, *, #6080, .F. ) ;
#10750 = CARTESIAN_POINT ( 'NONE',  ( -12.46000000000000085, 0.2000000000000000111, 3.200000000000000178 ) ) ;
#10751 = LINE ( 'NONE', #9766, #4470 ) ;
#10752 = LINE ( 'NONE', #6001, #8541 ) ;
#10753 = CARTESIAN_POINT ( 'NONE',  ( -2.123404264450070134, 0.01754444785430959997, 0.000000000000000000 ) ) ;
#10754 = LINE ( 'NONE', #8020, #4370 ) ;
#10755 = SURFACE_STYLE_USAGE ( .BOTH. , #5005 ) ;
#10756 = UNCERTAINTY_MEASURE_WITH_UNIT (LENGTH_MEASURE( 1.000000000000000082E-05 ), #12139, 'distance_accuracy_value', 'NONE');
#10757 = SURFACE_SIDE_STYLE ('',( #9774 ) ) ;
#10758 = CARTESIAN_POINT ( 'NONE',  ( -12.50000000000000000, 3.000000000000000000, 3.200000000000000178 ) ) ;
#10759 = ORIENTED_EDGE ( 'NONE', *, *, #9506, .T. ) ;
#10760 = SURFACE_STYLE_FILL_AREA ( #6013 ) ;
#10761 = ORIENTED_EDGE ( 'NONE', *, *, #8993, .T. ) ;
#10762 = EDGE_CURVE ( 'NONE', #1900, #8273, #5665, .T. ) ;
#10763 = DIRECTION ( 'NONE',  ( -0.7145107183351163682, 0.6996244945570702090, 0.000000000000000000 ) ) ;
#10764 = SURFACE_STYLE_FILL_AREA ( #208 ) ;
#10765 = FILL_AREA_STYLE_COLOUR ( '', #8447 ) ;
#10766 = SURFACE_STYLE_USAGE ( .BOTH. , #6959 ) ;
#10767 = DIRECTION ( 'NONE',  ( -1.000000000000000000, 0.000000000000000000, 0.000000000000000000 ) ) ;
#10769 = ORIENTED_EDGE ( 'NONE', *, *, #10941, .F. ) ;
#10768 = DIRECTION ( 'NONE',  ( 1.000000000000000000, 0.000000000000000000, 0.000000000000000000 ) ) ;
#10770 = ORIENTED_EDGE ( 'NONE', *, *, #8204, .F. ) ;
#10771 = DIRECTION ( 'NONE',  ( -1.000000000000000000, 0.000000000000000000, 0.000000000000000000 ) ) ;
#10772 = ORIENTED_EDGE ( 'NONE', *, *, #1685, .T. ) ;
#10773 = AXIS2_PLACEMENT_3D ( 'NONE', #845, #6661, #7539 ) ;
#10774 = SURFACE_STYLE_USAGE ( .BOTH. , #5043 ) ;
#10775 = FACE_OUTER_BOUND ( 'NONE', #1534, .T. ) ;
#10776 = EDGE_CURVE ( 'NONE', #6560, #11249, #1119, .T. ) ;
#10777 = CARTESIAN_POINT ( 'NONE',  ( -1.714893621206280194, -0.06995550446197459915, 0.000000000000000000 ) ) ;
#10779 = EDGE_LOOP ( 'NONE', ( #7699, #6469, #2870, #8983 ) ) ;
#10778 =( LENGTH_UNIT ( ) NAMED_UNIT ( * ) SI_UNIT ( .MILLI., .METRE. ) );
#10780 = ORIENTED_EDGE ( 'NONE', *, *, #11364, .T. ) ;
#10781 = FILL_AREA_STYLE ('',( #1247 ) ) ;
#10782 = CARTESIAN_POINT ( 'NONE',  ( 7.339999999999999858, 1.399999999999999911, 3.200000000000000178 ) ) ;
#10783 =( GEOMETRIC_REPRESENTATION_CONTEXT ( 3 ) GLOBAL_UNCERTAINTY_ASSIGNED_CONTEXT ( ( #603 ) ) GLOBAL_UNIT_ASSIGNED_CONTEXT ( ( #647, #10944, #4325 ) ) REPRESENTATION_CONTEXT ( 'NONE', 'WORKASPACE' ) );
#10784 = FACE_OUTER_BOUND ( 'NONE', #1047, .T. ) ;
#10785 = CARTESIAN_POINT ( 'NONE',  ( -2.161702132225040263, -0.09495555214569099955, 0.000000000000000000 ) ) ;
#10786 = PRESENTATION_LAYER_ASSIGNMENT (  '', '', ( #7424 ) ) ;
#10787 = VECTOR ( 'NONE', #10160, 1000.000000000000227 ) ;
#10788 = LINE ( 'NONE', #11786, #4249 ) ;
#10789 = EDGE_LOOP ( 'NONE', ( #11087, #4593, #3851, #10431 ) ) ;
#10790 = VECTOR ( 'NONE', #299, 1000.000000000000000 ) ;
#10791 = DIRECTION ( 'NONE',  ( 0.000000000000000000, -1.000000000000000000, 0.000000000000000000 ) ) ;
#10792 = AXIS2_PLACEMENT_3D ( 'NONE', #4940, #130, #3941 ) ;
#10793 = EDGE_CURVE ( 'NONE', #7861, #2678, #997, .T. ) ;
#10794 = STYLED_ITEM ( 'NONE', ( #12064 ), #4183 ) ;
#10795 = AXIS2_PLACEMENT_3D ( 'NONE', #1261, #4247, #11862 ) ;
#10796 = CARTESIAN_POINT ( 'NONE',  ( -0.6800000000000100409, 4.000000000000000000, 0.000000000000000000 ) ) ;
#10797 = LINE ( 'NONE', #6886, #3369 ) ;
#10798 = VERTEX_POINT ( 'NONE', #6799 ) ;
#10799 = PRESENTATION_LAYER_ASSIGNMENT (  '', '', ( #4818 ) ) ;
#10800 = FACE_OUTER_BOUND ( 'NONE', #6028, .T. ) ;
#10801 = EDGE_LOOP ( 'NONE', ( #3089, #12170, #9716, #1198 ) ) ;
#10802 = AXIS2_PLACEMENT_3D ( 'NONE', #4051, #4797, #5205 ) ;
#10803 =( GEOMETRIC_REPRESENTATION_CONTEXT ( 3 ) GLOBAL_UNCERTAINTY_ASSIGNED_CONTEXT ( ( #10098 ) ) GLOBAL_UNIT_ASSIGNED_CONTEXT ( ( #5973, #9791, #7918 ) ) REPRESENTATION_CONTEXT ( 'NONE', 'WORKASPACE' ) );
#10804 =( GEOMETRIC_REPRESENTATION_CONTEXT ( 3 ) GLOBAL_UNCERTAINTY_ASSIGNED_CONTEXT ( ( #8333 ) ) GLOBAL_UNIT_ASSIGNED_CONTEXT ( ( #2077, #6768, #5880 ) ) REPRESENTATION_CONTEXT ( 'NONE', 'WORKASPACE' ) );
#10805 =( LENGTH_UNIT ( ) NAMED_UNIT ( * ) SI_UNIT ( .MILLI., .METRE. ) );
#10806 = VECTOR ( 'NONE', #7101, 1000.000000000000000 ) ;
#10807 = ORIENTED_EDGE ( 'NONE', *, *, #2281, .T. ) ;
#10808 = LINE ( 'NONE', #9187, #9480 ) ;
#10809 = ADVANCED_FACE ( 'NONE', ( #1057 ), #8869, .T. ) ;
#10810 = PLANE ( 'NONE',  #7287 ) ;
#10811 = DIRECTION ( 'NONE',  ( 1.000000000000000000, 0.000000000000000000, 0.000000000000000000 ) ) ;
#10812 = STYLED_ITEM ( 'NONE', ( #8973 ), #5309 ) ;
#10813 = LINE ( 'NONE', #9837, #1326 ) ;
#10814 = FILL_AREA_STYLE ('',( #9957 ) ) ;
#10815 = MECHANICAL_DESIGN_GEOMETRIC_PRESENTATION_REPRESENTATION (  '', ( #12219 ), #5434 ) ;
#10816 = DIRECTION ( 'NONE',  ( 1.000000000000000000, 0.000000000000000000, 0.000000000000000000 ) ) ;
#10817 = DIRECTION ( 'NONE',  ( 0.5627910658975471270, 0.8265991871190672136, 0.000000000000000000 ) ) ;
#10818 = COLOUR_RGB ( '',0.2941176470588235392, 0.2941176470588235392, 0.2941176470588235392 ) ;
#10819 = EDGE_CURVE ( 'NONE', #382, #3582, #6739, .T. ) ;
#10820 = ORIENTED_EDGE ( 'NONE', *, *, #9155, .F. ) ;
#10821 = PRESENTATION_LAYER_ASSIGNMENT (  '', '', ( #12023 ) ) ;
#10822 =( NAMED_UNIT ( * ) SI_UNIT ( $, .STERADIAN. ) SOLID_ANGLE_UNIT ( ) );
#10823 = VERTEX_POINT ( 'NONE', #6683 ) ;
#10824 =( GEOMETRIC_REPRESENTATION_CONTEXT ( 3 ) GLOBAL_UNCERTAINTY_ASSIGNED_CONTEXT ( ( #7536 ) ) GLOBAL_UNIT_ASSIGNED_CONTEXT ( ( #2846, #7721, #202 ) ) REPRESENTATION_CONTEXT ( 'NONE', 'WORKASPACE' ) );
#10825 = FILL_AREA_STYLE_COLOUR ( '', #702 ) ;
#10826 = AXIS2_PLACEMENT_3D ( 'NONE', #4978, #3126, #2164 ) ;
#10827 = DIRECTION ( 'NONE',  ( 0.7145104681851456307, 0.6996247500295025290, 0.000000000000000000 ) ) ;
#10828 = DIRECTION ( 'NONE',  ( 0.000000000000000000, -1.000000000000000000, 0.000000000000000000 ) ) ;
#10829 = UNCERTAINTY_MEASURE_WITH_UNIT (LENGTH_MEASURE( 1.000000000000000082E-05 ), #4435, 'distance_accuracy_value', 'NONE');
#10830 = VECTOR ( 'NONE', #2792, 1000.000000000000000 ) ;
#10831 = DIRECTION ( 'NONE',  ( 0.000000000000000000, 1.000000000000000000, 0.000000000000000000 ) ) ;
#10832 = CARTESIAN_POINT ( 'NONE',  ( -2.046808493137360241, 0.9675444716961669744, -0.05000000000000000278 ) ) ;
#10833 = FILL_AREA_STYLE_COLOUR ( '', #8171 ) ;
#10834 = EDGE_CURVE ( 'NONE', #382, #10195, #1913, .T. ) ;
#10836 = VERTEX_POINT ( 'NONE', #9678 ) ;
#10835 =( NAMED_UNIT ( * ) PLANE_ANGLE_UNIT ( ) SI_UNIT ( $, .RADIAN. ) );
#10837 = ORIENTED_EDGE ( 'NONE', *, *, #8237, .F. ) ;
#10838 = DIRECTION ( 'NONE',  ( -1.000000000000000000, 0.000000000000000000, 0.000000000000000000 ) ) ;
#10839 = PRESENTATION_LAYER_ASSIGNMENT (  '', '', ( #4066 ) ) ;
#10840 =( NAMED_UNIT ( * ) PLANE_ANGLE_UNIT ( ) SI_UNIT ( $, .RADIAN. ) );
#10841 = PRESENTATION_LAYER_ASSIGNMENT (  '', '', ( #7673 ) ) ;
#10842 = VERTEX_POINT ( 'NONE', #4791 ) ;
#10843 = DIRECTION ( 'NONE',  ( 0.000000000000000000, 1.000000000000000000, 0.000000000000000000 ) ) ;
#10844 = CARTESIAN_POINT ( 'NONE',  ( -7.330000000000000071, 1.369999999999999885, -2.399999999999999911 ) ) ;
#10845 = PRESENTATION_LAYER_ASSIGNMENT (  '', '', ( #8285 ) ) ;
#10846 = FILL_AREA_STYLE_COLOUR ( '', #7835 ) ;
#10847 = SURFACE_SIDE_STYLE ('',( #8979 ) ) ;
#10848 =( NAMED_UNIT ( * ) SI_UNIT ( $, .STERADIAN. ) SOLID_ANGLE_UNIT ( ) );
#10849 = CARTESIAN_POINT ( 'NONE',  ( 11.33000000000000007, 1.369999999999999885, -2.399999999999999911 ) ) ;
#10851 = ORIENTED_EDGE ( 'NONE', *, *, #3499, .T. ) ;
#10850 = CARTESIAN_POINT ( 'NONE',  ( -2.046808493137360241, -0.09495555214569059710, 0.000000000000000000 ) ) ;
#10852 = ORIENTED_EDGE ( 'NONE', *, *, #3168, .F. ) ;
#10853 = SURFACE_STYLE_USAGE ( .BOTH. , #2498 ) ;
#10854 = DIRECTION ( 'NONE',  ( 0.000000000000000000, 1.000000000000000000, 0.000000000000000000 ) ) ;
#10855 =( NAMED_UNIT ( * ) PLANE_ANGLE_UNIT ( ) SI_UNIT ( $, .RADIAN. ) );
#10856 = LINE ( 'NONE', #365, #10790 ) ;
#10857 = SURFACE_SIDE_STYLE ('',( #1253 ) ) ;
#10858 =( GEOMETRIC_REPRESENTATION_CONTEXT ( 3 ) GLOBAL_UNCERTAINTY_ASSIGNED_CONTEXT ( ( #5008 ) ) GLOBAL_UNIT_ASSIGNED_CONTEXT ( ( #4932, #2955, #8756 ) ) REPRESENTATION_CONTEXT ( 'NONE', 'WORKASPACE' ) );
#10859 = EDGE_CURVE ( 'NONE', #7633, #2624, #170, .T. ) ;
#10860 = VERTEX_POINT ( 'NONE', #8609 ) ;
#10861 =( NAMED_UNIT ( * ) PLANE_ANGLE_UNIT ( ) SI_UNIT ( $, .RADIAN. ) );
#10862 = PLANE ( 'NONE',  #11211 ) ;
#10863 = FILL_AREA_STYLE_COLOUR ( '', #7950 ) ;
#10864 = EDGE_LOOP ( 'NONE', ( #3543, #10209, #5127, #4508 ) ) ;
#10865 = EDGE_CURVE ( 'NONE', #1813, #11496, #10585, .T. ) ;
#10866 = CARTESIAN_POINT ( 'NONE',  ( -12.46000000000000085, 1.399999999999999911, 3.200000000000000178 ) ) ;
#10867 = ORIENTED_EDGE ( 'NONE', *, *, #78, .T. ) ;
#10868 =( NAMED_UNIT ( * ) SI_UNIT ( $, .STERADIAN. ) SOLID_ANGLE_UNIT ( ) );
#10869 =( NAMED_UNIT ( * ) SI_UNIT ( $, .STERADIAN. ) SOLID_ANGLE_UNIT ( ) );
#10870 = ADVANCED_FACE ( 'NONE', ( #4982 ), #2048, .F. ) ;
#10871 = SURFACE_STYLE_USAGE ( .BOTH. , #444 ) ;
#10872 = DIRECTION ( 'NONE',  ( 0.000000000000000000, 1.000000000000000000, 0.000000000000000000 ) ) ;
#10873 = FACE_OUTER_BOUND ( 'NONE', #10438, .T. ) ;
#10874 = CARTESIAN_POINT ( 'NONE',  ( -8.599999999999999645, 4.000000000000000000, 0.000000000000000000 ) ) ;
#10875 = CARTESIAN_POINT ( 'NONE',  ( 0.5899999999999860911, 0.2300000000000000100, 11.19999999999999929 ) ) ;
#10876 = UNCERTAINTY_MEASURE_WITH_UNIT (LENGTH_MEASURE( 1.000000000000000082E-05 ), #4251, 'distance_accuracy_value', 'NONE');
#10877 = FACE_OUTER_BOUND ( 'NONE', #7597, .T. ) ;
#10878 = LINE ( 'NONE', #5453, #3809 ) ;
#10879 = ORIENTED_EDGE ( 'NONE', *, *, #10340, .F. ) ;
#10880 = ADVANCED_FACE ( 'NONE', ( #8176 ), #10966, .T. ) ;
#10881 = ORIENTED_EDGE ( 'NONE', *, *, #328, .T. ) ;
#10882 = SURFACE_SIDE_STYLE ('',( #9497 ) ) ;
#10883 = CARTESIAN_POINT ( 'NONE',  ( -2.200000000000000178, -0.5824555521456910023, 0.000000000000000000 ) ) ;
#10884 = EDGE_CURVE ( 'NONE', #1065, #10896, #11848, .T. ) ;
#10885 = FACE_OUTER_BOUND ( 'NONE', #10644, .T. ) ;
#10886 = FILL_AREA_STYLE ('',( #9909 ) ) ;
#10887 = VECTOR ( 'NONE', #1284, 1000.000000000000000 ) ;
#10888 = VERTEX_POINT ( 'NONE', #11725 ) ;
#10890 = VERTEX_POINT ( 'NONE', #4102 ) ;
#10889 = CARTESIAN_POINT ( 'NONE',  ( -4.540000000000000036, 1.399999999999999911, 3.200000000000000178 ) ) ;
#10891 = EDGE_LOOP ( 'NONE', ( #12115, #7832, #8561, #9945 ) ) ;
#10892 = CARTESIAN_POINT ( 'NONE',  ( -13.86000000000000121, 4.000000000000000000, 0.000000000000000000 ) ) ;
#10893 = SURFACE_STYLE_USAGE ( .BOTH. , #7300 ) ;
#10894 =( LENGTH_UNIT ( ) NAMED_UNIT ( * ) SI_UNIT ( .MILLI., .METRE. ) );
#10895 = SURFACE_STYLE_USAGE ( .BOTH. , #11964 ) ;
#10896 = VERTEX_POINT ( 'NONE', #5298 ) ;
#10897 = MECHANICAL_DESIGN_GEOMETRIC_PRESENTATION_REPRESENTATION (  '', ( #3924 ), #8725 ) ;
#10898 = ADVANCED_FACE ( 'NONE', ( #5357 ), #5219, .F. ) ;
#10899 =( GEOMETRIC_REPRESENTATION_CONTEXT ( 3 ) GLOBAL_UNCERTAINTY_ASSIGNED_CONTEXT ( ( #12155 ) ) GLOBAL_UNIT_ASSIGNED_CONTEXT ( ( #5223, #6165, #3243 ) ) REPRESENTATION_CONTEXT ( 'NONE', 'WORKASPACE' ) );
#10900 = DIRECTION ( 'NONE',  ( -1.000000000000000000, 0.000000000000000000, 0.000000000000000000 ) ) ;
#10901 = EDGE_CURVE ( 'NONE', #2227, #3593, #2291, .T. ) ;
#10902 = DIRECTION ( 'NONE',  ( -1.000000000000000000, 0.000000000000000000, 0.000000000000000000 ) ) ;
#10903 = UNCERTAINTY_MEASURE_WITH_UNIT (LENGTH_MEASURE( 1.000000000000000082E-05 ), #2809, 'distance_accuracy_value', 'NONE');
#10904 =( NAMED_UNIT ( * ) PLANE_ANGLE_UNIT ( ) SI_UNIT ( $, .RADIAN. ) );
#10905 = DIRECTION ( 'NONE',  ( 0.000000000000000000, 0.000000000000000000, 1.000000000000000000 ) ) ;
#10907 = ORIENTED_EDGE ( 'NONE', *, *, #6912, .T. ) ;
#10906 = FILL_AREA_STYLE ('',( #8922 ) ) ;
#10908 = ORIENTED_EDGE ( 'NONE', *, *, #1783, .T. ) ;
#10909 = MECHANICAL_DESIGN_GEOMETRIC_PRESENTATION_REPRESENTATION (  '', ( #4742 ), #3158 ) ;
#10910 = CARTESIAN_POINT ( 'NONE',  ( -1.600000000000000089, 0.01754444785430970058, -0.05000000000000000278 ) ) ;
#10911 = DIRECTION ( 'NONE',  ( 0.000000000000000000, 1.000000000000000000, 0.000000000000000000 ) ) ;
#10912 = FILL_AREA_STYLE_COLOUR ( '', #5990 ) ;
#10913 = VECTOR ( 'NONE', #1969, 1000.000000000000000 ) ;
#10914 = COLOUR_RGB ( '',0.2941176470588235392, 0.2941176470588235392, 0.2941176470588235392 ) ;
#10915 = CARTESIAN_POINT ( 'NONE',  ( 8.509999999999999787, 0.2300000000000000100, 10.20000000000000107 ) ) ;
#10916 = VECTOR ( 'NONE', #9118, 1000.000000000000114 ) ;
#10917 = PRESENTATION_STYLE_ASSIGNMENT (( #3325 ) ) ;
#10918 = ORIENTED_EDGE ( 'NONE', *, *, #12188, .T. ) ;
#10919 = DIRECTION ( 'NONE',  ( 0.000000000000000000, 0.000000000000000000, -1.000000000000000000 ) ) ;
#10920 = DIRECTION ( 'NONE',  ( 0.000000000000000000, 0.000000000000000000, 1.000000000000000000 ) ) ;
#10921 = VECTOR ( 'NONE', #1197, 1000.000000000000114 ) ;
#10922 = DIRECTION ( 'NONE',  ( 0.000000000000000000, 0.9766444667050906414, 0.2148617826751169080 ) ) ;
#10923 =( GEOMETRIC_REPRESENTATION_CONTEXT ( 3 ) GLOBAL_UNCERTAINTY_ASSIGNED_CONTEXT ( ( #1286 ) ) GLOBAL_UNIT_ASSIGNED_CONTEXT ( ( #2316, #7336, #10936 ) ) REPRESENTATION_CONTEXT ( 'NONE', 'WORKASPACE' ) );
#10924 = CLOSED_SHELL ( 'NONE', ( #3346, #601, #1372, #2987, #7560, #6127, #3052, #15, #5376, #6599, #7283, #11212, #10443, #9416 ) ) ;
#10925 = CARTESIAN_POINT ( 'NONE',  ( -4.400000000000000355, 0.8000000000000000444, 10.69999999999999929 ) ) ;
#10926 = LINE ( 'NONE', #2381, #4814 ) ;
#10927 = CARTESIAN_POINT ( 'NONE',  ( 13.86000000000000121, -4.000000000000000000, 0.000000000000000000 ) ) ;
#10928 =( GEOMETRIC_REPRESENTATION_CONTEXT ( 3 ) GLOBAL_UNCERTAINTY_ASSIGNED_CONTEXT ( ( #10903 ) ) GLOBAL_UNIT_ASSIGNED_CONTEXT ( ( #2809, #4427, #9610 ) ) REPRESENTATION_CONTEXT ( 'NONE', 'WORKASPACE' ) );
#10929 = EDGE_LOOP ( 'NONE', ( #6942, #12255, #1666, #1105 ) ) ;
#10930 = COLOUR_RGB ( '',1.000000000000000000, 1.000000000000000000, 0.9450980392156862475 ) ;
#10931 = DIRECTION ( 'NONE',  ( -1.000000000000000000, 0.000000000000000000, 0.000000000000000000 ) ) ;
#10932 = ORIENTED_EDGE ( 'NONE', *, *, #9215, .T. ) ;
#10933 = CARTESIAN_POINT ( 'NONE',  ( -1.740425533056259910, 1.442544447854309908, -0.05000000000000000278 ) ) ;
#10934 = PRESENTATION_STYLE_ASSIGNMENT (( #7134 ) ) ;
#10935 = DIRECTION ( 'NONE',  ( 0.000000000000000000, 1.000000000000000000, 0.000000000000000000 ) ) ;
#10936 =( NAMED_UNIT ( * ) SI_UNIT ( $, .STERADIAN. ) SOLID_ANGLE_UNIT ( ) );
#10937 = UNCERTAINTY_MEASURE_WITH_UNIT (LENGTH_MEASURE( 1.000000000000000082E-05 ), #3414, 'distance_accuracy_value', 'NONE');
#10938 = DIRECTION ( 'NONE',  ( 0.000000000000000000, 1.000000000000000000, 0.000000000000000000 ) ) ;
#10939 = DIRECTION ( 'NONE',  ( 0.000000000000000000, 1.000000000000000000, 0.000000000000000000 ) ) ;
#10940 = CARTESIAN_POINT ( 'NONE',  ( -1.689361700415610068, 1.092544424012449999, 0.000000000000000000 ) ) ;
#10941 = EDGE_CURVE ( 'NONE', #3392, #772, #11769, .T. ) ;
#10942 = CARTESIAN_POINT ( 'NONE',  ( -12.85999999999999943, 3.000000000000000000, 3.200000000000000178 ) ) ;
#10943 = CARTESIAN_POINT ( 'NONE',  ( 0.6199999999999890044, 0.2000000000000000111, 3.200000000000000178 ) ) ;
#10944 =( NAMED_UNIT ( * ) PLANE_ANGLE_UNIT ( ) SI_UNIT ( $, .RADIAN. ) );
#10945 = ADVANCED_BREP_SHAPE_REPRESENTATION ( 'conn-th_7p-p3x96_vh3x96-7a', ( #5272, #1123, #1091, #479, #5309, #1240, #4656, #9203, #3596 ), #8773 ) ;
#10946 = CARTESIAN_POINT ( 'NONE',  ( -3.370000000000000107, 1.369999999999999885, 10.20000000000000107 ) ) ;
#10947 = ORIENTED_EDGE ( 'NONE', *, *, #3521, .T. ) ;
#10948 = CARTESIAN_POINT ( 'NONE',  ( -1.676595744490619877, 0.4175444955380249734, -0.05000000000000000278 ) ) ;
#10949 = VECTOR ( 'NONE', #2639, 1000.000000000000000 ) ;
#10950 = PRESENTATION_STYLE_ASSIGNMENT (( #463 ) ) ;
#10951 = UNCERTAINTY_MEASURE_WITH_UNIT (LENGTH_MEASURE( 1.000000000000000082E-05 ), #3545, 'distance_accuracy_value', 'NONE');
#10952 = LINE ( 'NONE', #3416, #8266 ) ;
#10953 = LINE ( 'NONE', #2400, #4968 ) ;
#10954 = SURFACE_STYLE_FILL_AREA ( #6146 ) ;
#10955 = EDGE_CURVE ( 'NONE', #6093, #2190, #9411, .T. ) ;
#10956 = DIRECTION ( 'NONE',  ( 0.000000000000000000, -0.9766444667050904194, 0.2148617826751180737 ) ) ;
#10957 = DIRECTION ( 'NONE',  ( 0.000000000000000000, 1.000000000000000000, 0.000000000000000000 ) ) ;
#10958 = ORIENTED_EDGE ( 'NONE', *, *, #8945, .T. ) ;
#10959 = FACE_OUTER_BOUND ( 'NONE', #10606, .T. ) ;
#10960 = CARTESIAN_POINT ( 'NONE',  ( -2.200000000000000178, 1.255044447854309908, 0.000000000000000000 ) ) ;
#10961 = LINE ( 'NONE', #5397, #9254 ) ;
#10962 = EDGE_LOOP ( 'NONE', ( #12228, #3309, #6963, #1322 ) ) ;
#10963 = FACE_OUTER_BOUND ( 'NONE', #7427, .T. ) ;
#10964 = CARTESIAN_POINT ( 'NONE',  ( -12.46000000000000085, 0.2000000000000000111, 3.200000000000000178 ) ) ;
#10965 = ORIENTED_EDGE ( 'NONE', *, *, #3375, .F. ) ;
#10966 = PLANE ( 'NONE',  #9843 ) ;
#10967 = PLANE ( 'NONE',  #2128 ) ;
#10968 = DIRECTION ( 'NONE',  ( -1.000000000000000000, 0.000000000000000000, 0.000000000000000000 ) ) ;
#10969 = CARTESIAN_POINT ( 'NONE',  ( -1.995744669437410357, -0.1824555044619740052, -0.05000000000000000278 ) ) ;
#10970 = ADVANCED_FACE ( 'NONE', ( #9228 ), #12278, .T. ) ;
#10972 = VERTEX_POINT ( 'NONE', #4407 ) ;
#10971 = LINE ( 'NONE', #8120, #436 ) ;
#10973 = ORIENTED_EDGE ( 'NONE', *, *, #3277, .T. ) ;
#10974 =( LENGTH_UNIT ( ) NAMED_UNIT ( * ) SI_UNIT ( .MILLI., .METRE. ) );
#10975 = DIRECTION ( 'NONE',  ( 0.5627910658975490144, 0.8265991871190659923, 0.000000000000000000 ) ) ;
#10976 = EDGE_CURVE ( 'NONE', #5033, #1857, #4672, .T. ) ;
#10977 = CARTESIAN_POINT ( 'NONE',  ( -7.330000000000000071, 0.2300000000000000100, -2.399999999999999911 ) ) ;
#10978 = ORIENTED_EDGE ( 'NONE', *, *, #5405, .T. ) ;
#10979 = FILL_AREA_STYLE_COLOUR ( '', #1626 ) ;
#10980 = FILL_AREA_STYLE_COLOUR ( '', #959 ) ;
#10981 = DIRECTION ( 'NONE',  ( 0.000000000000000000, 1.000000000000000000, 0.000000000000000000 ) ) ;
#10982 = MECHANICAL_DESIGN_GEOMETRIC_PRESENTATION_REPRESENTATION (  '', ( #6807 ), #7611 ) ;
#10983 = FILL_AREA_STYLE_COLOUR ( '', #1234 ) ;
#10984 =( NAMED_UNIT ( * ) SI_UNIT ( $, .STERADIAN. ) SOLID_ANGLE_UNIT ( ) );
#10985 = EDGE_CURVE ( 'NONE', #12096, #7926, #10394, .T. ) ;
#10986 = VERTEX_POINT ( 'NONE', #7545 ) ;
#10987 = VECTOR ( 'NONE', #2948, 1000.000000000000114 ) ;
#10988 =( GEOMETRIC_REPRESENTATION_CONTEXT ( 3 ) GLOBAL_UNCERTAINTY_ASSIGNED_CONTEXT ( ( #2207 ) ) GLOBAL_UNIT_ASSIGNED_CONTEXT ( ( #7325, #3451, #12123 ) ) REPRESENTATION_CONTEXT ( 'NONE', 'WORKASPACE' ) );
#10989 = PRESENTATION_STYLE_ASSIGNMENT (( #2513 ) ) ;
#10990 = ORIENTED_EDGE ( 'NONE', *, *, #8237, .T. ) ;
#10991 = PRESENTATION_STYLE_ASSIGNMENT (( #9894 ) ) ;
#10992 = PLANE ( 'NONE',  #10648 ) ;
#10993 = DIRECTION ( 'NONE',  ( -1.000000000000000000, 0.000000000000000000, 0.000000000000000000 ) ) ;
#10994 = MECHANICAL_DESIGN_GEOMETRIC_PRESENTATION_REPRESENTATION (  '', ( #2226 ), #1238 ) ;
#10995 = DIRECTION ( 'NONE',  ( 0.000000000000000000, 0.000000000000000000, -1.000000000000000000 ) ) ;
#10996 = FILL_AREA_STYLE ('',( #2319 ) ) ;
#10997 = LINE ( 'NONE', #3587, #1940 ) ;
#10998 = UNCERTAINTY_MEASURE_WITH_UNIT (LENGTH_MEASURE( 1.000000000000000082E-05 ), #10354, 'distance_accuracy_value', 'NONE');
#10999 = LINE ( 'NONE', #9196, #5801 ) ;
#11000 =( LENGTH_UNIT ( ) NAMED_UNIT ( * ) SI_UNIT ( .MILLI., .METRE. ) );
#11001 = STYLED_ITEM ( 'NONE', ( #1483 ), #2952 ) ;
#11002 = CARTESIAN_POINT ( 'NONE',  ( -1.600000000000000089, 0.8675444240124519091, -0.05000000000000000278 ) ) ;
#11003 = MECHANICAL_DESIGN_GEOMETRIC_PRESENTATION_REPRESENTATION (  '', ( #8230 ), #8218 ) ;
#11004 = DIRECTION ( 'NONE',  ( 0.000000000000000000, 0.9766444667050906414, 0.2148617826751169080 ) ) ;
#11005 = VECTOR ( 'NONE', #2968, 999.9999999999998863 ) ;
#11006 = VERTEX_POINT ( 'NONE', #7306 ) ;
#11007 = COLOUR_RGB ( '',0.2941176470588235392, 0.2941176470588235392, 0.2941176470588235392 ) ;
#11008 = EDGE_CURVE ( 'NONE', #1833, #3940, #9295, .T. ) ;
#11009 = FACE_OUTER_BOUND ( 'NONE', #307, .T. ) ;
#11010 = STYLED_ITEM ( 'NONE', ( #12288 ), #5256 ) ;
#11011 = DIRECTION ( 'NONE',  ( 1.000000000000000000, 0.000000000000000000, 0.000000000000000000 ) ) ;
#11012 = VECTOR ( 'NONE', #11459, 1000.000000000000000 ) ;
#11013 = PRESENTATION_STYLE_ASSIGNMENT (( #11953 ) ) ;
#11014 = MECHANICAL_DESIGN_GEOMETRIC_PRESENTATION_REPRESENTATION (  '', ( #12017 ), #9225 ) ;
#11015 = CARTESIAN_POINT ( 'NONE',  ( -0.6800000000000100409, 4.000000000000000000, 0.000000000000000000 ) ) ;
#11016 =( NAMED_UNIT ( * ) SI_UNIT ( $, .STERADIAN. ) SOLID_ANGLE_UNIT ( ) );
#11017 = VECTOR ( 'NONE', #10181, 1000.000000000000000 ) ;
#11018 = FACE_OUTER_BOUND ( 'NONE', #8599, .T. ) ;
#11019 = MECHANICAL_DESIGN_GEOMETRIC_PRESENTATION_REPRESENTATION (  '', ( #5658 ), #9062 ) ;
#11020 = VECTOR ( 'NONE', #3004, 1000.000000000000000 ) ;
#11021 = EDGE_LOOP ( 'NONE', ( #4096, #795, #7991, #543 ) ) ;
#11022 =( NAMED_UNIT ( * ) PLANE_ANGLE_UNIT ( ) SI_UNIT ( $, .RADIAN. ) );
#11023 = FACE_OUTER_BOUND ( 'NONE', #9888, .T. ) ;
#11024 = ORIENTED_EDGE ( 'NONE', *, *, #9846, .T. ) ;
#11025 = SURFACE_STYLE_FILL_AREA ( #3233 ) ;
#11026 = PRESENTATION_LAYER_ASSIGNMENT (  '', '', ( #3065 ) ) ;
#11027 = MECHANICAL_DESIGN_GEOMETRIC_PRESENTATION_REPRESENTATION (  '', ( #5446 ), #5627 ) ;
#11028 = VECTOR ( 'NONE', #5516, 1000.000000000000000 ) ;
#11029 = ORIENTED_EDGE ( 'NONE', *, *, #901, .F. ) ;
#11030 = VECTOR ( 'NONE', #1443, 1000.000000000000000 ) ;
#11031 = EDGE_CURVE ( 'NONE', #5903, #5643, #791, .T. ) ;
#11032 = MECHANICAL_DESIGN_GEOMETRIC_PRESENTATION_REPRESENTATION (  '', ( #9053 ), #57 ) ;
#11033 = CARTESIAN_POINT ( 'NONE',  ( 8.540000000000000924, 0.2000000000000000111, 3.200000000000000178 ) ) ;
#11034 = MECHANICAL_DESIGN_GEOMETRIC_PRESENTATION_REPRESENTATION (  '', ( #9458 ), #5059 ) ;
#11035 = SURFACE_STYLE_USAGE ( .BOTH. , #10288 ) ;
#11036 = DIRECTION ( 'NONE',  ( 0.000000000000000000, -1.000000000000000000, 0.000000000000000000 ) ) ;
#11037 = DIRECTION ( 'NONE',  ( 0.2100675449707440356, 0.2100675449707440356, -0.9548524771397562949 ) ) ;
#11038 = STYLED_ITEM ( 'NONE', ( #322 ), #7621 ) ;
#11040 = ORIENTED_EDGE ( 'NONE', *, *, #5000, .F. ) ;
#11039 = SURFACE_SIDE_STYLE ('',( #11973 ) ) ;
#11041 = VERTEX_POINT ( 'NONE', #6424 ) ;
#11042 =( NAMED_UNIT ( * ) PLANE_ANGLE_UNIT ( ) SI_UNIT ( $, .RADIAN. ) );
#11043 = MECHANICAL_DESIGN_GEOMETRIC_PRESENTATION_REPRESENTATION (  '', ( #9464 ), #10803 ) ;
#11044 = CARTESIAN_POINT ( 'NONE',  ( -7.200000000000000178, -4.000000000000000000, 0.000000000000000000 ) ) ;
#11045 = VECTOR ( 'NONE', #4763, 1000.000000000000000 ) ;
#11046 = LINE ( 'NONE', #4238, #3271 ) ;
#11047 = PRESENTATION_STYLE_ASSIGNMENT (( #493 ) ) ;
#11048 = VECTOR ( 'NONE', #12075, 1000.000000000000000 ) ;
#11049 = EDGE_CURVE ( 'NONE', #553, #10533, #6601, .T. ) ;
#11050 = PRESENTATION_LAYER_ASSIGNMENT (  '', '', ( #9466 ) ) ;
#11051 = CARTESIAN_POINT ( 'NONE',  ( -11.25999999999999979, 1.399999999999999911, 0.5999999999999999778 ) ) ;
#11052 = DIRECTION ( 'NONE',  ( 0.000000000000000000, -1.000000000000000000, 0.000000000000000000 ) ) ;
#11053 = VECTOR ( 'NONE', #9895, 1000.000000000000114 ) ;
#11054 = ORIENTED_EDGE ( 'NONE', *, *, #5776, .T. ) ;
#11055 =( NAMED_UNIT ( * ) PLANE_ANGLE_UNIT ( ) SI_UNIT ( $, .RADIAN. ) );
#11056 = ADVANCED_FACE ( 'NONE', ( #10218 ), #11227, .T. ) ;
#11057 =( NAMED_UNIT ( * ) SI_UNIT ( $, .STERADIAN. ) SOLID_ANGLE_UNIT ( ) );
#11058 = SURFACE_SIDE_STYLE ('',( #7262 ) ) ;
#11059 = SURFACE_STYLE_USAGE ( .BOTH. , #1385 ) ;
#11060 = VECTOR ( 'NONE', #2578, 1000.000000000000114 ) ;
#11061 = PRESENTATION_STYLE_ASSIGNMENT (( #501 ) ) ;
#11062 = ORIENTED_EDGE ( 'NONE', *, *, #10437, .F. ) ;
#11063 = DIRECTION ( 'NONE',  ( 0.000000000000000000, 0.000000000000000000, -1.000000000000000000 ) ) ;
#11064 = ORIENTED_EDGE ( 'NONE', *, *, #9314, .T. ) ;
#11065 = FACE_OUTER_BOUND ( 'NONE', #3869, .T. ) ;
#11066 = CARTESIAN_POINT ( 'NONE',  ( -4.639999999999999680, 4.000000000000000000, 0.000000000000000000 ) ) ;
#11067 = LINE ( 'NONE', #1454, #11526 ) ;
#11068 = UNCERTAINTY_MEASURE_WITH_UNIT (LENGTH_MEASURE( 1.000000000000000082E-05 ), #2619, 'distance_accuracy_value', 'NONE');
#11069 = CARTESIAN_POINT ( 'NONE',  ( -2.085106396675110219, -0.06995550446197459915, 0.000000000000000000 ) ) ;
#11070 = FACE_BOUND ( 'NONE', #1081, .T. ) ;
#11071 = CARTESIAN_POINT ( 'NONE',  ( -11.28999999999999915, 1.369999999999999885, -2.399999999999999911 ) ) ;
#11072 = DIRECTION ( 'NONE',  ( -1.000000000000000000, 0.000000000000000000, 0.000000000000000000 ) ) ;
#11073 = DIRECTION ( 'NONE',  ( 0.000000000000000000, 0.000000000000000000, -1.000000000000000000 ) ) ;
#11074 = ORIENTED_EDGE ( 'NONE', *, *, #8581, .F. ) ;
#11075 =( NAMED_UNIT ( * ) SI_UNIT ( $, .STERADIAN. ) SOLID_ANGLE_UNIT ( ) );
#11076 = CARTESIAN_POINT ( 'NONE',  ( -1.676595744490619877, 1.555044447854309952, -0.05000000000000000278 ) ) ;
#11077 = UNCERTAINTY_MEASURE_WITH_UNIT (LENGTH_MEASURE( 1.000000000000000082E-05 ), #6946, 'distance_accuracy_value', 'NONE');
#11078 = DIRECTION ( 'NONE',  ( 0.9813591893677280353, 0.1921825732045330526, 0.000000000000000000 ) ) ;
#11079 = LINE ( 'NONE', #9283, #10149 ) ;
#11080 = SURFACE_SIDE_STYLE ('',( #4472 ) ) ;
#11081 = LINE ( 'NONE', #3490, #5822 ) ;
#11082 = CARTESIAN_POINT ( 'NONE',  ( -11.16000000000000014, -4.000000000000000000, 0.000000000000000000 ) ) ;
#11083 = ORIENTED_EDGE ( 'NONE', *, *, #8530, .T. ) ;
#11084 = ADVANCED_FACE ( 'NONE', ( #10566 ), #11583, .T. ) ;
#11085 = LINE ( 'NONE', #529, #627 ) ;
#11086 = DIRECTION ( 'NONE',  ( 0.000000000000000000, -1.000000000000000000, 0.000000000000000000 ) ) ;
#11087 = ORIENTED_EDGE ( 'NONE', *, *, #7996, .F. ) ;
#11088 = CARTESIAN_POINT ( 'NONE',  ( 4.679999999999999716, -4.000000000000000000, 0.5999999999999999778 ) ) ;
#11089 = CARTESIAN_POINT ( 'NONE',  ( 11.33000000000000007, 1.369999999999999885, 11.19999999999999929 ) ) ;
#11090 = ORIENTED_EDGE ( 'NONE', *, *, #3418, .T. ) ;
#11091 = FILL_AREA_STYLE_COLOUR ( '', #9452 ) ;
#11092 = DIRECTION ( 'NONE',  ( 0.000000000000000000, 0.2333729524753241080, 0.9723873019805174822 ) ) ;
#11093 = UNCERTAINTY_MEASURE_WITH_UNIT (LENGTH_MEASURE( 1.000000000000000082E-05 ), #8959, 'distance_accuracy_value', 'NONE');
#11094 = CARTESIAN_POINT ( 'NONE',  ( 12.50000000000000000, 3.479999999999999982, 9.500000000000000000 ) ) ;
#11095 =( LENGTH_UNIT ( ) NAMED_UNIT ( * ) SI_UNIT ( .MILLI., .METRE. ) );
#11096 = FACE_OUTER_BOUND ( 'NONE', #11454, .T. ) ;
#11097 = LINE ( 'NONE', #7108, #1773 ) ;
#11098 = CARTESIAN_POINT ( 'NONE',  ( -1.600000000000000089, 1.142544447854309864, -0.05000000000000000278 ) ) ;
#11100 = VERTEX_POINT ( 'NONE', #11466 ) ;
#11099 =( LENGTH_UNIT ( ) NAMED_UNIT ( * ) SI_UNIT ( .MILLI., .METRE. ) );
#11101 = ORIENTED_EDGE ( 'NONE', *, *, #1416, .F. ) ;
#11102 = CARTESIAN_POINT ( 'NONE',  ( 8.540000000000000924, 0.2000000000000000111, 3.200000000000000178 ) ) ;
#11103 = EDGE_CURVE ( 'NONE', #958, #191, #12240, .T. ) ;
#11104 = EDGE_CURVE ( 'NONE', #12071, #1741, #6851, .T. ) ;
#11105 = LINE ( 'NONE', #3320, #7443 ) ;
#11106 = CARTESIAN_POINT ( 'NONE',  ( -1.957446801662450220, 0.7925444955380260836, 0.000000000000000000 ) ) ;
#11107 = FILL_AREA_STYLE_COLOUR ( '', #8428 ) ;
#11108 = AXIS2_PLACEMENT_3D ( 'NONE', #11849, #5102, #8916 ) ;
#11109 = VECTOR ( 'NONE', #5736, 1000.000000000000000 ) ;
#11110 = VERTEX_POINT ( 'NONE', #6784 ) ;
#11111 =( NAMED_UNIT ( * ) PLANE_ANGLE_UNIT ( ) SI_UNIT ( $, .RADIAN. ) );
#11112 =( LENGTH_UNIT ( ) NAMED_UNIT ( * ) SI_UNIT ( .MILLI., .METRE. ) );
#11113 =( LENGTH_UNIT ( ) NAMED_UNIT ( * ) SI_UNIT ( .MILLI., .METRE. ) );
#11114 = DIRECTION ( 'NONE',  ( -0.9766444667050901973, 0.000000000000000000, 0.2148617826751190452 ) ) ;
#11115 = CARTESIAN_POINT ( 'NONE',  ( -1.880851066112519954, 0.4675444478543100413, 0.000000000000000000 ) ) ;
#11116 = ADVANCED_FACE ( 'NONE', ( #12338 ), #9482, .T. ) ;
#11117 = MECHANICAL_DESIGN_GEOMETRIC_PRESENTATION_REPRESENTATION (  '', ( #7346 ), #10899 ) ;
#11118 =( GEOMETRIC_REPRESENTATION_CONTEXT ( 3 ) GLOBAL_UNCERTAINTY_ASSIGNED_CONTEXT ( ( #10503 ) ) GLOBAL_UNIT_ASSIGNED_CONTEXT ( ( #11506, #7716, #2972 ) ) REPRESENTATION_CONTEXT ( 'NONE', 'WORKASPACE' ) );
#11119 = DIRECTION ( 'NONE',  ( 0.000000000000000000, -1.000000000000000000, 0.000000000000000000 ) ) ;
#11120 = ORIENTED_EDGE ( 'NONE', *, *, #8331, .T. ) ;
#11121 = PRESENTATION_LAYER_ASSIGNMENT (  '', '', ( #11329 ) ) ;
#11122 = ADVANCED_FACE ( 'NONE', ( #7600 ), #11399, .T. ) ;
#11123 = CARTESIAN_POINT ( 'NONE',  ( -11.50999999999999979, 0.4500000000000000111, -3.399999999999999911 ) ) ;
#11124 = VECTOR ( 'NONE', #11370, 1000.000000000000000 ) ;
#11125 = ORIENTED_EDGE ( 'NONE', *, *, #10548, .T. ) ;
#11126 = CLOSED_SHELL ( 'NONE', ( #10325, #5447, #5262, #5242, #6927, #823, #361, #1449, #1497, #9810, #2120, #3212, #10168, #1403, #10649, #11891, #9606, #10424, #2092, #10179, #7473, #8708, #3711, #10495, #2350, #6575, #12336, #7684, #2116, #734, #9731, #641, #4740, #12049, #7142, #4100, #12066, #1663, #11303, #10043, #9986, #3200, #2589, #1889, #10131, #10880, #10970, #11271, #1538, #10291, #755, #11084, #5959, #6217, #4801, #2676, #8569, #5280, #5593, #11822, #5542, #5895, #1213, #878, #6586, #11887, #2580, #11662, #1138, #5856, #6168, #10368, #8449, #9871, #6292, #7894, #1961, #2952, #5865, #11122, #4860, #4707, #9851, #516, #3428, #5796, #11116, #6067, #5642, #8819, #4234, #3634, #2137, #6879, #8077, #7159, #5213, #1036, #7551, #4658, #10352, #6198, #7906, #829, #7882, #5836, #10731, #8757, #11684, #1482, #6316, #7331, #720, #9183, #5999, #2810, #11992, #7621, #2746, #3982, #10006, #11946, #1439, #4988, #3076, #12344, #7557, #2323, #11483, #6409, #133, #7583, #5764, #10512, #8987, #1104, #10211, #6754, #1581, #7929, #286, #1193, #1803, #6933, #9384, #10082, #7083, #6995, #4789, #3209, #10583, #4122, #10898, #6706, #10559, #3367, #8164, #8433, #5483, #4482, #3409, #6940, #12013, #1230, #4183, #8380, #9072, #10870, #4555, #7781, #11682, #6248, #128, #16, #484, #5143, #1334, #11860 ) ) ;
#11127 = SURFACE_SIDE_STYLE ('',( #6461 ) ) ;
#11128 = FILL_AREA_STYLE ('',( #3811 ) ) ;
#11129 = SURFACE_SIDE_STYLE ('',( #7335 ) ) ;
#11130 = CARTESIAN_POINT ( 'NONE',  ( 12.85999999999999943, 3.000000000000000000, 3.200000000000000178 ) ) ;
#11131 = CARTESIAN_POINT ( 'NONE',  ( 7.590000000000000746, 0.4500000000000000111, -3.399999999999999911 ) ) ;
#11132 = PRESENTATION_STYLE_ASSIGNMENT (( #5382 ) ) ;
#11133 = VECTOR ( 'NONE', #1308, 1000.000000000000000 ) ;
#11134 = PRESENTATION_STYLE_ASSIGNMENT (( #642 ) ) ;
#11135 = EDGE_CURVE ( 'NONE', #9702, #11966, #4143, .T. ) ;
#11136 = DIRECTION ( 'NONE',  ( 0.000000000000000000, -1.000000000000000000, 0.000000000000000000 ) ) ;
#11137 = UNCERTAINTY_MEASURE_WITH_UNIT (LENGTH_MEASURE( 1.000000000000000082E-05 ), #8279, 'distance_accuracy_value', 'NONE');
#11138 = EDGE_LOOP ( 'NONE', ( #2752, #3148, #5400, #11881 ) ) ;
#11139 =( LENGTH_UNIT ( ) NAMED_UNIT ( * ) SI_UNIT ( .MILLI., .METRE. ) );
#11140 = SURFACE_STYLE_FILL_AREA ( #5277 ) ;
#11141 = STYLED_ITEM ( 'NONE', ( #2380 ), #10179 ) ;
#11142 = EDGE_CURVE ( 'NONE', #1511, #8941, #7206, .T. ) ;
#11143 = SURFACE_SIDE_STYLE ('',( #10080 ) ) ;
#11144 = EDGE_CURVE ( 'NONE', #4397, #3560, #1405, .T. ) ;
#11145 = EDGE_CURVE ( 'NONE', #2979, #1071, #1217, .T. ) ;
#11146 = VERTEX_POINT ( 'NONE', #277 ) ;
#11147 = VECTOR ( 'NONE', #7872, 1000.000000000000000 ) ;
#11148 = PRESENTATION_STYLE_ASSIGNMENT (( #586 ) ) ;
#11149 =( LENGTH_UNIT ( ) NAMED_UNIT ( * ) SI_UNIT ( .MILLI., .METRE. ) );
#11150 = CARTESIAN_POINT ( 'NONE',  ( -8.500000000000000000, 1.399999999999999911, 0.5999999999999999778 ) ) ;
#11151 = DIRECTION ( 'NONE',  ( -1.000000000000000000, 0.000000000000000000, 0.000000000000000000 ) ) ;
#11152 = PRESENTATION_LAYER_ASSIGNMENT (  '', '', ( #3396 ) ) ;
#11153 = CARTESIAN_POINT ( 'NONE',  ( -1.612765957042569864, 1.080044471696169905, 0.000000000000000000 ) ) ;
#11154 = DIRECTION ( 'NONE',  ( -0.8981377659536461389, 0.4397141723526700186, 0.000000000000000000 ) ) ;
#11155 = ORIENTED_EDGE ( 'NONE', *, *, #2353, .T. ) ;
#11156 = LINE ( 'NONE', #7160, #4230 ) ;
#11157 =( NAMED_UNIT ( * ) SI_UNIT ( $, .STERADIAN. ) SOLID_ANGLE_UNIT ( ) );
#11158 = EDGE_CURVE ( 'NONE', #1837, #11316, #11830, .T. ) ;
#11159 = EDGE_LOOP ( 'NONE', ( #8192, #9634, #9998, #7519 ) ) ;
#11160 = DIRECTION ( 'NONE',  ( 1.000000000000000000, 0.000000000000000000, 0.000000000000000000 ) ) ;
#11161 = LINE ( 'NONE', #673, #3484 ) ;
#11162 = EDGE_CURVE ( 'NONE', #4255, #9398, #9090, .T. ) ;
#11163 = ORIENTED_EDGE ( 'NONE', *, *, #8581, .T. ) ;
#11164 = AXIS2_PLACEMENT_3D ( 'NONE', #6466, #5445, #10317 ) ;
#11165 = FILL_AREA_STYLE_COLOUR ( '', #2256 ) ;
#11166 = CARTESIAN_POINT ( 'NONE',  ( -11.28999999999999915, 0.2300000000000000100, -2.399999999999999911 ) ) ;
#11167 = DIRECTION ( 'NONE',  ( 0.000000000000000000, 0.000000000000000000, -1.000000000000000000 ) ) ;
#11168 = CARTESIAN_POINT ( 'NONE',  ( -2.200000000000000178, 0.4175444955380249734, 0.000000000000000000 ) ) ;
#11169 = PRESENTATION_STYLE_ASSIGNMENT (( #861 ) ) ;
#11170 = ORIENTED_EDGE ( 'NONE', *, *, #5421, .F. ) ;
#11171 =( LENGTH_UNIT ( ) NAMED_UNIT ( * ) SI_UNIT ( .MILLI., .METRE. ) );
#11173 = ORIENTED_EDGE ( 'NONE', *, *, #1622, .T. ) ;
#11172 = DIRECTION ( 'NONE',  ( -1.000000000000000000, 0.000000000000000000, 0.000000000000000000 ) ) ;
#11174 = EDGE_LOOP ( 'NONE', ( #11396, #2253, #5061, #2488 ) ) ;
#11175 = DIRECTION ( 'NONE',  ( -1.000000000000000000, 0.000000000000000000, 0.000000000000000000 ) ) ;
#11176 = PRESENTATION_STYLE_ASSIGNMENT (( #5594 ) ) ;
#11177 = CARTESIAN_POINT ( 'NONE',  ( -3.340000000000000302, 1.399999999999999911, 3.200000000000000178 ) ) ;
#11178 = EDGE_CURVE ( 'NONE', #11298, #5864, #4331, .T. ) ;
#11179 = FACE_OUTER_BOUND ( 'NONE', #9017, .T. ) ;
#11180 = DIRECTION ( 'NONE',  ( 0.000000000000000000, 0.9766444667050906414, -0.2148617826751169080 ) ) ;
#11181 = ORIENTED_EDGE ( 'NONE', *, *, #10746, .T. ) ;
#11182 = CARTESIAN_POINT ( 'NONE',  ( 11.33000000000000007, 0.2300000000000000100, 10.20000000000000107 ) ) ;
#11183 = FILL_AREA_STYLE_COLOUR ( '', #761 ) ;
#11184 = DIRECTION ( 'NONE',  ( 0.8981380143666159999, 0.4397136649566310007, 0.000000000000000000 ) ) ;
#11185 = CARTESIAN_POINT ( 'NONE',  ( 8.509999999999999787, 0.2300000000000000100, -2.399999999999999911 ) ) ;
#11186 = ORIENTED_EDGE ( 'NONE', *, *, #2295, .T. ) ;
#11187 = EDGE_CURVE ( 'NONE', #8691, #1807, #2277, .T. ) ;
#11188 = SURFACE_SIDE_STYLE ('',( #2634 ) ) ;
#11189 = EDGE_LOOP ( 'NONE', ( #10958, #6183, #4901, #7741 ) ) ;
#11190 = VECTOR ( 'NONE', #6966, 1000.000000000000114 ) ;
#11191 =( NAMED_UNIT ( * ) PLANE_ANGLE_UNIT ( ) SI_UNIT ( $, .RADIAN. ) );
#11192 = CARTESIAN_POINT ( 'NONE',  ( -2.123404264450070134, 1.255044447854309908, 0.000000000000000000 ) ) ;
#11193 = CARTESIAN_POINT ( 'NONE',  ( 4.549999999999999822, 0.2300000000000000100, 10.20000000000000107 ) ) ;
#11194 = CARTESIAN_POINT ( 'NONE',  ( -1.600000000000000089, 2.005044447854310352, 0.000000000000000000 ) ) ;
#11195 =( NAMED_UNIT ( * ) PLANE_ANGLE_UNIT ( ) SI_UNIT ( $, .RADIAN. ) );
#11196 = DIRECTION ( 'NONE',  ( -0.2001232084927629939, 0.9797707392153340855, 0.000000000000000000 ) ) ;
#11197 = ORIENTED_EDGE ( 'NONE', *, *, #8899, .T. ) ;
#11198 = SURFACE_SIDE_STYLE ('',( #12144 ) ) ;
#11199 = MECHANICAL_DESIGN_GEOMETRIC_PRESENTATION_REPRESENTATION (  '', ( #2421 ), #2625 ) ;
#11200 = COLOUR_RGB ( '',0.2941176470588235392, 0.2941176470588235392, 0.2941176470588235392 ) ;
#11201 =( GEOMETRIC_REPRESENTATION_CONTEXT ( 3 ) GLOBAL_UNCERTAINTY_ASSIGNED_CONTEXT ( ( #5460 ) ) GLOBAL_UNIT_ASSIGNED_CONTEXT ( ( #10265, #8283, #7285 ) ) REPRESENTATION_CONTEXT ( 'NONE', 'WORKASPACE' ) );
#11202 = EDGE_LOOP ( 'NONE', ( #12183, #5096, #2573, #504 ) ) ;
#11203 = EDGE_CURVE ( 'NONE', #8446, #7104, #8163, .T. ) ;
#11204 = LINE ( 'NONE', #775, #7636 ) ;
#11205 = MECHANICAL_DESIGN_GEOMETRIC_PRESENTATION_REPRESENTATION (  '', ( #6213 ), #2834 ) ;
#11206 = DIRECTION ( 'NONE',  ( 0.000000000000000000, 0.9766444667050906414, -0.2148617826751169080 ) ) ;
#11207 = PRESENTATION_LAYER_ASSIGNMENT (  '', '', ( #11607 ) ) ;
#11208 = LINE ( 'NONE', #10450, #52 ) ;
#11209 = PLANE ( 'NONE',  #2994 ) ;
#11210 = SURFACE_SIDE_STYLE ('',( #4526 ) ) ;
#11212 = ADVANCED_FACE ( 'NONE', ( #5199 ), #11951, .T. ) ;
#11211 = AXIS2_PLACEMENT_3D ( 'NONE', #429, #3518, #559 ) ;
#11213 = SURFACE_STYLE_FILL_AREA ( #3541 ) ;
#11214 = LINE ( 'NONE', #6487, #5645 ) ;
#11215 = ORIENTED_EDGE ( 'NONE', *, *, #1993, .F. ) ;
#11216 = LINE ( 'NONE', #3037, #4202 ) ;
#11217 = DIRECTION ( 'NONE',  ( -1.000000000000000000, 0.000000000000000000, 0.000000000000000000 ) ) ;
#11218 = ORIENTED_EDGE ( 'NONE', *, *, #7744, .F. ) ;
#11219 = LINE ( 'NONE', #70, #2458 ) ;
#11220 = LINE ( 'NONE', #2674, #9430 ) ;
#11221 = STYLED_ITEM ( 'NONE', ( #460 ), #618 ) ;
#11222 = ORIENTED_EDGE ( 'NONE', *, *, #4079, .T. ) ;
#11223 = PRESENTATION_LAYER_ASSIGNMENT (  '', '', ( #2229 ) ) ;
#11224 = COLOUR_RGB ( '',0.7803921568627451011, 0.7803921568627451011, 0.7803921568627451011 ) ;
#11225 = AXIS2_PLACEMENT_3D ( 'NONE', #1579, #11004, #3412 ) ;
#11226 = MECHANICAL_DESIGN_GEOMETRIC_PRESENTATION_REPRESENTATION (  '', ( #9629 ), #10425 ) ;
#11227 = PLANE ( 'NONE',  #465 ) ;
#11228 = EDGE_CURVE ( 'NONE', #1099, #4345, #10327, .T. ) ;
#11229 = CARTESIAN_POINT ( 'NONE',  ( 12.47000000000000064, 0.2300000000000000100, -2.399999999999999911 ) ) ;
#11230 = STYLED_ITEM ( 'NONE', ( #8369 ), #10733 ) ;
#11231 = DIRECTION ( 'NONE',  ( -0.9486832528137613130, 0.3162279017270631098, 0.000000000000000000 ) ) ;
#11232 = PRESENTATION_STYLE_ASSIGNMENT (( #10289 ) ) ;
#11233 =( NAMED_UNIT ( * ) PLANE_ANGLE_UNIT ( ) SI_UNIT ( $, .RADIAN. ) );
#11234 = EDGE_LOOP ( 'NONE', ( #9302, #7075, #6887, #7608 ) ) ;
#11235 =( NAMED_UNIT ( * ) SI_UNIT ( $, .STERADIAN. ) SOLID_ANGLE_UNIT ( ) );
#11237 = ORIENTED_EDGE ( 'NONE', *, *, #8913, .F. ) ;
#11236 = VECTOR ( 'NONE', #2610, 1000.000000000000000 ) ;
#11238 = VERTEX_POINT ( 'NONE', #7531 ) ;
#11239 = COLOUR_RGB ( '',0.2941176470588235392, 0.2941176470588235392, 0.2941176470588235392 ) ;
#11240 = PRESENTATION_STYLE_ASSIGNMENT (( #10233 ) ) ;
#11241 = AXIS2_PLACEMENT_3D ( 'NONE', #1621, #10008, #11119 ) ;
#11242 =( LENGTH_UNIT ( ) NAMED_UNIT ( * ) SI_UNIT ( .MILLI., .METRE. ) );
#11243 = STYLED_ITEM ( 'NONE', ( #5175 ), #1036 ) ;
#11244 = VECTOR ( 'NONE', #2168, 999.9999999999998863 ) ;
#11245 = MECHANICAL_DESIGN_GEOMETRIC_PRESENTATION_REPRESENTATION (  '', ( #9238 ), #4848 ) ;
#11246 = PLANE ( 'NONE',  #2374 ) ;
#11247 = SURFACE_STYLE_USAGE ( .BOTH. , #6438 ) ;
#11248 =( LENGTH_UNIT ( ) NAMED_UNIT ( * ) SI_UNIT ( .MILLI., .METRE. ) );
#11249 = VERTEX_POINT ( 'NONE', #4587 ) ;
#11250 =( GEOMETRIC_REPRESENTATION_CONTEXT ( 3 ) GLOBAL_UNCERTAINTY_ASSIGNED_CONTEXT ( ( #95 ) ) GLOBAL_UNIT_ASSIGNED_CONTEXT ( ( #9691, #3199, #4054 ) ) REPRESENTATION_CONTEXT ( 'NONE', 'WORKASPACE' ) );
#11251 = SURFACE_STYLE_USAGE ( .BOTH. , #7444 ) ;
#11252 =( NAMED_UNIT ( * ) SI_UNIT ( $, .STERADIAN. ) SOLID_ANGLE_UNIT ( ) );
#11253 = DIRECTION ( 'NONE',  ( 0.000000000000000000, 1.000000000000000000, 0.000000000000000000 ) ) ;
#11254 =( NAMED_UNIT ( * ) PLANE_ANGLE_UNIT ( ) SI_UNIT ( $, .RADIAN. ) );
#11255 = VECTOR ( 'NONE', #5325, 1000.000000000000000 ) ;
#11256 = PLANE ( 'NONE',  #5259 ) ;
#11257 = EDGE_CURVE ( 'NONE', #1511, #1982, #6284, .T. ) ;
#11258 = EDGE_LOOP ( 'NONE', ( #7565, #7672, #1971, #11083 ) ) ;
#11259 = MECHANICAL_DESIGN_GEOMETRIC_PRESENTATION_REPRESENTATION (  '', ( #5060 ), #9867 ) ;
#11260 = CARTESIAN_POINT ( 'NONE',  ( -1.804255312681200207, -0.1824555044619740052, -0.05000000000000000278 ) ) ;
#11261 = VERTEX_POINT ( 'NONE', #7409 ) ;
#11262 =( NAMED_UNIT ( * ) PLANE_ANGLE_UNIT ( ) SI_UNIT ( $, .RADIAN. ) );
#11263 = DIRECTION ( 'NONE',  ( 0.000000000000000000, 0.000000000000000000, -1.000000000000000000 ) ) ;
#11264 =( NAMED_UNIT ( * ) SI_UNIT ( $, .STERADIAN. ) SOLID_ANGLE_UNIT ( ) );
#11265 = AXIS2_PLACEMENT_3D ( 'NONE', #9765, #1145, #2001 ) ;
#11266 = SURFACE_STYLE_FILL_AREA ( #7467 ) ;
#11267 = FILL_AREA_STYLE ('',( #1812 ) ) ;
#11268 = UNCERTAINTY_MEASURE_WITH_UNIT (LENGTH_MEASURE( 1.000000000000000082E-05 ), #9836, 'distance_accuracy_value', 'NONE');
#11269 = ORIENTED_EDGE ( 'NONE', *, *, #5128, .F. ) ;
#11270 = SURFACE_STYLE_USAGE ( .BOTH. , #1522 ) ;
#11271 = ADVANCED_FACE ( 'NONE', ( #10196 ), #2591, .T. ) ;
#11272 = VECTOR ( 'NONE', #8739, 1000.000000000000000 ) ;
#11273 = PRESENTATION_LAYER_ASSIGNMENT (  '', '', ( #9676 ) ) ;
#11274 = ORIENTED_EDGE ( 'NONE', *, *, #4570, .T. ) ;
#11275 = CARTESIAN_POINT ( 'NONE',  ( 4.679999999999999716, -4.000000000000000000, 0.000000000000000000 ) ) ;
#11276 = CARTESIAN_POINT ( 'NONE',  ( -1.995744669437410357, 1.380044471696169950, 0.000000000000000000 ) ) ;
#11277 = LINE ( 'NONE', #2595, #11741 ) ;
#11278 = PRESENTATION_STYLE_ASSIGNMENT (( #12205 ) ) ;
#11279 =( NAMED_UNIT ( * ) PLANE_ANGLE_UNIT ( ) SI_UNIT ( $, .RADIAN. ) );
#11280 = UNCERTAINTY_MEASURE_WITH_UNIT (LENGTH_MEASURE( 1.000000000000000082E-05 ), #12189, 'distance_accuracy_value', 'NONE');
#11281 = CARTESIAN_POINT ( 'NONE',  ( -1.714893621206280194, 1.342544471696169861, -0.05000000000000000278 ) ) ;
#11282 = VERTEX_POINT ( 'NONE', #4390 ) ;
#11283 = DIRECTION ( 'NONE',  ( 0.000000000000000000, 1.000000000000000000, 0.000000000000000000 ) ) ;
#11284 = CARTESIAN_POINT ( 'NONE',  ( -1.689361700415610068, 1.417544435933379754, -0.05000000000000000278 ) ) ;
#11285 = EDGE_LOOP ( 'NONE', ( #7946, #1312, #313, #11 ) ) ;
#11286 = DIRECTION ( 'NONE',  ( 0.000000000000000000, 1.000000000000000000, 0.000000000000000000 ) ) ;
#11287 = DIRECTION ( 'NONE',  ( 0.000000000000000000, 1.000000000000000000, 0.000000000000000000 ) ) ;
#11288 = ORIENTED_EDGE ( 'NONE', *, *, #3957, .F. ) ;
#11289 = EDGE_CURVE ( 'NONE', #2586, #1818, #1526, .T. ) ;
#11290 =( NAMED_UNIT ( * ) SI_UNIT ( $, .STERADIAN. ) SOLID_ANGLE_UNIT ( ) );
#11291 = DIRECTION ( 'NONE',  ( -1.000000000000000000, 0.000000000000000000, 0.000000000000000000 ) ) ;
#11292 = UNCERTAINTY_MEASURE_WITH_UNIT (LENGTH_MEASURE( 1.000000000000000082E-05 ), #8134, 'distance_accuracy_value', 'NONE');
#11293 = CARTESIAN_POINT ( 'NONE',  ( -2.200000000000000178, 2.005044447854310352, 0.000000000000000000 ) ) ;
#11294 = SURFACE_STYLE_FILL_AREA ( #8488 ) ;
#11295 = ORIENTED_EDGE ( 'NONE', *, *, #11178, .T. ) ;
#11297 = EDGE_LOOP ( 'NONE', ( #2221, #5031, #8493, #1882, #10978, #3731, #8121, #11064, #5303, #4492, #11757, #10062, #149, #3231, #7100, #7914, #10908, #4115, #1177, #3179, #3709, #8662, #10013, #10310, #8108, #9918, #2143, #10851, #285, #1678, #487, #4296, #10932, #2180, #1171, #10507, #8580, #394, #9365, #9873 ) ) ;
#11296 = LINE ( 'NONE', #1847, #2873 ) ;
#11298 = VERTEX_POINT ( 'NONE', #8289 ) ;
#11299 = EDGE_CURVE ( 'NONE', #1451, #669, #2473, .T. ) ;
#11300 =( LENGTH_UNIT ( ) NAMED_UNIT ( * ) SI_UNIT ( .MILLI., .METRE. ) );
#11301 = SURFACE_SIDE_STYLE ('',( #7509 ) ) ;
#11302 = CARTESIAN_POINT ( 'NONE',  ( -1.714893621206280194, -0.06995550446197459915, 0.000000000000000000 ) ) ;
#11303 = ADVANCED_FACE ( 'NONE', ( #12086 ), #3536, .T. ) ;
#11304 = SURFACE_STYLE_USAGE ( .BOTH. , #3799 ) ;
#11305 = CARTESIAN_POINT ( 'NONE',  ( 8.540000000000000924, 1.399999999999999911, 3.200000000000000178 ) ) ;
#11306 = VERTEX_POINT ( 'NONE', #5687 ) ;
#11307 = CARTESIAN_POINT ( 'NONE',  ( -12.42999999999999972, 0.2300000000000000100, 10.20000000000000107 ) ) ;
#11308 =( NAMED_UNIT ( * ) SI_UNIT ( $, .STERADIAN. ) SOLID_ANGLE_UNIT ( ) );
#11309 =( NAMED_UNIT ( * ) SI_UNIT ( $, .STERADIAN. ) SOLID_ANGLE_UNIT ( ) );
#11310 =( GEOMETRIC_REPRESENTATION_CONTEXT ( 3 ) GLOBAL_UNCERTAINTY_ASSIGNED_CONTEXT ( ( #11511 ) ) GLOBAL_UNIT_ASSIGNED_CONTEXT ( ( #5079, #11195, #10136 ) ) REPRESENTATION_CONTEXT ( 'NONE', 'WORKASPACE' ) );
#11311 = DIRECTION ( 'NONE',  ( -1.000000000000000000, 0.000000000000000000, 0.000000000000000000 ) ) ;
#11312 = DIRECTION ( 'NONE',  ( 0.000000000000000000, 1.000000000000000000, 0.000000000000000000 ) ) ;
#11313 = VECTOR ( 'NONE', #3880, 1000.000000000000000 ) ;
#11314 = ORIENTED_EDGE ( 'NONE', *, *, #6733, .T. ) ;
#11315 = VECTOR ( 'NONE', #10902, 1000.000000000000000 ) ;
#11316 = VERTEX_POINT ( 'NONE', #7715 ) ;
#11317 = PLANE ( 'NONE',  #4880 ) ;
#11318 = STYLED_ITEM ( 'NONE', ( #7504 ), #9839 ) ;
#11319 =( NAMED_UNIT ( * ) SI_UNIT ( $, .STERADIAN. ) SOLID_ANGLE_UNIT ( ) );
#11320 = LINE ( 'NONE', #11606, #7019 ) ;
#11321 = DIRECTION ( 'NONE',  ( 0.000000000000000000, 1.000000000000000000, 0.000000000000000000 ) ) ;
#11322 = ORIENTED_EDGE ( 'NONE', *, *, #12195, .F. ) ;
#11323 =( NAMED_UNIT ( * ) SI_UNIT ( $, .STERADIAN. ) SOLID_ANGLE_UNIT ( ) );
#11324 =( GEOMETRIC_REPRESENTATION_CONTEXT ( 3 ) GLOBAL_UNCERTAINTY_ASSIGNED_CONTEXT ( ( #8671 ) ) GLOBAL_UNIT_ASSIGNED_CONTEXT ( ( #8849, #4314, #4379 ) ) REPRESENTATION_CONTEXT ( 'NONE', 'WORKASPACE' ) );
#11325 = MECHANICAL_DESIGN_GEOMETRIC_PRESENTATION_REPRESENTATION (  '', ( #347 ), #11723 ) ;
#11326 =( LENGTH_UNIT ( ) NAMED_UNIT ( * ) SI_UNIT ( .MILLI., .METRE. ) );
#11327 = EDGE_LOOP ( 'NONE', ( #7202, #9856, #4986, #8588 ) ) ;
#11328 = EDGE_CURVE ( 'NONE', #880, #1900, #11505, .T. ) ;
#11329 = STYLED_ITEM ( 'NONE', ( #9696 ), #5999 ) ;
#11330 = APPLICATION_CONTEXT ( 'automotive_design' ) ;
#11331 = FILL_AREA_STYLE_COLOUR ( '', #2525 ) ;
#11332 = PRESENTATION_STYLE_ASSIGNMENT (( #7535 ) ) ;
#11333 = MECHANICAL_DESIGN_GEOMETRIC_PRESENTATION_REPRESENTATION (  '', ( #2146 ), #11705 ) ;
#11334 = DIRECTION ( 'NONE',  ( -1.000000000000000000, 0.000000000000000000, 0.000000000000000000 ) ) ;
#11335 = LINE ( 'NONE', #3720, #257 ) ;
#11336 = VECTOR ( 'NONE', #4473, 1000.000000000000114 ) ;
#11337 = VERTEX_POINT ( 'NONE', #4952 ) ;
#11338 = LINE ( 'NONE', #4773, #6614 ) ;
#11339 = ORIENTED_EDGE ( 'NONE', *, *, #10819, .T. ) ;
#11340 = ORIENTED_EDGE ( 'NONE', *, *, #5782, .F. ) ;
#11341 = EDGE_CURVE ( 'NONE', #7786, #11477, #7777, .T. ) ;
#11342 = DIRECTION ( 'NONE',  ( 0.000000000000000000, 0.000000000000000000, -1.000000000000000000 ) ) ;
#11343 = VECTOR ( 'NONE', #7837, 1000.000000000000000 ) ;
#11344 = FILL_AREA_STYLE_COLOUR ( '', #11634 ) ;
#11345 = CARTESIAN_POINT ( 'NONE',  ( -1.612765957042569864, 1.080044471696169905, 0.000000000000000000 ) ) ;
#11346 = CARTESIAN_POINT ( 'NONE',  ( -2.123404264450070134, 1.255044447854309908, -0.05000000000000000278 ) ) ;
#11347 = COLOUR_RGB ( '',1.000000000000000000, 1.000000000000000000, 0.9450980392156862475 ) ;
#11348 = EDGE_LOOP ( 'NONE', ( #6549, #1093, #6717, #11479 ) ) ;
#11349 =( LENGTH_UNIT ( ) NAMED_UNIT ( * ) SI_UNIT ( .MILLI., .METRE. ) );
#11351 = VERTEX_POINT ( 'NONE', #1819 ) ;
#11350 = SURFACE_STYLE_USAGE ( .BOTH. , #3732 ) ;
#11352 = EDGE_LOOP ( 'NONE', ( #6478, #11340, #4715, #5788 ) ) ;
#11353 = CARTESIAN_POINT ( 'NONE',  ( -2.148936176300049627, -0.5324554567782588954, 0.000000000000000000 ) ) ;
#11354 = CARTESIAN_POINT ( 'NONE',  ( -2.123404264450070134, 1.142544447854309864, 0.000000000000000000 ) ) ;
#11355 = DIRECTION ( 'NONE',  ( 0.000000000000000000, -1.000000000000000000, 0.000000000000000000 ) ) ;
#11356 = COLOUR_RGB ( '',0.7803921568627451011, 0.7803921568627451011, 0.7803921568627451011 ) ;
#11357 =( NAMED_UNIT ( * ) PLANE_ANGLE_UNIT ( ) SI_UNIT ( $, .RADIAN. ) );
#11358 = EDGE_CURVE ( 'NONE', #8698, #4605, #7655, .T. ) ;
#11359 = CARTESIAN_POINT ( 'NONE',  ( 4.549999999999999822, 0.2300000000000000100, -2.399999999999999911 ) ) ;
#11360 =( LENGTH_UNIT ( ) NAMED_UNIT ( * ) SI_UNIT ( .MILLI., .METRE. ) );
#11361 = ORIENTED_EDGE ( 'NONE', *, *, #5539, .T. ) ;
#11362 =( NAMED_UNIT ( * ) SI_UNIT ( $, .STERADIAN. ) SOLID_ANGLE_UNIT ( ) );
#11363 = PRESENTATION_STYLE_ASSIGNMENT (( #10306 ) ) ;
#11364 = EDGE_CURVE ( 'NONE', #729, #10727, #2002, .T. ) ;
#11365 = CARTESIAN_POINT ( 'NONE',  ( -0.5500000000000080380, 1.369999999999999885, 10.20000000000000107 ) ) ;
#11366 = ORIENTED_EDGE ( 'NONE', *, *, #10340, .T. ) ;
#11367 = LINE ( 'NONE', #9264, #9267 ) ;
#11368 =( NAMED_UNIT ( * ) SI_UNIT ( $, .STERADIAN. ) SOLID_ANGLE_UNIT ( ) );
#11369 = FILL_AREA_STYLE_COLOUR ( '', #1489 ) ;
#11370 = DIRECTION ( 'NONE',  ( 0.000000000000000000, 0.000000000000000000, -1.000000000000000000 ) ) ;
#11371 = LINE ( 'NONE', #6636, #10645 ) ;
#11372 = DIRECTION ( 'NONE',  ( 0.000000000000000000, 0.000000000000000000, 1.000000000000000000 ) ) ;
#11373 =( LENGTH_UNIT ( ) NAMED_UNIT ( * ) SI_UNIT ( .MILLI., .METRE. ) );
#11374 = EDGE_CURVE ( 'NONE', #2904, #11761, #7586, .T. ) ;
#11375 = UNCERTAINTY_MEASURE_WITH_UNIT (LENGTH_MEASURE( 1.000000000000000082E-05 ), #7979, 'distance_accuracy_value', 'NONE');
#11376 = ORIENTED_EDGE ( 'NONE', *, *, #7599, .F. ) ;
#11377 = SURFACE_STYLE_FILL_AREA ( #1763 ) ;
#11378 = MECHANICAL_DESIGN_GEOMETRIC_PRESENTATION_REPRESENTATION (  '', ( #10003 ), #614 ) ;
#11379 = DIRECTION ( 'NONE',  ( 0.000000000000000000, -1.000000000000000000, 0.000000000000000000 ) ) ;
#11380 = ORIENTED_EDGE ( 'NONE', *, *, #1225, .F. ) ;
#11381 = DIRECTION ( 'NONE',  ( 0.000000000000000000, 0.000000000000000000, -1.000000000000000000 ) ) ;
#11382 =( NAMED_UNIT ( * ) PLANE_ANGLE_UNIT ( ) SI_UNIT ( $, .RADIAN. ) );
#11383 = DIRECTION ( 'NONE',  ( 0.000000000000000000, 0.000000000000000000, -1.000000000000000000 ) ) ;
#11384 =( LENGTH_UNIT ( ) NAMED_UNIT ( * ) SI_UNIT ( .MILLI., .METRE. ) );
#11385 =( NAMED_UNIT ( * ) SI_UNIT ( $, .STERADIAN. ) SOLID_ANGLE_UNIT ( ) );
#11386 = UNCERTAINTY_MEASURE_WITH_UNIT (LENGTH_MEASURE( 1.000000000000000082E-05 ), #4270, 'distance_accuracy_value', 'NONE');
#11387 = LINE ( 'NONE', #11512, #2648 ) ;
#11388 = FILL_AREA_STYLE ('',( #10090 ) ) ;
#11389 = PRESENTATION_LAYER_ASSIGNMENT (  '', '', ( #10392 ) ) ;
#11390 = ORIENTED_EDGE ( 'NONE', *, *, #2817, .T. ) ;
#11391 = MECHANICAL_DESIGN_GEOMETRIC_PRESENTATION_REPRESENTATION (  '', ( #2211 ), #4804 ) ;
#11392 =( NAMED_UNIT ( * ) PLANE_ANGLE_UNIT ( ) SI_UNIT ( $, .RADIAN. ) );
#11393 = ORIENTED_EDGE ( 'NONE', *, *, #10865, .T. ) ;
#11394 = SURFACE_STYLE_FILL_AREA ( #6716 ) ;
#11395 = EDGE_CURVE ( 'NONE', #1045, #2586, #9468, .T. ) ;
#11396 = ORIENTED_EDGE ( 'NONE', *, *, #6856, .T. ) ;
#11397 = VECTOR ( 'NONE', #4733, 1000.000000000000000 ) ;
#11398 = COLOUR_RGB ( '',0.2941176470588235392, 0.2941176470588235392, 0.2941176470588235392 ) ;
#11399 = PLANE ( 'NONE',  #6255 ) ;
#11400 = MECHANICAL_DESIGN_GEOMETRIC_PRESENTATION_REPRESENTATION (  '', ( #10794 ), #2633 ) ;
#11401 =( LENGTH_UNIT ( ) NAMED_UNIT ( * ) SI_UNIT ( .MILLI., .METRE. ) );
#11402 =( GEOMETRIC_REPRESENTATION_CONTEXT ( 3 ) GLOBAL_UNCERTAINTY_ASSIGNED_CONTEXT ( ( #1150 ) ) GLOBAL_UNIT_ASSIGNED_CONTEXT ( ( #3444, #10861, #8133 ) ) REPRESENTATION_CONTEXT ( 'NONE', 'WORKASPACE' ) );
#11403 = SURFACE_STYLE_USAGE ( .BOTH. , #2863 ) ;
#11404 = CARTESIAN_POINT ( 'NONE',  ( -1.753191488981250101, -0.6574555521456909579, 0.000000000000000000 ) ) ;
#11405 = FILL_AREA_STYLE_COLOUR ( '', #2579 ) ;
#11406 = ORIENTED_EDGE ( 'NONE', *, *, #9698, .F. ) ;
#11407 = SURFACE_SIDE_STYLE ('',( #100 ) ) ;
#11409 = ORIENTED_EDGE ( 'NONE', *, *, #10142, .F. ) ;
#11408 = DIRECTION ( 'NONE',  ( -1.000000000000000000, 0.000000000000000000, 0.000000000000000000 ) ) ;
#11410 = AXIS2_PLACEMENT_3D ( 'NONE', #11612, #5791, #1186 ) ;
#11411 = VERTEX_POINT ( 'NONE', #4820 ) ;
#11412 =( NAMED_UNIT ( * ) PLANE_ANGLE_UNIT ( ) SI_UNIT ( $, .RADIAN. ) );
#11413 = SURFACE_SIDE_STYLE ('',( #9673 ) ) ;
#11414 = LINE ( 'NONE', #10351, #3632 ) ;
#11415 = COLOUR_RGB ( '',1.000000000000000000, 1.000000000000000000, 0.9450980392156862475 ) ;
#11416 = EDGE_CURVE ( 'NONE', #3008, #13, #3890, .T. ) ;
#11417 = PRESENTATION_LAYER_ASSIGNMENT (  '', '', ( #5231 ) ) ;
#11418 = STYLED_ITEM ( 'NONE', ( #2289 ), #1334 ) ;
#11419 =( GEOMETRIC_REPRESENTATION_CONTEXT ( 3 ) GLOBAL_UNCERTAINTY_ASSIGNED_CONTEXT ( ( #9079 ) ) GLOBAL_UNIT_ASSIGNED_CONTEXT ( ( #11326, #6704, #1817 ) ) REPRESENTATION_CONTEXT ( 'NONE', 'WORKASPACE' ) );
#11420 =( GEOMETRIC_REPRESENTATION_CONTEXT ( 3 ) GLOBAL_UNCERTAINTY_ASSIGNED_CONTEXT ( ( #4516 ) ) GLOBAL_UNIT_ASSIGNED_CONTEXT ( ( #10712, #11412, #7609 ) ) REPRESENTATION_CONTEXT ( 'NONE', 'WORKASPACE' ) );
#11421 = FACE_OUTER_BOUND ( 'NONE', #5069, .T. ) ;
#11422 =( NAMED_UNIT ( * ) PLANE_ANGLE_UNIT ( ) SI_UNIT ( $, .RADIAN. ) );
#11423 = VERTEX_POINT ( 'NONE', #10628 ) ;
#11424 = STYLED_ITEM ( 'NONE', ( #2493 ), #3209 ) ;
#11425 = COLOUR_RGB ( '',0.7921568627450980005, 0.8196078431372548767, 0.9333333333333333481 ) ;
#11426 = PRESENTATION_LAYER_ASSIGNMENT (  '', '', ( #11783 ) ) ;
#11427 = LINE ( 'NONE', #998, #4532 ) ;
#11428 = ORIENTED_EDGE ( 'NONE', *, *, #8267, .F. ) ;
#11429 = VECTOR ( 'NONE', #8111, 1000.000000000000000 ) ;
#11430 = SURFACE_SIDE_STYLE ('',( #1921 ) ) ;
#11431 =( GEOMETRIC_REPRESENTATION_CONTEXT ( 3 ) GLOBAL_UNCERTAINTY_ASSIGNED_CONTEXT ( ( #12074 ) ) GLOBAL_UNIT_ASSIGNED_CONTEXT ( ( #6309, #364, #7053 ) ) REPRESENTATION_CONTEXT ( 'NONE', 'WORKASPACE' ) );
#11432 = SURFACE_STYLE_USAGE ( .BOTH. , #4621 ) ;
#11433 = STYLED_ITEM ( 'NONE', ( #2413 ), #10898 ) ;
#11434 = CARTESIAN_POINT ( 'NONE',  ( 7.370000000000000107, 0.2300000000000000100, -2.399999999999999911 ) ) ;
#11435 = EDGE_CURVE ( 'NONE', #5902, #6103, #2836, .T. ) ;
#11436 = VECTOR ( 'NONE', #6426, 1000.000000000000000 ) ;
#11437 = VECTOR ( 'NONE', #4906, 1000.000000000000000 ) ;
#11438 = VECTOR ( 'NONE', #6320, 1000.000000000000114 ) ;
#11439 = AXIS2_PLACEMENT_3D ( 'NONE', #1736, #694, #2802 ) ;
#11440 = EDGE_CURVE ( 'NONE', #6266, #9481, #8582, .T. ) ;
#11441 = ORIENTED_EDGE ( 'NONE', *, *, #6978, .F. ) ;
#11442 = LINE ( 'NONE', #9626, #90 ) ;
#11443 = DIRECTION ( 'NONE',  ( 0.2100675449707440356, 0.2100675449707440356, -0.9548524771397562949 ) ) ;
#11444 = LINE ( 'NONE', #8699, #7874 ) ;
#11445 = SURFACE_STYLE_FILL_AREA ( #3814 ) ;
#11446 = VERTEX_POINT ( 'NONE', #6771 ) ;
#11447 = COLOUR_RGB ( '',1.000000000000000000, 1.000000000000000000, 0.9450980392156862475 ) ;
#11448 = FACE_OUTER_BOUND ( 'NONE', #8969, .T. ) ;
#11449 = STYLED_ITEM ( 'NONE', ( #5921 ), #2092 ) ;
#11450 = COLOUR_RGB ( '',0.2941176470588235392, 0.2941176470588235392, 0.2941176470588235392 ) ;
#11451 = EDGE_CURVE ( 'NONE', #3868, #6756, #10498, .T. ) ;
#11452 = STYLED_ITEM ( 'NONE', ( #2463 ), #7656 ) ;
#11453 = PLANE ( 'NONE',  #12222 ) ;
#11454 = EDGE_LOOP ( 'NONE', ( #4413, #8693, #9274, #3127 ) ) ;
#11455 = CARTESIAN_POINT ( 'NONE',  ( -4.290000000000000036, 1.149999999999999911, -3.399999999999999911 ) ) ;
#11456 = CARTESIAN_POINT ( 'NONE',  ( -11.86000000000000121, 0.3400000000000000244, -2.899999999999999911 ) ) ;
#11457 =( NAMED_UNIT ( * ) PLANE_ANGLE_UNIT ( ) SI_UNIT ( $, .RADIAN. ) );
#11458 =( LENGTH_UNIT ( ) NAMED_UNIT ( * ) SI_UNIT ( .MILLI., .METRE. ) );
#11459 = DIRECTION ( 'NONE',  ( -1.000000000000000000, 0.000000000000000000, 0.000000000000000000 ) ) ;
#11460 = STYLED_ITEM ( 'NONE', ( #10235 ), #516 ) ;
#11461 = ORIENTED_EDGE ( 'NONE', *, *, #10484, .F. ) ;
#11462 =( LENGTH_UNIT ( ) NAMED_UNIT ( * ) SI_UNIT ( .MILLI., .METRE. ) );
#11463 = ORIENTED_EDGE ( 'NONE', *, *, #58, .T. ) ;
#11464 = SURFACE_STYLE_FILL_AREA ( #4719 ) ;
#11465 = EDGE_LOOP ( 'NONE', ( #9340, #4845, #3506, #10349 ) ) ;
#11466 = CARTESIAN_POINT ( 'NONE',  ( -1.600000000000000089, 0.4175444955380249734, -0.05000000000000000278 ) ) ;
#11467 = DIRECTION ( 'NONE',  ( 0.9766444667050901973, -0.000000000000000000, 0.2148617826751190452 ) ) ;
#11468 = PRESENTATION_STYLE_ASSIGNMENT (( #2562 ) ) ;
#11469 = UNCERTAINTY_MEASURE_WITH_UNIT (LENGTH_MEASURE( 1.000000000000000082E-05 ), #10894, 'distance_accuracy_value', 'NONE');
#11470 = PRESENTATION_STYLE_ASSIGNMENT (( #5586 ) ) ;
#11471 = SURFACE_SIDE_STYLE ('',( #1110 ) ) ;
#11472 = DIRECTION ( 'NONE',  ( -1.000000000000000000, 0.000000000000000000, 0.000000000000000000 ) ) ;
#11473 = VERTEX_POINT ( 'NONE', #1946 ) ;
#11474 = DIRECTION ( 'NONE',  ( -0.000000000000000000, 1.000000000000000000, 0.000000000000000000 ) ) ;
#11476 = ORIENTED_EDGE ( 'NONE', *, *, #7998, .F. ) ;
#11475 = FILL_AREA_STYLE ('',( #1170 ) ) ;
#11477 = VERTEX_POINT ( 'NONE', #11573 ) ;
#11478 = SURFACE_SIDE_STYLE ('',( #4913 ) ) ;
#11479 = ORIENTED_EDGE ( 'NONE', *, *, #10517, .T. ) ;
#11480 = SURFACE_STYLE_FILL_AREA ( #7688 ) ;
#11481 = SURFACE_STYLE_USAGE ( .BOTH. , #39 ) ;
#11482 = PLANE ( 'NONE',  #4822 ) ;
#11483 = ADVANCED_FACE ( 'NONE', ( #9705 ), #6831, .F. ) ;
#11484 = DIRECTION ( 'NONE',  ( 0.000000000000000000, 0.000000000000000000, -1.000000000000000000 ) ) ;
#11485 = VERTEX_POINT ( 'NONE', #1279 ) ;
#11486 = ORIENTED_EDGE ( 'NONE', *, *, #5171, .T. ) ;
#11487 = DIRECTION ( 'NONE',  ( 0.000000000000000000, 0.000000000000000000, 1.000000000000000000 ) ) ;
#11488 = FILL_AREA_STYLE_COLOUR ( '', #11200 ) ;
#11489 = EDGE_LOOP ( 'NONE', ( #6701, #10182, #1153, #10881 ) ) ;
#11490 = CARTESIAN_POINT ( 'NONE',  ( -2.046808493137360241, 1.367544447854309952, 0.000000000000000000 ) ) ;
#11491 = EDGE_CURVE ( 'NONE', #5001, #11146, #3337, .T. ) ;
#11492 = CARTESIAN_POINT ( 'NONE',  ( -12.85999999999999943, 3.000000000000000000, 0.000000000000000000 ) ) ;
#11493 = CARTESIAN_POINT ( 'NONE',  ( 12.50000000000000000, 4.500000000000000000, 7.900000000000000355 ) ) ;
#11494 = FILL_AREA_STYLE ('',( #6060 ) ) ;
#11495 =( NAMED_UNIT ( * ) PLANE_ANGLE_UNIT ( ) SI_UNIT ( $, .RADIAN. ) );
#11496 = VERTEX_POINT ( 'NONE', #4193 ) ;
#11497 = PLANE ( 'NONE',  #8468 ) ;
#11498 = DIRECTION ( 'NONE',  ( 1.000000000000000000, 0.000000000000000000, 0.000000000000000000 ) ) ;
#11499 = EDGE_CURVE ( 'NONE', #1898, #2482, #8017, .T. ) ;
#11500 = VECTOR ( 'NONE', #11092, 1000.000000000000227 ) ;
#11501 = VECTOR ( 'NONE', #11037, 1000.000000000000114 ) ;
#11502 = FACE_OUTER_BOUND ( 'NONE', #11592, .T. ) ;
#11503 = VERTEX_POINT ( 'NONE', #9832 ) ;
#11504 = EDGE_CURVE ( 'NONE', #3783, #4150, #6123, .T. ) ;
#11505 = LINE ( 'NONE', #12320, #11846 ) ;
#11506 =( LENGTH_UNIT ( ) NAMED_UNIT ( * ) SI_UNIT ( .MILLI., .METRE. ) );
#11507 =( NAMED_UNIT ( * ) SI_UNIT ( $, .STERADIAN. ) SOLID_ANGLE_UNIT ( ) );
#11508 = FILL_AREA_STYLE ('',( #7718 ) ) ;
#11509 = VECTOR ( 'NONE', #737, 1000.000000000000000 ) ;
#11510 = CARTESIAN_POINT ( 'NONE',  ( -2.110638308525089712, 1.092544424012449999, 0.000000000000000000 ) ) ;
#11511 = UNCERTAINTY_MEASURE_WITH_UNIT (LENGTH_MEASURE( 1.000000000000000082E-05 ), #5079, 'distance_accuracy_value', 'NONE');
#11512 = CARTESIAN_POINT ( 'NONE',  ( 8.290000000000000924, 0.4500000000000000111, 11.19999999999999929 ) ) ;
#11513 = ORIENTED_EDGE ( 'NONE', *, *, #1072, .F. ) ;
#11514 = EDGE_CURVE ( 'NONE', #10671, #4065, #7135, .T. ) ;
#11515 = LINE ( 'NONE', #9142, #7423 ) ;
#11516 = MECHANICAL_DESIGN_GEOMETRIC_PRESENTATION_REPRESENTATION (  '', ( #7356 ), #5144 ) ;
#11517 = CARTESIAN_POINT ( 'NONE',  ( -11.16000000000000014, 4.000000000000000000, 0.5999999999999999778 ) ) ;
#11518 = EDGE_CURVE ( 'NONE', #9420, #8790, #443, .T. ) ;
#11519 = ORIENTED_EDGE ( 'NONE', *, *, #9535, .T. ) ;
#11520 = VECTOR ( 'NONE', #8522, 1000.000000000000000 ) ;
#11521 = ORIENTED_EDGE ( 'NONE', *, *, #6766, .T. ) ;
#11522 = STYLED_ITEM ( 'NONE', ( #7321 ), #6168 ) ;
#11523 =( GEOMETRIC_REPRESENTATION_CONTEXT ( 3 ) GLOBAL_UNCERTAINTY_ASSIGNED_CONTEXT ( ( #7414 ) ) GLOBAL_UNIT_ASSIGNED_CONTEXT ( ( #2997, #4973, #3970 ) ) REPRESENTATION_CONTEXT ( 'NONE', 'WORKASPACE' ) );
#11524 = DIRECTION ( 'NONE',  ( 0.000000000000000000, 1.000000000000000000, 0.000000000000000000 ) ) ;
#11525 = SURFACE_STYLE_USAGE ( .BOTH. , #701 ) ;
#11526 = VECTOR ( 'NONE', #1572, 1000.000000000000000 ) ;
#11527 = UNCERTAINTY_MEASURE_WITH_UNIT (LENGTH_MEASURE( 1.000000000000000082E-05 ), #4222, 'distance_accuracy_value', 'NONE');
#11528 = STYLED_ITEM ( 'NONE', ( #7025 ), #16 ) ;
#11529 =( LENGTH_UNIT ( ) NAMED_UNIT ( * ) SI_UNIT ( .MILLI., .METRE. ) );
#11530 = DIRECTION ( 'NONE',  ( 0.2473834390652930315, 0.9689176611437261277, 0.000000000000000000 ) ) ;
#11531 =( NAMED_UNIT ( * ) PLANE_ANGLE_UNIT ( ) SI_UNIT ( $, .RADIAN. ) );
#11532 = ORIENTED_EDGE ( 'NONE', *, *, #2682, .F. ) ;
#11533 = EDGE_CURVE ( 'NONE', #7088, #799, #10751, .T. ) ;
#11535 = ORIENTED_EDGE ( 'NONE', *, *, #10001, .F. ) ;
#11534 = CARTESIAN_POINT ( 'NONE',  ( -11.25999999999999979, 1.399999999999999911, 3.200000000000000178 ) ) ;
#11536 = EDGE_LOOP ( 'NONE', ( #4828, #5524, #11237, #10621 ) ) ;
#11537 = DIRECTION ( 'NONE',  ( 0.9689176611437271269, 0.2473834390652890347, 0.000000000000000000 ) ) ;
#11538 = STYLED_ITEM ( 'NONE', ( #9738 ), #6292 ) ;
#11539 = DIRECTION ( 'NONE',  ( -0.9813592778365489711, -0.1921821214476699680, 0.000000000000000000 ) ) ;
#11540 = EDGE_CURVE ( 'NONE', #11975, #1720, #2389, .T. ) ;
#11541 = CARTESIAN_POINT ( 'NONE',  ( -1.804255312681200207, 1.380044471696169950, 0.000000000000000000 ) ) ;
#11542 = MECHANICAL_DESIGN_GEOMETRIC_PRESENTATION_REPRESENTATION (  '', ( #9143 ), #2565 ) ;
#11543 = VECTOR ( 'NONE', #2085, 1000.000000000000227 ) ;
#11544 =( NAMED_UNIT ( * ) PLANE_ANGLE_UNIT ( ) SI_UNIT ( $, .RADIAN. ) );
#11545 = CARTESIAN_POINT ( 'NONE',  ( -1.753191488981250101, 0.9675444716961679736, -0.05000000000000000278 ) ) ;
#11546 = DIRECTION ( 'NONE',  ( 0.000000000000000000, 0.000000000000000000, -1.000000000000000000 ) ) ;
#11548 = ORIENTED_EDGE ( 'NONE', *, *, #2486, .F. ) ;
#11547 = PLANE ( 'NONE',  #5621 ) ;
#11549 = EDGE_LOOP ( 'NONE', ( #6291, #7552, #9669, #12360 ) ) ;
#11550 =( NAMED_UNIT ( * ) PLANE_ANGLE_UNIT ( ) SI_UNIT ( $, .RADIAN. ) );
#11551 = PRESENTATION_STYLE_ASSIGNMENT (( #1069 ) ) ;
#11552 = ORIENTED_EDGE ( 'NONE', *, *, #8767, .T. ) ;
#11553 = VECTOR ( 'NONE', #400, 1000.000000000000000 ) ;
#11554 = LINE ( 'NONE', #3012, #7629 ) ;
#11555 = SURFACE_SIDE_STYLE ('',( #2895 ) ) ;
#11556 =( GEOMETRIC_REPRESENTATION_CONTEXT ( 3 ) GLOBAL_UNCERTAINTY_ASSIGNED_CONTEXT ( ( #9404 ) ) GLOBAL_UNIT_ASSIGNED_CONTEXT ( ( #4393, #1656, #6349 ) ) REPRESENTATION_CONTEXT ( 'NONE', 'WORKASPACE' ) );
#11557 = EDGE_CURVE ( 'NONE', #3624, #11261, #1453, .T. ) ;
#11558 = STYLED_ITEM ( 'NONE', ( #1394 ), #12294 ) ;
#11559 = VERTEX_POINT ( 'NONE', #6943 ) ;
#11560 = CARTESIAN_POINT ( 'NONE',  ( -4.509999999999999787, 0.2300000000000000100, 10.20000000000000107 ) ) ;
#11561 = FACE_OUTER_BOUND ( 'NONE', #4622, .T. ) ;
#11562 = LINE ( 'NONE', #7703, #4339 ) ;
#11563 = SURFACE_STYLE_USAGE ( .BOTH. , #8814 ) ;
#11564 = PRESENTATION_STYLE_ASSIGNMENT (( #9134 ) ) ;
#11565 = VERTEX_POINT ( 'NONE', #3278 ) ;
#11566 = FILL_AREA_STYLE_COLOUR ( '', #2426 ) ;
#11567 = SURFACE_STYLE_USAGE ( .BOTH. , #6993 ) ;
#11568 =( GEOMETRIC_REPRESENTATION_CONTEXT ( 3 ) GLOBAL_UNCERTAINTY_ASSIGNED_CONTEXT ( ( #6402 ) ) GLOBAL_UNIT_ASSIGNED_CONTEXT ( ( #8759, #3998, #7578 ) ) REPRESENTATION_CONTEXT ( 'NONE', 'WORKASPACE' ) );
#11569 = EDGE_CURVE ( 'NONE', #7342, #8242, #5129, .T. ) ;
#11570 = PLANE ( 'NONE',  #10412 ) ;
#11571 = ORIENTED_EDGE ( 'NONE', *, *, #6733, .F. ) ;
#11572 = FILL_AREA_STYLE ('',( #262 ) ) ;
#11573 = CARTESIAN_POINT ( 'NONE',  ( 12.50000000000000000, 4.000000000000000000, 0.5999999999999999778 ) ) ;
#11574 = CARTESIAN_POINT ( 'NONE',  ( -3.340000000000000302, 0.2000000000000000111, 0.5999999999999999778 ) ) ;
#11575 =( NAMED_UNIT ( * ) PLANE_ANGLE_UNIT ( ) SI_UNIT ( $, .RADIAN. ) );
#11576 = FACE_OUTER_BOUND ( 'NONE', #10285, .T. ) ;
#11577 = ORIENTED_EDGE ( 'NONE', *, *, #10001, .T. ) ;
#11578 =( LENGTH_UNIT ( ) NAMED_UNIT ( * ) SI_UNIT ( .MILLI., .METRE. ) );
#11579 = ORIENTED_EDGE ( 'NONE', *, *, #810, .F. ) ;
#11580 = FILL_AREA_STYLE ('',( #2090 ) ) ;
#11581 = EDGE_CURVE ( 'NONE', #11041, #9369, #7076, .T. ) ;
#11582 = VERTEX_POINT ( 'NONE', #6186 ) ;
#11583 = PLANE ( 'NONE',  #59 ) ;
#11584 = ADVANCED_FACE ( 'NONE', ( #5189 ), #10810, .T. ) ;
#11585 = PLANE ( 'NONE',  #5526 ) ;
#11586 = UNCERTAINTY_MEASURE_WITH_UNIT (LENGTH_MEASURE( 1.000000000000000082E-05 ), #1347, 'distance_accuracy_value', 'NONE');
#11587 = MECHANICAL_DESIGN_GEOMETRIC_PRESENTATION_REPRESENTATION (  '', ( #4997 ), #1417 ) ;
#11588 = FILL_AREA_STYLE ('',( #7793 ) ) ;
#11589 = EDGE_LOOP ( 'NONE', ( #9811, #7215, #8962, #3109 ) ) ;
#11590 = DIRECTION ( 'NONE',  ( 0.000000000000000000, -0.9766444667050904194, 0.2148617826751180737 ) ) ;
#11592 = EDGE_LOOP ( 'NONE', ( #6819, #3721, #5967, #4461 ) ) ;
#11591 =( LENGTH_UNIT ( ) NAMED_UNIT ( * ) SI_UNIT ( .MILLI., .METRE. ) );
#11593 = ORIENTED_EDGE ( 'NONE', *, *, #3933, .F. ) ;
#11594 = SURFACE_STYLE_FILL_AREA ( #7799 ) ;
#11595 = FACE_OUTER_BOUND ( 'NONE', #5114, .T. ) ;
#11596 = PRESENTATION_LAYER_ASSIGNMENT (  '', '', ( #3028 ) ) ;
#11597 =( NAMED_UNIT ( * ) PLANE_ANGLE_UNIT ( ) SI_UNIT ( $, .RADIAN. ) );
#11598 = VECTOR ( 'NONE', #1129, 1000.000000000000114 ) ;
#11599 = AXIS2_PLACEMENT_3D ( 'NONE', #252, #6820, #8007 ) ;
#11600 = EDGE_CURVE ( 'NONE', #5686, #3134, #6071, .T. ) ;
#11601 = CARTESIAN_POINT ( 'NONE',  ( 11.44000000000000128, 0.8000000000000000444, 10.69999999999999929 ) ) ;
#11602 = SURFACE_STYLE_USAGE ( .BOTH. , #2938 ) ;
#11603 = FILL_AREA_STYLE_COLOUR ( '', #7234 ) ;
#11604 = FACE_OUTER_BOUND ( 'NONE', #4582, .T. ) ;
#11605 = CARTESIAN_POINT ( 'NONE',  ( -2.200000000000000178, -0.4824556475131219768, -0.05000000000000000278 ) ) ;
#11608 = ORIENTED_EDGE ( 'NONE', *, *, #2816, .F. ) ;
#11607 = STYLED_ITEM ( 'NONE', ( #695 ), #2810 ) ;
#11606 = CARTESIAN_POINT ( 'NONE',  ( -1.753191488981250101, -0.4074556475131219657, -0.05000000000000000278 ) ) ;
#11609 = ORIENTED_EDGE ( 'NONE', *, *, #3222, .T. ) ;
#11610 = LINE ( 'NONE', #10594, #1248 ) ;
#11611 = VECTOR ( 'NONE', #1314, 1000.000000000000000 ) ;
#11612 = CARTESIAN_POINT ( 'NONE',  ( -2.200000000000000178, 0.4175444955380249734, 0.000000000000000000 ) ) ;
#11613 =( GEOMETRIC_REPRESENTATION_CONTEXT ( 3 ) GLOBAL_UNCERTAINTY_ASSIGNED_CONTEXT ( ( #5200 ) ) GLOBAL_UNIT_ASSIGNED_CONTEXT ( ( #7448, #1744, #6692 ) ) REPRESENTATION_CONTEXT ( 'NONE', 'WORKASPACE' ) );
#11614 = VECTOR ( 'NONE', #1082, 1000.000000000000000 ) ;
#11615 = STYLED_ITEM ( 'NONE', ( #9406 ), #1403 ) ;
#11616 = SURFACE_STYLE_USAGE ( .BOTH. , #7813 ) ;
#11617 = VECTOR ( 'NONE', #5904, 1000.000000000000000 ) ;
#11618 = PRESENTATION_LAYER_ASSIGNMENT (  '', '', ( #9622 ) ) ;
#11619 = MECHANICAL_DESIGN_GEOMETRIC_PRESENTATION_REPRESENTATION (  '', ( #10604 ), #3445 ) ;
#11620 = VECTOR ( 'NONE', #10103, 1000.000000000000227 ) ;
#11621 = ORIENTED_EDGE ( 'NONE', *, *, #1783, .F. ) ;
#11622 = LINE ( 'NONE', #6813, #2223 ) ;
#11623 = AXIS2_PLACEMENT_3D ( 'NONE', #4201, #4274, #6953 ) ;
#11624 = CARTESIAN_POINT ( 'NONE',  ( 4.580000000000000071, 1.399999999999999911, 3.200000000000000178 ) ) ;
#11625 = VECTOR ( 'NONE', #7997, 1000.000000000000000 ) ;
#11626 = CARTESIAN_POINT ( 'NONE',  ( 8.509999999999999787, 1.369999999999999885, 10.20000000000000107 ) ) ;
#11627 =( GEOMETRIC_REPRESENTATION_CONTEXT ( 3 ) GLOBAL_UNCERTAINTY_ASSIGNED_CONTEXT ( ( #4639 ) ) GLOBAL_UNIT_ASSIGNED_CONTEXT ( ( #6329, #8147, #11264 ) ) REPRESENTATION_CONTEXT ( 'NONE', 'WORKASPACE' ) );
#11628 = LINE ( 'NONE', #3205, #557 ) ;
#11629 =( GEOMETRIC_REPRESENTATION_CONTEXT ( 3 ) GLOBAL_UNCERTAINTY_ASSIGNED_CONTEXT ( ( #10017 ) ) GLOBAL_UNIT_ASSIGNED_CONTEXT ( ( #10047, #351, #2225 ) ) REPRESENTATION_CONTEXT ( 'NONE', 'WORKASPACE' ) );
#11630 = SURFACE_SIDE_STYLE ('',( #2069 ) ) ;
#11631 = ADVANCED_FACE ( 'NONE', ( #10689 ), #10992, .T. ) ;
#11632 = CARTESIAN_POINT ( 'NONE',  ( -11.28999999999999915, 0.2300000000000000100, -2.399999999999999911 ) ) ;
#11633 = EDGE_LOOP ( 'NONE', ( #8353, #3040, #4017, #2718 ) ) ;
#11634 = COLOUR_RGB ( '',0.7803921568627451011, 0.7803921568627451011, 0.7803921568627451011 ) ;
#11635 = CARTESIAN_POINT ( 'NONE',  ( 3.279999999999999805, -4.000000000000000000, 0.000000000000000000 ) ) ;
#11636 = COLOUR_RGB ( '',0.7803921568627451011, 0.7803921568627451011, 0.7803921568627451011 ) ;
#11637 = COLOUR_RGB ( '',0.7803921568627451011, 0.7803921568627451011, 0.7803921568627451011 ) ;
#11638 = COLOUR_RGB ( '',1.000000000000000000, 1.000000000000000000, 0.9450980392156862475 ) ;
#11639 = EDGE_LOOP ( 'NONE', ( #4083, #3578, #7010, #3888 ) ) ;
#11640 = DIRECTION ( 'NONE',  ( 0.000000000000000000, 0.000000000000000000, -1.000000000000000000 ) ) ;
#11641 = DIRECTION ( 'NONE',  ( 0.000000000000000000, 0.000000000000000000, -1.000000000000000000 ) ) ;
#11642 = PRESENTATION_LAYER_ASSIGNMENT (  '', '', ( #9046 ) ) ;
#11643 = EDGE_CURVE ( 'NONE', #7823, #5902, #1756, .T. ) ;
#11644 = LINE ( 'NONE', #2007, #11543 ) ;
#11645 = UNCERTAINTY_MEASURE_WITH_UNIT (LENGTH_MEASURE( 1.000000000000000082E-05 ), #7913, 'distance_accuracy_value', 'NONE');
#11646 =( LENGTH_UNIT ( ) NAMED_UNIT ( * ) SI_UNIT ( .MILLI., .METRE. ) );
#11647 = SURFACE_STYLE_FILL_AREA ( #11388 ) ;
#11648 = VECTOR ( 'NONE', #4007, 1000.000000000000000 ) ;
#11649 = EDGE_LOOP ( 'NONE', ( #609, #9099, #10592, #12008 ) ) ;
#11650 = DIRECTION ( 'NONE',  ( 0.000000000000000000, 0.000000000000000000, -1.000000000000000000 ) ) ;
#11651 = DIRECTION ( 'NONE',  ( 1.000000000000000000, 0.000000000000000000, 0.000000000000000000 ) ) ;
#11652 = VERTEX_POINT ( 'NONE', #3465 ) ;
#11653 = VECTOR ( 'NONE', #4318, 1000.000000000000000 ) ;
#11654 = FILL_AREA_STYLE_COLOUR ( '', #12018 ) ;
#11655 = EDGE_LOOP ( 'NONE', ( #6873, #5980, #10711, #2105 ) ) ;
#11656 = VECTOR ( 'NONE', #2899, 1000.000000000000000 ) ;
#11657 =( NAMED_UNIT ( * ) SI_UNIT ( $, .STERADIAN. ) SOLID_ANGLE_UNIT ( ) );
#11658 = STYLED_ITEM ( 'NONE', ( #3861 ), #601 ) ;
#11659 = FACE_OUTER_BOUND ( 'NONE', #8550, .T. ) ;
#11660 = SURFACE_STYLE_FILL_AREA ( #2925 ) ;
#11661 = PLANE ( 'NONE',  #1178 ) ;
#11662 = ADVANCED_FACE ( 'NONE', ( #2581 ), #5562, .T. ) ;
#11663 = ORIENTED_EDGE ( 'NONE', *, *, #9328, .T. ) ;
#11664 = VECTOR ( 'NONE', #6386, 1000.000000000000000 ) ;
#11666 = ORIENTED_EDGE ( 'NONE', *, *, #8141, .T. ) ;
#11665 = PLANE ( 'NONE',  #1851 ) ;
#11667 = VERTEX_POINT ( 'NONE', #4315 ) ;
#11668 =( LENGTH_UNIT ( ) NAMED_UNIT ( * ) SI_UNIT ( .MILLI., .METRE. ) );
#11669 = CARTESIAN_POINT ( 'NONE',  ( -1.676595744490619877, 1.255044447854309908, 0.000000000000000000 ) ) ;
#11670 = EDGE_CURVE ( 'NONE', #10896, #1857, #4380, .T. ) ;
#11671 = VERTEX_POINT ( 'NONE', #6269 ) ;
#11672 =( NAMED_UNIT ( * ) SI_UNIT ( $, .STERADIAN. ) SOLID_ANGLE_UNIT ( ) );
#11673 = CARTESIAN_POINT ( 'NONE',  ( -1.600000000000000089, 1.255044447854309908, 0.000000000000000000 ) ) ;
#11674 = UNCERTAINTY_MEASURE_WITH_UNIT (LENGTH_MEASURE( 1.000000000000000082E-05 ), #7170, 'distance_accuracy_value', 'NONE');
#11675 = LINE ( 'NONE', #6039, #10027 ) ;
#11676 = DIRECTION ( 'NONE',  ( 0.000000000000000000, 1.000000000000000000, 0.000000000000000000 ) ) ;
#11678 = ORIENTED_EDGE ( 'NONE', *, *, #9033, .F. ) ;
#11677 = FILL_AREA_STYLE_COLOUR ( '', #9624 ) ;
#11679 = ORIENTED_EDGE ( 'NONE', *, *, #2295, .F. ) ;
#11680 = CARTESIAN_POINT ( 'NONE',  ( -1.753191488981250101, -0.09495555214569070812, 0.000000000000000000 ) ) ;
#11681 = FACE_OUTER_BOUND ( 'NONE', #5723, .T. ) ;
#11682 = ADVANCED_FACE ( 'NONE', ( #1514, #10132 ), #3404, .T. ) ;
#11683 =( LENGTH_UNIT ( ) NAMED_UNIT ( * ) SI_UNIT ( .MILLI., .METRE. ) );
#11684 = ADVANCED_FACE ( 'NONE', ( #944 ), #2823, .F. ) ;
#11685 = ORIENTED_EDGE ( 'NONE', *, *, #6323, .T. ) ;
#11686 = CARTESIAN_POINT ( 'NONE',  ( -1.714893621206280194, 1.342544471696169861, -0.05000000000000000278 ) ) ;
#11687 = CARTESIAN_POINT ( 'NONE',  ( -1.612765957042569864, 1.317544424012449866, 0.000000000000000000 ) ) ;
#11688 = CARTESIAN_POINT ( 'NONE',  ( -11.28999999999999915, 1.369999999999999885, 10.20000000000000107 ) ) ;
#11689 =( LENGTH_UNIT ( ) NAMED_UNIT ( * ) SI_UNIT ( .MILLI., .METRE. ) );
#11690 = ORIENTED_EDGE ( 'NONE', *, *, #891, .F. ) ;
#11691 = SURFACE_STYLE_USAGE ( .BOTH. , #4121 ) ;
#11692 = FILL_AREA_STYLE ('',( #5934 ) ) ;
#11693 = EDGE_CURVE ( 'NONE', #9658, #4005, #7765, .T. ) ;
#11694 = ORIENTED_EDGE ( 'NONE', *, *, #11049, .T. ) ;
#11695 = MECHANICAL_DESIGN_GEOMETRIC_PRESENTATION_REPRESENTATION (  '', ( #7116 ), #8907 ) ;
#11696 = CARTESIAN_POINT ( 'NONE',  ( -2.200000000000000178, 0.8675444240124519091, 0.000000000000000000 ) ) ;
#11697 = ORIENTED_EDGE ( 'NONE', *, *, #2037, .F. ) ;
#11698 = CARTESIAN_POINT ( 'NONE',  ( 8.640000000000000568, 4.000000000000000000, 0.000000000000000000 ) ) ;
#11699 = DIRECTION ( 'NONE',  ( 0.9766444667050901973, -0.000000000000000000, 0.2148617826751190452 ) ) ;
#11700 = SURFACE_STYLE_FILL_AREA ( #1208 ) ;
#11701 = DIRECTION ( 'NONE',  ( 1.000000000000000000, 0.000000000000000000, 0.000000000000000000 ) ) ;
#11702 = FACE_OUTER_BOUND ( 'NONE', #10864, .T. ) ;
#11703 = COLOUR_RGB ( '',1.000000000000000000, 1.000000000000000000, 0.9450980392156862475 ) ;
#11704 = DIRECTION ( 'NONE',  ( 0.000000000000000000, -1.000000000000000000, 0.000000000000000000 ) ) ;
#11705 =( GEOMETRIC_REPRESENTATION_CONTEXT ( 3 ) GLOBAL_UNCERTAINTY_ASSIGNED_CONTEXT ( ( #9648 ) ) GLOBAL_UNIT_ASSIGNED_CONTEXT ( ( #1264, #6934, #2184 ) ) REPRESENTATION_CONTEXT ( 'NONE', 'WORKASPACE' ) );
#11706 = ORIENTED_EDGE ( 'NONE', *, *, #2238, .F. ) ;
#11707 = EDGE_CURVE ( 'NONE', #9467, #6342, #11444, .T. ) ;
#11708 = COLOUR_RGB ( '',0.2941176470588235392, 0.2941176470588235392, 0.2941176470588235392 ) ;
#11709 =( LENGTH_UNIT ( ) NAMED_UNIT ( * ) SI_UNIT ( .MILLI., .METRE. ) );
#11710 = PLANE ( 'NONE',  #2748 ) ;
#11711 = UNCERTAINTY_MEASURE_WITH_UNIT (LENGTH_MEASURE( 1.000000000000000082E-05 ), #7466, 'distance_accuracy_value', 'NONE');
#11712 = SURFACE_SIDE_STYLE ('',( #5286 ) ) ;
#11713 = ORIENTED_EDGE ( 'NONE', *, *, #11364, .F. ) ;
#11714 = LINE ( 'NONE', #8280, #2338 ) ;
#11715 = AXIS2_PLACEMENT_3D ( 'NONE', #2912, #5688, #5511 ) ;
#11717 = ORIENTED_EDGE ( 'NONE', *, *, #5760, .F. ) ;
#11716 = CARTESIAN_POINT ( 'NONE',  ( -2.110638308525089712, -0.03245550446197460054, 0.000000000000000000 ) ) ;
#11718 = ORIENTED_EDGE ( 'NONE', *, *, #5007, .F. ) ;
#11719 =( LENGTH_UNIT ( ) NAMED_UNIT ( * ) SI_UNIT ( .MILLI., .METRE. ) );
#11720 = CARTESIAN_POINT ( 'NONE',  ( 7.240000000000000213, -4.000000000000000000, 0.5999999999999999778 ) ) ;
#11721 = ORIENTED_EDGE ( 'NONE', *, *, #7227, .T. ) ;
#11722 = EDGE_CURVE ( 'NONE', #1849, #2259, #9630, .T. ) ;
#11723 =( GEOMETRIC_REPRESENTATION_CONTEXT ( 3 ) GLOBAL_UNCERTAINTY_ASSIGNED_CONTEXT ( ( #8151 ) ) GLOBAL_UNIT_ASSIGNED_CONTEXT ( ( #11373, #12312, #8637 ) ) REPRESENTATION_CONTEXT ( 'NONE', 'WORKASPACE' ) );
#11724 = STYLED_ITEM ( 'NONE', ( #1875 ), #9165 ) ;
#11725 = CARTESIAN_POINT ( 'NONE',  ( -2.123404264450070134, 0.4175444955380249734, -0.05000000000000000278 ) ) ;
#11726 = CARTESIAN_POINT ( 'NONE',  ( -2.110638308525089712, 0.9800444240124520645, -0.05000000000000000278 ) ) ;
#11727 = DIRECTION ( 'NONE',  ( -0.9813592930673576964, 0.1921820436730129200, 0.000000000000000000 ) ) ;
#11728 = VECTOR ( 'NONE', #9628, 1000.000000000000000 ) ;
#11730 = EDGE_LOOP ( 'NONE', ( #5656, #7797, #6762, #9395, #11170, #8074 ) ) ;
#11729 = CARTESIAN_POINT ( 'NONE',  ( 3.380000000000000338, 0.2000000000000000111, 0.5999999999999999778 ) ) ;
#11731 = VERTEX_POINT ( 'NONE', #11492 ) ;
#11732 = SURFACE_SIDE_STYLE ('',( #7927 ) ) ;
#11733 = VECTOR ( 'NONE', #4937, 1000.000000000000000 ) ;
#11734 = DIRECTION ( 'NONE',  ( -1.000000000000000000, 0.000000000000000000, 0.000000000000000000 ) ) ;
#11735 = CARTESIAN_POINT ( 'NONE',  ( 4.580000000000000071, 1.399999999999999911, 0.5999999999999999778 ) ) ;
#11736 = EDGE_CURVE ( 'NONE', #10447, #10213, #5735, .T. ) ;
#11737 = ORIENTED_EDGE ( 'NONE', *, *, #7984, .F. ) ;
#11738 =( NAMED_UNIT ( * ) PLANE_ANGLE_UNIT ( ) SI_UNIT ( $, .RADIAN. ) );
#11739 = PLANE ( 'NONE',  #1022 ) ;
#11740 = EDGE_CURVE ( 'NONE', #7112, #13, #4806, .T. ) ;
#11741 = VECTOR ( 'NONE', #5512, 1000.000000000000114 ) ;
#11742 = COLOUR_RGB ( '',0.7803921568627451011, 0.7803921568627451011, 0.7803921568627451011 ) ;
#11743 = CARTESIAN_POINT ( 'NONE',  ( 12.50000000000000000, 3.479999999999999982, 9.500000000000000000 ) ) ;
#11744 = ORIENTED_EDGE ( 'NONE', *, *, #6507, .F. ) ;
#11745 = DIRECTION ( 'NONE',  ( 0.000000000000000000, -1.000000000000000000, 0.000000000000000000 ) ) ;
#11746 = FILL_AREA_STYLE_COLOUR ( '', #8633 ) ;
#11747 = ORIENTED_EDGE ( 'NONE', *, *, #8845, .F. ) ;
#11748 = CARTESIAN_POINT ( 'NONE',  ( -7.200000000000000178, 4.000000000000000000, 0.5999999999999999778 ) ) ;
#11749 = LINE ( 'NONE', #10753, #8857 ) ;
#11750 = DIRECTION ( 'NONE',  ( 0.000000000000000000, 0.000000000000000000, 1.000000000000000000 ) ) ;
#11751 = DIRECTION ( 'NONE',  ( 0.000000000000000000, 1.000000000000000000, 0.000000000000000000 ) ) ;
#11752 = UNCERTAINTY_MEASURE_WITH_UNIT (LENGTH_MEASURE( 1.000000000000000082E-05 ), #3583, 'distance_accuracy_value', 'NONE');
#11753 = DIRECTION ( 'NONE',  ( 0.000000000000000000, 1.000000000000000000, 0.000000000000000000 ) ) ;
#11754 = DIRECTION ( 'NONE',  ( 0.000000000000000000, 0.000000000000000000, -1.000000000000000000 ) ) ;
#11755 = ORIENTED_EDGE ( 'NONE', *, *, #10124, .T. ) ;
#11756 = SURFACE_SIDE_STYLE ('',( #5196 ) ) ;
#11757 = ORIENTED_EDGE ( 'NONE', *, *, #11533, .T. ) ;
#11758 = CARTESIAN_POINT ( 'NONE',  ( -0.5500000000000080380, 1.369999999999999885, -2.399999999999999911 ) ) ;
#11759 = DIRECTION ( 'NONE',  ( -1.000000000000000000, 0.000000000000000000, 0.000000000000000000 ) ) ;
#11760 =( NAMED_UNIT ( * ) PLANE_ANGLE_UNIT ( ) SI_UNIT ( $, .RADIAN. ) );
#11761 = VERTEX_POINT ( 'NONE', #10611 ) ;
#11763 = ORIENTED_EDGE ( 'NONE', *, *, #10859, .F. ) ;
#11762 = SURFACE_SIDE_STYLE ('',( #3358 ) ) ;
#11764 = ORIENTED_EDGE ( 'NONE', *, *, #7884, .T. ) ;
#11765 = EDGE_CURVE ( 'NONE', #10798, #3734, #4878, .T. ) ;
#11766 =( NAMED_UNIT ( * ) SI_UNIT ( $, .STERADIAN. ) SOLID_ANGLE_UNIT ( ) );
#11767 =( NAMED_UNIT ( * ) SI_UNIT ( $, .STERADIAN. ) SOLID_ANGLE_UNIT ( ) );
#11768 = ORIENTED_EDGE ( 'NONE', *, *, #7407, .T. ) ;
#11769 = LINE ( 'NONE', #7105, #1674 ) ;
#11770 = LINE ( 'NONE', #6099, #9834 ) ;
#11771 = CARTESIAN_POINT ( 'NONE',  ( -1.753191488981250101, -0.09495555214569059710, -0.05000000000000000278 ) ) ;
#11772 = LINE ( 'NONE', #2359, #11501 ) ;
#11774 = ORIENTED_EDGE ( 'NONE', *, *, #4386, .T. ) ;
#11773 = FILL_AREA_STYLE ('',( #5167 ) ) ;
#11775 = STYLED_ITEM ( 'NONE', ( #4991 ), #11822 ) ;
#11776 = VERTEX_POINT ( 'NONE', #3934 ) ;
#11777 = FACE_OUTER_BOUND ( 'NONE', #6081, .T. ) ;
#11778 = ADVANCED_FACE ( 'NONE', ( #11561 ), #5872, .T. ) ;
#11779 = PLANE ( 'NONE',  #4643 ) ;
#11780 = VECTOR ( 'NONE', #393, 1000.000000000000000 ) ;
#11781 = CARTESIAN_POINT ( 'NONE',  ( 0.6199999999999890044, 1.399999999999999911, 3.200000000000000178 ) ) ;
#11782 = SURFACE_STYLE_FILL_AREA ( #7995 ) ;
#11783 = STYLED_ITEM ( 'NONE', ( #4269 ), #4658 ) ;
#11784 = EDGE_CURVE ( 'NONE', #12071, #10823, #1135, .T. ) ;
#11785 = COLOUR_RGB ( '',0.2941176470588235392, 0.2941176470588235392, 0.2941176470588235392 ) ;
#11786 = CARTESIAN_POINT ( 'NONE',  ( -1.804255312681200207, 1.455044435933379843, 0.000000000000000000 ) ) ;
#11787 = FILL_AREA_STYLE_COLOUR ( '', #6027 ) ;
#11788 = ORIENTED_EDGE ( 'NONE', *, *, #5386, .F. ) ;
#11789 = MECHANICAL_DESIGN_GEOMETRIC_PRESENTATION_REPRESENTATION (  '', ( #8025 ), #1437 ) ;
#11790 = STYLED_ITEM ( 'NONE', ( #4504 ), #4860 ) ;
#11791 = PLANE ( 'NONE',  #5797 ) ;
#11792 = COLOUR_RGB ( '',0.2941176470588235392, 0.2941176470588235392, 0.2941176470588235392 ) ;
#11793 = VECTOR ( 'NONE', #1318, 1000.000000000000000 ) ;
#11794 = FILL_AREA_STYLE_COLOUR ( '', #5417 ) ;
#11795 = EDGE_CURVE ( 'NONE', #4388, #3899, #8884, .T. ) ;
#11796 = ORIENTED_EDGE ( 'NONE', *, *, #1845, .T. ) ;
#11797 = DIRECTION ( 'NONE',  ( 0.000000000000000000, -1.000000000000000000, 0.000000000000000000 ) ) ;
#11798 = VECTOR ( 'NONE', #3990, 1000.000000000000000 ) ;
#11799 = VERTEX_POINT ( 'NONE', #8236 ) ;
#11800 = STYLED_ITEM ( 'NONE', ( #6686 ), #3076 ) ;
#11802 = EDGE_CURVE ( 'NONE', #10195, #8946, #5180, .T. ) ;
#11801 = VECTOR ( 'NONE', #6658, 999.9999999999998863 ) ;
#11803 = AXIS2_PLACEMENT_3D ( 'NONE', #5327, #12260, #2109 ) ;
#11804 = VECTOR ( 'NONE', #10580, 1000.000000000000000 ) ;
#11805 = AXIS2_PLACEMENT_3D ( 'NONE', #5125, #3887, #7712 ) ;
#11806 = VERTEX_POINT ( 'NONE', #5064 ) ;
#11807 = FILL_AREA_STYLE ('',( #6185 ) ) ;
#11808 = CARTESIAN_POINT ( 'NONE',  ( 3.380000000000000338, 0.2000000000000000111, 3.200000000000000178 ) ) ;
#11809 = UNCERTAINTY_MEASURE_WITH_UNIT (LENGTH_MEASURE( 1.000000000000000082E-05 ), #10805, 'distance_accuracy_value', 'NONE');
#11810 = VECTOR ( 'NONE', #10570, 1000.000000000000114 ) ;
#11811 = CARTESIAN_POINT ( 'NONE',  ( -12.50000000000000000, 3.479999999999999982, 9.500000000000000000 ) ) ;
#11812 = SURFACE_STYLE_FILL_AREA ( #10996 ) ;
#11813 = DIRECTION ( 'NONE',  ( -1.000000000000000000, 0.000000000000000000, 0.000000000000000000 ) ) ;
#11814 = PRESENTATION_LAYER_ASSIGNMENT (  '', '', ( #1063 ) ) ;
#11815 = PRESENTATION_LAYER_ASSIGNMENT (  '', '', ( #660 ) ) ;
#11816 = COLOUR_RGB ( '',0.2941176470588235392, 0.2941176470588235392, 0.2941176470588235392 ) ;
#11817 = SURFACE_STYLE_USAGE ( .BOTH. , #454 ) ;
#11818 = EDGE_CURVE ( 'NONE', #3164, #11559, #9815, .T. ) ;
#11819 = ORIENTED_EDGE ( 'NONE', *, *, #5780, .F. ) ;
#11820 = STYLED_ITEM ( 'NONE', ( #1796 ), #10731 ) ;
#11821 = FACE_OUTER_BOUND ( 'NONE', #4231, .T. ) ;
#11822 = ADVANCED_FACE ( 'NONE', ( #7820 ), #11791, .T. ) ;
#11823 = VECTOR ( 'NONE', #466, 1000.000000000000000 ) ;
#11824 = ORIENTED_EDGE ( 'NONE', *, *, #373, .F. ) ;
#11825 = COLOUR_RGB ( '',0.2941176470588235392, 0.2941176470588235392, 0.2941176470588235392 ) ;
#11826 = MECHANICAL_DESIGN_GEOMETRIC_PRESENTATION_REPRESENTATION (  '', ( #8269 ), #2882 ) ;
#11827 = SURFACE_SIDE_STYLE ('',( #2879 ) ) ;
#11828 = AXIS2_PLACEMENT_3D ( 'NONE', #7326, #9182, #6259 ) ;
#11829 =( GEOMETRIC_REPRESENTATION_CONTEXT ( 3 ) GLOBAL_UNCERTAINTY_ASSIGNED_CONTEXT ( ( #7193 ) ) GLOBAL_UNIT_ASSIGNED_CONTEXT ( ( #5233, #8186, #4110 ) ) REPRESENTATION_CONTEXT ( 'NONE', 'WORKASPACE' ) );
#11830 = LINE ( 'NONE', #11758, #3479 ) ;
#11831 = SURFACE_STYLE_USAGE ( .BOTH. , #4023 ) ;
#11832 = UNCERTAINTY_MEASURE_WITH_UNIT (LENGTH_MEASURE( 1.000000000000000082E-05 ), #9783, 'distance_accuracy_value', 'NONE');
#11833 = VECTOR ( 'NONE', #3727, 1000.000000000000114 ) ;
#11834 = DIRECTION ( 'NONE',  ( -1.000000000000000000, 0.000000000000000000, 0.000000000000000000 ) ) ;
#11835 = PLANE ( 'NONE',  #12343 ) ;
#11836 = FILL_AREA_STYLE_COLOUR ( '', #6364 ) ;
#11839 = ORIENTED_EDGE ( 'NONE', *, *, #9304, .F. ) ;
#11838 = VECTOR ( 'NONE', #10995, 1000.000000000000000 ) ;
#11837 = CARTESIAN_POINT ( 'NONE',  ( 7.370000000000000107, 0.2300000000000000100, 11.19999999999999929 ) ) ;
#11840 = ORIENTED_EDGE ( 'NONE', *, *, #8614, .T. ) ;
#11841 = DIRECTION ( 'NONE',  ( 0.000000000000000000, -1.000000000000000000, 0.000000000000000000 ) ) ;
#11842 = DIRECTION ( 'NONE',  ( 0.000000000000000000, 0.000000000000000000, 1.000000000000000000 ) ) ;
#11843 = MECHANICAL_DESIGN_GEOMETRIC_PRESENTATION_REPRESENTATION (  '', ( #4863 ), #8072 ) ;
#11844 = LINE ( 'NONE', #2348, #5433 ) ;
#11845 = FACE_BOUND ( 'NONE', #12274, .T. ) ;
#11846 = VECTOR ( 'NONE', #2, 1000.000000000000000 ) ;
#11847 = ORIENTED_EDGE ( 'NONE', *, *, #10674, .F. ) ;
#11848 = LINE ( 'NONE', #3239, #9638 ) ;
#11849 = CARTESIAN_POINT ( 'NONE',  ( 12.85999999999999943, 2.000000000000000000, 0.000000000000000000 ) ) ;
#11850 = AXIS2_PLACEMENT_3D ( 'NONE', #505, #8950, #2451 ) ;
#11851 = CARTESIAN_POINT ( 'NONE',  ( -2.085106396675110219, 1.055044424012449911, -0.05000000000000000278 ) ) ;
#11852 = DIRECTION ( 'NONE',  ( 0.000000000000000000, 0.000000000000000000, -1.000000000000000000 ) ) ;
#11854 = VERTEX_POINT ( 'NONE', #5117 ) ;
#11853 = SURFACE_STYLE_USAGE ( .BOTH. , #11039 ) ;
#11855 = ORIENTED_EDGE ( 'NONE', *, *, #9080, .T. ) ;
#11856 = PRESENTATION_LAYER_ASSIGNMENT (  '', '', ( #11460 ) ) ;
#11857 = CARTESIAN_POINT ( 'NONE',  ( 3.629999999999999893, 1.149999999999999911, -3.399999999999999911 ) ) ;
#11858 = PLANE ( 'NONE',  #1808 ) ;
#11859 = CARTESIAN_POINT ( 'NONE',  ( -1.676595744490619877, 1.555044447854309952, 0.000000000000000000 ) ) ;
#11860 = ADVANCED_FACE ( 'NONE', ( #5989 ), #11739, .T. ) ;
#11861 = ORIENTED_EDGE ( 'NONE', *, *, #1939, .T. ) ;
#11862 = DIRECTION ( 'NONE',  ( 0.000000000000000000, -1.000000000000000000, 0.000000000000000000 ) ) ;
#11863 = DIRECTION ( 'NONE',  ( -0.000000000000000000, -0.9766444667050904194, -0.2148617826751180737 ) ) ;
#11864 =( LENGTH_UNIT ( ) NAMED_UNIT ( * ) SI_UNIT ( .MILLI., .METRE. ) );
#11865 = SURFACE_STYLE_FILL_AREA ( #10065 ) ;
#11866 = SURFACE_SIDE_STYLE ('',( #4307 ) ) ;
#11867 = EDGE_LOOP ( 'NONE', ( #496, #1560, #7181, #4095 ) ) ;
#11868 = EDGE_CURVE ( 'NONE', #11298, #1338, #5476, .T. ) ;
#11869 = FILL_AREA_STYLE ('',( #8083 ) ) ;
#11870 = ORIENTED_EDGE ( 'NONE', *, *, #801, .F. ) ;
#11871 = CARTESIAN_POINT ( 'NONE',  ( -1.612765957042569864, 1.317544424012449866, 0.000000000000000000 ) ) ;
#11872 = CARTESIAN_POINT ( 'NONE',  ( -1.600000000000000089, -0.3574555521456899698, 0.000000000000000000 ) ) ;
#11873 = DIRECTION ( 'NONE',  ( 1.000000000000000000, 0.000000000000000000, 0.000000000000000000 ) ) ;
#11874 = LINE ( 'NONE', #6124, #5649 ) ;
#11875 = DIRECTION ( 'NONE',  ( -1.000000000000000000, 0.000000000000000000, 0.000000000000000000 ) ) ;
#11876 = CARTESIAN_POINT ( 'NONE',  ( 4.580000000000000071, 1.399999999999999911, 0.5999999999999999778 ) ) ;
#11877 = EDGE_CURVE ( 'NONE', #3673, #12096, #1677, .T. ) ;
#11878 = UNCERTAINTY_MEASURE_WITH_UNIT (LENGTH_MEASURE( 1.000000000000000082E-05 ), #3607, 'distance_accuracy_value', 'NONE');
#11879 = PRESENTATION_STYLE_ASSIGNMENT (( #11947 ) ) ;
#11880 = CARTESIAN_POINT ( 'NONE',  ( -1.676595744490619877, 1.142544447854309864, -0.05000000000000000278 ) ) ;
#11881 = ORIENTED_EDGE ( 'NONE', *, *, #11518, .T. ) ;
#11882 = EDGE_CURVE ( 'NONE', #6715, #5279, #9414, .T. ) ;
#11883 = CARTESIAN_POINT ( 'NONE',  ( -4.509999999999999787, 1.369999999999999885, 11.19999999999999929 ) ) ;
#11884 = CARTESIAN_POINT ( 'NONE',  ( -2.110638308525089712, -0.1449555044619749988, 0.000000000000000000 ) ) ;
#11885 = EDGE_CURVE ( 'NONE', #10671, #7186, #5650, .T. ) ;
#11886 =( LENGTH_UNIT ( ) NAMED_UNIT ( * ) SI_UNIT ( .MILLI., .METRE. ) );
#11887 = ADVANCED_FACE ( 'NONE', ( #3681 ), #4675, .T. ) ;
#11888 = PLANE ( 'NONE',  #9960 ) ;
#11889 =( NAMED_UNIT ( * ) SI_UNIT ( $, .STERADIAN. ) SOLID_ANGLE_UNIT ( ) );
#11890 = PRESENTATION_LAYER_ASSIGNMENT (  '', '', ( #4914 ) ) ;
#11891 = ADVANCED_FACE ( 'NONE', ( #6427 ), #12281, .T. ) ;
#11892 = DIRECTION ( 'NONE',  ( -1.000000000000000000, 0.000000000000000000, 0.000000000000000000 ) ) ;
#11893 = FACE_OUTER_BOUND ( 'NONE', #6975, .T. ) ;
#11894 = VERTEX_POINT ( 'NONE', #4089 ) ;
#11895 = FACE_OUTER_BOUND ( 'NONE', #9507, .T. ) ;
#11896 = AXIS2_PLACEMENT_3D ( 'NONE', #8501, #5547, #2566 ) ;
#11897 = ORIENTED_EDGE ( 'NONE', *, *, #3184, .T. ) ;
#11898 = LINE ( 'NONE', #7302, #7454 ) ;
#11899 = CARTESIAN_POINT ( 'NONE',  ( -8.250000000000000000, 1.149999999999999911, 11.19999999999999929 ) ) ;
#11900 = ORIENTED_EDGE ( 'NONE', *, *, #2434, .T. ) ;
#11901 = SURFACE_STYLE_USAGE ( .BOTH. , #3188 ) ;
#11902 = EDGE_CURVE ( 'NONE', #7186, #8578, #10514, .T. ) ;
#11903 = STYLED_ITEM ( 'NONE', ( #2838 ), #8819 ) ;
#11904 = SURFACE_SIDE_STYLE ('',( #681 ) ) ;
#11905 = CARTESIAN_POINT ( 'NONE',  ( 3.380000000000000338, 1.399999999999999911, 0.5999999999999999778 ) ) ;
#11906 = EDGE_CURVE ( 'NONE', #11799, #9712, #1425, .T. ) ;
#11907 = SURFACE_STYLE_USAGE ( .BOTH. , #6228 ) ;
#11909 = ORIENTED_EDGE ( 'NONE', *, *, #7796, .T. ) ;
#11908 = CARTESIAN_POINT ( 'NONE',  ( 3.520000000000000018, 0.8000000000000000444, -2.899999999999999911 ) ) ;
#11910 = ORIENTED_EDGE ( 'NONE', *, *, #6877, .T. ) ;
#11911 = FILL_AREA_STYLE_COLOUR ( '', #27 ) ;
#11912 = PRESENTATION_LAYER_ASSIGNMENT (  '', '', ( #4742 ) ) ;
#11913 = DIRECTION ( 'NONE',  ( -0.2100675449707450348, -0.2100675449707440079, -0.9548524771397560729 ) ) ;
#11914 = SURFACE_STYLE_FILL_AREA ( #2301 ) ;
#11915 = SURFACE_STYLE_FILL_AREA ( #8126 ) ;
#11916 =( NAMED_UNIT ( * ) PLANE_ANGLE_UNIT ( ) SI_UNIT ( $, .RADIAN. ) );
#11917 =( GEOMETRIC_REPRESENTATION_CONTEXT ( 3 ) GLOBAL_UNCERTAINTY_ASSIGNED_CONTEXT ( ( #4527 ) ) GLOBAL_UNIT_ASSIGNED_CONTEXT ( ( #11349, #6676, #6791 ) ) REPRESENTATION_CONTEXT ( 'NONE', 'WORKASPACE' ) );
#11918 =( GEOMETRIC_REPRESENTATION_CONTEXT ( 3 ) GLOBAL_UNCERTAINTY_ASSIGNED_CONTEXT ( ( #8402 ) ) GLOBAL_UNIT_ASSIGNED_CONTEXT ( ( #6905, #1219, #10568 ) ) REPRESENTATION_CONTEXT ( 'NONE', 'WORKASPACE' ) );
#11919 = CARTESIAN_POINT ( 'NONE',  ( -1.676595744490619877, 0.2425444478543100080, 0.000000000000000000 ) ) ;
#11920 = MECHANICAL_DESIGN_GEOMETRIC_PRESENTATION_REPRESENTATION (  '', ( #9935 ), #9739 ) ;
#11921 = DIRECTION ( 'NONE',  ( 0.000000000000000000, -1.000000000000000000, 0.000000000000000000 ) ) ;
#11922 = ORIENTED_EDGE ( 'NONE', *, *, #3740, .F. ) ;
#11923 = CARTESIAN_POINT ( 'NONE',  ( -1.689361700415610068, -0.03245550446197449646, 0.000000000000000000 ) ) ;
#11924 =( NAMED_UNIT ( * ) SI_UNIT ( $, .STERADIAN. ) SOLID_ANGLE_UNIT ( ) );
#11925 = MECHANICAL_DESIGN_GEOMETRIC_PRESENTATION_REPRESENTATION (  '', ( #8357 ), #6755 ) ;
#11926 = SURFACE_STYLE_FILL_AREA ( #8136 ) ;
#11927 = CLOSED_SHELL ( 'NONE', ( #7650, #10301, #10070, #11056, #12294, #3611, #7226, #2187, #7759, #1567, #6508, #7791, #6571, #1349 ) ) ;
#11928 =( NAMED_UNIT ( * ) SI_UNIT ( $, .STERADIAN. ) SOLID_ANGLE_UNIT ( ) );
#11929 = DIRECTION ( 'NONE',  ( 0.000000000000000000, 1.000000000000000000, 0.000000000000000000 ) ) ;
#11930 = ADVANCED_FACE ( 'NONE', ( #9539 ), #2027, .T. ) ;
#11931 = EDGE_LOOP ( 'NONE', ( #4762, #6453, #709, #1158 ) ) ;
#11932 = MECHANICAL_DESIGN_GEOMETRIC_PRESENTATION_REPRESENTATION (  '', ( #1765 ), #4958 ) ;
#11933 = SURFACE_STYLE_USAGE ( .BOTH. , #3401 ) ;
#11934 = ORIENTED_EDGE ( 'NONE', *, *, #350, .T. ) ;
#11935 =( LENGTH_UNIT ( ) NAMED_UNIT ( * ) SI_UNIT ( .MILLI., .METRE. ) );
#11936 = PRESENTATION_LAYER_ASSIGNMENT (  '', '', ( #6760 ) ) ;
#11937 = SURFACE_STYLE_USAGE ( .BOTH. , #12073 ) ;
#11938 = DIRECTION ( 'NONE',  ( 0.000000000000000000, 0.000000000000000000, 1.000000000000000000 ) ) ;
#11939 = CARTESIAN_POINT ( 'NONE',  ( 12.59999999999999964, -4.000000000000000000, 0.000000000000000000 ) ) ;
#11940 = UNCERTAINTY_MEASURE_WITH_UNIT (LENGTH_MEASURE( 1.000000000000000082E-05 ), #6798, 'distance_accuracy_value', 'NONE');
#11941 = DIRECTION ( 'NONE',  ( -1.000000000000000000, 0.000000000000000000, 0.000000000000000000 ) ) ;
#11942 = CARTESIAN_POINT ( 'NONE',  ( 7.339999999999999858, 1.399999999999999911, 3.200000000000000178 ) ) ;
#11943 = FACE_OUTER_BOUND ( 'NONE', #8182, .T. ) ;
#11944 = PLANE ( 'NONE',  #6677 ) ;
#11945 =( GEOMETRIC_REPRESENTATION_CONTEXT ( 3 ) GLOBAL_UNCERTAINTY_ASSIGNED_CONTEXT ( ( #4195 ) ) GLOBAL_UNIT_ASSIGNED_CONTEXT ( ( #540, #7042, #10848 ) ) REPRESENTATION_CONTEXT ( 'NONE', 'WORKASPACE' ) );
#11946 = ADVANCED_FACE ( 'NONE', ( #4026, #981 ), #6724, .T. ) ;
#11947 = SURFACE_STYLE_USAGE ( .BOTH. , #9014 ) ;
#11948 = VECTOR ( 'NONE', #6287, 1000.000000000000000 ) ;
#11949 = PRESENTATION_STYLE_ASSIGNMENT (( #8157 ) ) ;
#11950 = EDGE_LOOP ( 'NONE', ( #5227, #1032, #2052, #2931 ) ) ;
#11951 = PLANE ( 'NONE',  #1287 ) ;
#11952 = STYLED_ITEM ( 'NONE', ( #11564 ), #10945 ) ;
#11953 = SURFACE_STYLE_USAGE ( .BOTH. , #12016 ) ;
#11954 = UNCERTAINTY_MEASURE_WITH_UNIT (LENGTH_MEASURE( 1.000000000000000082E-05 ), #6475, 'distance_accuracy_value', 'NONE');
#11955 = LINE ( 'NONE', #2399, #9860 ) ;
#11956 = SURFACE_STYLE_FILL_AREA ( #10886 ) ;
#11957 = FILL_AREA_STYLE_COLOUR ( '', #5560 ) ;
#11958 =( NAMED_UNIT ( * ) PLANE_ANGLE_UNIT ( ) SI_UNIT ( $, .RADIAN. ) );
#11959 = DIRECTION ( 'NONE',  ( -1.000000000000000000, 0.000000000000000000, 0.000000000000000000 ) ) ;
#11960 = VERTEX_POINT ( 'NONE', #6674 ) ;
#11961 = EDGE_CURVE ( 'NONE', #4107, #3138, #5701, .T. ) ;
#11962 =( NAMED_UNIT ( * ) PLANE_ANGLE_UNIT ( ) SI_UNIT ( $, .RADIAN. ) );
#11963 = ORIENTED_EDGE ( 'NONE', *, *, #4538, .F. ) ;
#11964 = SURFACE_SIDE_STYLE ('',( #5157 ) ) ;
#11965 = EDGE_CURVE ( 'NONE', #7376, #117, #9094, .T. ) ;
#11966 = VERTEX_POINT ( 'NONE', #10832 ) ;
#11967 = EDGE_CURVE ( 'NONE', #4605, #1954, #5091, .T. ) ;
#11968 = CARTESIAN_POINT ( 'NONE',  ( -3.239999999999999769, 4.000000000000000000, 0.000000000000000000 ) ) ;
#11969 = UNCERTAINTY_MEASURE_WITH_UNIT (LENGTH_MEASURE( 1.000000000000000082E-05 ), #9656, 'distance_accuracy_value', 'NONE');
#11970 = LINE ( 'NONE', #3427, #40 ) ;
#11971 =( NAMED_UNIT ( * ) SI_UNIT ( $, .STERADIAN. ) SOLID_ANGLE_UNIT ( ) );
#11972 = FACE_OUTER_BOUND ( 'NONE', #5517, .T. ) ;
#11974 = ORIENTED_EDGE ( 'NONE', *, *, #2547, .F. ) ;
#11973 = SURFACE_STYLE_FILL_AREA ( #11773 ) ;
#11975 = VERTEX_POINT ( 'NONE', #4146 ) ;
#11976 = SURFACE_STYLE_USAGE ( .BOTH. , #613 ) ;
#11977 = FILL_AREA_STYLE_COLOUR ( '', #12239 ) ;
#11978 = CARTESIAN_POINT ( 'NONE',  ( -2.200000000000000178, 0.4175444955380249734, 0.000000000000000000 ) ) ;
#11979 = ORIENTED_EDGE ( 'NONE', *, *, #9550, .T. ) ;
#11980 = SURFACE_SIDE_STYLE ('',( #4116 ) ) ;
#11981 = CARTESIAN_POINT ( 'NONE',  ( -1.995744669437410357, 1.455044435933379843, -0.05000000000000000278 ) ) ;
#11982 = VECTOR ( 'NONE', #9476, 1000.000000000000000 ) ;
#11983 = AXIS2_PLACEMENT_3D ( 'NONE', #7405, #12001, #11072 ) ;
#11984 = SURFACE_STYLE_FILL_AREA ( #5494 ) ;
#11985 = VERTEX_POINT ( 'NONE', #6205 ) ;
#11986 = VECTOR ( 'NONE', #793, 1000.000000000000000 ) ;
#11987 = STYLED_ITEM ( 'NONE', ( #5729 ), #2589 ) ;
#11988 = VECTOR ( 'NONE', #7184, 1000.000000000000000 ) ;
#11989 = CARTESIAN_POINT ( 'NONE',  ( 3.629999999999999893, 1.149999999999999911, -3.399999999999999911 ) ) ;
#11990 = ORIENTED_EDGE ( 'NONE', *, *, #5301, .F. ) ;
#11991 =( NAMED_UNIT ( * ) SI_UNIT ( $, .STERADIAN. ) SOLID_ANGLE_UNIT ( ) );
#11992 = ADVANCED_FACE ( 'NONE', ( #6145 ), #11888, .F. ) ;
#11993 = LINE ( 'NONE', #9190, #3165 ) ;
#11994 = AXIS2_PLACEMENT_3D ( 'NONE', #9491, #10166, #12171 ) ;
#11995 = CARTESIAN_POINT ( 'NONE',  ( -7.200000000000000178, -4.000000000000000000, 0.000000000000000000 ) ) ;
#11996 = LINE ( 'NONE', #11131, #12161 ) ;
#11997 =( NAMED_UNIT ( * ) SI_UNIT ( $, .STERADIAN. ) SOLID_ANGLE_UNIT ( ) );
#11998 = LINE ( 'NONE', #7196, #6747 ) ;
#11999 = FACE_OUTER_BOUND ( 'NONE', #7173, .T. ) ;
#12000 = UNCERTAINTY_MEASURE_WITH_UNIT (LENGTH_MEASURE( 1.000000000000000082E-05 ), #739, 'distance_accuracy_value', 'NONE');
#12001 = DIRECTION ( 'NONE',  ( -0.000000000000000000, -0.9766444667050904194, -0.2148617826751180737 ) ) ;
#12002 =( GEOMETRIC_REPRESENTATION_CONTEXT ( 3 ) GLOBAL_UNCERTAINTY_ASSIGNED_CONTEXT ( ( #10086 ) ) GLOBAL_UNIT_ASSIGNED_CONTEXT ( ( #8804, #9372, #10109 ) ) REPRESENTATION_CONTEXT ( 'NONE', 'WORKASPACE' ) );
#12003 = VECTOR ( 'NONE', #3074, 1000.000000000000000 ) ;
#12004 = LINE ( 'NONE', #8154, #6812 ) ;
#12005 = VECTOR ( 'NONE', #3083, 1000.000000000000000 ) ;
#12006 = PLANE ( 'NONE',  #11225 ) ;
#12007 = MECHANICAL_DESIGN_GEOMETRIC_PRESENTATION_REPRESENTATION (  '', ( #9227 ), #4829 ) ;
#12008 = ORIENTED_EDGE ( 'NONE', *, *, #6782, .F. ) ;
#12009 = AXIS2_PLACEMENT_3D ( 'NONE', #12056, #2240, #5243 ) ;
#12010 = SURFACE_STYLE_USAGE ( .BOTH. , #12085 ) ;
#12011 = VECTOR ( 'NONE', #5976, 1000.000000000000000 ) ;
#12012 =( GEOMETRIC_REPRESENTATION_CONTEXT ( 3 ) GLOBAL_UNCERTAINTY_ASSIGNED_CONTEXT ( ( #7093 ) ) GLOBAL_UNIT_ASSIGNED_CONTEXT ( ( #1231, #2104, #9546 ) ) REPRESENTATION_CONTEXT ( 'NONE', 'WORKASPACE' ) );
#12013 = ADVANCED_FACE ( 'NONE', ( #4280, #4209 ), #2210, .T. ) ;
#12014 = DIRECTION ( 'NONE',  ( 0.000000000000000000, 0.000000000000000000, -1.000000000000000000 ) ) ;
#12015 = EDGE_CURVE ( 'NONE', #3724, #5158, #10953, .T. ) ;
#12016 = SURFACE_SIDE_STYLE ('',( #8165 ) ) ;
#12017 = STYLED_ITEM ( 'NONE', ( #4868 ), #6995 ) ;
#12018 = COLOUR_RGB ( '',0.2941176470588235392, 0.2941176470588235392, 0.2941176470588235392 ) ;
#12019 =( GEOMETRIC_REPRESENTATION_CONTEXT ( 3 ) GLOBAL_UNCERTAINTY_ASSIGNED_CONTEXT ( ( #10186 ) ) GLOBAL_UNIT_ASSIGNED_CONTEXT ( ( #4312, #9074, #10127 ) ) REPRESENTATION_CONTEXT ( 'NONE', 'WORKASPACE' ) );
#12020 = PRESENTATION_STYLE_ASSIGNMENT (( #5149 ) ) ;
#12021 = SURFACE_STYLE_USAGE ( .BOTH. , #8219 ) ;
#12022 = LINE ( 'NONE', #2533, #10052 ) ;
#12023 = STYLED_ITEM ( 'NONE', ( #3374 ), #10880 ) ;
#12024 = VERTEX_POINT ( 'NONE', #7022 ) ;
#12025 = SURFACE_STYLE_FILL_AREA ( #4343 ) ;
#12026 = CARTESIAN_POINT ( 'NONE',  ( -7.330000000000000071, 1.369999999999999885, -2.399999999999999911 ) ) ;
#12027 = ORIENTED_EDGE ( 'NONE', *, *, #7924, .F. ) ;
#12028 = PRESENTATION_LAYER_ASSIGNMENT (  '', '', ( #4451 ) ) ;
#12029 = LINE ( 'NONE', #6547, #5648 ) ;
#12030 = PRESENTATION_LAYER_ASSIGNMENT (  '', '', ( #5446 ) ) ;
#12031 =( GEOMETRIC_REPRESENTATION_CONTEXT ( 3 ) GLOBAL_UNCERTAINTY_ASSIGNED_CONTEXT ( ( #4133 ) ) GLOBAL_UNIT_ASSIGNED_CONTEXT ( ( #11099, #797, #12230 ) ) REPRESENTATION_CONTEXT ( 'NONE', 'WORKASPACE' ) );
#12032 = ORIENTED_EDGE ( 'NONE', *, *, #1365, .T. ) ;
#12033 =( GEOMETRIC_REPRESENTATION_CONTEXT ( 3 ) GLOBAL_UNCERTAINTY_ASSIGNED_CONTEXT ( ( #1964 ) ) GLOBAL_UNIT_ASSIGNED_CONTEXT ( ( #5255, #2442, #3453 ) ) REPRESENTATION_CONTEXT ( 'NONE', 'WORKASPACE' ) );
#12034 = VECTOR ( 'NONE', #10108, 1000.000000000000000 ) ;
#12035 = VECTOR ( 'NONE', #7017, 1000.000000000000000 ) ;
#12036 = EDGE_CURVE ( 'NONE', #6103, #102, #1475, .T. ) ;
#12037 = CARTESIAN_POINT ( 'NONE',  ( -4.639999999999999680, -4.000000000000000000, 0.5999999999999999778 ) ) ;
#12038 = CARTESIAN_POINT ( 'NONE',  ( -4.509999999999999787, 0.2300000000000000100, 10.20000000000000107 ) ) ;
#12039 = VECTOR ( 'NONE', #661, 1000.000000000000000 ) ;
#12040 = SURFACE_STYLE_USAGE ( .BOTH. , #9753 ) ;
#12041 = FACE_OUTER_BOUND ( 'NONE', #11021, .T. ) ;
#12042 = DIRECTION ( 'NONE',  ( 0.000000000000000000, 0.000000000000000000, 1.000000000000000000 ) ) ;
#12043 = SURFACE_STYLE_USAGE ( .BOTH. , #607 ) ;
#12044 =( GEOMETRIC_REPRESENTATION_CONTEXT ( 3 ) GLOBAL_UNCERTAINTY_ASSIGNED_CONTEXT ( ( #3160 ) ) GLOBAL_UNIT_ASSIGNED_CONTEXT ( ( #9650, #3896, #1952 ) ) REPRESENTATION_CONTEXT ( 'NONE', 'WORKASPACE' ) );
#12046 = ORIENTED_EDGE ( 'NONE', *, *, #7983, .F. ) ;
#12045 = CARTESIAN_POINT ( 'NONE',  ( -1.753191488981250101, 1.042544471696169817, 0.000000000000000000 ) ) ;
#12047 = ORIENTED_EDGE ( 'NONE', *, *, #11784, .T. ) ;
#12048 =( NAMED_UNIT ( * ) SI_UNIT ( $, .STERADIAN. ) SOLID_ANGLE_UNIT ( ) );
#12049 = ADVANCED_FACE ( 'NONE', ( #7481 ), #4654, .T. ) ;
#12050 = CARTESIAN_POINT ( 'NONE',  ( -0.3300000000000110068, 0.4500000000000000111, 11.19999999999999929 ) ) ;
#12051 = DIRECTION ( 'NONE',  ( 0.9766444667050901973, -0.000000000000000000, 0.2148617826751190452 ) ) ;
#12052 = COLOUR_RGB ( '',0.7803921568627451011, 0.7803921568627451011, 0.7803921568627451011 ) ;
#12053 = COLOUR_RGB ( '',0.7803921568627451011, 0.7803921568627451011, 0.7803921568627451011 ) ;
#12054 = FILL_AREA_STYLE ('',( #698 ) ) ;
#12055 = EDGE_CURVE ( 'NONE', #6231, #1837, #12090, .T. ) ;
#12056 = CARTESIAN_POINT ( 'NONE',  ( -1.676595744490619877, 0.01754444785430959997, 0.000000000000000000 ) ) ;
#12057 = PLANE ( 'NONE',  #5456 ) ;
#12058 = EDGE_LOOP ( 'NONE', ( #11897, #3687, #6793, #261 ) ) ;
#12059 = FILL_AREA_STYLE_COLOUR ( '', #8029 ) ;
#12060 =( NAMED_UNIT ( * ) PLANE_ANGLE_UNIT ( ) SI_UNIT ( $, .RADIAN. ) );
#12061 = EDGE_CURVE ( 'NONE', #10823, #7633, #11079, .T. ) ;
#12062 = LINE ( 'NONE', #6313, #3145 ) ;
#12063 = EDGE_CURVE ( 'NONE', #11351, #2577, #11277, .T. ) ;
#12064 = PRESENTATION_STYLE_ASSIGNMENT (( #10175 ) ) ;
#12065 = FILL_AREA_STYLE_COLOUR ( '', #4945 ) ;
#12066 = ADVANCED_FACE ( 'NONE', ( #7354 ), #7294, .T. ) ;
#12067 = STYLED_ITEM ( 'NONE', ( #3099 ), #7894 ) ;
#12068 = DIRECTION ( 'NONE',  ( 0.000000000000000000, 0.000000000000000000, -1.000000000000000000 ) ) ;
#12069 = ORIENTED_EDGE ( 'NONE', *, *, #10793, .T. ) ;
#12070 = SURFACE_SIDE_STYLE ('',( #6264 ) ) ;
#12071 = VERTEX_POINT ( 'NONE', #4589 ) ;
#12072 = FILL_AREA_STYLE ('',( #8382 ) ) ;
#12073 = SURFACE_SIDE_STYLE ('',( #8275 ) ) ;
#12074 = UNCERTAINTY_MEASURE_WITH_UNIT (LENGTH_MEASURE( 1.000000000000000082E-05 ), #6309, 'distance_accuracy_value', 'NONE');
#12075 = DIRECTION ( 'NONE',  ( -1.000000000000000000, 0.000000000000000000, 0.000000000000000000 ) ) ;
#12076 = LINE ( 'NONE', #4320, #10111 ) ;
#12077 = SURFACE_STYLE_USAGE ( .BOTH. , #3410 ) ;
#12078 = LINE ( 'NONE', #3474, #3361 ) ;
#12079 = EDGE_CURVE ( 'NONE', #10726, #10890, #6535, .T. ) ;
#12080 = ORIENTED_EDGE ( 'NONE', *, *, #2130, .T. ) ;
#12081 = FILL_AREA_STYLE ('',( #3532 ) ) ;
#12082 = CARTESIAN_POINT ( 'NONE',  ( -1.600000000000000089, -0.3574555521456899698, -0.05000000000000000278 ) ) ;
#12083 =( NAMED_UNIT ( * ) SI_UNIT ( $, .STERADIAN. ) SOLID_ANGLE_UNIT ( ) );
#12084 = VERTEX_POINT ( 'NONE', #6593 ) ;
#12085 = SURFACE_SIDE_STYLE ('',( #2470 ) ) ;
#12086 = FACE_OUTER_BOUND ( 'NONE', #8470, .T. ) ;
#12087 = DIRECTION ( 'NONE',  ( 0.2100675449707450348, -0.2100675449707440079, -0.9548524771397560729 ) ) ;
#12088 = UNCERTAINTY_MEASURE_WITH_UNIT (LENGTH_MEASURE( 1.000000000000000082E-05 ), #525, 'distance_accuracy_value', 'NONE');
#12089 = DIRECTION ( 'NONE',  ( 0.7145104681851431883, 0.6996247500295051935, 0.000000000000000000 ) ) ;
#12090 = LINE ( 'NONE', #3539, #3186 ) ;
#12091 = PRESENTATION_STYLE_ASSIGNMENT (( #9211 ) ) ;
#12092 = LINE ( 'NONE', #8348, #2762 ) ;
#12093 = PRESENTATION_STYLE_ASSIGNMENT (( #2532 ) ) ;
#12094 = ORIENTED_EDGE ( 'NONE', *, *, #5664, .T. ) ;
#12095 = DIRECTION ( 'NONE',  ( 0.000000000000000000, 0.000000000000000000, -1.000000000000000000 ) ) ;
#12096 = VERTEX_POINT ( 'NONE', #907 ) ;
#12097 = EDGE_CURVE ( 'NONE', #8307, #12084, #724, .T. ) ;
#12098 = ORIENTED_EDGE ( 'NONE', *, *, #7524, .T. ) ;
#12099 = VECTOR ( 'NONE', #2266, 1000.000000000000114 ) ;
#12100 = CARTESIAN_POINT ( 'NONE',  ( -1.957446801662450220, 0.7925444955380260836, 0.000000000000000000 ) ) ;
#12101 = PLANE ( 'NONE',  #7534 ) ;
#12102 = CARTESIAN_POINT ( 'NONE',  ( -1.995744669437410357, 1.455044435933379843, 0.000000000000000000 ) ) ;
#12103 = ORIENTED_EDGE ( 'NONE', *, *, #2412, .F. ) ;
#12104 = LINE ( 'NONE', #11098, #10315 ) ;
#12105 = EDGE_LOOP ( 'NONE', ( #8482, #8546, #8997, #5085 ) ) ;
#12106 = ORIENTED_EDGE ( 'NONE', *, *, #2907, .F. ) ;
#12107 = DIRECTION ( 'NONE',  ( 0.2100675449707440356, -0.2100675449707440356, 0.9548524771397562949 ) ) ;
#12108 = PRESENTATION_STYLE_ASSIGNMENT (( #10299 ) ) ;
#12109 =( LENGTH_UNIT ( ) NAMED_UNIT ( * ) SI_UNIT ( .MILLI., .METRE. ) );
#12110 = EDGE_CURVE ( 'NONE', #5215, #3481, #8584, .T. ) ;
#12111 = MECHANICAL_DESIGN_GEOMETRIC_PRESENTATION_REPRESENTATION (  '', ( #10701 ), #6718 ) ;
#12112 =( LENGTH_UNIT ( ) NAMED_UNIT ( * ) SI_UNIT ( .MILLI., .METRE. ) );
#12113 = CARTESIAN_POINT ( 'NONE',  ( -2.200000000000000178, 1.930044447854309952, -0.05000000000000000278 ) ) ;
#12114 = CARTESIAN_POINT ( 'NONE',  ( -1.995744669437410357, 1.455044435933379843, 0.000000000000000000 ) ) ;
#12115 = ORIENTED_EDGE ( 'NONE', *, *, #2345, .T. ) ;
#12116 = CARTESIAN_POINT ( 'NONE',  ( -11.25999999999999979, 0.2000000000000000111, 3.200000000000000178 ) ) ;
#12117 = COLOUR_RGB ( '',0.2941176470588235392, 0.2941176470588235392, 0.2941176470588235392 ) ;
#12118 = LINE ( 'NONE', #11307, #8556 ) ;
#12119 =( LENGTH_UNIT ( ) NAMED_UNIT ( * ) SI_UNIT ( .MILLI., .METRE. ) );
#12120 = FACE_OUTER_BOUND ( 'NONE', #8843, .T. ) ;
#12121 = VECTOR ( 'NONE', #4166, 1000.000000000000000 ) ;
#12122 = PRESENTATION_LAYER_ASSIGNMENT (  '', '', ( #2339 ) ) ;
#12123 =( NAMED_UNIT ( * ) SI_UNIT ( $, .STERADIAN. ) SOLID_ANGLE_UNIT ( ) );
#12124 = LINE ( 'NONE', #2629, #11438 ) ;
#12125 = STYLED_ITEM ( 'NONE', ( #7839 ), #214 ) ;
#12126 = EDGE_CURVE ( 'NONE', #4388, #5667, #6656, .T. ) ;
#12127 = ORIENTED_EDGE ( 'NONE', *, *, #2547, .T. ) ;
#12128 = VECTOR ( 'NONE', #2956, 1000.000000000000000 ) ;
#12129 =( GEOMETRIC_REPRESENTATION_CONTEXT ( 3 ) GLOBAL_UNCERTAINTY_ASSIGNED_CONTEXT ( ( #7525 ) ) GLOBAL_UNIT_ASSIGNED_CONTEXT ( ( #10655, #3047, #215 ) ) REPRESENTATION_CONTEXT ( 'NONE', 'WORKASPACE' ) );
#12130 = EDGE_CURVE ( 'NONE', #717, #5290, #2841, .T. ) ;
#12131 = LINE ( 'NONE', #6458, #2664 ) ;
#12132 = VECTOR ( 'NONE', #8457, 1000.000000000000000 ) ;
#12133 = ORIENTED_EDGE ( 'NONE', *, *, #10834, .T. ) ;
#12134 = MECHANICAL_DESIGN_GEOMETRIC_PRESENTATION_REPRESENTATION (  '', ( #11528 ), #8751 ) ;
#12135 =( NAMED_UNIT ( * ) SI_UNIT ( $, .STERADIAN. ) SOLID_ANGLE_UNIT ( ) );
#12136 = FILL_AREA_STYLE_COLOUR ( '', #1869 ) ;
#12137 = CARTESIAN_POINT ( 'NONE',  ( -1.600000000000000089, 2.005044447854310352, -0.05000000000000000278 ) ) ;
#12138 = CARTESIAN_POINT ( 'NONE',  ( -12.50000000000000000, 3.000000000000000000, 0.5999999999999999778 ) ) ;
#12139 =( LENGTH_UNIT ( ) NAMED_UNIT ( * ) SI_UNIT ( .MILLI., .METRE. ) );
#12140 = PRESENTATION_LAYER_ASSIGNMENT (  '', '', ( #354 ) ) ;
#12141 =( NAMED_UNIT ( * ) PLANE_ANGLE_UNIT ( ) SI_UNIT ( $, .RADIAN. ) );
#12142 = UNCERTAINTY_MEASURE_WITH_UNIT (LENGTH_MEASURE( 1.000000000000000082E-05 ), #7870, 'distance_accuracy_value', 'NONE');
#12143 = VERTEX_POINT ( 'NONE', #1886 ) ;
#12144 = SURFACE_STYLE_FILL_AREA ( #514 ) ;
#12145 = PRESENTATION_STYLE_ASSIGNMENT (( #1707 ) ) ;
#12146 = PRESENTATION_LAYER_ASSIGNMENT (  '', '', ( #363 ) ) ;
#12147 = EDGE_LOOP ( 'NONE', ( #203, #11269, #6976, #12047 ) ) ;
#12148 =( NAMED_UNIT ( * ) SI_UNIT ( $, .STERADIAN. ) SOLID_ANGLE_UNIT ( ) );
#12149 = FILL_AREA_STYLE ('',( #6481 ) ) ;
#12150 = SURFACE_SIDE_STYLE ('',( #5751 ) ) ;
#12151 = DIRECTION ( 'NONE',  ( 0.000000000000000000, 0.000000000000000000, 1.000000000000000000 ) ) ;
#12152 =( LENGTH_UNIT ( ) NAMED_UNIT ( * ) SI_UNIT ( .MILLI., .METRE. ) );
#12153 = CARTESIAN_POINT ( 'NONE',  ( -2.046808493137360241, 1.367544447854309952, 0.000000000000000000 ) ) ;
#12154 = LINE ( 'NONE', #1658, #1166 ) ;
#12155 = UNCERTAINTY_MEASURE_WITH_UNIT (LENGTH_MEASURE( 1.000000000000000082E-05 ), #5223, 'distance_accuracy_value', 'NONE');
#12156 =( NAMED_UNIT ( * ) SI_UNIT ( $, .STERADIAN. ) SOLID_ANGLE_UNIT ( ) );
#12157 = ORIENTED_EDGE ( 'NONE', *, *, #2976, .F. ) ;
#12158 = VERTEX_POINT ( 'NONE', #4955 ) ;
#12159 = SURFACE_STYLE_USAGE ( .BOTH. , #6421 ) ;
#12160 = ORIENTED_EDGE ( 'NONE', *, *, #2713, .F. ) ;
#12161 = VECTOR ( 'NONE', #9269, 1000.000000000000000 ) ;
#12162 =( NAMED_UNIT ( * ) SI_UNIT ( $, .STERADIAN. ) SOLID_ANGLE_UNIT ( ) );
#12163 = FILL_AREA_STYLE ('',( #8544 ) ) ;
#12164 = SURFACE_STYLE_FILL_AREA ( #8359 ) ;
#12165 = ADVANCED_FACE ( 'NONE', ( #80 ), #5886, .T. ) ;
#12166 = EDGE_LOOP ( 'NONE', ( #11339, #5074, #2869, #11181 ) ) ;
#12167 = PLANE ( 'NONE',  #1351 ) ;
#12169 = EDGE_LOOP ( 'NONE', ( #8858, #4284, #3208, #3384 ) ) ;
#12168 = FACE_OUTER_BOUND ( 'NONE', #9513, .T. ) ;
#12170 = ORIENTED_EDGE ( 'NONE', *, *, #1359, .F. ) ;
#12171 = DIRECTION ( 'NONE',  ( 0.8373786433119696504, 0.5466232777013847466, 0.000000000000000000 ) ) ;
#12172 =( LENGTH_UNIT ( ) NAMED_UNIT ( * ) SI_UNIT ( .MILLI., .METRE. ) );
#12173 = DIRECTION ( 'NONE',  ( 0.9689177459677765780, 0.2473831068378018749, 0.000000000000000000 ) ) ;
#12174 = DIRECTION ( 'NONE',  ( 1.000000000000000000, 0.000000000000000000, 0.000000000000000000 ) ) ;
#12175 = CARTESIAN_POINT ( 'NONE',  ( 11.19999999999999929, -4.000000000000000000, 0.5999999999999999778 ) ) ;
#12176 = FILL_AREA_STYLE ('',( #1610 ) ) ;
#12177 = PRESENTATION_STYLE_ASSIGNMENT (( #1611 ) ) ;
#12178 = ORIENTED_EDGE ( 'NONE', *, *, #8592, .T. ) ;
#12179 = CARTESIAN_POINT ( 'NONE',  ( -2.085106396675110219, 1.055044424012449911, 0.000000000000000000 ) ) ;
#12180 = EDGE_CURVE ( 'NONE', #12193, #842, #4765, .T. ) ;
#12181 = PLANE ( 'NONE',  #1816 ) ;
#12182 = CARTESIAN_POINT ( 'NONE',  ( -1.753191488981250101, 1.042544471696169817, 0.000000000000000000 ) ) ;
#12183 = ORIENTED_EDGE ( 'NONE', *, *, #9794, .T. ) ;
#12184 = CARTESIAN_POINT ( 'NONE',  ( -3.239999999999999769, -4.000000000000000000, 0.5999999999999999778 ) ) ;
#12185 = ORIENTED_EDGE ( 'NONE', *, *, #4981, .F. ) ;
#12186 = COLOUR_RGB ( '',1.000000000000000000, 1.000000000000000000, 0.9450980392156862475 ) ;
#12187 = DIRECTION ( 'NONE',  ( -1.000000000000000000, 0.000000000000000000, 0.000000000000000000 ) ) ;
#12188 = EDGE_CURVE ( 'NONE', #2155, #6951, #6708, .T. ) ;
#12189 =( LENGTH_UNIT ( ) NAMED_UNIT ( * ) SI_UNIT ( .MILLI., .METRE. ) );
#12190 = PRESENTATION_STYLE_ASSIGNMENT (( #6525 ) ) ;
#12191 = APPLICATION_PROTOCOL_DEFINITION ( 'draft international standard', 'automotive_design', 1998, #11330 ) ;
#12192 = CARTESIAN_POINT ( 'NONE',  ( -2.046808493137360241, 1.367544447854309952, 0.000000000000000000 ) ) ;
#12193 = VERTEX_POINT ( 'NONE', #3774 ) ;
#12194 = FILL_AREA_STYLE ('',( #8392 ) ) ;
#12195 = EDGE_CURVE ( 'NONE', #11966, #5643, #4711, .T. ) ;
#12196 = STYLED_ITEM ( 'NONE', ( #6278 ), #2580 ) ;
#12197 = PRESENTATION_LAYER_ASSIGNMENT (  '', '', ( #10202 ) ) ;
#12198 = CARTESIAN_POINT ( 'NONE',  ( -1.676595744490619877, 0.7925444955380260836, 0.000000000000000000 ) ) ;
#12199 = EDGE_LOOP ( 'NONE', ( #8009, #5674, #8761, #8393 ) ) ;
#12200 = FILL_AREA_STYLE_COLOUR ( '', #885 ) ;
#12201 = CARTESIAN_POINT ( 'NONE',  ( 7.240000000000000213, 4.000000000000000000, 0.000000000000000000 ) ) ;
#12202 = VECTOR ( 'NONE', #873, 1000.000000000000000 ) ;
#12203 = DIRECTION ( 'NONE',  ( 0.000000000000000000, -1.000000000000000000, 0.000000000000000000 ) ) ;
#12204 = DIRECTION ( 'NONE',  ( -1.000000000000000000, 0.000000000000000000, 0.000000000000000000 ) ) ;
#12205 = SURFACE_STYLE_USAGE ( .BOTH. , #11080 ) ;
#12206 = DIRECTION ( 'NONE',  ( 0.000000000000000000, 0.000000000000000000, 1.000000000000000000 ) ) ;
#12207 = MECHANICAL_DESIGN_GEOMETRIC_PRESENTATION_REPRESENTATION (  '', ( #10597 ), #11613 ) ;
#12208 = ADVANCED_FACE ( 'NONE', ( #7660 ), #10501, .T. ) ;
#12209 = COLOUR_RGB ( '',1.000000000000000000, 1.000000000000000000, 0.9450980392156862475 ) ;
#12210 = CARTESIAN_POINT ( 'NONE',  ( -2.046808493137360241, -0.09495555214569059710, 0.000000000000000000 ) ) ;
#12211 = ORIENTED_EDGE ( 'NONE', *, *, #951, .F. ) ;
#12212 = FILL_AREA_STYLE ('',( #9353 ) ) ;
#12213 = ORIENTED_EDGE ( 'NONE', *, *, #6157, .T. ) ;
#12214 =( NAMED_UNIT ( * ) PLANE_ANGLE_UNIT ( ) SI_UNIT ( $, .RADIAN. ) );
#12215 = AXIS2_PLACEMENT_3D ( 'NONE', #989, #5034, #5849 ) ;
#12216 = SURFACE_STYLE_USAGE ( .BOTH. , #8412 ) ;
#12217 = VECTOR ( 'NONE', #6620, 1000.000000000000000 ) ;
#12218 = ORIENTED_EDGE ( 'NONE', *, *, #11358, .F. ) ;
#12219 = STYLED_ITEM ( 'NONE', ( #2783 ), #4555 ) ;
#12220 = PRESENTATION_LAYER_ASSIGNMENT (  '', '', ( #9442 ) ) ;
#12221 = STYLED_ITEM ( 'NONE', ( #7217 ), #1663 ) ;
#12222 = AXIS2_PLACEMENT_3D ( 'NONE', #1016, #4817, #8646 ) ;
#12223 = PRESENTATION_STYLE_ASSIGNMENT (( #2681 ) ) ;
#12224 = LINE ( 'NONE', #7368, #7128 ) ;
#12225 = FACE_BOUND ( 'NONE', #5422, .T. ) ;
#12226 =( NAMED_UNIT ( * ) PLANE_ANGLE_UNIT ( ) SI_UNIT ( $, .RADIAN. ) );
#12227 = DIRECTION ( 'NONE',  ( 1.000000000000000000, 0.000000000000000000, 0.000000000000000000 ) ) ;
#12228 = ORIENTED_EDGE ( 'NONE', *, *, #3441, .T. ) ;
#12229 = FILL_AREA_STYLE_COLOUR ( '', #2747 ) ;
#12232 = ORIENTED_EDGE ( 'NONE', *, *, #5401, .F. ) ;
#12231 =( GEOMETRIC_REPRESENTATION_CONTEXT ( 3 ) GLOBAL_UNCERTAINTY_ASSIGNED_CONTEXT ( ( #11586 ) ) GLOBAL_UNIT_ASSIGNED_CONTEXT ( ( #1347, #9908, #3173 ) ) REPRESENTATION_CONTEXT ( 'NONE', 'WORKASPACE' ) );
#12230 =( NAMED_UNIT ( * ) SI_UNIT ( $, .STERADIAN. ) SOLID_ANGLE_UNIT ( ) );
#12233 = ORIENTED_EDGE ( 'NONE', *, *, #8928, .F. ) ;
#12234 = COLOUR_RGB ( '',0.7921568627450980005, 0.8196078431372548767, 0.9333333333333333481 ) ;
#12235 = SURFACE_STYLE_USAGE ( .BOTH. , #5413 ) ;
#12236 = MECHANICAL_DESIGN_GEOMETRIC_PRESENTATION_REPRESENTATION (  '', ( #5244 ), #4653 ) ;
#12237 = FILL_AREA_STYLE_COLOUR ( '', #8261 ) ;
#12238 = SURFACE_SIDE_STYLE ('',( #4418 ) ) ;
#12239 = COLOUR_RGB ( '',0.7921568627450980005, 0.8196078431372548767, 0.9333333333333333481 ) ;
#12240 = CIRCLE ( 'NONE', #3665, 1.000000000000000888 ) ;
#12241 = AXIS2_PLACEMENT_3D ( 'NONE', #11456, #7480, #6707 ) ;
#12242 = LINE ( 'NONE', #5484, #9373 ) ;
#12243 = MECHANICAL_DESIGN_GEOMETRIC_PRESENTATION_REPRESENTATION (  '', ( #3672 ), #4256 ) ;
#12244 = EDGE_LOOP ( 'NONE', ( #3920, #12232, #10081, #11361 ) ) ;
#12245 = VECTOR ( 'NONE', #6752, 1000.000000000000000 ) ;
#12246 = PRESENTATION_LAYER_ASSIGNMENT (  '', '', ( #5260 ) ) ;
#12247 = LINE ( 'NONE', #9441, #8156 ) ;
#12248 = PLANE ( 'NONE',  #9358 ) ;
#12249 =( LENGTH_UNIT ( ) NAMED_UNIT ( * ) SI_UNIT ( .MILLI., .METRE. ) );
#12250 = VECTOR ( 'NONE', #6400, 1000.000000000000000 ) ;
#12251 =( NAMED_UNIT ( * ) SI_UNIT ( $, .STERADIAN. ) SOLID_ANGLE_UNIT ( ) );
#12252 = ORIENTED_EDGE ( 'NONE', *, *, #5405, .F. ) ;
#12253 = EDGE_CURVE ( 'NONE', #4939, #2904, #4076, .T. ) ;
#12254 = COLOUR_RGB ( '',1.000000000000000000, 1.000000000000000000, 0.9450980392156862475 ) ;
#12255 = ORIENTED_EDGE ( 'NONE', *, *, #6473, .T. ) ;
#12256 = CARTESIAN_POINT ( 'NONE',  ( -2.085106396675110219, 1.055044424012449911, 0.000000000000000000 ) ) ;
#12257 = SURFACE_SIDE_STYLE ('',( #8456 ) ) ;
#12258 = PRESENTATION_LAYER_ASSIGNMENT (  '', '', ( #9069 ) ) ;
#12259 = DIRECTION ( 'NONE',  ( 0.9813591893677273692, 0.1921825732045361335, 0.000000000000000000 ) ) ;
#12260 = DIRECTION ( 'NONE',  ( 0.000000000000000000, 1.000000000000000000, 0.000000000000000000 ) ) ;
#12261 =( NAMED_UNIT ( * ) PLANE_ANGLE_UNIT ( ) SI_UNIT ( $, .RADIAN. ) );
#12262 = UNCERTAINTY_MEASURE_WITH_UNIT (LENGTH_MEASURE( 1.000000000000000082E-05 ), #11709, 'distance_accuracy_value', 'NONE');
#12263 = ORIENTED_EDGE ( 'NONE', *, *, #11902, .T. ) ;
#12264 =( LENGTH_UNIT ( ) NAMED_UNIT ( * ) SI_UNIT ( .MILLI., .METRE. ) );
#12265 = EDGE_CURVE ( 'NONE', #11806, #9200, #7958, .T. ) ;
#12266 = ORIENTED_EDGE ( 'NONE', *, *, #4310, .T. ) ;
#12267 = PRESENTATION_STYLE_ASSIGNMENT (( #8471 ) ) ;
#12268 = FACE_OUTER_BOUND ( 'NONE', #1928, .T. ) ;
#12269 = SURFACE_STYLE_USAGE ( .BOTH. , #7588 ) ;
#12270 = CARTESIAN_POINT ( 'NONE',  ( 12.50000000000000000, 0.2000000000000000111, 3.200000000000000178 ) ) ;
#12271 = UNCERTAINTY_MEASURE_WITH_UNIT (LENGTH_MEASURE( 1.000000000000000082E-05 ), #1310, 'distance_accuracy_value', 'NONE');
#12272 = LINE ( 'NONE', #5576, #11012 ) ;
#12273 = ORIENTED_EDGE ( 'NONE', *, *, #6304, .F. ) ;
#12274 = EDGE_LOOP ( 'NONE', ( #327, #1537, #1769, #8174, #1722, #6430, #8731, #5361 ) ) ;
#12275 = DIRECTION ( 'NONE',  ( 0.000000000000000000, -1.000000000000000000, 0.000000000000000000 ) ) ;
#12276 = EDGE_CURVE ( 'NONE', #729, #1602, #10754, .T. ) ;
#12277 = ORIENTED_EDGE ( 'NONE', *, *, #2037, .T. ) ;
#12278 = PLANE ( 'NONE',  #7261 ) ;
#12279 = EDGE_CURVE ( 'NONE', #3958, #10460, #7897, .T. ) ;
#12280 = UNCERTAINTY_MEASURE_WITH_UNIT (LENGTH_MEASURE( 1.000000000000000082E-05 ), #9890, 'distance_accuracy_value', 'NONE');
#12281 = PLANE ( 'NONE',  #6810 ) ;
#12282 =( NAMED_UNIT ( * ) SI_UNIT ( $, .STERADIAN. ) SOLID_ANGLE_UNIT ( ) );
#12283 = ORIENTED_EDGE ( 'NONE', *, *, #5780, .T. ) ;
#12284 = FACE_OUTER_BOUND ( 'NONE', #8703, .T. ) ;
#12285 = ORIENTED_EDGE ( 'NONE', *, *, #12373, .F. ) ;
#12286 = ORIENTED_EDGE ( 'NONE', *, *, #3918, .T. ) ;
#12287 = SURFACE_STYLE_FILL_AREA ( #4683 ) ;
#12288 = PRESENTATION_STYLE_ASSIGNMENT (( #4684 ) ) ;
#12289 =( NAMED_UNIT ( * ) SI_UNIT ( $, .STERADIAN. ) SOLID_ANGLE_UNIT ( ) );
#12290 = DIRECTION ( 'NONE',  ( -1.000000000000000000, 0.000000000000000000, 0.000000000000000000 ) ) ;
#12291 = ORIENTED_EDGE ( 'NONE', *, *, #4329, .F. ) ;
#12292 = DIRECTION ( 'NONE',  ( 0.9813591690598700845, -0.1921826769043490091, 0.000000000000000000 ) ) ;
#12293 = DIRECTION ( 'NONE',  ( -1.000000000000000000, 0.000000000000000000, 0.000000000000000000 ) ) ;
#12294 = ADVANCED_FACE ( 'NONE', ( #10873 ), #319, .T. ) ;
#12295 = DIRECTION ( 'NONE',  ( 0.000000000000000000, 0.2333729524753241080, 0.9723873019805174822 ) ) ;
#12296 = ORIENTED_EDGE ( 'NONE', *, *, #1881, .T. ) ;
#12297 = DIRECTION ( 'NONE',  ( 0.3102787334495819005, 0.9506456267026758278, 0.000000000000000000 ) ) ;
#12298 = DIRECTION ( 'NONE',  ( 0.000000000000000000, -1.000000000000000000, 0.000000000000000000 ) ) ;
#12299 = VECTOR ( 'NONE', #10452, 1000.000000000000000 ) ;
#12300 = DIRECTION ( 'NONE',  ( 0.000000000000000000, 0.000000000000000000, -1.000000000000000000 ) ) ;
#12301 = PRESENTATION_STYLE_ASSIGNMENT (( #12366 ) ) ;
#12302 = VECTOR ( 'NONE', #427, 1000.000000000000000 ) ;
#12303 = ORIENTED_EDGE ( 'NONE', *, *, #10865, .F. ) ;
#12304 = DIRECTION ( 'NONE',  ( 0.000000000000000000, -1.000000000000000000, 0.000000000000000000 ) ) ;
#12306 = PRESENTATION_LAYER_ASSIGNMENT (  '', '', ( #4735 ) ) ;
#12305 =( LENGTH_UNIT ( ) NAMED_UNIT ( * ) SI_UNIT ( .MILLI., .METRE. ) );
#12307 = LINE ( 'NONE', #8384, #12132 ) ;
#12308 = MECHANICAL_DESIGN_GEOMETRIC_PRESENTATION_REPRESENTATION (  '', ( #9933 ), #6120 ) ;
#12309 = CARTESIAN_POINT ( 'NONE',  ( -2.059574484825129836, -0.1699555521456899976, -0.05000000000000000278 ) ) ;
#12310 = COLOUR_RGB ( '',0.7803921568627451011, 0.7803921568627451011, 0.7803921568627451011 ) ;
#12311 = EDGE_CURVE ( 'NONE', #5954, #6387, #9563, .T. ) ;
#12312 =( NAMED_UNIT ( * ) PLANE_ANGLE_UNIT ( ) SI_UNIT ( $, .RADIAN. ) );
#12313 = ORIENTED_EDGE ( 'NONE', *, *, #8622, .T. ) ;
#12314 = LINE ( 'NONE', #2906, #5857 ) ;
#12315 = VECTOR ( 'NONE', #9666, 1000.000000000000000 ) ;
#12316 = MECHANICAL_DESIGN_GEOMETRIC_PRESENTATION_REPRESENTATION (  '', ( #2354 ), #10923 ) ;
#12317 = PLANE ( 'NONE',  #2849 ) ;
#12318 = VERTEX_POINT ( 'NONE', #6074 ) ;
#12319 = MECHANICAL_DESIGN_GEOMETRIC_PRESENTATION_REPRESENTATION (  '', ( #941 ), #5133 ) ;
#12320 = CARTESIAN_POINT ( 'NONE',  ( -3.340000000000000302, 1.399999999999999911, 3.200000000000000178 ) ) ;
#12321 = PLANE ( 'NONE',  #337 ) ;
#12322 =( LENGTH_UNIT ( ) NAMED_UNIT ( * ) SI_UNIT ( .MILLI., .METRE. ) );
#12323 = DIRECTION ( 'NONE',  ( -0.2473831068378039566, 0.9689177459677759119, 0.000000000000000000 ) ) ;
#12324 = EDGE_CURVE ( 'NONE', #1936, #3899, #510, .T. ) ;
#12325 =( NAMED_UNIT ( * ) PLANE_ANGLE_UNIT ( ) SI_UNIT ( $, .RADIAN. ) );
#12326 =( GEOMETRIC_REPRESENTATION_CONTEXT ( 3 ) GLOBAL_UNCERTAINTY_ASSIGNED_CONTEXT ( ( #4384 ) ) GLOBAL_UNIT_ASSIGNED_CONTEXT ( ( #1619, #4186, #936 ) ) REPRESENTATION_CONTEXT ( 'NONE', 'WORKASPACE' ) );
#12327 = MECHANICAL_DESIGN_GEOMETRIC_PRESENTATION_REPRESENTATION (  '', ( #5355 ), #4915 ) ;
#12328 =( LENGTH_UNIT ( ) NAMED_UNIT ( * ) SI_UNIT ( .MILLI., .METRE. ) );
#12329 = SURFACE_STYLE_FILL_AREA ( #1098 ) ;
#12330 = COLOUR_RGB ( '',1.000000000000000000, 1.000000000000000000, 0.9450980392156862475 ) ;
#12331 = ORIENTED_EDGE ( 'NONE', *, *, #5988, .T. ) ;
#12332 = CARTESIAN_POINT ( 'NONE',  ( 0.5899999999999860911, 0.2300000000000000100, -2.399999999999999911 ) ) ;
#12333 = LINE ( 'NONE', #8533, #6850 ) ;
#12334 = ORIENTED_EDGE ( 'NONE', *, *, #10517, .F. ) ;
#12335 = MECHANICAL_DESIGN_GEOMETRIC_PRESENTATION_REPRESENTATION (  '', ( #9148 ), #8355 ) ;
#12336 = ADVANCED_FACE ( 'NONE', ( #8956, #387 ), #4197, .T. ) ;
#12337 = ORIENTED_EDGE ( 'NONE', *, *, #664, .T. ) ;
#12338 = FACE_OUTER_BOUND ( 'NONE', #11639, .T. ) ;
#12339 = SURFACE_STYLE_USAGE ( .BOTH. , #2860 ) ;
#12340 =( GEOMETRIC_REPRESENTATION_CONTEXT ( 3 ) GLOBAL_UNCERTAINTY_ASSIGNED_CONTEXT ( ( #1878 ) ) GLOBAL_UNIT_ASSIGNED_CONTEXT ( ( #3297, #7094, #9968 ) ) REPRESENTATION_CONTEXT ( 'NONE', 'WORKASPACE' ) );
#12341 = PLANE ( 'NONE',  #6219 ) ;
#12342 =( LENGTH_UNIT ( ) NAMED_UNIT ( * ) SI_UNIT ( .MILLI., .METRE. ) );
#12343 = AXIS2_PLACEMENT_3D ( 'NONE', #401, #3117, #8041 ) ;
#12344 = ADVANCED_FACE ( 'NONE', ( #11070, #7522 ), #820, .T. ) ;
#12345 = ORIENTED_EDGE ( 'NONE', *, *, #430, .F. ) ;
#12346 = LINE ( 'NONE', #3119, #12315 ) ;
#12348 = ORIENTED_EDGE ( 'NONE', *, *, #9169, .F. ) ;
#12347 = LINE ( 'NONE', #10518, #7254 ) ;
#12349 = ORIENTED_EDGE ( 'NONE', *, *, #3036, .T. ) ;
#12350 =( NAMED_UNIT ( * ) PLANE_ANGLE_UNIT ( ) SI_UNIT ( $, .RADIAN. ) );
#12351 =( NAMED_UNIT ( * ) SI_UNIT ( $, .STERADIAN. ) SOLID_ANGLE_UNIT ( ) );
#12352 = CARTESIAN_POINT ( 'NONE',  ( -2.148936176300049627, -0.5324554567782588954, 0.000000000000000000 ) ) ;
#12353 = EDGE_CURVE ( 'NONE', #11671, #9200, #7339, .T. ) ;
#12354 = EDGE_LOOP ( 'NONE', ( #10593, #5169, #1444, #7738 ) ) ;
#12355 = LINE ( 'NONE', #9677, #6068 ) ;
#12356 = FILL_AREA_STYLE ('',( #3568 ) ) ;
#12357 = ORIENTED_EDGE ( 'NONE', *, *, #10100, .F. ) ;
#12358 = DIRECTION ( 'NONE',  ( 0.000000000000000000, -1.000000000000000000, 0.000000000000000000 ) ) ;
#12359 = PRESENTATION_STYLE_ASSIGNMENT (( #5049 ) ) ;
#12360 = ORIENTED_EDGE ( 'NONE', *, *, #5020, .T. ) ;
#12361 = SURFACE_STYLE_FILL_AREA ( #5491 ) ;
#12362 = DIRECTION ( 'NONE',  ( 0.000000000000000000, 0.000000000000000000, -1.000000000000000000 ) ) ;
#12363 = EDGE_CURVE ( 'NONE', #9030, #1612, #11996, .T. ) ;
#12364 = DIRECTION ( 'NONE',  ( -0.4397136649566310007, 0.8981380143666159999, 0.000000000000000000 ) ) ;
#12365 = LINE ( 'NONE', #4928, #827 ) ;
#12366 = SURFACE_STYLE_USAGE ( .BOTH. , #1802 ) ;
#12367 = VERTEX_POINT ( 'NONE', #3470 ) ;
#12368 = PLANE ( 'NONE',  #4132 ) ;
#12369 = DIRECTION ( 'NONE',  ( 1.000000000000000000, 0.000000000000000000, 0.000000000000000000 ) ) ;
#12370 = ORIENTED_EDGE ( 'NONE', *, *, #6394, .F. ) ;
#12371 =( NAMED_UNIT ( * ) PLANE_ANGLE_UNIT ( ) SI_UNIT ( $, .RADIAN. ) );
#12372 =( NAMED_UNIT ( * ) PLANE_ANGLE_UNIT ( ) SI_UNIT ( $, .RADIAN. ) );
#12373 = EDGE_CURVE ( 'NONE', #9369, #3724, #8460, .T. ) ;
#12374 = FACE_OUTER_BOUND ( 'NONE', #7305, .T. ) ;
ENDSEC;
END-ISO-10303-21;
