ISO-10303-21;
HEADER;
FILE_DESCRIPTION(('Open CASCADE Model'),'2;1');
FILE_NAME('Open CASCADE Shape Model','2026-10-04T06:15:05',('Author'),(
    'Open CASCADE'),'Open CASCADE STEP processor 7.9','Open CASCADE 7.9'
  ,'Unknown');
FILE_SCHEMA(('AUTOMOTIVE_DESIGN { 1 0 10303 214 1 1 1 1 }'));
ENDSEC;
DATA;
#1 = APPLICATION_PROTOCOL_DEFINITION('international standard',
  'automotive_design',2000,#2);
#2 = APPLICATION_CONTEXT(
  'core data for automotive mechanical design processes');
#3 = SHAPE_DEFINITION_REPRESENTATION(#4,#10);
#4 = PRODUCT_DEFINITION_SHAPE('','',#5);
#5 = PRODUCT_DEFINITION('design','',#6,#9);
#6 = PRODUCT_DEFINITION_FORMATION('','',#7);
#7 = PRODUCT('U77_A1114_30L1','U77_A1114_30L1','',(#8));
#8 = PRODUCT_CONTEXT('',#2,'mechanical');
#9 = PRODUCT_DEFINITION_CONTEXT('part definition',#2,'design');
#10 = SHAPE_REPRESENTATION('',(#11,#15,#19),#23);
#11 = AXIS2_PLACEMENT_3D('',#12,#13,#14);
#12 = CARTESIAN_POINT('',(0.,0.,0.));
#13 = DIRECTION('',(0.,0.,1.));
#14 = DIRECTION('',(1.,0.,-0.));
#15 = AXIS2_PLACEMENT_3D('',#16,#17,#18);
#16 = CARTESIAN_POINT('',(0.,0.,0.));
#17 = DIRECTION('',(0.,0.,1.));
#18 = DIRECTION('',(1.,0.,-0.));
#19 = AXIS2_PLACEMENT_3D('',#20,#21,#22);
#20 = CARTESIAN_POINT('',(0.,0.,0.));
#21 = DIRECTION('',(0.,0.,1.));
#22 = DIRECTION('',(1.,0.,-0.));
#23 = ( GEOMETRIC_REPRESENTATION_CONTEXT(3) 
GLOBAL_UNCERTAINTY_ASSIGNED_CONTEXT((#27)) GLOBAL_UNIT_ASSIGNED_CONTEXT(
(#24,#25,#26)) REPRESENTATION_CONTEXT('Context #1',
  '3D Context with UNIT and UNCERTAINTY') );
#24 = ( LENGTH_UNIT() NAMED_UNIT(*) SI_UNIT(.MILLI.,.METRE.) );
#25 = ( NAMED_UNIT(*) PLANE_ANGLE_UNIT() SI_UNIT($,.RADIAN.) );
#26 = ( NAMED_UNIT(*) SI_UNIT($,.STERADIAN.) SOLID_ANGLE_UNIT() );
#27 = UNCERTAINTY_MEASURE_WITH_UNIT(LENGTH_MEASURE(1.E-07),#24,
  'distance_accuracy_value','confusion accuracy');
#28 = PRODUCT_RELATED_PRODUCT_CATEGORY('part',$,(#7));
#29 = SHAPE_DEFINITION_REPRESENTATION(#30,#36);
#30 = PRODUCT_DEFINITION_SHAPE('','',#31);
#31 = PRODUCT_DEFINITION('design','',#32,#35);
#32 = PRODUCT_DEFINITION_FORMATION('','',#33);
#33 = PRODUCT('CAGE_SHELL','CAGE_SHELL','',(#34));
#34 = PRODUCT_CONTEXT('',#2,'mechanical');
#35 = PRODUCT_DEFINITION_CONTEXT('part definition',#2,'design');
#36 = ADVANCED_BREP_SHAPE_REPRESENTATION('',(#11,#37),#2095);
#37 = MANIFOLD_SOLID_BREP('',#38);
#38 = CLOSED_SHELL('',(#39,#267,#343,#812,#861,#888,#964,#1125,#1174,
    #1293,#1300,#1354,#1408,#1462,#1516,#1570,#1624,#1678,#1732,#1786,
    #1840,#1894,#1948,#1973,#1998,#2061,#2088));
#39 = ADVANCED_FACE('',(#40,#159),#54,.F.);
#40 = FACE_BOUND('',#41,.F.);
#41 = EDGE_LOOP('',(#42,#77,#105,#133));
#42 = ORIENTED_EDGE('',*,*,#43,.F.);
#43 = EDGE_CURVE('',#44,#46,#48,.T.);
#44 = VERTEX_POINT('',#45);
#45 = CARTESIAN_POINT('',(-24.51,-7.25,0.));
#46 = VERTEX_POINT('',#47);
#47 = CARTESIAN_POINT('',(-24.51,-7.25,8.95));
#48 = SURFACE_CURVE('',#49,(#53,#65),.PCURVE_S1.);
#49 = LINE('',#50,#51);
#50 = CARTESIAN_POINT('',(-24.51,-7.25,0.));
#51 = VECTOR('',#52,1.);
#52 = DIRECTION('',(0.,0.,1.));
#53 = PCURVE('',#54,#59);
#54 = PLANE('',#55);
#55 = AXIS2_PLACEMENT_3D('',#56,#57,#58);
#56 = CARTESIAN_POINT('',(-24.51,-7.25,0.));
#57 = DIRECTION('',(1.,0.,0.));
#58 = DIRECTION('',(0.,0.,1.));
#59 = DEFINITIONAL_REPRESENTATION('',(#60),#64);
#60 = LINE('',#61,#62);
#61 = CARTESIAN_POINT('',(0.,0.));
#62 = VECTOR('',#63,1.);
#63 = DIRECTION('',(1.,0.));
#64 = ( GEOMETRIC_REPRESENTATION_CONTEXT(2) 
PARAMETRIC_REPRESENTATION_CONTEXT() REPRESENTATION_CONTEXT('2D SPACE',''
  ) );
#65 = PCURVE('',#66,#71);
#66 = PLANE('',#67);
#67 = AXIS2_PLACEMENT_3D('',#68,#69,#70);
#68 = CARTESIAN_POINT('',(-24.51,-7.25,0.));
#69 = DIRECTION('',(0.,1.,0.));
#70 = DIRECTION('',(0.,0.,1.));
#71 = DEFINITIONAL_REPRESENTATION('',(#72),#76);
#72 = LINE('',#73,#74);
#73 = CARTESIAN_POINT('',(0.,0.));
#74 = VECTOR('',#75,1.);
#75 = DIRECTION('',(1.,0.));
#76 = ( GEOMETRIC_REPRESENTATION_CONTEXT(2) 
PARAMETRIC_REPRESENTATION_CONTEXT() REPRESENTATION_CONTEXT('2D SPACE',''
  ) );
#77 = ORIENTED_EDGE('',*,*,#78,.T.);
#78 = EDGE_CURVE('',#44,#79,#81,.T.);
#79 = VERTEX_POINT('',#80);
#80 = CARTESIAN_POINT('',(-24.51,7.25,0.));
#81 = SURFACE_CURVE('',#82,(#86,#93),.PCURVE_S1.);
#82 = LINE('',#83,#84);
#83 = CARTESIAN_POINT('',(-24.51,-7.25,0.));
#84 = VECTOR('',#85,1.);
#85 = DIRECTION('',(0.,1.,0.));
#86 = PCURVE('',#54,#87);
#87 = DEFINITIONAL_REPRESENTATION('',(#88),#92);
#88 = LINE('',#89,#90);
#89 = CARTESIAN_POINT('',(0.,0.));
#90 = VECTOR('',#91,1.);
#91 = DIRECTION('',(0.,-1.));
#92 = ( GEOMETRIC_REPRESENTATION_CONTEXT(2) 
PARAMETRIC_REPRESENTATION_CONTEXT() REPRESENTATION_CONTEXT('2D SPACE',''
  ) );
#93 = PCURVE('',#94,#99);
#94 = PLANE('',#95);
#95 = AXIS2_PLACEMENT_3D('',#96,#97,#98);
#96 = CARTESIAN_POINT('',(-24.51,-7.25,0.));
#97 = DIRECTION('',(0.,0.,1.));
#98 = DIRECTION('',(1.,0.,0.));
#99 = DEFINITIONAL_REPRESENTATION('',(#100),#104);
#100 = LINE('',#101,#102);
#101 = CARTESIAN_POINT('',(0.,0.));
#102 = VECTOR('',#103,1.);
#103 = DIRECTION('',(0.,1.));
#104 = ( GEOMETRIC_REPRESENTATION_CONTEXT(2) 
PARAMETRIC_REPRESENTATION_CONTEXT() REPRESENTATION_CONTEXT('2D SPACE',''
  ) );
#105 = ORIENTED_EDGE('',*,*,#106,.T.);
#106 = EDGE_CURVE('',#79,#107,#109,.T.);
#107 = VERTEX_POINT('',#108);
#108 = CARTESIAN_POINT('',(-24.51,7.25,8.95));
#109 = SURFACE_CURVE('',#110,(#114,#121),.PCURVE_S1.);
#110 = LINE('',#111,#112);
#111 = CARTESIAN_POINT('',(-24.51,7.25,0.));
#112 = VECTOR('',#113,1.);
#113 = DIRECTION('',(0.,0.,1.));
#114 = PCURVE('',#54,#115);
#115 = DEFINITIONAL_REPRESENTATION('',(#116),#120);
#116 = LINE('',#117,#118);
#117 = CARTESIAN_POINT('',(0.,-14.5));
#118 = VECTOR('',#119,1.);
#119 = DIRECTION('',(1.,0.));
#120 = ( GEOMETRIC_REPRESENTATION_CONTEXT(2) 
PARAMETRIC_REPRESENTATION_CONTEXT() REPRESENTATION_CONTEXT('2D SPACE',''
  ) );
#121 = PCURVE('',#122,#127);
#122 = PLANE('',#123);
#123 = AXIS2_PLACEMENT_3D('',#124,#125,#126);
#124 = CARTESIAN_POINT('',(-24.51,7.25,0.));
#125 = DIRECTION('',(0.,1.,0.));
#126 = DIRECTION('',(0.,0.,1.));
#127 = DEFINITIONAL_REPRESENTATION('',(#128),#132);
#128 = LINE('',#129,#130);
#129 = CARTESIAN_POINT('',(0.,0.));
#130 = VECTOR('',#131,1.);
#131 = DIRECTION('',(1.,0.));
#132 = ( GEOMETRIC_REPRESENTATION_CONTEXT(2) 
PARAMETRIC_REPRESENTATION_CONTEXT() REPRESENTATION_CONTEXT('2D SPACE',''
  ) );
#133 = ORIENTED_EDGE('',*,*,#134,.F.);
#134 = EDGE_CURVE('',#46,#107,#135,.T.);
#135 = SURFACE_CURVE('',#136,(#140,#147),.PCURVE_S1.);
#136 = LINE('',#137,#138);
#137 = CARTESIAN_POINT('',(-24.51,-7.25,8.95));
#138 = VECTOR('',#139,1.);
#139 = DIRECTION('',(0.,1.,0.));
#140 = PCURVE('',#54,#141);
#141 = DEFINITIONAL_REPRESENTATION('',(#142),#146);
#142 = LINE('',#143,#144);
#143 = CARTESIAN_POINT('',(8.95,0.));
#144 = VECTOR('',#145,1.);
#145 = DIRECTION('',(0.,-1.));
#146 = ( GEOMETRIC_REPRESENTATION_CONTEXT(2) 
PARAMETRIC_REPRESENTATION_CONTEXT() REPRESENTATION_CONTEXT('2D SPACE',''
  ) );
#147 = PCURVE('',#148,#153);
#148 = PLANE('',#149);
#149 = AXIS2_PLACEMENT_3D('',#150,#151,#152);
#150 = CARTESIAN_POINT('',(-24.51,-7.25,8.95));
#151 = DIRECTION('',(0.,0.,1.));
#152 = DIRECTION('',(1.,0.,0.));
#153 = DEFINITIONAL_REPRESENTATION('',(#154),#158);
#154 = LINE('',#155,#156);
#155 = CARTESIAN_POINT('',(0.,0.));
#156 = VECTOR('',#157,1.);
#157 = DIRECTION('',(0.,1.));
#158 = ( GEOMETRIC_REPRESENTATION_CONTEXT(2) 
PARAMETRIC_REPRESENTATION_CONTEXT() REPRESENTATION_CONTEXT('2D SPACE',''
  ) );
#159 = FACE_BOUND('',#160,.F.);
#160 = EDGE_LOOP('',(#161,#189,#216,#242));
#161 = ORIENTED_EDGE('',*,*,#162,.T.);
#162 = EDGE_CURVE('',#163,#165,#167,.T.);
#163 = VERTEX_POINT('',#164);
#164 = CARTESIAN_POINT('',(-24.51,7.,0.22));
#165 = VERTEX_POINT('',#166);
#166 = CARTESIAN_POINT('',(-24.51,-7.,0.22));
#167 = SURFACE_CURVE('',#168,(#172,#178),.PCURVE_S1.);
#168 = LINE('',#169,#170);
#169 = CARTESIAN_POINT('',(-24.51,-7.125,0.22));
#170 = VECTOR('',#171,1.);
#171 = DIRECTION('',(0.,-1.,0.));
#172 = PCURVE('',#54,#173);
#173 = DEFINITIONAL_REPRESENTATION('',(#174),#177);
#174 = B_SPLINE_CURVE_WITH_KNOTS('',1,(#175,#176),.UNSPECIFIED.,.F.,.F.,
  (2,2),(-14.125,-0.125),.PIECEWISE_BEZIER_KNOTS.);
#175 = CARTESIAN_POINT('',(0.22,-14.25));
#176 = CARTESIAN_POINT('',(0.22,-0.25));
#177 = ( GEOMETRIC_REPRESENTATION_CONTEXT(2) 
PARAMETRIC_REPRESENTATION_CONTEXT() REPRESENTATION_CONTEXT('2D SPACE',''
  ) );
#178 = PCURVE('',#179,#184);
#179 = PLANE('',#180);
#180 = AXIS2_PLACEMENT_3D('',#181,#182,#183);
#181 = CARTESIAN_POINT('',(-24.76,-7.,0.22));
#182 = DIRECTION('',(0.,0.,1.));
#183 = DIRECTION('',(1.,0.,0.));
#184 = DEFINITIONAL_REPRESENTATION('',(#185),#188);
#185 = B_SPLINE_CURVE_WITH_KNOTS('',1,(#186,#187),.UNSPECIFIED.,.F.,.F.,
  (2,2),(-14.125,-0.125),.PIECEWISE_BEZIER_KNOTS.);
#186 = CARTESIAN_POINT('',(0.25,14.));
#187 = CARTESIAN_POINT('',(0.25,0.));
#188 = ( GEOMETRIC_REPRESENTATION_CONTEXT(2) 
PARAMETRIC_REPRESENTATION_CONTEXT() REPRESENTATION_CONTEXT('2D SPACE',''
  ) );
#189 = ORIENTED_EDGE('',*,*,#190,.T.);
#190 = EDGE_CURVE('',#165,#191,#193,.T.);
#191 = VERTEX_POINT('',#192);
#192 = CARTESIAN_POINT('',(-24.51,-7.,8.72));
#193 = SURFACE_CURVE('',#194,(#198,#204),.PCURVE_S1.);
#194 = LINE('',#195,#196);
#195 = CARTESIAN_POINT('',(-24.51,-7.,0.11));
#196 = VECTOR('',#197,1.);
#197 = DIRECTION('',(0.,0.,1.));
#198 = PCURVE('',#54,#199);
#199 = DEFINITIONAL_REPRESENTATION('',(#200),#203);
#200 = B_SPLINE_CURVE_WITH_KNOTS('',1,(#201,#202),.UNSPECIFIED.,.F.,.F.,
  (2,2),(0.11,8.61),.PIECEWISE_BEZIER_KNOTS.);
#201 = CARTESIAN_POINT('',(0.22,-0.25));
#202 = CARTESIAN_POINT('',(8.72,-0.25));
#203 = ( GEOMETRIC_REPRESENTATION_CONTEXT(2) 
PARAMETRIC_REPRESENTATION_CONTEXT() REPRESENTATION_CONTEXT('2D SPACE',''
  ) );
#204 = PCURVE('',#205,#210);
#205 = PLANE('',#206);
#206 = AXIS2_PLACEMENT_3D('',#207,#208,#209);
#207 = CARTESIAN_POINT('',(-24.76,-7.,0.22));
#208 = DIRECTION('',(0.,1.,0.));
#209 = DIRECTION('',(0.,0.,1.));
#210 = DEFINITIONAL_REPRESENTATION('',(#211),#215);
#211 = LINE('',#212,#213);
#212 = CARTESIAN_POINT('',(-0.11,0.25));
#213 = VECTOR('',#214,1.);
#214 = DIRECTION('',(1.,0.));
#215 = ( GEOMETRIC_REPRESENTATION_CONTEXT(2) 
PARAMETRIC_REPRESENTATION_CONTEXT() REPRESENTATION_CONTEXT('2D SPACE',''
  ) );
#216 = ORIENTED_EDGE('',*,*,#217,.F.);
#217 = EDGE_CURVE('',#218,#191,#220,.T.);
#218 = VERTEX_POINT('',#219);
#219 = CARTESIAN_POINT('',(-24.51,7.,8.72));
#220 = SURFACE_CURVE('',#221,(#225,#231),.PCURVE_S1.);
#221 = LINE('',#222,#223);
#222 = CARTESIAN_POINT('',(-24.51,-7.125,8.72));
#223 = VECTOR('',#224,1.);
#224 = DIRECTION('',(0.,-1.,0.));
#225 = PCURVE('',#54,#226);
#226 = DEFINITIONAL_REPRESENTATION('',(#227),#230);
#227 = B_SPLINE_CURVE_WITH_KNOTS('',1,(#228,#229),.UNSPECIFIED.,.F.,.F.,
  (2,2),(-14.125,-0.125),.PIECEWISE_BEZIER_KNOTS.);
#228 = CARTESIAN_POINT('',(8.72,-14.25));
#229 = CARTESIAN_POINT('',(8.72,-0.25));
#230 = ( GEOMETRIC_REPRESENTATION_CONTEXT(2) 
PARAMETRIC_REPRESENTATION_CONTEXT() REPRESENTATION_CONTEXT('2D SPACE',''
  ) );
#231 = PCURVE('',#232,#237);
#232 = PLANE('',#233);
#233 = AXIS2_PLACEMENT_3D('',#234,#235,#236);
#234 = CARTESIAN_POINT('',(-24.76,-7.,8.72));
#235 = DIRECTION('',(0.,0.,1.));
#236 = DIRECTION('',(1.,0.,0.));
#237 = DEFINITIONAL_REPRESENTATION('',(#238),#241);
#238 = B_SPLINE_CURVE_WITH_KNOTS('',1,(#239,#240),.UNSPECIFIED.,.F.,.F.,
  (2,2),(-14.125,-0.125),.PIECEWISE_BEZIER_KNOTS.);
#239 = CARTESIAN_POINT('',(0.25,14.));
#240 = CARTESIAN_POINT('',(0.25,0.));
#241 = ( GEOMETRIC_REPRESENTATION_CONTEXT(2) 
PARAMETRIC_REPRESENTATION_CONTEXT() REPRESENTATION_CONTEXT('2D SPACE',''
  ) );
#242 = ORIENTED_EDGE('',*,*,#243,.F.);
#243 = EDGE_CURVE('',#163,#218,#244,.T.);
#244 = SURFACE_CURVE('',#245,(#249,#255),.PCURVE_S1.);
#245 = LINE('',#246,#247);
#246 = CARTESIAN_POINT('',(-24.51,7.,0.11));
#247 = VECTOR('',#248,1.);
#248 = DIRECTION('',(0.,0.,1.));
#249 = PCURVE('',#54,#250);
#250 = DEFINITIONAL_REPRESENTATION('',(#251),#254);
#251 = B_SPLINE_CURVE_WITH_KNOTS('',1,(#252,#253),.UNSPECIFIED.,.F.,.F.,
  (2,2),(0.11,8.61),.PIECEWISE_BEZIER_KNOTS.);
#252 = CARTESIAN_POINT('',(0.22,-14.25));
#253 = CARTESIAN_POINT('',(8.72,-14.25));
#254 = ( GEOMETRIC_REPRESENTATION_CONTEXT(2) 
PARAMETRIC_REPRESENTATION_CONTEXT() REPRESENTATION_CONTEXT('2D SPACE',''
  ) );
#255 = PCURVE('',#256,#261);
#256 = PLANE('',#257);
#257 = AXIS2_PLACEMENT_3D('',#258,#259,#260);
#258 = CARTESIAN_POINT('',(-24.76,7.,0.22));
#259 = DIRECTION('',(0.,1.,0.));
#260 = DIRECTION('',(0.,0.,1.));
#261 = DEFINITIONAL_REPRESENTATION('',(#262),#266);
#262 = LINE('',#263,#264);
#263 = CARTESIAN_POINT('',(-0.11,0.25));
#264 = VECTOR('',#265,1.);
#265 = DIRECTION('',(1.,0.));
#266 = ( GEOMETRIC_REPRESENTATION_CONTEXT(2) 
PARAMETRIC_REPRESENTATION_CONTEXT() REPRESENTATION_CONTEXT('2D SPACE',''
  ) );
#267 = ADVANCED_FACE('',(#268),#66,.F.);
#268 = FACE_BOUND('',#269,.F.);
#269 = EDGE_LOOP('',(#270,#293,#294,#317));
#270 = ORIENTED_EDGE('',*,*,#271,.F.);
#271 = EDGE_CURVE('',#44,#272,#274,.T.);
#272 = VERTEX_POINT('',#273);
#273 = CARTESIAN_POINT('',(24.51,-7.25,0.));
#274 = SURFACE_CURVE('',#275,(#279,#286),.PCURVE_S1.);
#275 = LINE('',#276,#277);
#276 = CARTESIAN_POINT('',(-24.51,-7.25,0.));
#277 = VECTOR('',#278,1.);
#278 = DIRECTION('',(1.,0.,0.));
#279 = PCURVE('',#66,#280);
#280 = DEFINITIONAL_REPRESENTATION('',(#281),#285);
#281 = LINE('',#282,#283);
#282 = CARTESIAN_POINT('',(0.,0.));
#283 = VECTOR('',#284,1.);
#284 = DIRECTION('',(0.,1.));
#285 = ( GEOMETRIC_REPRESENTATION_CONTEXT(2) 
PARAMETRIC_REPRESENTATION_CONTEXT() REPRESENTATION_CONTEXT('2D SPACE',''
  ) );
#286 = PCURVE('',#94,#287);
#287 = DEFINITIONAL_REPRESENTATION('',(#288),#292);
#288 = LINE('',#289,#290);
#289 = CARTESIAN_POINT('',(0.,0.));
#290 = VECTOR('',#291,1.);
#291 = DIRECTION('',(1.,0.));
#292 = ( GEOMETRIC_REPRESENTATION_CONTEXT(2) 
PARAMETRIC_REPRESENTATION_CONTEXT() REPRESENTATION_CONTEXT('2D SPACE',''
  ) );
#293 = ORIENTED_EDGE('',*,*,#43,.T.);
#294 = ORIENTED_EDGE('',*,*,#295,.T.);
#295 = EDGE_CURVE('',#46,#296,#298,.T.);
#296 = VERTEX_POINT('',#297);
#297 = CARTESIAN_POINT('',(24.51,-7.25,8.95));
#298 = SURFACE_CURVE('',#299,(#303,#310),.PCURVE_S1.);
#299 = LINE('',#300,#301);
#300 = CARTESIAN_POINT('',(-24.51,-7.25,8.95));
#301 = VECTOR('',#302,1.);
#302 = DIRECTION('',(1.,0.,0.));
#303 = PCURVE('',#66,#304);
#304 = DEFINITIONAL_REPRESENTATION('',(#305),#309);
#305 = LINE('',#306,#307);
#306 = CARTESIAN_POINT('',(8.95,0.));
#307 = VECTOR('',#308,1.);
#308 = DIRECTION('',(0.,1.));
#309 = ( GEOMETRIC_REPRESENTATION_CONTEXT(2) 
PARAMETRIC_REPRESENTATION_CONTEXT() REPRESENTATION_CONTEXT('2D SPACE',''
  ) );
#310 = PCURVE('',#148,#311);
#311 = DEFINITIONAL_REPRESENTATION('',(#312),#316);
#312 = LINE('',#313,#314);
#313 = CARTESIAN_POINT('',(0.,0.));
#314 = VECTOR('',#315,1.);
#315 = DIRECTION('',(1.,0.));
#316 = ( GEOMETRIC_REPRESENTATION_CONTEXT(2) 
PARAMETRIC_REPRESENTATION_CONTEXT() REPRESENTATION_CONTEXT('2D SPACE',''
  ) );
#317 = ORIENTED_EDGE('',*,*,#318,.F.);
#318 = EDGE_CURVE('',#272,#296,#319,.T.);
#319 = SURFACE_CURVE('',#320,(#324,#331),.PCURVE_S1.);
#320 = LINE('',#321,#322);
#321 = CARTESIAN_POINT('',(24.51,-7.25,0.));
#322 = VECTOR('',#323,1.);
#323 = DIRECTION('',(0.,0.,1.));
#324 = PCURVE('',#66,#325);
#325 = DEFINITIONAL_REPRESENTATION('',(#326),#330);
#326 = LINE('',#327,#328);
#327 = CARTESIAN_POINT('',(0.,49.02));
#328 = VECTOR('',#329,1.);
#329 = DIRECTION('',(1.,0.));
#330 = ( GEOMETRIC_REPRESENTATION_CONTEXT(2) 
PARAMETRIC_REPRESENTATION_CONTEXT() REPRESENTATION_CONTEXT('2D SPACE',''
  ) );
#331 = PCURVE('',#332,#337);
#332 = PLANE('',#333);
#333 = AXIS2_PLACEMENT_3D('',#334,#335,#336);
#334 = CARTESIAN_POINT('',(24.51,-7.25,0.));
#335 = DIRECTION('',(1.,0.,0.));
#336 = DIRECTION('',(0.,0.,1.));
#337 = DEFINITIONAL_REPRESENTATION('',(#338),#342);
#338 = LINE('',#339,#340);
#339 = CARTESIAN_POINT('',(0.,0.));
#340 = VECTOR('',#341,1.);
#341 = DIRECTION('',(1.,0.));
#342 = ( GEOMETRIC_REPRESENTATION_CONTEXT(2) 
PARAMETRIC_REPRESENTATION_CONTEXT() REPRESENTATION_CONTEXT('2D SPACE',''
  ) );
#343 = ADVANCED_FACE('',(#344,#392,#427,#462,#497,#532,#567,#602,#637,
    #672,#707,#742,#777),#148,.T.);
#344 = FACE_BOUND('',#345,.T.);
#345 = EDGE_LOOP('',(#346,#347,#348,#371));
#346 = ORIENTED_EDGE('',*,*,#134,.F.);
#347 = ORIENTED_EDGE('',*,*,#295,.T.);
#348 = ORIENTED_EDGE('',*,*,#349,.T.);
#349 = EDGE_CURVE('',#296,#350,#352,.T.);
#350 = VERTEX_POINT('',#351);
#351 = CARTESIAN_POINT('',(24.51,7.25,8.95));
#352 = SURFACE_CURVE('',#353,(#357,#364),.PCURVE_S1.);
#353 = LINE('',#354,#355);
#354 = CARTESIAN_POINT('',(24.51,-7.25,8.95));
#355 = VECTOR('',#356,1.);
#356 = DIRECTION('',(0.,1.,0.));
#357 = PCURVE('',#148,#358);
#358 = DEFINITIONAL_REPRESENTATION('',(#359),#363);
#359 = LINE('',#360,#361);
#360 = CARTESIAN_POINT('',(49.02,0.));
#361 = VECTOR('',#362,1.);
#362 = DIRECTION('',(0.,1.));
#363 = ( GEOMETRIC_REPRESENTATION_CONTEXT(2) 
PARAMETRIC_REPRESENTATION_CONTEXT() REPRESENTATION_CONTEXT('2D SPACE',''
  ) );
#364 = PCURVE('',#332,#365);
#365 = DEFINITIONAL_REPRESENTATION('',(#366),#370);
#366 = LINE('',#367,#368);
#367 = CARTESIAN_POINT('',(8.95,0.));
#368 = VECTOR('',#369,1.);
#369 = DIRECTION('',(0.,-1.));
#370 = ( GEOMETRIC_REPRESENTATION_CONTEXT(2) 
PARAMETRIC_REPRESENTATION_CONTEXT() REPRESENTATION_CONTEXT('2D SPACE',''
  ) );
#371 = ORIENTED_EDGE('',*,*,#372,.F.);
#372 = EDGE_CURVE('',#107,#350,#373,.T.);
#373 = SURFACE_CURVE('',#374,(#378,#385),.PCURVE_S1.);
#374 = LINE('',#375,#376);
#375 = CARTESIAN_POINT('',(-24.51,7.25,8.95));
#376 = VECTOR('',#377,1.);
#377 = DIRECTION('',(1.,0.,0.));
#378 = PCURVE('',#148,#379);
#379 = DEFINITIONAL_REPRESENTATION('',(#380),#384);
#380 = LINE('',#381,#382);
#381 = CARTESIAN_POINT('',(0.,14.5));
#382 = VECTOR('',#383,1.);
#383 = DIRECTION('',(1.,0.));
#384 = ( GEOMETRIC_REPRESENTATION_CONTEXT(2) 
PARAMETRIC_REPRESENTATION_CONTEXT() REPRESENTATION_CONTEXT('2D SPACE',''
  ) );
#385 = PCURVE('',#122,#386);
#386 = DEFINITIONAL_REPRESENTATION('',(#387),#391);
#387 = LINE('',#388,#389);
#388 = CARTESIAN_POINT('',(8.95,0.));
#389 = VECTOR('',#390,1.);
#390 = DIRECTION('',(0.,1.));
#391 = ( GEOMETRIC_REPRESENTATION_CONTEXT(2) 
PARAMETRIC_REPRESENTATION_CONTEXT() REPRESENTATION_CONTEXT('2D SPACE',''
  ) );
#392 = FACE_BOUND('',#393,.T.);
#393 = EDGE_LOOP('',(#394));
#394 = ORIENTED_EDGE('',*,*,#395,.T.);
#395 = EDGE_CURVE('',#396,#396,#398,.T.);
#396 = VERTEX_POINT('',#397);
#397 = CARTESIAN_POINT('',(-13.65,-4.4,8.95));
#398 = SURFACE_CURVE('',#399,(#404,#415),.PCURVE_S1.);
#399 = CIRCLE('',#400,1.35);
#400 = AXIS2_PLACEMENT_3D('',#401,#402,#403);
#401 = CARTESIAN_POINT('',(-15.,-4.4,8.95));
#402 = DIRECTION('',(0.,0.,-1.));
#403 = DIRECTION('',(1.,0.,0.));
#404 = PCURVE('',#148,#405);
#405 = DEFINITIONAL_REPRESENTATION('',(#406),#414);
#406 = ( BOUNDED_CURVE() B_SPLINE_CURVE(2,(#407,#408,#409,#410,#411,#412
,#413),.UNSPECIFIED.,.T.,.F.) B_SPLINE_CURVE_WITH_KNOTS((1,2,2,2,2,1),(
    -2.094395102393,0.,2.094395102393,4.188790204786,6.28318530718,
8.377580409573),.UNSPECIFIED.) CURVE() GEOMETRIC_REPRESENTATION_ITEM() 
RATIONAL_B_SPLINE_CURVE((1.,0.5,1.,0.5,1.,0.5,1.)) REPRESENTATION_ITEM(
  '') );
#407 = CARTESIAN_POINT('',(10.86,2.85));
#408 = CARTESIAN_POINT('',(10.86,0.511731409782));
#409 = CARTESIAN_POINT('',(8.835,1.680865704891));
#410 = CARTESIAN_POINT('',(6.81,2.85));
#411 = CARTESIAN_POINT('',(8.835,4.019134295109));
#412 = CARTESIAN_POINT('',(10.86,5.188268590218));
#413 = CARTESIAN_POINT('',(10.86,2.85));
#414 = ( GEOMETRIC_REPRESENTATION_CONTEXT(2) 
PARAMETRIC_REPRESENTATION_CONTEXT() REPRESENTATION_CONTEXT('2D SPACE',''
  ) );
#415 = PCURVE('',#416,#421);
#416 = CYLINDRICAL_SURFACE('',#417,1.35);
#417 = AXIS2_PLACEMENT_3D('',#418,#419,#420);
#418 = CARTESIAN_POINT('',(-15.,-4.4,8.65));
#419 = DIRECTION('',(-0.,-0.,-1.));
#420 = DIRECTION('',(1.,0.,0.));
#421 = DEFINITIONAL_REPRESENTATION('',(#422),#426);
#422 = LINE('',#423,#424);
#423 = CARTESIAN_POINT('',(-6.28318530718,-0.3));
#424 = VECTOR('',#425,1.);
#425 = DIRECTION('',(1.,-0.));
#426 = ( GEOMETRIC_REPRESENTATION_CONTEXT(2) 
PARAMETRIC_REPRESENTATION_CONTEXT() REPRESENTATION_CONTEXT('2D SPACE',''
  ) );
#427 = FACE_BOUND('',#428,.T.);
#428 = EDGE_LOOP('',(#429));
#429 = ORIENTED_EDGE('',*,*,#430,.T.);
#430 = EDGE_CURVE('',#431,#431,#433,.T.);
#431 = VERTEX_POINT('',#432);
#432 = CARTESIAN_POINT('',(-3.65,-4.4,8.95));
#433 = SURFACE_CURVE('',#434,(#439,#450),.PCURVE_S1.);
#434 = CIRCLE('',#435,1.35);
#435 = AXIS2_PLACEMENT_3D('',#436,#437,#438);
#436 = CARTESIAN_POINT('',(-5.,-4.4,8.95));
#437 = DIRECTION('',(0.,0.,-1.));
#438 = DIRECTION('',(1.,0.,0.));
#439 = PCURVE('',#148,#440);
#440 = DEFINITIONAL_REPRESENTATION('',(#441),#449);
#441 = ( BOUNDED_CURVE() B_SPLINE_CURVE(2,(#442,#443,#444,#445,#446,#447
,#448),.UNSPECIFIED.,.T.,.F.) B_SPLINE_CURVE_WITH_KNOTS((1,2,2,2,2,1),(
    -2.094395102393,0.,2.094395102393,4.188790204786,6.28318530718,
8.377580409573),.UNSPECIFIED.) CURVE() GEOMETRIC_REPRESENTATION_ITEM() 
RATIONAL_B_SPLINE_CURVE((1.,0.5,1.,0.5,1.,0.5,1.)) REPRESENTATION_ITEM(
  '') );
#442 = CARTESIAN_POINT('',(20.86,2.85));
#443 = CARTESIAN_POINT('',(20.86,0.511731409782));
#444 = CARTESIAN_POINT('',(18.835,1.680865704891));
#445 = CARTESIAN_POINT('',(16.81,2.85));
#446 = CARTESIAN_POINT('',(18.835,4.019134295109));
#447 = CARTESIAN_POINT('',(20.86,5.188268590218));
#448 = CARTESIAN_POINT('',(20.86,2.85));
#449 = ( GEOMETRIC_REPRESENTATION_CONTEXT(2) 
PARAMETRIC_REPRESENTATION_CONTEXT() REPRESENTATION_CONTEXT('2D SPACE',''
  ) );
#450 = PCURVE('',#451,#456);
#451 = CYLINDRICAL_SURFACE('',#452,1.35);
#452 = AXIS2_PLACEMENT_3D('',#453,#454,#455);
#453 = CARTESIAN_POINT('',(-5.,-4.4,8.65));
#454 = DIRECTION('',(-0.,-0.,-1.));
#455 = DIRECTION('',(1.,0.,0.));
#456 = DEFINITIONAL_REPRESENTATION('',(#457),#461);
#457 = LINE('',#458,#459);
#458 = CARTESIAN_POINT('',(-6.28318530718,-0.3));
#459 = VECTOR('',#460,1.);
#460 = DIRECTION('',(1.,-0.));
#461 = ( GEOMETRIC_REPRESENTATION_CONTEXT(2) 
PARAMETRIC_REPRESENTATION_CONTEXT() REPRESENTATION_CONTEXT('2D SPACE',''
  ) );
#462 = FACE_BOUND('',#463,.T.);
#463 = EDGE_LOOP('',(#464));
#464 = ORIENTED_EDGE('',*,*,#465,.T.);
#465 = EDGE_CURVE('',#466,#466,#468,.T.);
#466 = VERTEX_POINT('',#467);
#467 = CARTESIAN_POINT('',(6.35,-4.4,8.95));
#468 = SURFACE_CURVE('',#469,(#474,#485),.PCURVE_S1.);
#469 = CIRCLE('',#470,1.35);
#470 = AXIS2_PLACEMENT_3D('',#471,#472,#473);
#471 = CARTESIAN_POINT('',(5.,-4.4,8.95));
#472 = DIRECTION('',(0.,0.,-1.));
#473 = DIRECTION('',(1.,0.,0.));
#474 = PCURVE('',#148,#475);
#475 = DEFINITIONAL_REPRESENTATION('',(#476),#484);
#476 = ( BOUNDED_CURVE() B_SPLINE_CURVE(2,(#477,#478,#479,#480,#481,#482
,#483),.UNSPECIFIED.,.T.,.F.) B_SPLINE_CURVE_WITH_KNOTS((1,2,2,2,2,1),(
    -2.094395102393,0.,2.094395102393,4.188790204786,6.28318530718,
8.377580409573),.UNSPECIFIED.) CURVE() GEOMETRIC_REPRESENTATION_ITEM() 
RATIONAL_B_SPLINE_CURVE((1.,0.5,1.,0.5,1.,0.5,1.)) REPRESENTATION_ITEM(
  '') );
#477 = CARTESIAN_POINT('',(30.86,2.85));
#478 = CARTESIAN_POINT('',(30.86,0.511731409782));
#479 = CARTESIAN_POINT('',(28.835,1.680865704891));
#480 = CARTESIAN_POINT('',(26.81,2.85));
#481 = CARTESIAN_POINT('',(28.835,4.019134295109));
#482 = CARTESIAN_POINT('',(30.86,5.188268590218));
#483 = CARTESIAN_POINT('',(30.86,2.85));
#484 = ( GEOMETRIC_REPRESENTATION_CONTEXT(2) 
PARAMETRIC_REPRESENTATION_CONTEXT() REPRESENTATION_CONTEXT('2D SPACE',''
  ) );
#485 = PCURVE('',#486,#491);
#486 = CYLINDRICAL_SURFACE('',#487,1.35);
#487 = AXIS2_PLACEMENT_3D('',#488,#489,#490);
#488 = CARTESIAN_POINT('',(5.,-4.4,8.65));
#489 = DIRECTION('',(-0.,-0.,-1.));
#490 = DIRECTION('',(1.,0.,0.));
#491 = DEFINITIONAL_REPRESENTATION('',(#492),#496);
#492 = LINE('',#493,#494);
#493 = CARTESIAN_POINT('',(-6.28318530718,-0.3));
#494 = VECTOR('',#495,1.);
#495 = DIRECTION('',(1.,-0.));
#496 = ( GEOMETRIC_REPRESENTATION_CONTEXT(2) 
PARAMETRIC_REPRESENTATION_CONTEXT() REPRESENTATION_CONTEXT('2D SPACE',''
  ) );
#497 = FACE_BOUND('',#498,.T.);
#498 = EDGE_LOOP('',(#499));
#499 = ORIENTED_EDGE('',*,*,#500,.T.);
#500 = EDGE_CURVE('',#501,#501,#503,.T.);
#501 = VERTEX_POINT('',#502);
#502 = CARTESIAN_POINT('',(16.35,-4.4,8.95));
#503 = SURFACE_CURVE('',#504,(#509,#520),.PCURVE_S1.);
#504 = CIRCLE('',#505,1.35);
#505 = AXIS2_PLACEMENT_3D('',#506,#507,#508);
#506 = CARTESIAN_POINT('',(15.,-4.4,8.95));
#507 = DIRECTION('',(0.,0.,-1.));
#508 = DIRECTION('',(1.,0.,0.));
#509 = PCURVE('',#148,#510);
#510 = DEFINITIONAL_REPRESENTATION('',(#511),#519);
#511 = ( BOUNDED_CURVE() B_SPLINE_CURVE(2,(#512,#513,#514,#515,#516,#517
,#518),.UNSPECIFIED.,.T.,.F.) B_SPLINE_CURVE_WITH_KNOTS((1,2,2,2,2,1),(
    -2.094395102393,0.,2.094395102393,4.188790204786,6.28318530718,
8.377580409573),.UNSPECIFIED.) CURVE() GEOMETRIC_REPRESENTATION_ITEM() 
RATIONAL_B_SPLINE_CURVE((1.,0.5,1.,0.5,1.,0.5,1.)) REPRESENTATION_ITEM(
  '') );
#512 = CARTESIAN_POINT('',(40.86,2.85));
#513 = CARTESIAN_POINT('',(40.86,0.511731409782));
#514 = CARTESIAN_POINT('',(38.835,1.680865704891));
#515 = CARTESIAN_POINT('',(36.81,2.85));
#516 = CARTESIAN_POINT('',(38.835,4.019134295109));
#517 = CARTESIAN_POINT('',(40.86,5.188268590218));
#518 = CARTESIAN_POINT('',(40.86,2.85));
#519 = ( GEOMETRIC_REPRESENTATION_CONTEXT(2) 
PARAMETRIC_REPRESENTATION_CONTEXT() REPRESENTATION_CONTEXT('2D SPACE',''
  ) );
#520 = PCURVE('',#521,#526);
#521 = CYLINDRICAL_SURFACE('',#522,1.35);
#522 = AXIS2_PLACEMENT_3D('',#523,#524,#525);
#523 = CARTESIAN_POINT('',(15.,-4.4,8.65));
#524 = DIRECTION('',(-0.,-0.,-1.));
#525 = DIRECTION('',(1.,0.,0.));
#526 = DEFINITIONAL_REPRESENTATION('',(#527),#531);
#527 = LINE('',#528,#529);
#528 = CARTESIAN_POINT('',(-6.28318530718,-0.3));
#529 = VECTOR('',#530,1.);
#530 = DIRECTION('',(1.,-0.));
#531 = ( GEOMETRIC_REPRESENTATION_CONTEXT(2) 
PARAMETRIC_REPRESENTATION_CONTEXT() REPRESENTATION_CONTEXT('2D SPACE',''
  ) );
#532 = FACE_BOUND('',#533,.T.);
#533 = EDGE_LOOP('',(#534));
#534 = ORIENTED_EDGE('',*,*,#535,.T.);
#535 = EDGE_CURVE('',#536,#536,#538,.T.);
#536 = VERTEX_POINT('',#537);
#537 = CARTESIAN_POINT('',(-13.65,0.,8.95));
#538 = SURFACE_CURVE('',#539,(#544,#555),.PCURVE_S1.);
#539 = CIRCLE('',#540,1.35);
#540 = AXIS2_PLACEMENT_3D('',#541,#542,#543);
#541 = CARTESIAN_POINT('',(-15.,0.,8.95));
#542 = DIRECTION('',(0.,0.,-1.));
#543 = DIRECTION('',(1.,0.,0.));
#544 = PCURVE('',#148,#545);
#545 = DEFINITIONAL_REPRESENTATION('',(#546),#554);
#546 = ( BOUNDED_CURVE() B_SPLINE_CURVE(2,(#547,#548,#549,#550,#551,#552
,#553),.UNSPECIFIED.,.T.,.F.) B_SPLINE_CURVE_WITH_KNOTS((1,2,2,2,2,1),(
    -2.094395102393,0.,2.094395102393,4.188790204786,6.28318530718,
8.377580409573),.UNSPECIFIED.) CURVE() GEOMETRIC_REPRESENTATION_ITEM() 
RATIONAL_B_SPLINE_CURVE((1.,0.5,1.,0.5,1.,0.5,1.)) REPRESENTATION_ITEM(
  '') );
#547 = CARTESIAN_POINT('',(10.86,7.25));
#548 = CARTESIAN_POINT('',(10.86,4.911731409782));
#549 = CARTESIAN_POINT('',(8.835,6.080865704891));
#550 = CARTESIAN_POINT('',(6.81,7.25));
#551 = CARTESIAN_POINT('',(8.835,8.419134295109));
#552 = CARTESIAN_POINT('',(10.86,9.588268590218));
#553 = CARTESIAN_POINT('',(10.86,7.25));
#554 = ( GEOMETRIC_REPRESENTATION_CONTEXT(2) 
PARAMETRIC_REPRESENTATION_CONTEXT() REPRESENTATION_CONTEXT('2D SPACE',''
  ) );
#555 = PCURVE('',#556,#561);
#556 = CYLINDRICAL_SURFACE('',#557,1.35);
#557 = AXIS2_PLACEMENT_3D('',#558,#559,#560);
#558 = CARTESIAN_POINT('',(-15.,0.,8.65));
#559 = DIRECTION('',(-0.,-0.,-1.));
#560 = DIRECTION('',(1.,0.,0.));
#561 = DEFINITIONAL_REPRESENTATION('',(#562),#566);
#562 = LINE('',#563,#564);
#563 = CARTESIAN_POINT('',(-6.28318530718,-0.3));
#564 = VECTOR('',#565,1.);
#565 = DIRECTION('',(1.,-0.));
#566 = ( GEOMETRIC_REPRESENTATION_CONTEXT(2) 
PARAMETRIC_REPRESENTATION_CONTEXT() REPRESENTATION_CONTEXT('2D SPACE',''
  ) );
#567 = FACE_BOUND('',#568,.T.);
#568 = EDGE_LOOP('',(#569));
#569 = ORIENTED_EDGE('',*,*,#570,.T.);
#570 = EDGE_CURVE('',#571,#571,#573,.T.);
#571 = VERTEX_POINT('',#572);
#572 = CARTESIAN_POINT('',(-3.65,0.,8.95));
#573 = SURFACE_CURVE('',#574,(#579,#590),.PCURVE_S1.);
#574 = CIRCLE('',#575,1.35);
#575 = AXIS2_PLACEMENT_3D('',#576,#577,#578);
#576 = CARTESIAN_POINT('',(-5.,0.,8.95));
#577 = DIRECTION('',(0.,0.,-1.));
#578 = DIRECTION('',(1.,0.,0.));
#579 = PCURVE('',#148,#580);
#580 = DEFINITIONAL_REPRESENTATION('',(#581),#589);
#581 = ( BOUNDED_CURVE() B_SPLINE_CURVE(2,(#582,#583,#584,#585,#586,#587
,#588),.UNSPECIFIED.,.T.,.F.) B_SPLINE_CURVE_WITH_KNOTS((1,2,2,2,2,1),(
    -2.094395102393,0.,2.094395102393,4.188790204786,6.28318530718,
8.377580409573),.UNSPECIFIED.) CURVE() GEOMETRIC_REPRESENTATION_ITEM() 
RATIONAL_B_SPLINE_CURVE((1.,0.5,1.,0.5,1.,0.5,1.)) REPRESENTATION_ITEM(
  '') );
#582 = CARTESIAN_POINT('',(20.86,7.25));
#583 = CARTESIAN_POINT('',(20.86,4.911731409782));
#584 = CARTESIAN_POINT('',(18.835,6.080865704891));
#585 = CARTESIAN_POINT('',(16.81,7.25));
#586 = CARTESIAN_POINT('',(18.835,8.419134295109));
#587 = CARTESIAN_POINT('',(20.86,9.588268590218));
#588 = CARTESIAN_POINT('',(20.86,7.25));
#589 = ( GEOMETRIC_REPRESENTATION_CONTEXT(2) 
PARAMETRIC_REPRESENTATION_CONTEXT() REPRESENTATION_CONTEXT('2D SPACE',''
  ) );
#590 = PCURVE('',#591,#596);
#591 = CYLINDRICAL_SURFACE('',#592,1.35);
#592 = AXIS2_PLACEMENT_3D('',#593,#594,#595);
#593 = CARTESIAN_POINT('',(-5.,0.,8.65));
#594 = DIRECTION('',(-0.,-0.,-1.));
#595 = DIRECTION('',(1.,0.,0.));
#596 = DEFINITIONAL_REPRESENTATION('',(#597),#601);
#597 = LINE('',#598,#599);
#598 = CARTESIAN_POINT('',(-6.28318530718,-0.3));
#599 = VECTOR('',#600,1.);
#600 = DIRECTION('',(1.,-0.));
#601 = ( GEOMETRIC_REPRESENTATION_CONTEXT(2) 
PARAMETRIC_REPRESENTATION_CONTEXT() REPRESENTATION_CONTEXT('2D SPACE',''
  ) );
#602 = FACE_BOUND('',#603,.T.);
#603 = EDGE_LOOP('',(#604));
#604 = ORIENTED_EDGE('',*,*,#605,.T.);
#605 = EDGE_CURVE('',#606,#606,#608,.T.);
#606 = VERTEX_POINT('',#607);
#607 = CARTESIAN_POINT('',(-13.65,4.4,8.95));
#608 = SURFACE_CURVE('',#609,(#614,#625),.PCURVE_S1.);
#609 = CIRCLE('',#610,1.35);
#610 = AXIS2_PLACEMENT_3D('',#611,#612,#613);
#611 = CARTESIAN_POINT('',(-15.,4.4,8.95));
#612 = DIRECTION('',(0.,0.,-1.));
#613 = DIRECTION('',(1.,0.,0.));
#614 = PCURVE('',#148,#615);
#615 = DEFINITIONAL_REPRESENTATION('',(#616),#624);
#616 = ( BOUNDED_CURVE() B_SPLINE_CURVE(2,(#617,#618,#619,#620,#621,#622
,#623),.UNSPECIFIED.,.T.,.F.) B_SPLINE_CURVE_WITH_KNOTS((1,2,2,2,2,1),(
    -2.094395102393,0.,2.094395102393,4.188790204786,6.28318530718,
8.377580409573),.UNSPECIFIED.) CURVE() GEOMETRIC_REPRESENTATION_ITEM() 
RATIONAL_B_SPLINE_CURVE((1.,0.5,1.,0.5,1.,0.5,1.)) REPRESENTATION_ITEM(
  '') );
#617 = CARTESIAN_POINT('',(10.86,11.65));
#618 = CARTESIAN_POINT('',(10.86,9.311731409782));
#619 = CARTESIAN_POINT('',(8.835,10.480865704891));
#620 = CARTESIAN_POINT('',(6.81,11.65));
#621 = CARTESIAN_POINT('',(8.835,12.819134295109));
#622 = CARTESIAN_POINT('',(10.86,13.988268590218));
#623 = CARTESIAN_POINT('',(10.86,11.65));
#624 = ( GEOMETRIC_REPRESENTATION_CONTEXT(2) 
PARAMETRIC_REPRESENTATION_CONTEXT() REPRESENTATION_CONTEXT('2D SPACE',''
  ) );
#625 = PCURVE('',#626,#631);
#626 = CYLINDRICAL_SURFACE('',#627,1.35);
#627 = AXIS2_PLACEMENT_3D('',#628,#629,#630);
#628 = CARTESIAN_POINT('',(-15.,4.4,8.65));
#629 = DIRECTION('',(-0.,-0.,-1.));
#630 = DIRECTION('',(1.,0.,0.));
#631 = DEFINITIONAL_REPRESENTATION('',(#632),#636);
#632 = LINE('',#633,#634);
#633 = CARTESIAN_POINT('',(-6.28318530718,-0.3));
#634 = VECTOR('',#635,1.);
#635 = DIRECTION('',(1.,-0.));
#636 = ( GEOMETRIC_REPRESENTATION_CONTEXT(2) 
PARAMETRIC_REPRESENTATION_CONTEXT() REPRESENTATION_CONTEXT('2D SPACE',''
  ) );
#637 = FACE_BOUND('',#638,.T.);
#638 = EDGE_LOOP('',(#639));
#639 = ORIENTED_EDGE('',*,*,#640,.T.);
#640 = EDGE_CURVE('',#641,#641,#643,.T.);
#641 = VERTEX_POINT('',#642);
#642 = CARTESIAN_POINT('',(-3.65,4.4,8.95));
#643 = SURFACE_CURVE('',#644,(#649,#660),.PCURVE_S1.);
#644 = CIRCLE('',#645,1.35);
#645 = AXIS2_PLACEMENT_3D('',#646,#647,#648);
#646 = CARTESIAN_POINT('',(-5.,4.4,8.95));
#647 = DIRECTION('',(0.,0.,-1.));
#648 = DIRECTION('',(1.,0.,0.));
#649 = PCURVE('',#148,#650);
#650 = DEFINITIONAL_REPRESENTATION('',(#651),#659);
#651 = ( BOUNDED_CURVE() B_SPLINE_CURVE(2,(#652,#653,#654,#655,#656,#657
,#658),.UNSPECIFIED.,.T.,.F.) B_SPLINE_CURVE_WITH_KNOTS((1,2,2,2,2,1),(
    -2.094395102393,0.,2.094395102393,4.188790204786,6.28318530718,
8.377580409573),.UNSPECIFIED.) CURVE() GEOMETRIC_REPRESENTATION_ITEM() 
RATIONAL_B_SPLINE_CURVE((1.,0.5,1.,0.5,1.,0.5,1.)) REPRESENTATION_ITEM(
  '') );
#652 = CARTESIAN_POINT('',(20.86,11.65));
#653 = CARTESIAN_POINT('',(20.86,9.311731409782));
#654 = CARTESIAN_POINT('',(18.835,10.480865704891));
#655 = CARTESIAN_POINT('',(16.81,11.65));
#656 = CARTESIAN_POINT('',(18.835,12.819134295109));
#657 = CARTESIAN_POINT('',(20.86,13.988268590218));
#658 = CARTESIAN_POINT('',(20.86,11.65));
#659 = ( GEOMETRIC_REPRESENTATION_CONTEXT(2) 
PARAMETRIC_REPRESENTATION_CONTEXT() REPRESENTATION_CONTEXT('2D SPACE',''
  ) );
#660 = PCURVE('',#661,#666);
#661 = CYLINDRICAL_SURFACE('',#662,1.35);
#662 = AXIS2_PLACEMENT_3D('',#663,#664,#665);
#663 = CARTESIAN_POINT('',(-5.,4.4,8.65));
#664 = DIRECTION('',(-0.,-0.,-1.));
#665 = DIRECTION('',(1.,0.,0.));
#666 = DEFINITIONAL_REPRESENTATION('',(#667),#671);
#667 = LINE('',#668,#669);
#668 = CARTESIAN_POINT('',(-6.28318530718,-0.3));
#669 = VECTOR('',#670,1.);
#670 = DIRECTION('',(1.,-0.));
#671 = ( GEOMETRIC_REPRESENTATION_CONTEXT(2) 
PARAMETRIC_REPRESENTATION_CONTEXT() REPRESENTATION_CONTEXT('2D SPACE',''
  ) );
#672 = FACE_BOUND('',#673,.T.);
#673 = EDGE_LOOP('',(#674));
#674 = ORIENTED_EDGE('',*,*,#675,.T.);
#675 = EDGE_CURVE('',#676,#676,#678,.T.);
#676 = VERTEX_POINT('',#677);
#677 = CARTESIAN_POINT('',(6.35,0.,8.95));
#678 = SURFACE_CURVE('',#679,(#684,#695),.PCURVE_S1.);
#679 = CIRCLE('',#680,1.35);
#680 = AXIS2_PLACEMENT_3D('',#681,#682,#683);
#681 = CARTESIAN_POINT('',(5.,0.,8.95));
#682 = DIRECTION('',(0.,0.,-1.));
#683 = DIRECTION('',(1.,0.,0.));
#684 = PCURVE('',#148,#685);
#685 = DEFINITIONAL_REPRESENTATION('',(#686),#694);
#686 = ( BOUNDED_CURVE() B_SPLINE_CURVE(2,(#687,#688,#689,#690,#691,#692
,#693),.UNSPECIFIED.,.T.,.F.) B_SPLINE_CURVE_WITH_KNOTS((1,2,2,2,2,1),(
    -2.094395102393,0.,2.094395102393,4.188790204786,6.28318530718,
8.377580409573),.UNSPECIFIED.) CURVE() GEOMETRIC_REPRESENTATION_ITEM() 
RATIONAL_B_SPLINE_CURVE((1.,0.5,1.,0.5,1.,0.5,1.)) REPRESENTATION_ITEM(
  '') );
#687 = CARTESIAN_POINT('',(30.86,7.25));
#688 = CARTESIAN_POINT('',(30.86,4.911731409782));
#689 = CARTESIAN_POINT('',(28.835,6.080865704891));
#690 = CARTESIAN_POINT('',(26.81,7.25));
#691 = CARTESIAN_POINT('',(28.835,8.419134295109));
#692 = CARTESIAN_POINT('',(30.86,9.588268590218));
#693 = CARTESIAN_POINT('',(30.86,7.25));
#694 = ( GEOMETRIC_REPRESENTATION_CONTEXT(2) 
PARAMETRIC_REPRESENTATION_CONTEXT() REPRESENTATION_CONTEXT('2D SPACE',''
  ) );
#695 = PCURVE('',#696,#701);
#696 = CYLINDRICAL_SURFACE('',#697,1.35);
#697 = AXIS2_PLACEMENT_3D('',#698,#699,#700);
#698 = CARTESIAN_POINT('',(5.,0.,8.65));
#699 = DIRECTION('',(-0.,-0.,-1.));
#700 = DIRECTION('',(1.,0.,0.));
#701 = DEFINITIONAL_REPRESENTATION('',(#702),#706);
#702 = LINE('',#703,#704);
#703 = CARTESIAN_POINT('',(-6.28318530718,-0.3));
#704 = VECTOR('',#705,1.);
#705 = DIRECTION('',(1.,-0.));
#706 = ( GEOMETRIC_REPRESENTATION_CONTEXT(2) 
PARAMETRIC_REPRESENTATION_CONTEXT() REPRESENTATION_CONTEXT('2D SPACE',''
  ) );
#707 = FACE_BOUND('',#708,.T.);
#708 = EDGE_LOOP('',(#709));
#709 = ORIENTED_EDGE('',*,*,#710,.T.);
#710 = EDGE_CURVE('',#711,#711,#713,.T.);
#711 = VERTEX_POINT('',#712);
#712 = CARTESIAN_POINT('',(16.35,0.,8.95));
#713 = SURFACE_CURVE('',#714,(#719,#730),.PCURVE_S1.);
#714 = CIRCLE('',#715,1.35);
#715 = AXIS2_PLACEMENT_3D('',#716,#717,#718);
#716 = CARTESIAN_POINT('',(15.,0.,8.95));
#717 = DIRECTION('',(0.,0.,-1.));
#718 = DIRECTION('',(1.,0.,0.));
#719 = PCURVE('',#148,#720);
#720 = DEFINITIONAL_REPRESENTATION('',(#721),#729);
#721 = ( BOUNDED_CURVE() B_SPLINE_CURVE(2,(#722,#723,#724,#725,#726,#727
,#728),.UNSPECIFIED.,.T.,.F.) B_SPLINE_CURVE_WITH_KNOTS((1,2,2,2,2,1),(
    -2.094395102393,0.,2.094395102393,4.188790204786,6.28318530718,
8.377580409573),.UNSPECIFIED.) CURVE() GEOMETRIC_REPRESENTATION_ITEM() 
RATIONAL_B_SPLINE_CURVE((1.,0.5,1.,0.5,1.,0.5,1.)) REPRESENTATION_ITEM(
  '') );
#722 = CARTESIAN_POINT('',(40.86,7.25));
#723 = CARTESIAN_POINT('',(40.86,4.911731409782));
#724 = CARTESIAN_POINT('',(38.835,6.080865704891));
#725 = CARTESIAN_POINT('',(36.81,7.25));
#726 = CARTESIAN_POINT('',(38.835,8.419134295109));
#727 = CARTESIAN_POINT('',(40.86,9.588268590218));
#728 = CARTESIAN_POINT('',(40.86,7.25));
#729 = ( GEOMETRIC_REPRESENTATION_CONTEXT(2) 
PARAMETRIC_REPRESENTATION_CONTEXT() REPRESENTATION_CONTEXT('2D SPACE',''
  ) );
#730 = PCURVE('',#731,#736);
#731 = CYLINDRICAL_SURFACE('',#732,1.35);
#732 = AXIS2_PLACEMENT_3D('',#733,#734,#735);
#733 = CARTESIAN_POINT('',(15.,0.,8.65));
#734 = DIRECTION('',(-0.,-0.,-1.));
#735 = DIRECTION('',(1.,0.,0.));
#736 = DEFINITIONAL_REPRESENTATION('',(#737),#741);
#737 = LINE('',#738,#739);
#738 = CARTESIAN_POINT('',(-6.28318530718,-0.3));
#739 = VECTOR('',#740,1.);
#740 = DIRECTION('',(1.,-0.));
#741 = ( GEOMETRIC_REPRESENTATION_CONTEXT(2) 
PARAMETRIC_REPRESENTATION_CONTEXT() REPRESENTATION_CONTEXT('2D SPACE',''
  ) );
#742 = FACE_BOUND('',#743,.T.);
#743 = EDGE_LOOP('',(#744));
#744 = ORIENTED_EDGE('',*,*,#745,.T.);
#745 = EDGE_CURVE('',#746,#746,#748,.T.);
#746 = VERTEX_POINT('',#747);
#747 = CARTESIAN_POINT('',(6.35,4.4,8.95));
#748 = SURFACE_CURVE('',#749,(#754,#765),.PCURVE_S1.);
#749 = CIRCLE('',#750,1.35);
#750 = AXIS2_PLACEMENT_3D('',#751,#752,#753);
#751 = CARTESIAN_POINT('',(5.,4.4,8.95));
#752 = DIRECTION('',(0.,0.,-1.));
#753 = DIRECTION('',(1.,0.,0.));
#754 = PCURVE('',#148,#755);
#755 = DEFINITIONAL_REPRESENTATION('',(#756),#764);
#756 = ( BOUNDED_CURVE() B_SPLINE_CURVE(2,(#757,#758,#759,#760,#761,#762
,#763),.UNSPECIFIED.,.T.,.F.) B_SPLINE_CURVE_WITH_KNOTS((1,2,2,2,2,1),(
    -2.094395102393,0.,2.094395102393,4.188790204786,6.28318530718,
8.377580409573),.UNSPECIFIED.) CURVE() GEOMETRIC_REPRESENTATION_ITEM() 
RATIONAL_B_SPLINE_CURVE((1.,0.5,1.,0.5,1.,0.5,1.)) REPRESENTATION_ITEM(
  '') );
#757 = CARTESIAN_POINT('',(30.86,11.65));
#758 = CARTESIAN_POINT('',(30.86,9.311731409782));
#759 = CARTESIAN_POINT('',(28.835,10.480865704891));
#760 = CARTESIAN_POINT('',(26.81,11.65));
#761 = CARTESIAN_POINT('',(28.835,12.819134295109));
#762 = CARTESIAN_POINT('',(30.86,13.988268590218));
#763 = CARTESIAN_POINT('',(30.86,11.65));
#764 = ( GEOMETRIC_REPRESENTATION_CONTEXT(2) 
PARAMETRIC_REPRESENTATION_CONTEXT() REPRESENTATION_CONTEXT('2D SPACE',''
  ) );
#765 = PCURVE('',#766,#771);
#766 = CYLINDRICAL_SURFACE('',#767,1.35);
#767 = AXIS2_PLACEMENT_3D('',#768,#769,#770);
#768 = CARTESIAN_POINT('',(5.,4.4,8.65));
#769 = DIRECTION('',(-0.,-0.,-1.));
#770 = DIRECTION('',(1.,0.,0.));
#771 = DEFINITIONAL_REPRESENTATION('',(#772),#776);
#772 = LINE('',#773,#774);
#773 = CARTESIAN_POINT('',(-6.28318530718,-0.3));
#774 = VECTOR('',#775,1.);
#775 = DIRECTION('',(1.,-0.));
#776 = ( GEOMETRIC_REPRESENTATION_CONTEXT(2) 
PARAMETRIC_REPRESENTATION_CONTEXT() REPRESENTATION_CONTEXT('2D SPACE',''
  ) );
#777 = FACE_BOUND('',#778,.T.);
#778 = EDGE_LOOP('',(#779));
#779 = ORIENTED_EDGE('',*,*,#780,.T.);
#780 = EDGE_CURVE('',#781,#781,#783,.T.);
#781 = VERTEX_POINT('',#782);
#782 = CARTESIAN_POINT('',(16.35,4.4,8.95));
#783 = SURFACE_CURVE('',#784,(#789,#800),.PCURVE_S1.);
#784 = CIRCLE('',#785,1.35);
#785 = AXIS2_PLACEMENT_3D('',#786,#787,#788);
#786 = CARTESIAN_POINT('',(15.,4.4,8.95));
#787 = DIRECTION('',(0.,0.,-1.));
#788 = DIRECTION('',(1.,0.,0.));
#789 = PCURVE('',#148,#790);
#790 = DEFINITIONAL_REPRESENTATION('',(#791),#799);
#791 = ( BOUNDED_CURVE() B_SPLINE_CURVE(2,(#792,#793,#794,#795,#796,#797
,#798),.UNSPECIFIED.,.T.,.F.) B_SPLINE_CURVE_WITH_KNOTS((1,2,2,2,2,1),(
    -2.094395102393,0.,2.094395102393,4.188790204786,6.28318530718,
8.377580409573),.UNSPECIFIED.) CURVE() GEOMETRIC_REPRESENTATION_ITEM() 
RATIONAL_B_SPLINE_CURVE((1.,0.5,1.,0.5,1.,0.5,1.)) REPRESENTATION_ITEM(
  '') );
#792 = CARTESIAN_POINT('',(40.86,11.65));
#793 = CARTESIAN_POINT('',(40.86,9.311731409782));
#794 = CARTESIAN_POINT('',(38.835,10.480865704891));
#795 = CARTESIAN_POINT('',(36.81,11.65));
#796 = CARTESIAN_POINT('',(38.835,12.819134295109));
#797 = CARTESIAN_POINT('',(40.86,13.988268590218));
#798 = CARTESIAN_POINT('',(40.86,11.65));
#799 = ( GEOMETRIC_REPRESENTATION_CONTEXT(2) 
PARAMETRIC_REPRESENTATION_CONTEXT() REPRESENTATION_CONTEXT('2D SPACE',''
  ) );
#800 = PCURVE('',#801,#806);
#801 = CYLINDRICAL_SURFACE('',#802,1.35);
#802 = AXIS2_PLACEMENT_3D('',#803,#804,#805);
#803 = CARTESIAN_POINT('',(15.,4.4,8.65));
#804 = DIRECTION('',(-0.,-0.,-1.));
#805 = DIRECTION('',(1.,0.,0.));
#806 = DEFINITIONAL_REPRESENTATION('',(#807),#811);
#807 = LINE('',#808,#809);
#808 = CARTESIAN_POINT('',(-6.28318530718,-0.3));
#809 = VECTOR('',#810,1.);
#810 = DIRECTION('',(1.,-0.));
#811 = ( GEOMETRIC_REPRESENTATION_CONTEXT(2) 
PARAMETRIC_REPRESENTATION_CONTEXT() REPRESENTATION_CONTEXT('2D SPACE',''
  ) );
#812 = ADVANCED_FACE('',(#813),#94,.F.);
#813 = FACE_BOUND('',#814,.F.);
#814 = EDGE_LOOP('',(#815,#816,#817,#840));
#815 = ORIENTED_EDGE('',*,*,#78,.F.);
#816 = ORIENTED_EDGE('',*,*,#271,.T.);
#817 = ORIENTED_EDGE('',*,*,#818,.T.);
#818 = EDGE_CURVE('',#272,#819,#821,.T.);
#819 = VERTEX_POINT('',#820);
#820 = CARTESIAN_POINT('',(24.51,7.25,0.));
#821 = SURFACE_CURVE('',#822,(#826,#833),.PCURVE_S1.);
#822 = LINE('',#823,#824);
#823 = CARTESIAN_POINT('',(24.51,-7.25,0.));
#824 = VECTOR('',#825,1.);
#825 = DIRECTION('',(0.,1.,0.));
#826 = PCURVE('',#94,#827);
#827 = DEFINITIONAL_REPRESENTATION('',(#828),#832);
#828 = LINE('',#829,#830);
#829 = CARTESIAN_POINT('',(49.02,0.));
#830 = VECTOR('',#831,1.);
#831 = DIRECTION('',(0.,1.));
#832 = ( GEOMETRIC_REPRESENTATION_CONTEXT(2) 
PARAMETRIC_REPRESENTATION_CONTEXT() REPRESENTATION_CONTEXT('2D SPACE',''
  ) );
#833 = PCURVE('',#332,#834);
#834 = DEFINITIONAL_REPRESENTATION('',(#835),#839);
#835 = LINE('',#836,#837);
#836 = CARTESIAN_POINT('',(0.,0.));
#837 = VECTOR('',#838,1.);
#838 = DIRECTION('',(0.,-1.));
#839 = ( GEOMETRIC_REPRESENTATION_CONTEXT(2) 
PARAMETRIC_REPRESENTATION_CONTEXT() REPRESENTATION_CONTEXT('2D SPACE',''
  ) );
#840 = ORIENTED_EDGE('',*,*,#841,.F.);
#841 = EDGE_CURVE('',#79,#819,#842,.T.);
#842 = SURFACE_CURVE('',#843,(#847,#854),.PCURVE_S1.);
#843 = LINE('',#844,#845);
#844 = CARTESIAN_POINT('',(-24.51,7.25,0.));
#845 = VECTOR('',#846,1.);
#846 = DIRECTION('',(1.,0.,0.));
#847 = PCURVE('',#94,#848);
#848 = DEFINITIONAL_REPRESENTATION('',(#849),#853);
#849 = LINE('',#850,#851);
#850 = CARTESIAN_POINT('',(0.,14.5));
#851 = VECTOR('',#852,1.);
#852 = DIRECTION('',(1.,0.));
#853 = ( GEOMETRIC_REPRESENTATION_CONTEXT(2) 
PARAMETRIC_REPRESENTATION_CONTEXT() REPRESENTATION_CONTEXT('2D SPACE',''
  ) );
#854 = PCURVE('',#122,#855);
#855 = DEFINITIONAL_REPRESENTATION('',(#856),#860);
#856 = LINE('',#857,#858);
#857 = CARTESIAN_POINT('',(0.,0.));
#858 = VECTOR('',#859,1.);
#859 = DIRECTION('',(0.,1.));
#860 = ( GEOMETRIC_REPRESENTATION_CONTEXT(2) 
PARAMETRIC_REPRESENTATION_CONTEXT() REPRESENTATION_CONTEXT('2D SPACE',''
  ) );
#861 = ADVANCED_FACE('',(#862),#122,.T.);
#862 = FACE_BOUND('',#863,.T.);
#863 = EDGE_LOOP('',(#864,#865,#866,#867));
#864 = ORIENTED_EDGE('',*,*,#841,.F.);
#865 = ORIENTED_EDGE('',*,*,#106,.T.);
#866 = ORIENTED_EDGE('',*,*,#372,.T.);
#867 = ORIENTED_EDGE('',*,*,#868,.F.);
#868 = EDGE_CURVE('',#819,#350,#869,.T.);
#869 = SURFACE_CURVE('',#870,(#874,#881),.PCURVE_S1.);
#870 = LINE('',#871,#872);
#871 = CARTESIAN_POINT('',(24.51,7.25,0.));
#872 = VECTOR('',#873,1.);
#873 = DIRECTION('',(0.,0.,1.));
#874 = PCURVE('',#122,#875);
#875 = DEFINITIONAL_REPRESENTATION('',(#876),#880);
#876 = LINE('',#877,#878);
#877 = CARTESIAN_POINT('',(0.,49.02));
#878 = VECTOR('',#879,1.);
#879 = DIRECTION('',(1.,0.));
#880 = ( GEOMETRIC_REPRESENTATION_CONTEXT(2) 
PARAMETRIC_REPRESENTATION_CONTEXT() REPRESENTATION_CONTEXT('2D SPACE',''
  ) );
#881 = PCURVE('',#332,#882);
#882 = DEFINITIONAL_REPRESENTATION('',(#883),#887);
#883 = LINE('',#884,#885);
#884 = CARTESIAN_POINT('',(0.,-14.5));
#885 = VECTOR('',#886,1.);
#886 = DIRECTION('',(1.,0.));
#887 = ( GEOMETRIC_REPRESENTATION_CONTEXT(2) 
PARAMETRIC_REPRESENTATION_CONTEXT() REPRESENTATION_CONTEXT('2D SPACE',''
  ) );
#888 = ADVANCED_FACE('',(#889),#179,.T.);
#889 = FACE_BOUND('',#890,.T.);
#890 = EDGE_LOOP('',(#891,#914,#915,#938));
#891 = ORIENTED_EDGE('',*,*,#892,.F.);
#892 = EDGE_CURVE('',#163,#893,#895,.T.);
#893 = VERTEX_POINT('',#894);
#894 = CARTESIAN_POINT('',(-23.56,7.,0.22));
#895 = SURFACE_CURVE('',#896,(#900,#907),.PCURVE_S1.);
#896 = LINE('',#897,#898);
#897 = CARTESIAN_POINT('',(-24.76,7.,0.22));
#898 = VECTOR('',#899,1.);
#899 = DIRECTION('',(1.,0.,0.));
#900 = PCURVE('',#179,#901);
#901 = DEFINITIONAL_REPRESENTATION('',(#902),#906);
#902 = LINE('',#903,#904);
#903 = CARTESIAN_POINT('',(0.,14.));
#904 = VECTOR('',#905,1.);
#905 = DIRECTION('',(1.,0.));
#906 = ( GEOMETRIC_REPRESENTATION_CONTEXT(2) 
PARAMETRIC_REPRESENTATION_CONTEXT() REPRESENTATION_CONTEXT('2D SPACE',''
  ) );
#907 = PCURVE('',#256,#908);
#908 = DEFINITIONAL_REPRESENTATION('',(#909),#913);
#909 = LINE('',#910,#911);
#910 = CARTESIAN_POINT('',(0.,0.));
#911 = VECTOR('',#912,1.);
#912 = DIRECTION('',(0.,1.));
#913 = ( GEOMETRIC_REPRESENTATION_CONTEXT(2) 
PARAMETRIC_REPRESENTATION_CONTEXT() REPRESENTATION_CONTEXT('2D SPACE',''
  ) );
#914 = ORIENTED_EDGE('',*,*,#162,.T.);
#915 = ORIENTED_EDGE('',*,*,#916,.T.);
#916 = EDGE_CURVE('',#165,#917,#919,.T.);
#917 = VERTEX_POINT('',#918);
#918 = CARTESIAN_POINT('',(-23.56,-7.,0.22));
#919 = SURFACE_CURVE('',#920,(#924,#931),.PCURVE_S1.);
#920 = LINE('',#921,#922);
#921 = CARTESIAN_POINT('',(-24.76,-7.,0.22));
#922 = VECTOR('',#923,1.);
#923 = DIRECTION('',(1.,0.,0.));
#924 = PCURVE('',#179,#925);
#925 = DEFINITIONAL_REPRESENTATION('',(#926),#930);
#926 = LINE('',#927,#928);
#927 = CARTESIAN_POINT('',(0.,0.));
#928 = VECTOR('',#929,1.);
#929 = DIRECTION('',(1.,0.));
#930 = ( GEOMETRIC_REPRESENTATION_CONTEXT(2) 
PARAMETRIC_REPRESENTATION_CONTEXT() REPRESENTATION_CONTEXT('2D SPACE',''
  ) );
#931 = PCURVE('',#205,#932);
#932 = DEFINITIONAL_REPRESENTATION('',(#933),#937);
#933 = LINE('',#934,#935);
#934 = CARTESIAN_POINT('',(0.,0.));
#935 = VECTOR('',#936,1.);
#936 = DIRECTION('',(0.,1.));
#937 = ( GEOMETRIC_REPRESENTATION_CONTEXT(2) 
PARAMETRIC_REPRESENTATION_CONTEXT() REPRESENTATION_CONTEXT('2D SPACE',''
  ) );
#938 = ORIENTED_EDGE('',*,*,#939,.T.);
#939 = EDGE_CURVE('',#917,#893,#940,.T.);
#940 = SURFACE_CURVE('',#941,(#945,#952),.PCURVE_S1.);
#941 = LINE('',#942,#943);
#942 = CARTESIAN_POINT('',(-23.56,-7.,0.22));
#943 = VECTOR('',#944,1.);
#944 = DIRECTION('',(0.,1.,0.));
#945 = PCURVE('',#179,#946);
#946 = DEFINITIONAL_REPRESENTATION('',(#947),#951);
#947 = LINE('',#948,#949);
#948 = CARTESIAN_POINT('',(1.2,0.));
#949 = VECTOR('',#950,1.);
#950 = DIRECTION('',(0.,1.));
#951 = ( GEOMETRIC_REPRESENTATION_CONTEXT(2) 
PARAMETRIC_REPRESENTATION_CONTEXT() REPRESENTATION_CONTEXT('2D SPACE',''
  ) );
#952 = PCURVE('',#953,#958);
#953 = PLANE('',#954);
#954 = AXIS2_PLACEMENT_3D('',#955,#956,#957);
#955 = CARTESIAN_POINT('',(-23.56,-7.,0.22));
#956 = DIRECTION('',(1.,0.,0.));
#957 = DIRECTION('',(0.,0.,1.));
#958 = DEFINITIONAL_REPRESENTATION('',(#959),#963);
#959 = LINE('',#960,#961);
#960 = CARTESIAN_POINT('',(0.,0.));
#961 = VECTOR('',#962,1.);
#962 = DIRECTION('',(0.,-1.));
#963 = ( GEOMETRIC_REPRESENTATION_CONTEXT(2) 
PARAMETRIC_REPRESENTATION_CONTEXT() REPRESENTATION_CONTEXT('2D SPACE',''
  ) );
#964 = ADVANCED_FACE('',(#965),#256,.F.);
#965 = FACE_BOUND('',#966,.F.);
#966 = EDGE_LOOP('',(#967,#968,#969,#992,#1020,#1048,#1076,#1104));
#967 = ORIENTED_EDGE('',*,*,#892,.F.);
#968 = ORIENTED_EDGE('',*,*,#243,.T.);
#969 = ORIENTED_EDGE('',*,*,#970,.T.);
#970 = EDGE_CURVE('',#218,#971,#973,.T.);
#971 = VERTEX_POINT('',#972);
#972 = CARTESIAN_POINT('',(-23.56,7.,8.72));
#973 = SURFACE_CURVE('',#974,(#978,#985),.PCURVE_S1.);
#974 = LINE('',#975,#976);
#975 = CARTESIAN_POINT('',(-24.76,7.,8.72));
#976 = VECTOR('',#977,1.);
#977 = DIRECTION('',(1.,0.,0.));
#978 = PCURVE('',#256,#979);
#979 = DEFINITIONAL_REPRESENTATION('',(#980),#984);
#980 = LINE('',#981,#982);
#981 = CARTESIAN_POINT('',(8.5,0.));
#982 = VECTOR('',#983,1.);
#983 = DIRECTION('',(0.,1.));
#984 = ( GEOMETRIC_REPRESENTATION_CONTEXT(2) 
PARAMETRIC_REPRESENTATION_CONTEXT() REPRESENTATION_CONTEXT('2D SPACE',''
  ) );
#985 = PCURVE('',#232,#986);
#986 = DEFINITIONAL_REPRESENTATION('',(#987),#991);
#987 = LINE('',#988,#989);
#988 = CARTESIAN_POINT('',(0.,14.));
#989 = VECTOR('',#990,1.);
#990 = DIRECTION('',(1.,0.));
#991 = ( GEOMETRIC_REPRESENTATION_CONTEXT(2) 
PARAMETRIC_REPRESENTATION_CONTEXT() REPRESENTATION_CONTEXT('2D SPACE',''
  ) );
#992 = ORIENTED_EDGE('',*,*,#993,.F.);
#993 = EDGE_CURVE('',#994,#971,#996,.T.);
#994 = VERTEX_POINT('',#995);
#995 = CARTESIAN_POINT('',(-23.56,7.,8.7));
#996 = SURFACE_CURVE('',#997,(#1001,#1008),.PCURVE_S1.);
#997 = LINE('',#998,#999);
#998 = CARTESIAN_POINT('',(-23.56,7.,0.22));
#999 = VECTOR('',#1000,1.);
#1000 = DIRECTION('',(0.,0.,1.));
#1001 = PCURVE('',#256,#1002);
#1002 = DEFINITIONAL_REPRESENTATION('',(#1003),#1007);
#1003 = LINE('',#1004,#1005);
#1004 = CARTESIAN_POINT('',(0.,1.2));
#1005 = VECTOR('',#1006,1.);
#1006 = DIRECTION('',(1.,0.));
#1007 = ( GEOMETRIC_REPRESENTATION_CONTEXT(2) 
PARAMETRIC_REPRESENTATION_CONTEXT() REPRESENTATION_CONTEXT('2D SPACE',''
  ) );
#1008 = PCURVE('',#1009,#1014);
#1009 = PLANE('',#1010);
#1010 = AXIS2_PLACEMENT_3D('',#1011,#1012,#1013);
#1011 = CARTESIAN_POINT('',(-23.56,-7.,0.22));
#1012 = DIRECTION('',(1.,0.,0.));
#1013 = DIRECTION('',(0.,0.,1.));
#1014 = DEFINITIONAL_REPRESENTATION('',(#1015),#1019);
#1015 = LINE('',#1016,#1017);
#1016 = CARTESIAN_POINT('',(0.,-14.));
#1017 = VECTOR('',#1018,1.);
#1018 = DIRECTION('',(1.,0.));
#1019 = ( GEOMETRIC_REPRESENTATION_CONTEXT(2) 
PARAMETRIC_REPRESENTATION_CONTEXT() REPRESENTATION_CONTEXT('2D SPACE',''
  ) );
#1020 = ORIENTED_EDGE('',*,*,#1021,.T.);
#1021 = EDGE_CURVE('',#994,#1022,#1024,.T.);
#1022 = VERTEX_POINT('',#1023);
#1023 = CARTESIAN_POINT('',(24.185,7.,8.7));
#1024 = SURFACE_CURVE('',#1025,(#1029,#1036),.PCURVE_S1.);
#1025 = LINE('',#1026,#1027);
#1026 = CARTESIAN_POINT('',(-24.435,7.,8.7));
#1027 = VECTOR('',#1028,1.);
#1028 = DIRECTION('',(1.,0.,0.));
#1029 = PCURVE('',#256,#1030);
#1030 = DEFINITIONAL_REPRESENTATION('',(#1031),#1035);
#1031 = LINE('',#1032,#1033);
#1032 = CARTESIAN_POINT('',(8.48,0.325));
#1033 = VECTOR('',#1034,1.);
#1034 = DIRECTION('',(0.,1.));
#1035 = ( GEOMETRIC_REPRESENTATION_CONTEXT(2) 
PARAMETRIC_REPRESENTATION_CONTEXT() REPRESENTATION_CONTEXT('2D SPACE',''
  ) );
#1036 = PCURVE('',#1037,#1042);
#1037 = PLANE('',#1038);
#1038 = AXIS2_PLACEMENT_3D('',#1039,#1040,#1041);
#1039 = CARTESIAN_POINT('',(-24.435,-7.,8.7));
#1040 = DIRECTION('',(0.,0.,1.));
#1041 = DIRECTION('',(1.,0.,0.));
#1042 = DEFINITIONAL_REPRESENTATION('',(#1043),#1047);
#1043 = LINE('',#1044,#1045);
#1044 = CARTESIAN_POINT('',(0.,14.));
#1045 = VECTOR('',#1046,1.);
#1046 = DIRECTION('',(1.,0.));
#1047 = ( GEOMETRIC_REPRESENTATION_CONTEXT(2) 
PARAMETRIC_REPRESENTATION_CONTEXT() REPRESENTATION_CONTEXT('2D SPACE',''
  ) );
#1048 = ORIENTED_EDGE('',*,*,#1049,.F.);
#1049 = EDGE_CURVE('',#1050,#1022,#1052,.T.);
#1050 = VERTEX_POINT('',#1051);
#1051 = CARTESIAN_POINT('',(24.185,7.,0.25));
#1052 = SURFACE_CURVE('',#1053,(#1057,#1064),.PCURVE_S1.);
#1053 = LINE('',#1054,#1055);
#1054 = CARTESIAN_POINT('',(24.185,7.,0.25));
#1055 = VECTOR('',#1056,1.);
#1056 = DIRECTION('',(0.,0.,1.));
#1057 = PCURVE('',#256,#1058);
#1058 = DEFINITIONAL_REPRESENTATION('',(#1059),#1063);
#1059 = LINE('',#1060,#1061);
#1060 = CARTESIAN_POINT('',(3.E-02,48.945));
#1061 = VECTOR('',#1062,1.);
#1062 = DIRECTION('',(1.,0.));
#1063 = ( GEOMETRIC_REPRESENTATION_CONTEXT(2) 
PARAMETRIC_REPRESENTATION_CONTEXT() REPRESENTATION_CONTEXT('2D SPACE',''
  ) );
#1064 = PCURVE('',#1065,#1070);
#1065 = PLANE('',#1066);
#1066 = AXIS2_PLACEMENT_3D('',#1067,#1068,#1069);
#1067 = CARTESIAN_POINT('',(24.185,-7.,0.25));
#1068 = DIRECTION('',(1.,0.,0.));
#1069 = DIRECTION('',(0.,0.,1.));
#1070 = DEFINITIONAL_REPRESENTATION('',(#1071),#1075);
#1071 = LINE('',#1072,#1073);
#1072 = CARTESIAN_POINT('',(0.,-14.));
#1073 = VECTOR('',#1074,1.);
#1074 = DIRECTION('',(1.,0.));
#1075 = ( GEOMETRIC_REPRESENTATION_CONTEXT(2) 
PARAMETRIC_REPRESENTATION_CONTEXT() REPRESENTATION_CONTEXT('2D SPACE',''
  ) );
#1076 = ORIENTED_EDGE('',*,*,#1077,.F.);
#1077 = EDGE_CURVE('',#1078,#1050,#1080,.T.);
#1078 = VERTEX_POINT('',#1079);
#1079 = CARTESIAN_POINT('',(-23.56,7.,0.25));
#1080 = SURFACE_CURVE('',#1081,(#1085,#1092),.PCURVE_S1.);
#1081 = LINE('',#1082,#1083);
#1082 = CARTESIAN_POINT('',(-24.435,7.,0.25));
#1083 = VECTOR('',#1084,1.);
#1084 = DIRECTION('',(1.,0.,0.));
#1085 = PCURVE('',#256,#1086);
#1086 = DEFINITIONAL_REPRESENTATION('',(#1087),#1091);
#1087 = LINE('',#1088,#1089);
#1088 = CARTESIAN_POINT('',(3.E-02,0.325));
#1089 = VECTOR('',#1090,1.);
#1090 = DIRECTION('',(0.,1.));
#1091 = ( GEOMETRIC_REPRESENTATION_CONTEXT(2) 
PARAMETRIC_REPRESENTATION_CONTEXT() REPRESENTATION_CONTEXT('2D SPACE',''
  ) );
#1092 = PCURVE('',#1093,#1098);
#1093 = PLANE('',#1094);
#1094 = AXIS2_PLACEMENT_3D('',#1095,#1096,#1097);
#1095 = CARTESIAN_POINT('',(-24.435,-7.,0.25));
#1096 = DIRECTION('',(0.,0.,1.));
#1097 = DIRECTION('',(1.,0.,0.));
#1098 = DEFINITIONAL_REPRESENTATION('',(#1099),#1103);
#1099 = LINE('',#1100,#1101);
#1100 = CARTESIAN_POINT('',(0.,14.));
#1101 = VECTOR('',#1102,1.);
#1102 = DIRECTION('',(1.,0.));
#1103 = ( GEOMETRIC_REPRESENTATION_CONTEXT(2) 
PARAMETRIC_REPRESENTATION_CONTEXT() REPRESENTATION_CONTEXT('2D SPACE',''
  ) );
#1104 = ORIENTED_EDGE('',*,*,#1105,.F.);
#1105 = EDGE_CURVE('',#893,#1078,#1106,.T.);
#1106 = SURFACE_CURVE('',#1107,(#1111,#1118),.PCURVE_S1.);
#1107 = LINE('',#1108,#1109);
#1108 = CARTESIAN_POINT('',(-23.56,7.,0.22));
#1109 = VECTOR('',#1110,1.);
#1110 = DIRECTION('',(0.,0.,1.));
#1111 = PCURVE('',#256,#1112);
#1112 = DEFINITIONAL_REPRESENTATION('',(#1113),#1117);
#1113 = LINE('',#1114,#1115);
#1114 = CARTESIAN_POINT('',(0.,1.2));
#1115 = VECTOR('',#1116,1.);
#1116 = DIRECTION('',(1.,0.));
#1117 = ( GEOMETRIC_REPRESENTATION_CONTEXT(2) 
PARAMETRIC_REPRESENTATION_CONTEXT() REPRESENTATION_CONTEXT('2D SPACE',''
  ) );
#1118 = PCURVE('',#953,#1119);
#1119 = DEFINITIONAL_REPRESENTATION('',(#1120),#1124);
#1120 = LINE('',#1121,#1122);
#1121 = CARTESIAN_POINT('',(0.,-14.));
#1122 = VECTOR('',#1123,1.);
#1123 = DIRECTION('',(1.,0.));
#1124 = ( GEOMETRIC_REPRESENTATION_CONTEXT(2) 
PARAMETRIC_REPRESENTATION_CONTEXT() REPRESENTATION_CONTEXT('2D SPACE',''
  ) );
#1125 = ADVANCED_FACE('',(#1126),#232,.F.);
#1126 = FACE_BOUND('',#1127,.F.);
#1127 = EDGE_LOOP('',(#1128,#1129,#1130,#1153));
#1128 = ORIENTED_EDGE('',*,*,#970,.F.);
#1129 = ORIENTED_EDGE('',*,*,#217,.T.);
#1130 = ORIENTED_EDGE('',*,*,#1131,.T.);
#1131 = EDGE_CURVE('',#191,#1132,#1134,.T.);
#1132 = VERTEX_POINT('',#1133);
#1133 = CARTESIAN_POINT('',(-23.56,-7.,8.72));
#1134 = SURFACE_CURVE('',#1135,(#1139,#1146),.PCURVE_S1.);
#1135 = LINE('',#1136,#1137);
#1136 = CARTESIAN_POINT('',(-24.76,-7.,8.72));
#1137 = VECTOR('',#1138,1.);
#1138 = DIRECTION('',(1.,0.,0.));
#1139 = PCURVE('',#232,#1140);
#1140 = DEFINITIONAL_REPRESENTATION('',(#1141),#1145);
#1141 = LINE('',#1142,#1143);
#1142 = CARTESIAN_POINT('',(0.,0.));
#1143 = VECTOR('',#1144,1.);
#1144 = DIRECTION('',(1.,0.));
#1145 = ( GEOMETRIC_REPRESENTATION_CONTEXT(2) 
PARAMETRIC_REPRESENTATION_CONTEXT() REPRESENTATION_CONTEXT('2D SPACE',''
  ) );
#1146 = PCURVE('',#205,#1147);
#1147 = DEFINITIONAL_REPRESENTATION('',(#1148),#1152);
#1148 = LINE('',#1149,#1150);
#1149 = CARTESIAN_POINT('',(8.5,0.));
#1150 = VECTOR('',#1151,1.);
#1151 = DIRECTION('',(0.,1.));
#1152 = ( GEOMETRIC_REPRESENTATION_CONTEXT(2) 
PARAMETRIC_REPRESENTATION_CONTEXT() REPRESENTATION_CONTEXT('2D SPACE',''
  ) );
#1153 = ORIENTED_EDGE('',*,*,#1154,.T.);
#1154 = EDGE_CURVE('',#1132,#971,#1155,.T.);
#1155 = SURFACE_CURVE('',#1156,(#1160,#1167),.PCURVE_S1.);
#1156 = LINE('',#1157,#1158);
#1157 = CARTESIAN_POINT('',(-23.56,-7.,8.72));
#1158 = VECTOR('',#1159,1.);
#1159 = DIRECTION('',(0.,1.,0.));
#1160 = PCURVE('',#232,#1161);
#1161 = DEFINITIONAL_REPRESENTATION('',(#1162),#1166);
#1162 = LINE('',#1163,#1164);
#1163 = CARTESIAN_POINT('',(1.2,0.));
#1164 = VECTOR('',#1165,1.);
#1165 = DIRECTION('',(0.,1.));
#1166 = ( GEOMETRIC_REPRESENTATION_CONTEXT(2) 
PARAMETRIC_REPRESENTATION_CONTEXT() REPRESENTATION_CONTEXT('2D SPACE',''
  ) );
#1167 = PCURVE('',#1009,#1168);
#1168 = DEFINITIONAL_REPRESENTATION('',(#1169),#1173);
#1169 = LINE('',#1170,#1171);
#1170 = CARTESIAN_POINT('',(8.5,0.));
#1171 = VECTOR('',#1172,1.);
#1172 = DIRECTION('',(0.,-1.));
#1173 = ( GEOMETRIC_REPRESENTATION_CONTEXT(2) 
PARAMETRIC_REPRESENTATION_CONTEXT() REPRESENTATION_CONTEXT('2D SPACE',''
  ) );
#1174 = ADVANCED_FACE('',(#1175),#205,.T.);
#1175 = FACE_BOUND('',#1176,.T.);
#1176 = EDGE_LOOP('',(#1177,#1178,#1179,#1180,#1203,#1226,#1249,#1272));
#1177 = ORIENTED_EDGE('',*,*,#916,.F.);
#1178 = ORIENTED_EDGE('',*,*,#190,.T.);
#1179 = ORIENTED_EDGE('',*,*,#1131,.T.);
#1180 = ORIENTED_EDGE('',*,*,#1181,.F.);
#1181 = EDGE_CURVE('',#1182,#1132,#1184,.T.);
#1182 = VERTEX_POINT('',#1183);
#1183 = CARTESIAN_POINT('',(-23.56,-7.,8.7));
#1184 = SURFACE_CURVE('',#1185,(#1189,#1196),.PCURVE_S1.);
#1185 = LINE('',#1186,#1187);
#1186 = CARTESIAN_POINT('',(-23.56,-7.,0.22));
#1187 = VECTOR('',#1188,1.);
#1188 = DIRECTION('',(0.,0.,1.));
#1189 = PCURVE('',#205,#1190);
#1190 = DEFINITIONAL_REPRESENTATION('',(#1191),#1195);
#1191 = LINE('',#1192,#1193);
#1192 = CARTESIAN_POINT('',(0.,1.2));
#1193 = VECTOR('',#1194,1.);
#1194 = DIRECTION('',(1.,0.));
#1195 = ( GEOMETRIC_REPRESENTATION_CONTEXT(2) 
PARAMETRIC_REPRESENTATION_CONTEXT() REPRESENTATION_CONTEXT('2D SPACE',''
  ) );
#1196 = PCURVE('',#1009,#1197);
#1197 = DEFINITIONAL_REPRESENTATION('',(#1198),#1202);
#1198 = LINE('',#1199,#1200);
#1199 = CARTESIAN_POINT('',(0.,0.));
#1200 = VECTOR('',#1201,1.);
#1201 = DIRECTION('',(1.,0.));
#1202 = ( GEOMETRIC_REPRESENTATION_CONTEXT(2) 
PARAMETRIC_REPRESENTATION_CONTEXT() REPRESENTATION_CONTEXT('2D SPACE',''
  ) );
#1203 = ORIENTED_EDGE('',*,*,#1204,.T.);
#1204 = EDGE_CURVE('',#1182,#1205,#1207,.T.);
#1205 = VERTEX_POINT('',#1206);
#1206 = CARTESIAN_POINT('',(24.185,-7.,8.7));
#1207 = SURFACE_CURVE('',#1208,(#1212,#1219),.PCURVE_S1.);
#1208 = LINE('',#1209,#1210);
#1209 = CARTESIAN_POINT('',(-24.435,-7.,8.7));
#1210 = VECTOR('',#1211,1.);
#1211 = DIRECTION('',(1.,0.,0.));
#1212 = PCURVE('',#205,#1213);
#1213 = DEFINITIONAL_REPRESENTATION('',(#1214),#1218);
#1214 = LINE('',#1215,#1216);
#1215 = CARTESIAN_POINT('',(8.48,0.325));
#1216 = VECTOR('',#1217,1.);
#1217 = DIRECTION('',(0.,1.));
#1218 = ( GEOMETRIC_REPRESENTATION_CONTEXT(2) 
PARAMETRIC_REPRESENTATION_CONTEXT() REPRESENTATION_CONTEXT('2D SPACE',''
  ) );
#1219 = PCURVE('',#1037,#1220);
#1220 = DEFINITIONAL_REPRESENTATION('',(#1221),#1225);
#1221 = LINE('',#1222,#1223);
#1222 = CARTESIAN_POINT('',(0.,0.));
#1223 = VECTOR('',#1224,1.);
#1224 = DIRECTION('',(1.,0.));
#1225 = ( GEOMETRIC_REPRESENTATION_CONTEXT(2) 
PARAMETRIC_REPRESENTATION_CONTEXT() REPRESENTATION_CONTEXT('2D SPACE',''
  ) );
#1226 = ORIENTED_EDGE('',*,*,#1227,.F.);
#1227 = EDGE_CURVE('',#1228,#1205,#1230,.T.);
#1228 = VERTEX_POINT('',#1229);
#1229 = CARTESIAN_POINT('',(24.185,-7.,0.25));
#1230 = SURFACE_CURVE('',#1231,(#1235,#1242),.PCURVE_S1.);
#1231 = LINE('',#1232,#1233);
#1232 = CARTESIAN_POINT('',(24.185,-7.,0.25));
#1233 = VECTOR('',#1234,1.);
#1234 = DIRECTION('',(0.,0.,1.));
#1235 = PCURVE('',#205,#1236);
#1236 = DEFINITIONAL_REPRESENTATION('',(#1237),#1241);
#1237 = LINE('',#1238,#1239);
#1238 = CARTESIAN_POINT('',(3.E-02,48.945));
#1239 = VECTOR('',#1240,1.);
#1240 = DIRECTION('',(1.,0.));
#1241 = ( GEOMETRIC_REPRESENTATION_CONTEXT(2) 
PARAMETRIC_REPRESENTATION_CONTEXT() REPRESENTATION_CONTEXT('2D SPACE',''
  ) );
#1242 = PCURVE('',#1065,#1243);
#1243 = DEFINITIONAL_REPRESENTATION('',(#1244),#1248);
#1244 = LINE('',#1245,#1246);
#1245 = CARTESIAN_POINT('',(0.,0.));
#1246 = VECTOR('',#1247,1.);
#1247 = DIRECTION('',(1.,0.));
#1248 = ( GEOMETRIC_REPRESENTATION_CONTEXT(2) 
PARAMETRIC_REPRESENTATION_CONTEXT() REPRESENTATION_CONTEXT('2D SPACE',''
  ) );
#1249 = ORIENTED_EDGE('',*,*,#1250,.F.);
#1250 = EDGE_CURVE('',#1251,#1228,#1253,.T.);
#1251 = VERTEX_POINT('',#1252);
#1252 = CARTESIAN_POINT('',(-23.56,-7.,0.25));
#1253 = SURFACE_CURVE('',#1254,(#1258,#1265),.PCURVE_S1.);
#1254 = LINE('',#1255,#1256);
#1255 = CARTESIAN_POINT('',(-24.435,-7.,0.25));
#1256 = VECTOR('',#1257,1.);
#1257 = DIRECTION('',(1.,0.,0.));
#1258 = PCURVE('',#205,#1259);
#1259 = DEFINITIONAL_REPRESENTATION('',(#1260),#1264);
#1260 = LINE('',#1261,#1262);
#1261 = CARTESIAN_POINT('',(3.E-02,0.325));
#1262 = VECTOR('',#1263,1.);
#1263 = DIRECTION('',(0.,1.));
#1264 = ( GEOMETRIC_REPRESENTATION_CONTEXT(2) 
PARAMETRIC_REPRESENTATION_CONTEXT() REPRESENTATION_CONTEXT('2D SPACE',''
  ) );
#1265 = PCURVE('',#1093,#1266);
#1266 = DEFINITIONAL_REPRESENTATION('',(#1267),#1271);
#1267 = LINE('',#1268,#1269);
#1268 = CARTESIAN_POINT('',(0.,0.));
#1269 = VECTOR('',#1270,1.);
#1270 = DIRECTION('',(1.,0.));
#1271 = ( GEOMETRIC_REPRESENTATION_CONTEXT(2) 
PARAMETRIC_REPRESENTATION_CONTEXT() REPRESENTATION_CONTEXT('2D SPACE',''
  ) );
#1272 = ORIENTED_EDGE('',*,*,#1273,.F.);
#1273 = EDGE_CURVE('',#917,#1251,#1274,.T.);
#1274 = SURFACE_CURVE('',#1275,(#1279,#1286),.PCURVE_S1.);
#1275 = LINE('',#1276,#1277);
#1276 = CARTESIAN_POINT('',(-23.56,-7.,0.22));
#1277 = VECTOR('',#1278,1.);
#1278 = DIRECTION('',(0.,0.,1.));
#1279 = PCURVE('',#205,#1280);
#1280 = DEFINITIONAL_REPRESENTATION('',(#1281),#1285);
#1281 = LINE('',#1282,#1283);
#1282 = CARTESIAN_POINT('',(0.,1.2));
#1283 = VECTOR('',#1284,1.);
#1284 = DIRECTION('',(1.,0.));
#1285 = ( GEOMETRIC_REPRESENTATION_CONTEXT(2) 
PARAMETRIC_REPRESENTATION_CONTEXT() REPRESENTATION_CONTEXT('2D SPACE',''
  ) );
#1286 = PCURVE('',#953,#1287);
#1287 = DEFINITIONAL_REPRESENTATION('',(#1288),#1292);
#1288 = LINE('',#1289,#1290);
#1289 = CARTESIAN_POINT('',(0.,0.));
#1290 = VECTOR('',#1291,1.);
#1291 = DIRECTION('',(1.,0.));
#1292 = ( GEOMETRIC_REPRESENTATION_CONTEXT(2) 
PARAMETRIC_REPRESENTATION_CONTEXT() REPRESENTATION_CONTEXT('2D SPACE',''
  ) );
#1293 = ADVANCED_FACE('',(#1294),#332,.T.);
#1294 = FACE_BOUND('',#1295,.T.);
#1295 = EDGE_LOOP('',(#1296,#1297,#1298,#1299));
#1296 = ORIENTED_EDGE('',*,*,#318,.F.);
#1297 = ORIENTED_EDGE('',*,*,#818,.T.);
#1298 = ORIENTED_EDGE('',*,*,#868,.T.);
#1299 = ORIENTED_EDGE('',*,*,#349,.F.);
#1300 = ADVANCED_FACE('',(#1301),#416,.F.);
#1301 = FACE_BOUND('',#1302,.T.);
#1302 = EDGE_LOOP('',(#1303,#1331,#1352,#1353));
#1303 = ORIENTED_EDGE('',*,*,#1304,.T.);
#1304 = EDGE_CURVE('',#1305,#1305,#1307,.T.);
#1305 = VERTEX_POINT('',#1306);
#1306 = CARTESIAN_POINT('',(-13.65,-4.4,8.7));
#1307 = SURFACE_CURVE('',#1308,(#1313,#1320),.PCURVE_S1.);
#1308 = CIRCLE('',#1309,1.35);
#1309 = AXIS2_PLACEMENT_3D('',#1310,#1311,#1312);
#1310 = CARTESIAN_POINT('',(-15.,-4.4,8.7));
#1311 = DIRECTION('',(0.,0.,-1.));
#1312 = DIRECTION('',(1.,0.,0.));
#1313 = PCURVE('',#416,#1314);
#1314 = DEFINITIONAL_REPRESENTATION('',(#1315),#1319);
#1315 = LINE('',#1316,#1317);
#1316 = CARTESIAN_POINT('',(-6.28318530718,-5.E-02));
#1317 = VECTOR('',#1318,1.);
#1318 = DIRECTION('',(1.,-0.));
#1319 = ( GEOMETRIC_REPRESENTATION_CONTEXT(2) 
PARAMETRIC_REPRESENTATION_CONTEXT() REPRESENTATION_CONTEXT('2D SPACE',''
  ) );
#1320 = PCURVE('',#1037,#1321);
#1321 = DEFINITIONAL_REPRESENTATION('',(#1322),#1330);
#1322 = ( BOUNDED_CURVE() B_SPLINE_CURVE(2,(#1323,#1324,#1325,#1326,
#1327,#1328,#1329),.UNSPECIFIED.,.T.,.F.) B_SPLINE_CURVE_WITH_KNOTS((1,2
    ,2,2,2,1),(-2.094395102393,0.,2.094395102393,4.188790204786,
6.28318530718,8.377580409573),.UNSPECIFIED.) CURVE() 
GEOMETRIC_REPRESENTATION_ITEM() RATIONAL_B_SPLINE_CURVE((1.,0.5,1.,0.5,
1.,0.5,1.)) REPRESENTATION_ITEM('') );
#1323 = CARTESIAN_POINT('',(10.785,2.6));
#1324 = CARTESIAN_POINT('',(10.785,0.261731409782));
#1325 = CARTESIAN_POINT('',(8.76,1.430865704891));
#1326 = CARTESIAN_POINT('',(6.735,2.6));
#1327 = CARTESIAN_POINT('',(8.76,3.769134295109));
#1328 = CARTESIAN_POINT('',(10.785,4.938268590218));
#1329 = CARTESIAN_POINT('',(10.785,2.6));
#1330 = ( GEOMETRIC_REPRESENTATION_CONTEXT(2) 
PARAMETRIC_REPRESENTATION_CONTEXT() REPRESENTATION_CONTEXT('2D SPACE',''
  ) );
#1331 = ORIENTED_EDGE('',*,*,#1332,.T.);
#1332 = EDGE_CURVE('',#1305,#396,#1333,.T.);
#1333 = SEAM_CURVE('',#1334,(#1338,#1345),.PCURVE_S1.);
#1334 = LINE('',#1335,#1336);
#1335 = CARTESIAN_POINT('',(-13.65,-4.4,8.65));
#1336 = VECTOR('',#1337,1.);
#1337 = DIRECTION('',(0.,0.,1.));
#1338 = PCURVE('',#416,#1339);
#1339 = DEFINITIONAL_REPRESENTATION('',(#1340),#1344);
#1340 = LINE('',#1341,#1342);
#1341 = CARTESIAN_POINT('',(-6.28318530718,0.));
#1342 = VECTOR('',#1343,1.);
#1343 = DIRECTION('',(-0.,-1.));
#1344 = ( GEOMETRIC_REPRESENTATION_CONTEXT(2) 
PARAMETRIC_REPRESENTATION_CONTEXT() REPRESENTATION_CONTEXT('2D SPACE',''
  ) );
#1345 = PCURVE('',#416,#1346);
#1346 = DEFINITIONAL_REPRESENTATION('',(#1347),#1351);
#1347 = LINE('',#1348,#1349);
#1348 = CARTESIAN_POINT('',(-0.,0.));
#1349 = VECTOR('',#1350,1.);
#1350 = DIRECTION('',(-0.,-1.));
#1351 = ( GEOMETRIC_REPRESENTATION_CONTEXT(2) 
PARAMETRIC_REPRESENTATION_CONTEXT() REPRESENTATION_CONTEXT('2D SPACE',''
  ) );
#1352 = ORIENTED_EDGE('',*,*,#395,.F.);
#1353 = ORIENTED_EDGE('',*,*,#1332,.F.);
#1354 = ADVANCED_FACE('',(#1355),#451,.F.);
#1355 = FACE_BOUND('',#1356,.T.);
#1356 = EDGE_LOOP('',(#1357,#1385,#1406,#1407));
#1357 = ORIENTED_EDGE('',*,*,#1358,.T.);
#1358 = EDGE_CURVE('',#1359,#1359,#1361,.T.);
#1359 = VERTEX_POINT('',#1360);
#1360 = CARTESIAN_POINT('',(-3.65,-4.4,8.7));
#1361 = SURFACE_CURVE('',#1362,(#1367,#1374),.PCURVE_S1.);
#1362 = CIRCLE('',#1363,1.35);
#1363 = AXIS2_PLACEMENT_3D('',#1364,#1365,#1366);
#1364 = CARTESIAN_POINT('',(-5.,-4.4,8.7));
#1365 = DIRECTION('',(0.,0.,-1.));
#1366 = DIRECTION('',(1.,0.,0.));
#1367 = PCURVE('',#451,#1368);
#1368 = DEFINITIONAL_REPRESENTATION('',(#1369),#1373);
#1369 = LINE('',#1370,#1371);
#1370 = CARTESIAN_POINT('',(-6.28318530718,-5.E-02));
#1371 = VECTOR('',#1372,1.);
#1372 = DIRECTION('',(1.,-0.));
#1373 = ( GEOMETRIC_REPRESENTATION_CONTEXT(2) 
PARAMETRIC_REPRESENTATION_CONTEXT() REPRESENTATION_CONTEXT('2D SPACE',''
  ) );
#1374 = PCURVE('',#1037,#1375);
#1375 = DEFINITIONAL_REPRESENTATION('',(#1376),#1384);
#1376 = ( BOUNDED_CURVE() B_SPLINE_CURVE(2,(#1377,#1378,#1379,#1380,
#1381,#1382,#1383),.UNSPECIFIED.,.T.,.F.) B_SPLINE_CURVE_WITH_KNOTS((1,2
    ,2,2,2,1),(-2.094395102393,0.,2.094395102393,4.188790204786,
6.28318530718,8.377580409573),.UNSPECIFIED.) CURVE() 
GEOMETRIC_REPRESENTATION_ITEM() RATIONAL_B_SPLINE_CURVE((1.,0.5,1.,0.5,
1.,0.5,1.)) REPRESENTATION_ITEM('') );
#1377 = CARTESIAN_POINT('',(20.785,2.6));
#1378 = CARTESIAN_POINT('',(20.785,0.261731409782));
#1379 = CARTESIAN_POINT('',(18.76,1.430865704891));
#1380 = CARTESIAN_POINT('',(16.735,2.6));
#1381 = CARTESIAN_POINT('',(18.76,3.769134295109));
#1382 = CARTESIAN_POINT('',(20.785,4.938268590218));
#1383 = CARTESIAN_POINT('',(20.785,2.6));
#1384 = ( GEOMETRIC_REPRESENTATION_CONTEXT(2) 
PARAMETRIC_REPRESENTATION_CONTEXT() REPRESENTATION_CONTEXT('2D SPACE',''
  ) );
#1385 = ORIENTED_EDGE('',*,*,#1386,.T.);
#1386 = EDGE_CURVE('',#1359,#431,#1387,.T.);
#1387 = SEAM_CURVE('',#1388,(#1392,#1399),.PCURVE_S1.);
#1388 = LINE('',#1389,#1390);
#1389 = CARTESIAN_POINT('',(-3.65,-4.4,8.65));
#1390 = VECTOR('',#1391,1.);
#1391 = DIRECTION('',(0.,0.,1.));
#1392 = PCURVE('',#451,#1393);
#1393 = DEFINITIONAL_REPRESENTATION('',(#1394),#1398);
#1394 = LINE('',#1395,#1396);
#1395 = CARTESIAN_POINT('',(-6.28318530718,0.));
#1396 = VECTOR('',#1397,1.);
#1397 = DIRECTION('',(-0.,-1.));
#1398 = ( GEOMETRIC_REPRESENTATION_CONTEXT(2) 
PARAMETRIC_REPRESENTATION_CONTEXT() REPRESENTATION_CONTEXT('2D SPACE',''
  ) );
#1399 = PCURVE('',#451,#1400);
#1400 = DEFINITIONAL_REPRESENTATION('',(#1401),#1405);
#1401 = LINE('',#1402,#1403);
#1402 = CARTESIAN_POINT('',(-0.,0.));
#1403 = VECTOR('',#1404,1.);
#1404 = DIRECTION('',(-0.,-1.));
#1405 = ( GEOMETRIC_REPRESENTATION_CONTEXT(2) 
PARAMETRIC_REPRESENTATION_CONTEXT() REPRESENTATION_CONTEXT('2D SPACE',''
  ) );
#1406 = ORIENTED_EDGE('',*,*,#430,.F.);
#1407 = ORIENTED_EDGE('',*,*,#1386,.F.);
#1408 = ADVANCED_FACE('',(#1409),#486,.F.);
#1409 = FACE_BOUND('',#1410,.T.);
#1410 = EDGE_LOOP('',(#1411,#1439,#1460,#1461));
#1411 = ORIENTED_EDGE('',*,*,#1412,.T.);
#1412 = EDGE_CURVE('',#1413,#1413,#1415,.T.);
#1413 = VERTEX_POINT('',#1414);
#1414 = CARTESIAN_POINT('',(6.35,-4.4,8.7));
#1415 = SURFACE_CURVE('',#1416,(#1421,#1428),.PCURVE_S1.);
#1416 = CIRCLE('',#1417,1.35);
#1417 = AXIS2_PLACEMENT_3D('',#1418,#1419,#1420);
#1418 = CARTESIAN_POINT('',(5.,-4.4,8.7));
#1419 = DIRECTION('',(0.,0.,-1.));
#1420 = DIRECTION('',(1.,0.,0.));
#1421 = PCURVE('',#486,#1422);
#1422 = DEFINITIONAL_REPRESENTATION('',(#1423),#1427);
#1423 = LINE('',#1424,#1425);
#1424 = CARTESIAN_POINT('',(-6.28318530718,-5.E-02));
#1425 = VECTOR('',#1426,1.);
#1426 = DIRECTION('',(1.,-0.));
#1427 = ( GEOMETRIC_REPRESENTATION_CONTEXT(2) 
PARAMETRIC_REPRESENTATION_CONTEXT() REPRESENTATION_CONTEXT('2D SPACE',''
  ) );
#1428 = PCURVE('',#1037,#1429);
#1429 = DEFINITIONAL_REPRESENTATION('',(#1430),#1438);
#1430 = ( BOUNDED_CURVE() B_SPLINE_CURVE(2,(#1431,#1432,#1433,#1434,
#1435,#1436,#1437),.UNSPECIFIED.,.T.,.F.) B_SPLINE_CURVE_WITH_KNOTS((1,2
    ,2,2,2,1),(-2.094395102393,0.,2.094395102393,4.188790204786,
6.28318530718,8.377580409573),.UNSPECIFIED.) CURVE() 
GEOMETRIC_REPRESENTATION_ITEM() RATIONAL_B_SPLINE_CURVE((1.,0.5,1.,0.5,
1.,0.5,1.)) REPRESENTATION_ITEM('') );
#1431 = CARTESIAN_POINT('',(30.785,2.6));
#1432 = CARTESIAN_POINT('',(30.785,0.261731409782));
#1433 = CARTESIAN_POINT('',(28.76,1.430865704891));
#1434 = CARTESIAN_POINT('',(26.735,2.6));
#1435 = CARTESIAN_POINT('',(28.76,3.769134295109));
#1436 = CARTESIAN_POINT('',(30.785,4.938268590218));
#1437 = CARTESIAN_POINT('',(30.785,2.6));
#1438 = ( GEOMETRIC_REPRESENTATION_CONTEXT(2) 
PARAMETRIC_REPRESENTATION_CONTEXT() REPRESENTATION_CONTEXT('2D SPACE',''
  ) );
#1439 = ORIENTED_EDGE('',*,*,#1440,.T.);
#1440 = EDGE_CURVE('',#1413,#466,#1441,.T.);
#1441 = SEAM_CURVE('',#1442,(#1446,#1453),.PCURVE_S1.);
#1442 = LINE('',#1443,#1444);
#1443 = CARTESIAN_POINT('',(6.35,-4.4,8.65));
#1444 = VECTOR('',#1445,1.);
#1445 = DIRECTION('',(0.,0.,1.));
#1446 = PCURVE('',#486,#1447);
#1447 = DEFINITIONAL_REPRESENTATION('',(#1448),#1452);
#1448 = LINE('',#1449,#1450);
#1449 = CARTESIAN_POINT('',(-6.28318530718,0.));
#1450 = VECTOR('',#1451,1.);
#1451 = DIRECTION('',(-0.,-1.));
#1452 = ( GEOMETRIC_REPRESENTATION_CONTEXT(2) 
PARAMETRIC_REPRESENTATION_CONTEXT() REPRESENTATION_CONTEXT('2D SPACE',''
  ) );
#1453 = PCURVE('',#486,#1454);
#1454 = DEFINITIONAL_REPRESENTATION('',(#1455),#1459);
#1455 = LINE('',#1456,#1457);
#1456 = CARTESIAN_POINT('',(-0.,0.));
#1457 = VECTOR('',#1458,1.);
#1458 = DIRECTION('',(-0.,-1.));
#1459 = ( GEOMETRIC_REPRESENTATION_CONTEXT(2) 
PARAMETRIC_REPRESENTATION_CONTEXT() REPRESENTATION_CONTEXT('2D SPACE',''
  ) );
#1460 = ORIENTED_EDGE('',*,*,#465,.F.);
#1461 = ORIENTED_EDGE('',*,*,#1440,.F.);
#1462 = ADVANCED_FACE('',(#1463),#521,.F.);
#1463 = FACE_BOUND('',#1464,.T.);
#1464 = EDGE_LOOP('',(#1465,#1493,#1514,#1515));
#1465 = ORIENTED_EDGE('',*,*,#1466,.T.);
#1466 = EDGE_CURVE('',#1467,#1467,#1469,.T.);
#1467 = VERTEX_POINT('',#1468);
#1468 = CARTESIAN_POINT('',(16.35,-4.4,8.7));
#1469 = SURFACE_CURVE('',#1470,(#1475,#1482),.PCURVE_S1.);
#1470 = CIRCLE('',#1471,1.35);
#1471 = AXIS2_PLACEMENT_3D('',#1472,#1473,#1474);
#1472 = CARTESIAN_POINT('',(15.,-4.4,8.7));
#1473 = DIRECTION('',(0.,0.,-1.));
#1474 = DIRECTION('',(1.,0.,0.));
#1475 = PCURVE('',#521,#1476);
#1476 = DEFINITIONAL_REPRESENTATION('',(#1477),#1481);
#1477 = LINE('',#1478,#1479);
#1478 = CARTESIAN_POINT('',(-6.28318530718,-5.E-02));
#1479 = VECTOR('',#1480,1.);
#1480 = DIRECTION('',(1.,-0.));
#1481 = ( GEOMETRIC_REPRESENTATION_CONTEXT(2) 
PARAMETRIC_REPRESENTATION_CONTEXT() REPRESENTATION_CONTEXT('2D SPACE',''
  ) );
#1482 = PCURVE('',#1037,#1483);
#1483 = DEFINITIONAL_REPRESENTATION('',(#1484),#1492);
#1484 = ( BOUNDED_CURVE() B_SPLINE_CURVE(2,(#1485,#1486,#1487,#1488,
#1489,#1490,#1491),.UNSPECIFIED.,.T.,.F.) B_SPLINE_CURVE_WITH_KNOTS((1,2
    ,2,2,2,1),(-2.094395102393,0.,2.094395102393,4.188790204786,
6.28318530718,8.377580409573),.UNSPECIFIED.) CURVE() 
GEOMETRIC_REPRESENTATION_ITEM() RATIONAL_B_SPLINE_CURVE((1.,0.5,1.,0.5,
1.,0.5,1.)) REPRESENTATION_ITEM('') );
#1485 = CARTESIAN_POINT('',(40.785,2.6));
#1486 = CARTESIAN_POINT('',(40.785,0.261731409782));
#1487 = CARTESIAN_POINT('',(38.76,1.430865704891));
#1488 = CARTESIAN_POINT('',(36.735,2.6));
#1489 = CARTESIAN_POINT('',(38.76,3.769134295109));
#1490 = CARTESIAN_POINT('',(40.785,4.938268590218));
#1491 = CARTESIAN_POINT('',(40.785,2.6));
#1492 = ( GEOMETRIC_REPRESENTATION_CONTEXT(2) 
PARAMETRIC_REPRESENTATION_CONTEXT() REPRESENTATION_CONTEXT('2D SPACE',''
  ) );
#1493 = ORIENTED_EDGE('',*,*,#1494,.T.);
#1494 = EDGE_CURVE('',#1467,#501,#1495,.T.);
#1495 = SEAM_CURVE('',#1496,(#1500,#1507),.PCURVE_S1.);
#1496 = LINE('',#1497,#1498);
#1497 = CARTESIAN_POINT('',(16.35,-4.4,8.65));
#1498 = VECTOR('',#1499,1.);
#1499 = DIRECTION('',(0.,0.,1.));
#1500 = PCURVE('',#521,#1501);
#1501 = DEFINITIONAL_REPRESENTATION('',(#1502),#1506);
#1502 = LINE('',#1503,#1504);
#1503 = CARTESIAN_POINT('',(-6.28318530718,0.));
#1504 = VECTOR('',#1505,1.);
#1505 = DIRECTION('',(-0.,-1.));
#1506 = ( GEOMETRIC_REPRESENTATION_CONTEXT(2) 
PARAMETRIC_REPRESENTATION_CONTEXT() REPRESENTATION_CONTEXT('2D SPACE',''
  ) );
#1507 = PCURVE('',#521,#1508);
#1508 = DEFINITIONAL_REPRESENTATION('',(#1509),#1513);
#1509 = LINE('',#1510,#1511);
#1510 = CARTESIAN_POINT('',(-0.,0.));
#1511 = VECTOR('',#1512,1.);
#1512 = DIRECTION('',(-0.,-1.));
#1513 = ( GEOMETRIC_REPRESENTATION_CONTEXT(2) 
PARAMETRIC_REPRESENTATION_CONTEXT() REPRESENTATION_CONTEXT('2D SPACE',''
  ) );
#1514 = ORIENTED_EDGE('',*,*,#500,.F.);
#1515 = ORIENTED_EDGE('',*,*,#1494,.F.);
#1516 = ADVANCED_FACE('',(#1517),#556,.F.);
#1517 = FACE_BOUND('',#1518,.T.);
#1518 = EDGE_LOOP('',(#1519,#1547,#1568,#1569));
#1519 = ORIENTED_EDGE('',*,*,#1520,.T.);
#1520 = EDGE_CURVE('',#1521,#1521,#1523,.T.);
#1521 = VERTEX_POINT('',#1522);
#1522 = CARTESIAN_POINT('',(-13.65,0.,8.7));
#1523 = SURFACE_CURVE('',#1524,(#1529,#1536),.PCURVE_S1.);
#1524 = CIRCLE('',#1525,1.35);
#1525 = AXIS2_PLACEMENT_3D('',#1526,#1527,#1528);
#1526 = CARTESIAN_POINT('',(-15.,0.,8.7));
#1527 = DIRECTION('',(0.,0.,-1.));
#1528 = DIRECTION('',(1.,0.,0.));
#1529 = PCURVE('',#556,#1530);
#1530 = DEFINITIONAL_REPRESENTATION('',(#1531),#1535);
#1531 = LINE('',#1532,#1533);
#1532 = CARTESIAN_POINT('',(-6.28318530718,-5.E-02));
#1533 = VECTOR('',#1534,1.);
#1534 = DIRECTION('',(1.,-0.));
#1535 = ( GEOMETRIC_REPRESENTATION_CONTEXT(2) 
PARAMETRIC_REPRESENTATION_CONTEXT() REPRESENTATION_CONTEXT('2D SPACE',''
  ) );
#1536 = PCURVE('',#1037,#1537);
#1537 = DEFINITIONAL_REPRESENTATION('',(#1538),#1546);
#1538 = ( BOUNDED_CURVE() B_SPLINE_CURVE(2,(#1539,#1540,#1541,#1542,
#1543,#1544,#1545),.UNSPECIFIED.,.T.,.F.) B_SPLINE_CURVE_WITH_KNOTS((1,2
    ,2,2,2,1),(-2.094395102393,0.,2.094395102393,4.188790204786,
6.28318530718,8.377580409573),.UNSPECIFIED.) CURVE() 
GEOMETRIC_REPRESENTATION_ITEM() RATIONAL_B_SPLINE_CURVE((1.,0.5,1.,0.5,
1.,0.5,1.)) REPRESENTATION_ITEM('') );
#1539 = CARTESIAN_POINT('',(10.785,7.));
#1540 = CARTESIAN_POINT('',(10.785,4.661731409782));
#1541 = CARTESIAN_POINT('',(8.76,5.830865704891));
#1542 = CARTESIAN_POINT('',(6.735,7.));
#1543 = CARTESIAN_POINT('',(8.76,8.169134295109));
#1544 = CARTESIAN_POINT('',(10.785,9.338268590218));
#1545 = CARTESIAN_POINT('',(10.785,7.));
#1546 = ( GEOMETRIC_REPRESENTATION_CONTEXT(2) 
PARAMETRIC_REPRESENTATION_CONTEXT() REPRESENTATION_CONTEXT('2D SPACE',''
  ) );
#1547 = ORIENTED_EDGE('',*,*,#1548,.T.);
#1548 = EDGE_CURVE('',#1521,#536,#1549,.T.);
#1549 = SEAM_CURVE('',#1550,(#1554,#1561),.PCURVE_S1.);
#1550 = LINE('',#1551,#1552);
#1551 = CARTESIAN_POINT('',(-13.65,0.,8.65));
#1552 = VECTOR('',#1553,1.);
#1553 = DIRECTION('',(0.,0.,1.));
#1554 = PCURVE('',#556,#1555);
#1555 = DEFINITIONAL_REPRESENTATION('',(#1556),#1560);
#1556 = LINE('',#1557,#1558);
#1557 = CARTESIAN_POINT('',(-6.28318530718,0.));
#1558 = VECTOR('',#1559,1.);
#1559 = DIRECTION('',(-0.,-1.));
#1560 = ( GEOMETRIC_REPRESENTATION_CONTEXT(2) 
PARAMETRIC_REPRESENTATION_CONTEXT() REPRESENTATION_CONTEXT('2D SPACE',''
  ) );
#1561 = PCURVE('',#556,#1562);
#1562 = DEFINITIONAL_REPRESENTATION('',(#1563),#1567);
#1563 = LINE('',#1564,#1565);
#1564 = CARTESIAN_POINT('',(-0.,0.));
#1565 = VECTOR('',#1566,1.);
#1566 = DIRECTION('',(-0.,-1.));
#1567 = ( GEOMETRIC_REPRESENTATION_CONTEXT(2) 
PARAMETRIC_REPRESENTATION_CONTEXT() REPRESENTATION_CONTEXT('2D SPACE',''
  ) );
#1568 = ORIENTED_EDGE('',*,*,#535,.F.);
#1569 = ORIENTED_EDGE('',*,*,#1548,.F.);
#1570 = ADVANCED_FACE('',(#1571),#591,.F.);
#1571 = FACE_BOUND('',#1572,.T.);
#1572 = EDGE_LOOP('',(#1573,#1601,#1622,#1623));
#1573 = ORIENTED_EDGE('',*,*,#1574,.T.);
#1574 = EDGE_CURVE('',#1575,#1575,#1577,.T.);
#1575 = VERTEX_POINT('',#1576);
#1576 = CARTESIAN_POINT('',(-3.65,0.,8.7));
#1577 = SURFACE_CURVE('',#1578,(#1583,#1590),.PCURVE_S1.);
#1578 = CIRCLE('',#1579,1.35);
#1579 = AXIS2_PLACEMENT_3D('',#1580,#1581,#1582);
#1580 = CARTESIAN_POINT('',(-5.,0.,8.7));
#1581 = DIRECTION('',(0.,0.,-1.));
#1582 = DIRECTION('',(1.,0.,0.));
#1583 = PCURVE('',#591,#1584);
#1584 = DEFINITIONAL_REPRESENTATION('',(#1585),#1589);
#1585 = LINE('',#1586,#1587);
#1586 = CARTESIAN_POINT('',(-6.28318530718,-5.E-02));
#1587 = VECTOR('',#1588,1.);
#1588 = DIRECTION('',(1.,-0.));
#1589 = ( GEOMETRIC_REPRESENTATION_CONTEXT(2) 
PARAMETRIC_REPRESENTATION_CONTEXT() REPRESENTATION_CONTEXT('2D SPACE',''
  ) );
#1590 = PCURVE('',#1037,#1591);
#1591 = DEFINITIONAL_REPRESENTATION('',(#1592),#1600);
#1592 = ( BOUNDED_CURVE() B_SPLINE_CURVE(2,(#1593,#1594,#1595,#1596,
#1597,#1598,#1599),.UNSPECIFIED.,.T.,.F.) B_SPLINE_CURVE_WITH_KNOTS((1,2
    ,2,2,2,1),(-2.094395102393,0.,2.094395102393,4.188790204786,
6.28318530718,8.377580409573),.UNSPECIFIED.) CURVE() 
GEOMETRIC_REPRESENTATION_ITEM() RATIONAL_B_SPLINE_CURVE((1.,0.5,1.,0.5,
1.,0.5,1.)) REPRESENTATION_ITEM('') );
#1593 = CARTESIAN_POINT('',(20.785,7.));
#1594 = CARTESIAN_POINT('',(20.785,4.661731409782));
#1595 = CARTESIAN_POINT('',(18.76,5.830865704891));
#1596 = CARTESIAN_POINT('',(16.735,7.));
#1597 = CARTESIAN_POINT('',(18.76,8.169134295109));
#1598 = CARTESIAN_POINT('',(20.785,9.338268590218));
#1599 = CARTESIAN_POINT('',(20.785,7.));
#1600 = ( GEOMETRIC_REPRESENTATION_CONTEXT(2) 
PARAMETRIC_REPRESENTATION_CONTEXT() REPRESENTATION_CONTEXT('2D SPACE',''
  ) );
#1601 = ORIENTED_EDGE('',*,*,#1602,.T.);
#1602 = EDGE_CURVE('',#1575,#571,#1603,.T.);
#1603 = SEAM_CURVE('',#1604,(#1608,#1615),.PCURVE_S1.);
#1604 = LINE('',#1605,#1606);
#1605 = CARTESIAN_POINT('',(-3.65,0.,8.65));
#1606 = VECTOR('',#1607,1.);
#1607 = DIRECTION('',(0.,0.,1.));
#1608 = PCURVE('',#591,#1609);
#1609 = DEFINITIONAL_REPRESENTATION('',(#1610),#1614);
#1610 = LINE('',#1611,#1612);
#1611 = CARTESIAN_POINT('',(-6.28318530718,0.));
#1612 = VECTOR('',#1613,1.);
#1613 = DIRECTION('',(-0.,-1.));
#1614 = ( GEOMETRIC_REPRESENTATION_CONTEXT(2) 
PARAMETRIC_REPRESENTATION_CONTEXT() REPRESENTATION_CONTEXT('2D SPACE',''
  ) );
#1615 = PCURVE('',#591,#1616);
#1616 = DEFINITIONAL_REPRESENTATION('',(#1617),#1621);
#1617 = LINE('',#1618,#1619);
#1618 = CARTESIAN_POINT('',(-0.,0.));
#1619 = VECTOR('',#1620,1.);
#1620 = DIRECTION('',(-0.,-1.));
#1621 = ( GEOMETRIC_REPRESENTATION_CONTEXT(2) 
PARAMETRIC_REPRESENTATION_CONTEXT() REPRESENTATION_CONTEXT('2D SPACE',''
  ) );
#1622 = ORIENTED_EDGE('',*,*,#570,.F.);
#1623 = ORIENTED_EDGE('',*,*,#1602,.F.);
#1624 = ADVANCED_FACE('',(#1625),#626,.F.);
#1625 = FACE_BOUND('',#1626,.T.);
#1626 = EDGE_LOOP('',(#1627,#1655,#1676,#1677));
#1627 = ORIENTED_EDGE('',*,*,#1628,.T.);
#1628 = EDGE_CURVE('',#1629,#1629,#1631,.T.);
#1629 = VERTEX_POINT('',#1630);
#1630 = CARTESIAN_POINT('',(-13.65,4.4,8.7));
#1631 = SURFACE_CURVE('',#1632,(#1637,#1644),.PCURVE_S1.);
#1632 = CIRCLE('',#1633,1.35);
#1633 = AXIS2_PLACEMENT_3D('',#1634,#1635,#1636);
#1634 = CARTESIAN_POINT('',(-15.,4.4,8.7));
#1635 = DIRECTION('',(0.,0.,-1.));
#1636 = DIRECTION('',(1.,0.,0.));
#1637 = PCURVE('',#626,#1638);
#1638 = DEFINITIONAL_REPRESENTATION('',(#1639),#1643);
#1639 = LINE('',#1640,#1641);
#1640 = CARTESIAN_POINT('',(-6.28318530718,-5.E-02));
#1641 = VECTOR('',#1642,1.);
#1642 = DIRECTION('',(1.,-0.));
#1643 = ( GEOMETRIC_REPRESENTATION_CONTEXT(2) 
PARAMETRIC_REPRESENTATION_CONTEXT() REPRESENTATION_CONTEXT('2D SPACE',''
  ) );
#1644 = PCURVE('',#1037,#1645);
#1645 = DEFINITIONAL_REPRESENTATION('',(#1646),#1654);
#1646 = ( BOUNDED_CURVE() B_SPLINE_CURVE(2,(#1647,#1648,#1649,#1650,
#1651,#1652,#1653),.UNSPECIFIED.,.T.,.F.) B_SPLINE_CURVE_WITH_KNOTS((1,2
    ,2,2,2,1),(-2.094395102393,0.,2.094395102393,4.188790204786,
6.28318530718,8.377580409573),.UNSPECIFIED.) CURVE() 
GEOMETRIC_REPRESENTATION_ITEM() RATIONAL_B_SPLINE_CURVE((1.,0.5,1.,0.5,
1.,0.5,1.)) REPRESENTATION_ITEM('') );
#1647 = CARTESIAN_POINT('',(10.785,11.4));
#1648 = CARTESIAN_POINT('',(10.785,9.061731409782));
#1649 = CARTESIAN_POINT('',(8.76,10.230865704891));
#1650 = CARTESIAN_POINT('',(6.735,11.4));
#1651 = CARTESIAN_POINT('',(8.76,12.569134295109));
#1652 = CARTESIAN_POINT('',(10.785,13.738268590218));
#1653 = CARTESIAN_POINT('',(10.785,11.4));
#1654 = ( GEOMETRIC_REPRESENTATION_CONTEXT(2) 
PARAMETRIC_REPRESENTATION_CONTEXT() REPRESENTATION_CONTEXT('2D SPACE',''
  ) );
#1655 = ORIENTED_EDGE('',*,*,#1656,.T.);
#1656 = EDGE_CURVE('',#1629,#606,#1657,.T.);
#1657 = SEAM_CURVE('',#1658,(#1662,#1669),.PCURVE_S1.);
#1658 = LINE('',#1659,#1660);
#1659 = CARTESIAN_POINT('',(-13.65,4.4,8.65));
#1660 = VECTOR('',#1661,1.);
#1661 = DIRECTION('',(0.,0.,1.));
#1662 = PCURVE('',#626,#1663);
#1663 = DEFINITIONAL_REPRESENTATION('',(#1664),#1668);
#1664 = LINE('',#1665,#1666);
#1665 = CARTESIAN_POINT('',(-6.28318530718,0.));
#1666 = VECTOR('',#1667,1.);
#1667 = DIRECTION('',(-0.,-1.));
#1668 = ( GEOMETRIC_REPRESENTATION_CONTEXT(2) 
PARAMETRIC_REPRESENTATION_CONTEXT() REPRESENTATION_CONTEXT('2D SPACE',''
  ) );
#1669 = PCURVE('',#626,#1670);
#1670 = DEFINITIONAL_REPRESENTATION('',(#1671),#1675);
#1671 = LINE('',#1672,#1673);
#1672 = CARTESIAN_POINT('',(-0.,0.));
#1673 = VECTOR('',#1674,1.);
#1674 = DIRECTION('',(-0.,-1.));
#1675 = ( GEOMETRIC_REPRESENTATION_CONTEXT(2) 
PARAMETRIC_REPRESENTATION_CONTEXT() REPRESENTATION_CONTEXT('2D SPACE',''
  ) );
#1676 = ORIENTED_EDGE('',*,*,#605,.F.);
#1677 = ORIENTED_EDGE('',*,*,#1656,.F.);
#1678 = ADVANCED_FACE('',(#1679),#661,.F.);
#1679 = FACE_BOUND('',#1680,.T.);
#1680 = EDGE_LOOP('',(#1681,#1709,#1730,#1731));
#1681 = ORIENTED_EDGE('',*,*,#1682,.T.);
#1682 = EDGE_CURVE('',#1683,#1683,#1685,.T.);
#1683 = VERTEX_POINT('',#1684);
#1684 = CARTESIAN_POINT('',(-3.65,4.4,8.7));
#1685 = SURFACE_CURVE('',#1686,(#1691,#1698),.PCURVE_S1.);
#1686 = CIRCLE('',#1687,1.35);
#1687 = AXIS2_PLACEMENT_3D('',#1688,#1689,#1690);
#1688 = CARTESIAN_POINT('',(-5.,4.4,8.7));
#1689 = DIRECTION('',(0.,0.,-1.));
#1690 = DIRECTION('',(1.,0.,0.));
#1691 = PCURVE('',#661,#1692);
#1692 = DEFINITIONAL_REPRESENTATION('',(#1693),#1697);
#1693 = LINE('',#1694,#1695);
#1694 = CARTESIAN_POINT('',(-6.28318530718,-5.E-02));
#1695 = VECTOR('',#1696,1.);
#1696 = DIRECTION('',(1.,-0.));
#1697 = ( GEOMETRIC_REPRESENTATION_CONTEXT(2) 
PARAMETRIC_REPRESENTATION_CONTEXT() REPRESENTATION_CONTEXT('2D SPACE',''
  ) );
#1698 = PCURVE('',#1037,#1699);
#1699 = DEFINITIONAL_REPRESENTATION('',(#1700),#1708);
#1700 = ( BOUNDED_CURVE() B_SPLINE_CURVE(2,(#1701,#1702,#1703,#1704,
#1705,#1706,#1707),.UNSPECIFIED.,.T.,.F.) B_SPLINE_CURVE_WITH_KNOTS((1,2
    ,2,2,2,1),(-2.094395102393,0.,2.094395102393,4.188790204786,
6.28318530718,8.377580409573),.UNSPECIFIED.) CURVE() 
GEOMETRIC_REPRESENTATION_ITEM() RATIONAL_B_SPLINE_CURVE((1.,0.5,1.,0.5,
1.,0.5,1.)) REPRESENTATION_ITEM('') );
#1701 = CARTESIAN_POINT('',(20.785,11.4));
#1702 = CARTESIAN_POINT('',(20.785,9.061731409782));
#1703 = CARTESIAN_POINT('',(18.76,10.230865704891));
#1704 = CARTESIAN_POINT('',(16.735,11.4));
#1705 = CARTESIAN_POINT('',(18.76,12.569134295109));
#1706 = CARTESIAN_POINT('',(20.785,13.738268590218));
#1707 = CARTESIAN_POINT('',(20.785,11.4));
#1708 = ( GEOMETRIC_REPRESENTATION_CONTEXT(2) 
PARAMETRIC_REPRESENTATION_CONTEXT() REPRESENTATION_CONTEXT('2D SPACE',''
  ) );
#1709 = ORIENTED_EDGE('',*,*,#1710,.T.);
#1710 = EDGE_CURVE('',#1683,#641,#1711,.T.);
#1711 = SEAM_CURVE('',#1712,(#1716,#1723),.PCURVE_S1.);
#1712 = LINE('',#1713,#1714);
#1713 = CARTESIAN_POINT('',(-3.65,4.4,8.65));
#1714 = VECTOR('',#1715,1.);
#1715 = DIRECTION('',(0.,0.,1.));
#1716 = PCURVE('',#661,#1717);
#1717 = DEFINITIONAL_REPRESENTATION('',(#1718),#1722);
#1718 = LINE('',#1719,#1720);
#1719 = CARTESIAN_POINT('',(-6.28318530718,0.));
#1720 = VECTOR('',#1721,1.);
#1721 = DIRECTION('',(-0.,-1.));
#1722 = ( GEOMETRIC_REPRESENTATION_CONTEXT(2) 
PARAMETRIC_REPRESENTATION_CONTEXT() REPRESENTATION_CONTEXT('2D SPACE',''
  ) );
#1723 = PCURVE('',#661,#1724);
#1724 = DEFINITIONAL_REPRESENTATION('',(#1725),#1729);
#1725 = LINE('',#1726,#1727);
#1726 = CARTESIAN_POINT('',(-0.,0.));
#1727 = VECTOR('',#1728,1.);
#1728 = DIRECTION('',(-0.,-1.));
#1729 = ( GEOMETRIC_REPRESENTATION_CONTEXT(2) 
PARAMETRIC_REPRESENTATION_CONTEXT() REPRESENTATION_CONTEXT('2D SPACE',''
  ) );
#1730 = ORIENTED_EDGE('',*,*,#640,.F.);
#1731 = ORIENTED_EDGE('',*,*,#1710,.F.);
#1732 = ADVANCED_FACE('',(#1733),#696,.F.);
#1733 = FACE_BOUND('',#1734,.T.);
#1734 = EDGE_LOOP('',(#1735,#1763,#1784,#1785));
#1735 = ORIENTED_EDGE('',*,*,#1736,.T.);
#1736 = EDGE_CURVE('',#1737,#1737,#1739,.T.);
#1737 = VERTEX_POINT('',#1738);
#1738 = CARTESIAN_POINT('',(6.35,0.,8.7));
#1739 = SURFACE_CURVE('',#1740,(#1745,#1752),.PCURVE_S1.);
#1740 = CIRCLE('',#1741,1.35);
#1741 = AXIS2_PLACEMENT_3D('',#1742,#1743,#1744);
#1742 = CARTESIAN_POINT('',(5.,0.,8.7));
#1743 = DIRECTION('',(0.,0.,-1.));
#1744 = DIRECTION('',(1.,0.,0.));
#1745 = PCURVE('',#696,#1746);
#1746 = DEFINITIONAL_REPRESENTATION('',(#1747),#1751);
#1747 = LINE('',#1748,#1749);
#1748 = CARTESIAN_POINT('',(-6.28318530718,-5.E-02));
#1749 = VECTOR('',#1750,1.);
#1750 = DIRECTION('',(1.,-0.));
#1751 = ( GEOMETRIC_REPRESENTATION_CONTEXT(2) 
PARAMETRIC_REPRESENTATION_CONTEXT() REPRESENTATION_CONTEXT('2D SPACE',''
  ) );
#1752 = PCURVE('',#1037,#1753);
#1753 = DEFINITIONAL_REPRESENTATION('',(#1754),#1762);
#1754 = ( BOUNDED_CURVE() B_SPLINE_CURVE(2,(#1755,#1756,#1757,#1758,
#1759,#1760,#1761),.UNSPECIFIED.,.T.,.F.) B_SPLINE_CURVE_WITH_KNOTS((1,2
    ,2,2,2,1),(-2.094395102393,0.,2.094395102393,4.188790204786,
6.28318530718,8.377580409573),.UNSPECIFIED.) CURVE() 
GEOMETRIC_REPRESENTATION_ITEM() RATIONAL_B_SPLINE_CURVE((1.,0.5,1.,0.5,
1.,0.5,1.)) REPRESENTATION_ITEM('') );
#1755 = CARTESIAN_POINT('',(30.785,7.));
#1756 = CARTESIAN_POINT('',(30.785,4.661731409782));
#1757 = CARTESIAN_POINT('',(28.76,5.830865704891));
#1758 = CARTESIAN_POINT('',(26.735,7.));
#1759 = CARTESIAN_POINT('',(28.76,8.169134295109));
#1760 = CARTESIAN_POINT('',(30.785,9.338268590218));
#1761 = CARTESIAN_POINT('',(30.785,7.));
#1762 = ( GEOMETRIC_REPRESENTATION_CONTEXT(2) 
PARAMETRIC_REPRESENTATION_CONTEXT() REPRESENTATION_CONTEXT('2D SPACE',''
  ) );
#1763 = ORIENTED_EDGE('',*,*,#1764,.T.);
#1764 = EDGE_CURVE('',#1737,#676,#1765,.T.);
#1765 = SEAM_CURVE('',#1766,(#1770,#1777),.PCURVE_S1.);
#1766 = LINE('',#1767,#1768);
#1767 = CARTESIAN_POINT('',(6.35,0.,8.65));
#1768 = VECTOR('',#1769,1.);
#1769 = DIRECTION('',(0.,0.,1.));
#1770 = PCURVE('',#696,#1771);
#1771 = DEFINITIONAL_REPRESENTATION('',(#1772),#1776);
#1772 = LINE('',#1773,#1774);
#1773 = CARTESIAN_POINT('',(-6.28318530718,0.));
#1774 = VECTOR('',#1775,1.);
#1775 = DIRECTION('',(-0.,-1.));
#1776 = ( GEOMETRIC_REPRESENTATION_CONTEXT(2) 
PARAMETRIC_REPRESENTATION_CONTEXT() REPRESENTATION_CONTEXT('2D SPACE',''
  ) );
#1777 = PCURVE('',#696,#1778);
#1778 = DEFINITIONAL_REPRESENTATION('',(#1779),#1783);
#1779 = LINE('',#1780,#1781);
#1780 = CARTESIAN_POINT('',(-0.,0.));
#1781 = VECTOR('',#1782,1.);
#1782 = DIRECTION('',(-0.,-1.));
#1783 = ( GEOMETRIC_REPRESENTATION_CONTEXT(2) 
PARAMETRIC_REPRESENTATION_CONTEXT() REPRESENTATION_CONTEXT('2D SPACE',''
  ) );
#1784 = ORIENTED_EDGE('',*,*,#675,.F.);
#1785 = ORIENTED_EDGE('',*,*,#1764,.F.);
#1786 = ADVANCED_FACE('',(#1787),#731,.F.);
#1787 = FACE_BOUND('',#1788,.T.);
#1788 = EDGE_LOOP('',(#1789,#1817,#1838,#1839));
#1789 = ORIENTED_EDGE('',*,*,#1790,.T.);
#1790 = EDGE_CURVE('',#1791,#1791,#1793,.T.);
#1791 = VERTEX_POINT('',#1792);
#1792 = CARTESIAN_POINT('',(16.35,0.,8.7));
#1793 = SURFACE_CURVE('',#1794,(#1799,#1806),.PCURVE_S1.);
#1794 = CIRCLE('',#1795,1.35);
#1795 = AXIS2_PLACEMENT_3D('',#1796,#1797,#1798);
#1796 = CARTESIAN_POINT('',(15.,0.,8.7));
#1797 = DIRECTION('',(0.,0.,-1.));
#1798 = DIRECTION('',(1.,0.,0.));
#1799 = PCURVE('',#731,#1800);
#1800 = DEFINITIONAL_REPRESENTATION('',(#1801),#1805);
#1801 = LINE('',#1802,#1803);
#1802 = CARTESIAN_POINT('',(-6.28318530718,-5.E-02));
#1803 = VECTOR('',#1804,1.);
#1804 = DIRECTION('',(1.,-0.));
#1805 = ( GEOMETRIC_REPRESENTATION_CONTEXT(2) 
PARAMETRIC_REPRESENTATION_CONTEXT() REPRESENTATION_CONTEXT('2D SPACE',''
  ) );
#1806 = PCURVE('',#1037,#1807);
#1807 = DEFINITIONAL_REPRESENTATION('',(#1808),#1816);
#1808 = ( BOUNDED_CURVE() B_SPLINE_CURVE(2,(#1809,#1810,#1811,#1812,
#1813,#1814,#1815),.UNSPECIFIED.,.T.,.F.) B_SPLINE_CURVE_WITH_KNOTS((1,2
    ,2,2,2,1),(-2.094395102393,0.,2.094395102393,4.188790204786,
6.28318530718,8.377580409573),.UNSPECIFIED.) CURVE() 
GEOMETRIC_REPRESENTATION_ITEM() RATIONAL_B_SPLINE_CURVE((1.,0.5,1.,0.5,
1.,0.5,1.)) REPRESENTATION_ITEM('') );
#1809 = CARTESIAN_POINT('',(40.785,7.));
#1810 = CARTESIAN_POINT('',(40.785,4.661731409782));
#1811 = CARTESIAN_POINT('',(38.76,5.830865704891));
#1812 = CARTESIAN_POINT('',(36.735,7.));
#1813 = CARTESIAN_POINT('',(38.76,8.169134295109));
#1814 = CARTESIAN_POINT('',(40.785,9.338268590218));
#1815 = CARTESIAN_POINT('',(40.785,7.));
#1816 = ( GEOMETRIC_REPRESENTATION_CONTEXT(2) 
PARAMETRIC_REPRESENTATION_CONTEXT() REPRESENTATION_CONTEXT('2D SPACE',''
  ) );
#1817 = ORIENTED_EDGE('',*,*,#1818,.T.);
#1818 = EDGE_CURVE('',#1791,#711,#1819,.T.);
#1819 = SEAM_CURVE('',#1820,(#1824,#1831),.PCURVE_S1.);
#1820 = LINE('',#1821,#1822);
#1821 = CARTESIAN_POINT('',(16.35,0.,8.65));
#1822 = VECTOR('',#1823,1.);
#1823 = DIRECTION('',(0.,0.,1.));
#1824 = PCURVE('',#731,#1825);
#1825 = DEFINITIONAL_REPRESENTATION('',(#1826),#1830);
#1826 = LINE('',#1827,#1828);
#1827 = CARTESIAN_POINT('',(-6.28318530718,0.));
#1828 = VECTOR('',#1829,1.);
#1829 = DIRECTION('',(-0.,-1.));
#1830 = ( GEOMETRIC_REPRESENTATION_CONTEXT(2) 
PARAMETRIC_REPRESENTATION_CONTEXT() REPRESENTATION_CONTEXT('2D SPACE',''
  ) );
#1831 = PCURVE('',#731,#1832);
#1832 = DEFINITIONAL_REPRESENTATION('',(#1833),#1837);
#1833 = LINE('',#1834,#1835);
#1834 = CARTESIAN_POINT('',(-0.,0.));
#1835 = VECTOR('',#1836,1.);
#1836 = DIRECTION('',(-0.,-1.));
#1837 = ( GEOMETRIC_REPRESENTATION_CONTEXT(2) 
PARAMETRIC_REPRESENTATION_CONTEXT() REPRESENTATION_CONTEXT('2D SPACE',''
  ) );
#1838 = ORIENTED_EDGE('',*,*,#710,.F.);
#1839 = ORIENTED_EDGE('',*,*,#1818,.F.);
#1840 = ADVANCED_FACE('',(#1841),#766,.F.);
#1841 = FACE_BOUND('',#1842,.T.);
#1842 = EDGE_LOOP('',(#1843,#1871,#1892,#1893));
#1843 = ORIENTED_EDGE('',*,*,#1844,.T.);
#1844 = EDGE_CURVE('',#1845,#1845,#1847,.T.);
#1845 = VERTEX_POINT('',#1846);
#1846 = CARTESIAN_POINT('',(6.35,4.4,8.7));
#1847 = SURFACE_CURVE('',#1848,(#1853,#1860),.PCURVE_S1.);
#1848 = CIRCLE('',#1849,1.35);
#1849 = AXIS2_PLACEMENT_3D('',#1850,#1851,#1852);
#1850 = CARTESIAN_POINT('',(5.,4.4,8.7));
#1851 = DIRECTION('',(0.,0.,-1.));
#1852 = DIRECTION('',(1.,0.,0.));
#1853 = PCURVE('',#766,#1854);
#1854 = DEFINITIONAL_REPRESENTATION('',(#1855),#1859);
#1855 = LINE('',#1856,#1857);
#1856 = CARTESIAN_POINT('',(-6.28318530718,-5.E-02));
#1857 = VECTOR('',#1858,1.);
#1858 = DIRECTION('',(1.,-0.));
#1859 = ( GEOMETRIC_REPRESENTATION_CONTEXT(2) 
PARAMETRIC_REPRESENTATION_CONTEXT() REPRESENTATION_CONTEXT('2D SPACE',''
  ) );
#1860 = PCURVE('',#1037,#1861);
#1861 = DEFINITIONAL_REPRESENTATION('',(#1862),#1870);
#1862 = ( BOUNDED_CURVE() B_SPLINE_CURVE(2,(#1863,#1864,#1865,#1866,
#1867,#1868,#1869),.UNSPECIFIED.,.T.,.F.) B_SPLINE_CURVE_WITH_KNOTS((1,2
    ,2,2,2,1),(-2.094395102393,0.,2.094395102393,4.188790204786,
6.28318530718,8.377580409573),.UNSPECIFIED.) CURVE() 
GEOMETRIC_REPRESENTATION_ITEM() RATIONAL_B_SPLINE_CURVE((1.,0.5,1.,0.5,
1.,0.5,1.)) REPRESENTATION_ITEM('') );
#1863 = CARTESIAN_POINT('',(30.785,11.4));
#1864 = CARTESIAN_POINT('',(30.785,9.061731409782));
#1865 = CARTESIAN_POINT('',(28.76,10.230865704891));
#1866 = CARTESIAN_POINT('',(26.735,11.4));
#1867 = CARTESIAN_POINT('',(28.76,12.569134295109));
#1868 = CARTESIAN_POINT('',(30.785,13.738268590218));
#1869 = CARTESIAN_POINT('',(30.785,11.4));
#1870 = ( GEOMETRIC_REPRESENTATION_CONTEXT(2) 
PARAMETRIC_REPRESENTATION_CONTEXT() REPRESENTATION_CONTEXT('2D SPACE',''
  ) );
#1871 = ORIENTED_EDGE('',*,*,#1872,.T.);
#1872 = EDGE_CURVE('',#1845,#746,#1873,.T.);
#1873 = SEAM_CURVE('',#1874,(#1878,#1885),.PCURVE_S1.);
#1874 = LINE('',#1875,#1876);
#1875 = CARTESIAN_POINT('',(6.35,4.4,8.65));
#1876 = VECTOR('',#1877,1.);
#1877 = DIRECTION('',(0.,0.,1.));
#1878 = PCURVE('',#766,#1879);
#1879 = DEFINITIONAL_REPRESENTATION('',(#1880),#1884);
#1880 = LINE('',#1881,#1882);
#1881 = CARTESIAN_POINT('',(-6.28318530718,0.));
#1882 = VECTOR('',#1883,1.);
#1883 = DIRECTION('',(-0.,-1.));
#1884 = ( GEOMETRIC_REPRESENTATION_CONTEXT(2) 
PARAMETRIC_REPRESENTATION_CONTEXT() REPRESENTATION_CONTEXT('2D SPACE',''
  ) );
#1885 = PCURVE('',#766,#1886);
#1886 = DEFINITIONAL_REPRESENTATION('',(#1887),#1891);
#1887 = LINE('',#1888,#1889);
#1888 = CARTESIAN_POINT('',(-0.,0.));
#1889 = VECTOR('',#1890,1.);
#1890 = DIRECTION('',(-0.,-1.));
#1891 = ( GEOMETRIC_REPRESENTATION_CONTEXT(2) 
PARAMETRIC_REPRESENTATION_CONTEXT() REPRESENTATION_CONTEXT('2D SPACE',''
  ) );
#1892 = ORIENTED_EDGE('',*,*,#745,.F.);
#1893 = ORIENTED_EDGE('',*,*,#1872,.F.);
#1894 = ADVANCED_FACE('',(#1895),#801,.F.);
#1895 = FACE_BOUND('',#1896,.T.);
#1896 = EDGE_LOOP('',(#1897,#1925,#1946,#1947));
#1897 = ORIENTED_EDGE('',*,*,#1898,.T.);
#1898 = EDGE_CURVE('',#1899,#1899,#1901,.T.);
#1899 = VERTEX_POINT('',#1900);
#1900 = CARTESIAN_POINT('',(16.35,4.4,8.7));
#1901 = SURFACE_CURVE('',#1902,(#1907,#1914),.PCURVE_S1.);
#1902 = CIRCLE('',#1903,1.35);
#1903 = AXIS2_PLACEMENT_3D('',#1904,#1905,#1906);
#1904 = CARTESIAN_POINT('',(15.,4.4,8.7));
#1905 = DIRECTION('',(0.,0.,-1.));
#1906 = DIRECTION('',(1.,0.,0.));
#1907 = PCURVE('',#801,#1908);
#1908 = DEFINITIONAL_REPRESENTATION('',(#1909),#1913);
#1909 = LINE('',#1910,#1911);
#1910 = CARTESIAN_POINT('',(-6.28318530718,-5.E-02));
#1911 = VECTOR('',#1912,1.);
#1912 = DIRECTION('',(1.,-0.));
#1913 = ( GEOMETRIC_REPRESENTATION_CONTEXT(2) 
PARAMETRIC_REPRESENTATION_CONTEXT() REPRESENTATION_CONTEXT('2D SPACE',''
  ) );
#1914 = PCURVE('',#1037,#1915);
#1915 = DEFINITIONAL_REPRESENTATION('',(#1916),#1924);
#1916 = ( BOUNDED_CURVE() B_SPLINE_CURVE(2,(#1917,#1918,#1919,#1920,
#1921,#1922,#1923),.UNSPECIFIED.,.T.,.F.) B_SPLINE_CURVE_WITH_KNOTS((1,2
    ,2,2,2,1),(-2.094395102393,0.,2.094395102393,4.188790204786,
6.28318530718,8.377580409573),.UNSPECIFIED.) CURVE() 
GEOMETRIC_REPRESENTATION_ITEM() RATIONAL_B_SPLINE_CURVE((1.,0.5,1.,0.5,
1.,0.5,1.)) REPRESENTATION_ITEM('') );
#1917 = CARTESIAN_POINT('',(40.785,11.4));
#1918 = CARTESIAN_POINT('',(40.785,9.061731409782));
#1919 = CARTESIAN_POINT('',(38.76,10.230865704891));
#1920 = CARTESIAN_POINT('',(36.735,11.4));
#1921 = CARTESIAN_POINT('',(38.76,12.569134295109));
#1922 = CARTESIAN_POINT('',(40.785,13.738268590218));
#1923 = CARTESIAN_POINT('',(40.785,11.4));
#1924 = ( GEOMETRIC_REPRESENTATION_CONTEXT(2) 
PARAMETRIC_REPRESENTATION_CONTEXT() REPRESENTATION_CONTEXT('2D SPACE',''
  ) );
#1925 = ORIENTED_EDGE('',*,*,#1926,.T.);
#1926 = EDGE_CURVE('',#1899,#781,#1927,.T.);
#1927 = SEAM_CURVE('',#1928,(#1932,#1939),.PCURVE_S1.);
#1928 = LINE('',#1929,#1930);
#1929 = CARTESIAN_POINT('',(16.35,4.4,8.65));
#1930 = VECTOR('',#1931,1.);
#1931 = DIRECTION('',(0.,0.,1.));
#1932 = PCURVE('',#801,#1933);
#1933 = DEFINITIONAL_REPRESENTATION('',(#1934),#1938);
#1934 = LINE('',#1935,#1936);
#1935 = CARTESIAN_POINT('',(-6.28318530718,0.));
#1936 = VECTOR('',#1937,1.);
#1937 = DIRECTION('',(-0.,-1.));
#1938 = ( GEOMETRIC_REPRESENTATION_CONTEXT(2) 
PARAMETRIC_REPRESENTATION_CONTEXT() REPRESENTATION_CONTEXT('2D SPACE',''
  ) );
#1939 = PCURVE('',#801,#1940);
#1940 = DEFINITIONAL_REPRESENTATION('',(#1941),#1945);
#1941 = LINE('',#1942,#1943);
#1942 = CARTESIAN_POINT('',(-0.,0.));
#1943 = VECTOR('',#1944,1.);
#1944 = DIRECTION('',(-0.,-1.));
#1945 = ( GEOMETRIC_REPRESENTATION_CONTEXT(2) 
PARAMETRIC_REPRESENTATION_CONTEXT() REPRESENTATION_CONTEXT('2D SPACE',''
  ) );
#1946 = ORIENTED_EDGE('',*,*,#780,.F.);
#1947 = ORIENTED_EDGE('',*,*,#1926,.F.);
#1948 = ADVANCED_FACE('',(#1949),#953,.F.);
#1949 = FACE_BOUND('',#1950,.F.);
#1950 = EDGE_LOOP('',(#1951,#1952,#1953,#1954));
#1951 = ORIENTED_EDGE('',*,*,#1273,.F.);
#1952 = ORIENTED_EDGE('',*,*,#939,.T.);
#1953 = ORIENTED_EDGE('',*,*,#1105,.T.);
#1954 = ORIENTED_EDGE('',*,*,#1955,.F.);
#1955 = EDGE_CURVE('',#1251,#1078,#1956,.T.);
#1956 = SURFACE_CURVE('',#1957,(#1961,#1967),.PCURVE_S1.);
#1957 = LINE('',#1958,#1959);
#1958 = CARTESIAN_POINT('',(-23.56,-7.,0.25));
#1959 = VECTOR('',#1960,1.);
#1960 = DIRECTION('',(0.,1.,0.));
#1961 = PCURVE('',#953,#1962);
#1962 = DEFINITIONAL_REPRESENTATION('',(#1963),#1966);
#1963 = B_SPLINE_CURVE_WITH_KNOTS('',1,(#1964,#1965),.UNSPECIFIED.,.F.,
  .F.,(2,2),(0.,14.),.PIECEWISE_BEZIER_KNOTS.);
#1964 = CARTESIAN_POINT('',(3.E-02,0.));
#1965 = CARTESIAN_POINT('',(3.E-02,-14.));
#1966 = ( GEOMETRIC_REPRESENTATION_CONTEXT(2) 
PARAMETRIC_REPRESENTATION_CONTEXT() REPRESENTATION_CONTEXT('2D SPACE',''
  ) );
#1967 = PCURVE('',#1093,#1968);
#1968 = DEFINITIONAL_REPRESENTATION('',(#1969),#1972);
#1969 = B_SPLINE_CURVE_WITH_KNOTS('',1,(#1970,#1971),.UNSPECIFIED.,.F.,
  .F.,(2,2),(0.,14.),.PIECEWISE_BEZIER_KNOTS.);
#1970 = CARTESIAN_POINT('',(0.875,0.));
#1971 = CARTESIAN_POINT('',(0.875,14.));
#1972 = ( GEOMETRIC_REPRESENTATION_CONTEXT(2) 
PARAMETRIC_REPRESENTATION_CONTEXT() REPRESENTATION_CONTEXT('2D SPACE',''
  ) );
#1973 = ADVANCED_FACE('',(#1974),#1009,.F.);
#1974 = FACE_BOUND('',#1975,.F.);
#1975 = EDGE_LOOP('',(#1976,#1977,#1996,#1997));
#1976 = ORIENTED_EDGE('',*,*,#1181,.F.);
#1977 = ORIENTED_EDGE('',*,*,#1978,.T.);
#1978 = EDGE_CURVE('',#1182,#994,#1979,.T.);
#1979 = SURFACE_CURVE('',#1980,(#1984,#1990),.PCURVE_S1.);
#1980 = LINE('',#1981,#1982);
#1981 = CARTESIAN_POINT('',(-23.56,-7.,8.7));
#1982 = VECTOR('',#1983,1.);
#1983 = DIRECTION('',(0.,1.,0.));
#1984 = PCURVE('',#1009,#1985);
#1985 = DEFINITIONAL_REPRESENTATION('',(#1986),#1989);
#1986 = B_SPLINE_CURVE_WITH_KNOTS('',1,(#1987,#1988),.UNSPECIFIED.,.F.,
  .F.,(2,2),(0.,14.),.PIECEWISE_BEZIER_KNOTS.);
#1987 = CARTESIAN_POINT('',(8.48,0.));
#1988 = CARTESIAN_POINT('',(8.48,-14.));
#1989 = ( GEOMETRIC_REPRESENTATION_CONTEXT(2) 
PARAMETRIC_REPRESENTATION_CONTEXT() REPRESENTATION_CONTEXT('2D SPACE',''
  ) );
#1990 = PCURVE('',#1037,#1991);
#1991 = DEFINITIONAL_REPRESENTATION('',(#1992),#1995);
#1992 = B_SPLINE_CURVE_WITH_KNOTS('',1,(#1993,#1994),.UNSPECIFIED.,.F.,
  .F.,(2,2),(0.,14.),.PIECEWISE_BEZIER_KNOTS.);
#1993 = CARTESIAN_POINT('',(0.875,0.));
#1994 = CARTESIAN_POINT('',(0.875,14.));
#1995 = ( GEOMETRIC_REPRESENTATION_CONTEXT(2) 
PARAMETRIC_REPRESENTATION_CONTEXT() REPRESENTATION_CONTEXT('2D SPACE',''
  ) );
#1996 = ORIENTED_EDGE('',*,*,#993,.T.);
#1997 = ORIENTED_EDGE('',*,*,#1154,.F.);
#1998 = ADVANCED_FACE('',(#1999,#2025,#2028,#2031,#2034,#2037,#2040,
    #2043,#2046,#2049,#2052,#2055,#2058),#1037,.F.);
#1999 = FACE_BOUND('',#2000,.F.);
#2000 = EDGE_LOOP('',(#2001,#2002,#2003,#2004));
#2001 = ORIENTED_EDGE('',*,*,#1021,.F.);
#2002 = ORIENTED_EDGE('',*,*,#1978,.F.);
#2003 = ORIENTED_EDGE('',*,*,#1204,.T.);
#2004 = ORIENTED_EDGE('',*,*,#2005,.T.);
#2005 = EDGE_CURVE('',#1205,#1022,#2006,.T.);
#2006 = SURFACE_CURVE('',#2007,(#2011,#2018),.PCURVE_S1.);
#2007 = LINE('',#2008,#2009);
#2008 = CARTESIAN_POINT('',(24.185,-7.,8.7));
#2009 = VECTOR('',#2010,1.);
#2010 = DIRECTION('',(0.,1.,0.));
#2011 = PCURVE('',#1037,#2012);
#2012 = DEFINITIONAL_REPRESENTATION('',(#2013),#2017);
#2013 = LINE('',#2014,#2015);
#2014 = CARTESIAN_POINT('',(48.62,0.));
#2015 = VECTOR('',#2016,1.);
#2016 = DIRECTION('',(0.,1.));
#2017 = ( GEOMETRIC_REPRESENTATION_CONTEXT(2) 
PARAMETRIC_REPRESENTATION_CONTEXT() REPRESENTATION_CONTEXT('2D SPACE',''
  ) );
#2018 = PCURVE('',#1065,#2019);
#2019 = DEFINITIONAL_REPRESENTATION('',(#2020),#2024);
#2020 = LINE('',#2021,#2022);
#2021 = CARTESIAN_POINT('',(8.45,0.));
#2022 = VECTOR('',#2023,1.);
#2023 = DIRECTION('',(0.,-1.));
#2024 = ( GEOMETRIC_REPRESENTATION_CONTEXT(2) 
PARAMETRIC_REPRESENTATION_CONTEXT() REPRESENTATION_CONTEXT('2D SPACE',''
  ) );
#2025 = FACE_BOUND('',#2026,.F.);
#2026 = EDGE_LOOP('',(#2027));
#2027 = ORIENTED_EDGE('',*,*,#1304,.T.);
#2028 = FACE_BOUND('',#2029,.F.);
#2029 = EDGE_LOOP('',(#2030));
#2030 = ORIENTED_EDGE('',*,*,#1358,.T.);
#2031 = FACE_BOUND('',#2032,.F.);
#2032 = EDGE_LOOP('',(#2033));
#2033 = ORIENTED_EDGE('',*,*,#1412,.T.);
#2034 = FACE_BOUND('',#2035,.F.);
#2035 = EDGE_LOOP('',(#2036));
#2036 = ORIENTED_EDGE('',*,*,#1466,.T.);
#2037 = FACE_BOUND('',#2038,.F.);
#2038 = EDGE_LOOP('',(#2039));
#2039 = ORIENTED_EDGE('',*,*,#1520,.T.);
#2040 = FACE_BOUND('',#2041,.F.);
#2041 = EDGE_LOOP('',(#2042));
#2042 = ORIENTED_EDGE('',*,*,#1574,.T.);
#2043 = FACE_BOUND('',#2044,.F.);
#2044 = EDGE_LOOP('',(#2045));
#2045 = ORIENTED_EDGE('',*,*,#1628,.T.);
#2046 = FACE_BOUND('',#2047,.F.);
#2047 = EDGE_LOOP('',(#2048));
#2048 = ORIENTED_EDGE('',*,*,#1682,.T.);
#2049 = FACE_BOUND('',#2050,.F.);
#2050 = EDGE_LOOP('',(#2051));
#2051 = ORIENTED_EDGE('',*,*,#1736,.T.);
#2052 = FACE_BOUND('',#2053,.F.);
#2053 = EDGE_LOOP('',(#2054));
#2054 = ORIENTED_EDGE('',*,*,#1790,.T.);
#2055 = FACE_BOUND('',#2056,.F.);
#2056 = EDGE_LOOP('',(#2057));
#2057 = ORIENTED_EDGE('',*,*,#1844,.T.);
#2058 = FACE_BOUND('',#2059,.F.);
#2059 = EDGE_LOOP('',(#2060));
#2060 = ORIENTED_EDGE('',*,*,#1898,.T.);
#2061 = ADVANCED_FACE('',(#2062),#1065,.F.);
#2062 = FACE_BOUND('',#2063,.F.);
#2063 = EDGE_LOOP('',(#2064,#2065,#2086,#2087));
#2064 = ORIENTED_EDGE('',*,*,#1227,.F.);
#2065 = ORIENTED_EDGE('',*,*,#2066,.T.);
#2066 = EDGE_CURVE('',#1228,#1050,#2067,.T.);
#2067 = SURFACE_CURVE('',#2068,(#2072,#2079),.PCURVE_S1.);
#2068 = LINE('',#2069,#2070);
#2069 = CARTESIAN_POINT('',(24.185,-7.,0.25));
#2070 = VECTOR('',#2071,1.);
#2071 = DIRECTION('',(0.,1.,0.));
#2072 = PCURVE('',#1065,#2073);
#2073 = DEFINITIONAL_REPRESENTATION('',(#2074),#2078);
#2074 = LINE('',#2075,#2076);
#2075 = CARTESIAN_POINT('',(0.,0.));
#2076 = VECTOR('',#2077,1.);
#2077 = DIRECTION('',(0.,-1.));
#2078 = ( GEOMETRIC_REPRESENTATION_CONTEXT(2) 
PARAMETRIC_REPRESENTATION_CONTEXT() REPRESENTATION_CONTEXT('2D SPACE',''
  ) );
#2079 = PCURVE('',#1093,#2080);
#2080 = DEFINITIONAL_REPRESENTATION('',(#2081),#2085);
#2081 = LINE('',#2082,#2083);
#2082 = CARTESIAN_POINT('',(48.62,0.));
#2083 = VECTOR('',#2084,1.);
#2084 = DIRECTION('',(0.,1.));
#2085 = ( GEOMETRIC_REPRESENTATION_CONTEXT(2) 
PARAMETRIC_REPRESENTATION_CONTEXT() REPRESENTATION_CONTEXT('2D SPACE',''
  ) );
#2086 = ORIENTED_EDGE('',*,*,#1049,.T.);
#2087 = ORIENTED_EDGE('',*,*,#2005,.F.);
#2088 = ADVANCED_FACE('',(#2089),#1093,.T.);
#2089 = FACE_BOUND('',#2090,.T.);
#2090 = EDGE_LOOP('',(#2091,#2092,#2093,#2094));
#2091 = ORIENTED_EDGE('',*,*,#1077,.F.);
#2092 = ORIENTED_EDGE('',*,*,#1955,.F.);
#2093 = ORIENTED_EDGE('',*,*,#1250,.T.);
#2094 = ORIENTED_EDGE('',*,*,#2066,.T.);
#2095 = ( GEOMETRIC_REPRESENTATION_CONTEXT(3) 
GLOBAL_UNCERTAINTY_ASSIGNED_CONTEXT((#2099)) 
GLOBAL_UNIT_ASSIGNED_CONTEXT((#2096,#2097,#2098)) REPRESENTATION_CONTEXT
('Context #1','3D Context with UNIT and UNCERTAINTY') );
#2096 = ( LENGTH_UNIT() NAMED_UNIT(*) SI_UNIT(.MILLI.,.METRE.) );
#2097 = ( NAMED_UNIT(*) PLANE_ANGLE_UNIT() SI_UNIT($,.RADIAN.) );
#2098 = ( NAMED_UNIT(*) SI_UNIT($,.STERADIAN.) SOLID_ANGLE_UNIT() );
#2099 = UNCERTAINTY_MEASURE_WITH_UNIT(LENGTH_MEASURE(1.E-07),#2096,
  'distance_accuracy_value','confusion accuracy');
#2100 = CONTEXT_DEPENDENT_SHAPE_REPRESENTATION(#2101,#2103);
#2101 = ( REPRESENTATION_RELATIONSHIP('','',#36,#10) 
REPRESENTATION_RELATIONSHIP_WITH_TRANSFORMATION(#2102) 
SHAPE_REPRESENTATION_RELATIONSHIP() );
#2102 = ITEM_DEFINED_TRANSFORMATION('','',#11,#15);
#2103 = PRODUCT_DEFINITION_SHAPE('Placement','Placement of an item',
  #2104);
#2104 = NEXT_ASSEMBLY_USAGE_OCCURRENCE('3','CAGE_SHELL','',#5,#31,$);
#2105 = PRODUCT_RELATED_PRODUCT_CATEGORY('part',$,(#33));
#2106 = SHAPE_DEFINITION_REPRESENTATION(#2107,#2113);
#2107 = PRODUCT_DEFINITION_SHAPE('','',#2108);
#2108 = PRODUCT_DEFINITION('design','',#2109,#2112);
#2109 = PRODUCT_DEFINITION_FORMATION('','',#2110);
#2110 = PRODUCT('SOLDER_TAILS_20','SOLDER_TAILS_20','',(#2111));
#2111 = PRODUCT_CONTEXT('',#2,'mechanical');
#2112 = PRODUCT_DEFINITION_CONTEXT('part definition',#2,'design');
#2113 = SHAPE_REPRESENTATION('',(#11,#2114,#2444,#2774,#3104,#3434,#3764
    ,#4094,#4424,#4754,#5084,#5414,#5744,#6074,#6404,#6734,#7064,#7394,
    #7724,#8054,#8384),#8714);
#2114 = MANIFOLD_SOLID_BREP('',#2115);
#2115 = CLOSED_SHELL('',(#2116,#2236,#2336,#2383,#2430,#2437));
#2116 = ADVANCED_FACE('',(#2117),#2131,.F.);
#2117 = FACE_BOUND('',#2118,.F.);
#2118 = EDGE_LOOP('',(#2119,#2154,#2182,#2210));
#2119 = ORIENTED_EDGE('',*,*,#2120,.F.);
#2120 = EDGE_CURVE('',#2121,#2123,#2125,.T.);
#2121 = VERTEX_POINT('',#2122);
#2122 = CARTESIAN_POINT('',(-21.65,-7.275,-1.8));
#2123 = VERTEX_POINT('',#2124);
#2124 = CARTESIAN_POINT('',(-21.65,-7.275,0.55));
#2125 = SURFACE_CURVE('',#2126,(#2130,#2142),.PCURVE_S1.);
#2126 = LINE('',#2127,#2128);
#2127 = CARTESIAN_POINT('',(-21.65,-7.275,-1.8));
#2128 = VECTOR('',#2129,1.);
#2129 = DIRECTION('',(0.,0.,1.));
#2130 = PCURVE('',#2131,#2136);
#2131 = PLANE('',#2132);
#2132 = AXIS2_PLACEMENT_3D('',#2133,#2134,#2135);
#2133 = CARTESIAN_POINT('',(-21.65,-7.275,-1.8));
#2134 = DIRECTION('',(1.,0.,0.));
#2135 = DIRECTION('',(0.,0.,1.));
#2136 = DEFINITIONAL_REPRESENTATION('',(#2137),#2141);
#2137 = LINE('',#2138,#2139);
#2138 = CARTESIAN_POINT('',(0.,0.));
#2139 = VECTOR('',#2140,1.);
#2140 = DIRECTION('',(1.,0.));
#2141 = ( GEOMETRIC_REPRESENTATION_CONTEXT(2) 
PARAMETRIC_REPRESENTATION_CONTEXT() REPRESENTATION_CONTEXT('2D SPACE',''
  ) );
#2142 = PCURVE('',#2143,#2148);
#2143 = PLANE('',#2144);
#2144 = AXIS2_PLACEMENT_3D('',#2145,#2146,#2147);
#2145 = CARTESIAN_POINT('',(-21.65,-7.275,-1.8));
#2146 = DIRECTION('',(0.,1.,0.));
#2147 = DIRECTION('',(0.,0.,1.));
#2148 = DEFINITIONAL_REPRESENTATION('',(#2149),#2153);
#2149 = LINE('',#2150,#2151);
#2150 = CARTESIAN_POINT('',(0.,0.));
#2151 = VECTOR('',#2152,1.);
#2152 = DIRECTION('',(1.,0.));
#2153 = ( GEOMETRIC_REPRESENTATION_CONTEXT(2) 
PARAMETRIC_REPRESENTATION_CONTEXT() REPRESENTATION_CONTEXT('2D SPACE',''
  ) );
#2154 = ORIENTED_EDGE('',*,*,#2155,.T.);
#2155 = EDGE_CURVE('',#2121,#2156,#2158,.T.);
#2156 = VERTEX_POINT('',#2157);
#2157 = CARTESIAN_POINT('',(-21.65,-7.025,-1.8));
#2158 = SURFACE_CURVE('',#2159,(#2163,#2170),.PCURVE_S1.);
#2159 = LINE('',#2160,#2161);
#2160 = CARTESIAN_POINT('',(-21.65,-7.275,-1.8));
#2161 = VECTOR('',#2162,1.);
#2162 = DIRECTION('',(0.,1.,0.));
#2163 = PCURVE('',#2131,#2164);
#2164 = DEFINITIONAL_REPRESENTATION('',(#2165),#2169);
#2165 = LINE('',#2166,#2167);
#2166 = CARTESIAN_POINT('',(0.,0.));
#2167 = VECTOR('',#2168,1.);
#2168 = DIRECTION('',(0.,-1.));
#2169 = ( GEOMETRIC_REPRESENTATION_CONTEXT(2) 
PARAMETRIC_REPRESENTATION_CONTEXT() REPRESENTATION_CONTEXT('2D SPACE',''
  ) );
#2170 = PCURVE('',#2171,#2176);
#2171 = PLANE('',#2172);
#2172 = AXIS2_PLACEMENT_3D('',#2173,#2174,#2175);
#2173 = CARTESIAN_POINT('',(-21.65,-7.275,-1.8));
#2174 = DIRECTION('',(0.,0.,1.));
#2175 = DIRECTION('',(1.,0.,0.));
#2176 = DEFINITIONAL_REPRESENTATION('',(#2177),#2181);
#2177 = LINE('',#2178,#2179);
#2178 = CARTESIAN_POINT('',(0.,0.));
#2179 = VECTOR('',#2180,1.);
#2180 = DIRECTION('',(0.,1.));
#2181 = ( GEOMETRIC_REPRESENTATION_CONTEXT(2) 
PARAMETRIC_REPRESENTATION_CONTEXT() REPRESENTATION_CONTEXT('2D SPACE',''
  ) );
#2182 = ORIENTED_EDGE('',*,*,#2183,.T.);
#2183 = EDGE_CURVE('',#2156,#2184,#2186,.T.);
#2184 = VERTEX_POINT('',#2185);
#2185 = CARTESIAN_POINT('',(-21.65,-7.025,0.55));
#2186 = SURFACE_CURVE('',#2187,(#2191,#2198),.PCURVE_S1.);
#2187 = LINE('',#2188,#2189);
#2188 = CARTESIAN_POINT('',(-21.65,-7.025,-1.8));
#2189 = VECTOR('',#2190,1.);
#2190 = DIRECTION('',(0.,0.,1.));
#2191 = PCURVE('',#2131,#2192);
#2192 = DEFINITIONAL_REPRESENTATION('',(#2193),#2197);
#2193 = LINE('',#2194,#2195);
#2194 = CARTESIAN_POINT('',(0.,-0.25));
#2195 = VECTOR('',#2196,1.);
#2196 = DIRECTION('',(1.,0.));
#2197 = ( GEOMETRIC_REPRESENTATION_CONTEXT(2) 
PARAMETRIC_REPRESENTATION_CONTEXT() REPRESENTATION_CONTEXT('2D SPACE',''
  ) );
#2198 = PCURVE('',#2199,#2204);
#2199 = PLANE('',#2200);
#2200 = AXIS2_PLACEMENT_3D('',#2201,#2202,#2203);
#2201 = CARTESIAN_POINT('',(-21.65,-7.025,-1.8));
#2202 = DIRECTION('',(0.,1.,0.));
#2203 = DIRECTION('',(0.,0.,1.));
#2204 = DEFINITIONAL_REPRESENTATION('',(#2205),#2209);
#2205 = LINE('',#2206,#2207);
#2206 = CARTESIAN_POINT('',(0.,0.));
#2207 = VECTOR('',#2208,1.);
#2208 = DIRECTION('',(1.,0.));
#2209 = ( GEOMETRIC_REPRESENTATION_CONTEXT(2) 
PARAMETRIC_REPRESENTATION_CONTEXT() REPRESENTATION_CONTEXT('2D SPACE',''
  ) );
#2210 = ORIENTED_EDGE('',*,*,#2211,.F.);
#2211 = EDGE_CURVE('',#2123,#2184,#2212,.T.);
#2212 = SURFACE_CURVE('',#2213,(#2217,#2224),.PCURVE_S1.);
#2213 = LINE('',#2214,#2215);
#2214 = CARTESIAN_POINT('',(-21.65,-7.275,0.55));
#2215 = VECTOR('',#2216,1.);
#2216 = DIRECTION('',(0.,1.,0.));
#2217 = PCURVE('',#2131,#2218);
#2218 = DEFINITIONAL_REPRESENTATION('',(#2219),#2223);
#2219 = LINE('',#2220,#2221);
#2220 = CARTESIAN_POINT('',(2.35,0.));
#2221 = VECTOR('',#2222,1.);
#2222 = DIRECTION('',(0.,-1.));
#2223 = ( GEOMETRIC_REPRESENTATION_CONTEXT(2) 
PARAMETRIC_REPRESENTATION_CONTEXT() REPRESENTATION_CONTEXT('2D SPACE',''
  ) );
#2224 = PCURVE('',#2225,#2230);
#2225 = PLANE('',#2226);
#2226 = AXIS2_PLACEMENT_3D('',#2227,#2228,#2229);
#2227 = CARTESIAN_POINT('',(-21.65,-7.275,0.55));
#2228 = DIRECTION('',(0.,0.,1.));
#2229 = DIRECTION('',(1.,0.,0.));
#2230 = DEFINITIONAL_REPRESENTATION('',(#2231),#2235);
#2231 = LINE('',#2232,#2233);
#2232 = CARTESIAN_POINT('',(0.,0.));
#2233 = VECTOR('',#2234,1.);
#2234 = DIRECTION('',(0.,1.));
#2235 = ( GEOMETRIC_REPRESENTATION_CONTEXT(2) 
PARAMETRIC_REPRESENTATION_CONTEXT() REPRESENTATION_CONTEXT('2D SPACE',''
  ) );
#2236 = ADVANCED_FACE('',(#2237),#2251,.T.);
#2237 = FACE_BOUND('',#2238,.T.);
#2238 = EDGE_LOOP('',(#2239,#2269,#2292,#2315));
#2239 = ORIENTED_EDGE('',*,*,#2240,.F.);
#2240 = EDGE_CURVE('',#2241,#2243,#2245,.T.);
#2241 = VERTEX_POINT('',#2242);
#2242 = CARTESIAN_POINT('',(-20.35,-7.275,-1.8));
#2243 = VERTEX_POINT('',#2244);
#2244 = CARTESIAN_POINT('',(-20.35,-7.275,0.55));
#2245 = SURFACE_CURVE('',#2246,(#2250,#2262),.PCURVE_S1.);
#2246 = LINE('',#2247,#2248);
#2247 = CARTESIAN_POINT('',(-20.35,-7.275,-1.8));
#2248 = VECTOR('',#2249,1.);
#2249 = DIRECTION('',(0.,0.,1.));
#2250 = PCURVE('',#2251,#2256);
#2251 = PLANE('',#2252);
#2252 = AXIS2_PLACEMENT_3D('',#2253,#2254,#2255);
#2253 = CARTESIAN_POINT('',(-20.35,-7.275,-1.8));
#2254 = DIRECTION('',(1.,0.,0.));
#2255 = DIRECTION('',(0.,0.,1.));
#2256 = DEFINITIONAL_REPRESENTATION('',(#2257),#2261);
#2257 = LINE('',#2258,#2259);
#2258 = CARTESIAN_POINT('',(0.,0.));
#2259 = VECTOR('',#2260,1.);
#2260 = DIRECTION('',(1.,0.));
#2261 = ( GEOMETRIC_REPRESENTATION_CONTEXT(2) 
PARAMETRIC_REPRESENTATION_CONTEXT() REPRESENTATION_CONTEXT('2D SPACE',''
  ) );
#2262 = PCURVE('',#2143,#2263);
#2263 = DEFINITIONAL_REPRESENTATION('',(#2264),#2268);
#2264 = LINE('',#2265,#2266);
#2265 = CARTESIAN_POINT('',(0.,1.3));
#2266 = VECTOR('',#2267,1.);
#2267 = DIRECTION('',(1.,0.));
#2268 = ( GEOMETRIC_REPRESENTATION_CONTEXT(2) 
PARAMETRIC_REPRESENTATION_CONTEXT() REPRESENTATION_CONTEXT('2D SPACE',''
  ) );
#2269 = ORIENTED_EDGE('',*,*,#2270,.T.);
#2270 = EDGE_CURVE('',#2241,#2271,#2273,.T.);
#2271 = VERTEX_POINT('',#2272);
#2272 = CARTESIAN_POINT('',(-20.35,-7.025,-1.8));
#2273 = SURFACE_CURVE('',#2274,(#2278,#2285),.PCURVE_S1.);
#2274 = LINE('',#2275,#2276);
#2275 = CARTESIAN_POINT('',(-20.35,-7.275,-1.8));
#2276 = VECTOR('',#2277,1.);
#2277 = DIRECTION('',(0.,1.,0.));
#2278 = PCURVE('',#2251,#2279);
#2279 = DEFINITIONAL_REPRESENTATION('',(#2280),#2284);
#2280 = LINE('',#2281,#2282);
#2281 = CARTESIAN_POINT('',(0.,0.));
#2282 = VECTOR('',#2283,1.);
#2283 = DIRECTION('',(0.,-1.));
#2284 = ( GEOMETRIC_REPRESENTATION_CONTEXT(2) 
PARAMETRIC_REPRESENTATION_CONTEXT() REPRESENTATION_CONTEXT('2D SPACE',''
  ) );
#2285 = PCURVE('',#2171,#2286);
#2286 = DEFINITIONAL_REPRESENTATION('',(#2287),#2291);
#2287 = LINE('',#2288,#2289);
#2288 = CARTESIAN_POINT('',(1.3,0.));
#2289 = VECTOR('',#2290,1.);
#2290 = DIRECTION('',(0.,1.));
#2291 = ( GEOMETRIC_REPRESENTATION_CONTEXT(2) 
PARAMETRIC_REPRESENTATION_CONTEXT() REPRESENTATION_CONTEXT('2D SPACE',''
  ) );
#2292 = ORIENTED_EDGE('',*,*,#2293,.T.);
#2293 = EDGE_CURVE('',#2271,#2294,#2296,.T.);
#2294 = VERTEX_POINT('',#2295);
#2295 = CARTESIAN_POINT('',(-20.35,-7.025,0.55));
#2296 = SURFACE_CURVE('',#2297,(#2301,#2308),.PCURVE_S1.);
#2297 = LINE('',#2298,#2299);
#2298 = CARTESIAN_POINT('',(-20.35,-7.025,-1.8));
#2299 = VECTOR('',#2300,1.);
#2300 = DIRECTION('',(0.,0.,1.));
#2301 = PCURVE('',#2251,#2302);
#2302 = DEFINITIONAL_REPRESENTATION('',(#2303),#2307);
#2303 = LINE('',#2304,#2305);
#2304 = CARTESIAN_POINT('',(0.,-0.25));
#2305 = VECTOR('',#2306,1.);
#2306 = DIRECTION('',(1.,0.));
#2307 = ( GEOMETRIC_REPRESENTATION_CONTEXT(2) 
PARAMETRIC_REPRESENTATION_CONTEXT() REPRESENTATION_CONTEXT('2D SPACE',''
  ) );
#2308 = PCURVE('',#2199,#2309);
#2309 = DEFINITIONAL_REPRESENTATION('',(#2310),#2314);
#2310 = LINE('',#2311,#2312);
#2311 = CARTESIAN_POINT('',(0.,1.3));
#2312 = VECTOR('',#2313,1.);
#2313 = DIRECTION('',(1.,0.));
#2314 = ( GEOMETRIC_REPRESENTATION_CONTEXT(2) 
PARAMETRIC_REPRESENTATION_CONTEXT() REPRESENTATION_CONTEXT('2D SPACE',''
  ) );
#2315 = ORIENTED_EDGE('',*,*,#2316,.F.);
#2316 = EDGE_CURVE('',#2243,#2294,#2317,.T.);
#2317 = SURFACE_CURVE('',#2318,(#2322,#2329),.PCURVE_S1.);
#2318 = LINE('',#2319,#2320);
#2319 = CARTESIAN_POINT('',(-20.35,-7.275,0.55));
#2320 = VECTOR('',#2321,1.);
#2321 = DIRECTION('',(0.,1.,0.));
#2322 = PCURVE('',#2251,#2323);
#2323 = DEFINITIONAL_REPRESENTATION('',(#2324),#2328);
#2324 = LINE('',#2325,#2326);
#2325 = CARTESIAN_POINT('',(2.35,0.));
#2326 = VECTOR('',#2327,1.);
#2327 = DIRECTION('',(0.,-1.));
#2328 = ( GEOMETRIC_REPRESENTATION_CONTEXT(2) 
PARAMETRIC_REPRESENTATION_CONTEXT() REPRESENTATION_CONTEXT('2D SPACE',''
  ) );
#2329 = PCURVE('',#2225,#2330);
#2330 = DEFINITIONAL_REPRESENTATION('',(#2331),#2335);
#2331 = LINE('',#2332,#2333);
#2332 = CARTESIAN_POINT('',(1.3,0.));
#2333 = VECTOR('',#2334,1.);
#2334 = DIRECTION('',(0.,1.));
#2335 = ( GEOMETRIC_REPRESENTATION_CONTEXT(2) 
PARAMETRIC_REPRESENTATION_CONTEXT() REPRESENTATION_CONTEXT('2D SPACE',''
  ) );
#2336 = ADVANCED_FACE('',(#2337),#2143,.F.);
#2337 = FACE_BOUND('',#2338,.F.);
#2338 = EDGE_LOOP('',(#2339,#2360,#2361,#2382));
#2339 = ORIENTED_EDGE('',*,*,#2340,.F.);
#2340 = EDGE_CURVE('',#2121,#2241,#2341,.T.);
#2341 = SURFACE_CURVE('',#2342,(#2346,#2353),.PCURVE_S1.);
#2342 = LINE('',#2343,#2344);
#2343 = CARTESIAN_POINT('',(-21.65,-7.275,-1.8));
#2344 = VECTOR('',#2345,1.);
#2345 = DIRECTION('',(1.,0.,0.));
#2346 = PCURVE('',#2143,#2347);
#2347 = DEFINITIONAL_REPRESENTATION('',(#2348),#2352);
#2348 = LINE('',#2349,#2350);
#2349 = CARTESIAN_POINT('',(0.,0.));
#2350 = VECTOR('',#2351,1.);
#2351 = DIRECTION('',(0.,1.));
#2352 = ( GEOMETRIC_REPRESENTATION_CONTEXT(2) 
PARAMETRIC_REPRESENTATION_CONTEXT() REPRESENTATION_CONTEXT('2D SPACE',''
  ) );
#2353 = PCURVE('',#2171,#2354);
#2354 = DEFINITIONAL_REPRESENTATION('',(#2355),#2359);
#2355 = LINE('',#2356,#2357);
#2356 = CARTESIAN_POINT('',(0.,0.));
#2357 = VECTOR('',#2358,1.);
#2358 = DIRECTION('',(1.,0.));
#2359 = ( GEOMETRIC_REPRESENTATION_CONTEXT(2) 
PARAMETRIC_REPRESENTATION_CONTEXT() REPRESENTATION_CONTEXT('2D SPACE',''
  ) );
#2360 = ORIENTED_EDGE('',*,*,#2120,.T.);
#2361 = ORIENTED_EDGE('',*,*,#2362,.T.);
#2362 = EDGE_CURVE('',#2123,#2243,#2363,.T.);
#2363 = SURFACE_CURVE('',#2364,(#2368,#2375),.PCURVE_S1.);
#2364 = LINE('',#2365,#2366);
#2365 = CARTESIAN_POINT('',(-21.65,-7.275,0.55));
#2366 = VECTOR('',#2367,1.);
#2367 = DIRECTION('',(1.,0.,0.));
#2368 = PCURVE('',#2143,#2369);
#2369 = DEFINITIONAL_REPRESENTATION('',(#2370),#2374);
#2370 = LINE('',#2371,#2372);
#2371 = CARTESIAN_POINT('',(2.35,0.));
#2372 = VECTOR('',#2373,1.);
#2373 = DIRECTION('',(0.,1.));
#2374 = ( GEOMETRIC_REPRESENTATION_CONTEXT(2) 
PARAMETRIC_REPRESENTATION_CONTEXT() REPRESENTATION_CONTEXT('2D SPACE',''
  ) );
#2375 = PCURVE('',#2225,#2376);
#2376 = DEFINITIONAL_REPRESENTATION('',(#2377),#2381);
#2377 = LINE('',#2378,#2379);
#2378 = CARTESIAN_POINT('',(0.,0.));
#2379 = VECTOR('',#2380,1.);
#2380 = DIRECTION('',(1.,0.));
#2381 = ( GEOMETRIC_REPRESENTATION_CONTEXT(2) 
PARAMETRIC_REPRESENTATION_CONTEXT() REPRESENTATION_CONTEXT('2D SPACE',''
  ) );
#2382 = ORIENTED_EDGE('',*,*,#2240,.F.);
#2383 = ADVANCED_FACE('',(#2384),#2199,.T.);
#2384 = FACE_BOUND('',#2385,.T.);
#2385 = EDGE_LOOP('',(#2386,#2407,#2408,#2429));
#2386 = ORIENTED_EDGE('',*,*,#2387,.F.);
#2387 = EDGE_CURVE('',#2156,#2271,#2388,.T.);
#2388 = SURFACE_CURVE('',#2389,(#2393,#2400),.PCURVE_S1.);
#2389 = LINE('',#2390,#2391);
#2390 = CARTESIAN_POINT('',(-21.65,-7.025,-1.8));
#2391 = VECTOR('',#2392,1.);
#2392 = DIRECTION('',(1.,0.,0.));
#2393 = PCURVE('',#2199,#2394);
#2394 = DEFINITIONAL_REPRESENTATION('',(#2395),#2399);
#2395 = LINE('',#2396,#2397);
#2396 = CARTESIAN_POINT('',(0.,0.));
#2397 = VECTOR('',#2398,1.);
#2398 = DIRECTION('',(0.,1.));
#2399 = ( GEOMETRIC_REPRESENTATION_CONTEXT(2) 
PARAMETRIC_REPRESENTATION_CONTEXT() REPRESENTATION_CONTEXT('2D SPACE',''
  ) );
#2400 = PCURVE('',#2171,#2401);
#2401 = DEFINITIONAL_REPRESENTATION('',(#2402),#2406);
#2402 = LINE('',#2403,#2404);
#2403 = CARTESIAN_POINT('',(0.,0.25));
#2404 = VECTOR('',#2405,1.);
#2405 = DIRECTION('',(1.,0.));
#2406 = ( GEOMETRIC_REPRESENTATION_CONTEXT(2) 
PARAMETRIC_REPRESENTATION_CONTEXT() REPRESENTATION_CONTEXT('2D SPACE',''
  ) );
#2407 = ORIENTED_EDGE('',*,*,#2183,.T.);
#2408 = ORIENTED_EDGE('',*,*,#2409,.T.);
#2409 = EDGE_CURVE('',#2184,#2294,#2410,.T.);
#2410 = SURFACE_CURVE('',#2411,(#2415,#2422),.PCURVE_S1.);
#2411 = LINE('',#2412,#2413);
#2412 = CARTESIAN_POINT('',(-21.65,-7.025,0.55));
#2413 = VECTOR('',#2414,1.);
#2414 = DIRECTION('',(1.,0.,0.));
#2415 = PCURVE('',#2199,#2416);
#2416 = DEFINITIONAL_REPRESENTATION('',(#2417),#2421);
#2417 = LINE('',#2418,#2419);
#2418 = CARTESIAN_POINT('',(2.35,0.));
#2419 = VECTOR('',#2420,1.);
#2420 = DIRECTION('',(0.,1.));
#2421 = ( GEOMETRIC_REPRESENTATION_CONTEXT(2) 
PARAMETRIC_REPRESENTATION_CONTEXT() REPRESENTATION_CONTEXT('2D SPACE',''
  ) );
#2422 = PCURVE('',#2225,#2423);
#2423 = DEFINITIONAL_REPRESENTATION('',(#2424),#2428);
#2424 = LINE('',#2425,#2426);
#2425 = CARTESIAN_POINT('',(0.,0.25));
#2426 = VECTOR('',#2427,1.);
#2427 = DIRECTION('',(1.,0.));
#2428 = ( GEOMETRIC_REPRESENTATION_CONTEXT(2) 
PARAMETRIC_REPRESENTATION_CONTEXT() REPRESENTATION_CONTEXT('2D SPACE',''
  ) );
#2429 = ORIENTED_EDGE('',*,*,#2293,.F.);
#2430 = ADVANCED_FACE('',(#2431),#2171,.F.);
#2431 = FACE_BOUND('',#2432,.F.);
#2432 = EDGE_LOOP('',(#2433,#2434,#2435,#2436));
#2433 = ORIENTED_EDGE('',*,*,#2155,.F.);
#2434 = ORIENTED_EDGE('',*,*,#2340,.T.);
#2435 = ORIENTED_EDGE('',*,*,#2270,.T.);
#2436 = ORIENTED_EDGE('',*,*,#2387,.F.);
#2437 = ADVANCED_FACE('',(#2438),#2225,.T.);
#2438 = FACE_BOUND('',#2439,.T.);
#2439 = EDGE_LOOP('',(#2440,#2441,#2442,#2443));
#2440 = ORIENTED_EDGE('',*,*,#2211,.F.);
#2441 = ORIENTED_EDGE('',*,*,#2362,.T.);
#2442 = ORIENTED_EDGE('',*,*,#2316,.T.);
#2443 = ORIENTED_EDGE('',*,*,#2409,.F.);
#2444 = MANIFOLD_SOLID_BREP('',#2445);
#2445 = CLOSED_SHELL('',(#2446,#2566,#2666,#2713,#2760,#2767));
#2446 = ADVANCED_FACE('',(#2447),#2461,.F.);
#2447 = FACE_BOUND('',#2448,.F.);
#2448 = EDGE_LOOP('',(#2449,#2484,#2512,#2540));
#2449 = ORIENTED_EDGE('',*,*,#2450,.F.);
#2450 = EDGE_CURVE('',#2451,#2453,#2455,.T.);
#2451 = VERTEX_POINT('',#2452);
#2452 = CARTESIAN_POINT('',(-17.65,-7.275,-1.8));
#2453 = VERTEX_POINT('',#2454);
#2454 = CARTESIAN_POINT('',(-17.65,-7.275,0.55));
#2455 = SURFACE_CURVE('',#2456,(#2460,#2472),.PCURVE_S1.);
#2456 = LINE('',#2457,#2458);
#2457 = CARTESIAN_POINT('',(-17.65,-7.275,-1.8));
#2458 = VECTOR('',#2459,1.);
#2459 = DIRECTION('',(0.,0.,1.));
#2460 = PCURVE('',#2461,#2466);
#2461 = PLANE('',#2462);
#2462 = AXIS2_PLACEMENT_3D('',#2463,#2464,#2465);
#2463 = CARTESIAN_POINT('',(-17.65,-7.275,-1.8));
#2464 = DIRECTION('',(1.,0.,0.));
#2465 = DIRECTION('',(0.,0.,1.));
#2466 = DEFINITIONAL_REPRESENTATION('',(#2467),#2471);
#2467 = LINE('',#2468,#2469);
#2468 = CARTESIAN_POINT('',(0.,0.));
#2469 = VECTOR('',#2470,1.);
#2470 = DIRECTION('',(1.,0.));
#2471 = ( GEOMETRIC_REPRESENTATION_CONTEXT(2) 
PARAMETRIC_REPRESENTATION_CONTEXT() REPRESENTATION_CONTEXT('2D SPACE',''
  ) );
#2472 = PCURVE('',#2473,#2478);
#2473 = PLANE('',#2474);
#2474 = AXIS2_PLACEMENT_3D('',#2475,#2476,#2477);
#2475 = CARTESIAN_POINT('',(-17.65,-7.275,-1.8));
#2476 = DIRECTION('',(0.,1.,0.));
#2477 = DIRECTION('',(0.,0.,1.));
#2478 = DEFINITIONAL_REPRESENTATION('',(#2479),#2483);
#2479 = LINE('',#2480,#2481);
#2480 = CARTESIAN_POINT('',(0.,0.));
#2481 = VECTOR('',#2482,1.);
#2482 = DIRECTION('',(1.,0.));
#2483 = ( GEOMETRIC_REPRESENTATION_CONTEXT(2) 
PARAMETRIC_REPRESENTATION_CONTEXT() REPRESENTATION_CONTEXT('2D SPACE',''
  ) );
#2484 = ORIENTED_EDGE('',*,*,#2485,.T.);
#2485 = EDGE_CURVE('',#2451,#2486,#2488,.T.);
#2486 = VERTEX_POINT('',#2487);
#2487 = CARTESIAN_POINT('',(-17.65,-7.025,-1.8));
#2488 = SURFACE_CURVE('',#2489,(#2493,#2500),.PCURVE_S1.);
#2489 = LINE('',#2490,#2491);
#2490 = CARTESIAN_POINT('',(-17.65,-7.275,-1.8));
#2491 = VECTOR('',#2492,1.);
#2492 = DIRECTION('',(0.,1.,0.));
#2493 = PCURVE('',#2461,#2494);
#2494 = DEFINITIONAL_REPRESENTATION('',(#2495),#2499);
#2495 = LINE('',#2496,#2497);
#2496 = CARTESIAN_POINT('',(0.,0.));
#2497 = VECTOR('',#2498,1.);
#2498 = DIRECTION('',(0.,-1.));
#2499 = ( GEOMETRIC_REPRESENTATION_CONTEXT(2) 
PARAMETRIC_REPRESENTATION_CONTEXT() REPRESENTATION_CONTEXT('2D SPACE',''
  ) );
#2500 = PCURVE('',#2501,#2506);
#2501 = PLANE('',#2502);
#2502 = AXIS2_PLACEMENT_3D('',#2503,#2504,#2505);
#2503 = CARTESIAN_POINT('',(-17.65,-7.275,-1.8));
#2504 = DIRECTION('',(0.,0.,1.));
#2505 = DIRECTION('',(1.,0.,0.));
#2506 = DEFINITIONAL_REPRESENTATION('',(#2507),#2511);
#2507 = LINE('',#2508,#2509);
#2508 = CARTESIAN_POINT('',(0.,0.));
#2509 = VECTOR('',#2510,1.);
#2510 = DIRECTION('',(0.,1.));
#2511 = ( GEOMETRIC_REPRESENTATION_CONTEXT(2) 
PARAMETRIC_REPRESENTATION_CONTEXT() REPRESENTATION_CONTEXT('2D SPACE',''
  ) );
#2512 = ORIENTED_EDGE('',*,*,#2513,.T.);
#2513 = EDGE_CURVE('',#2486,#2514,#2516,.T.);
#2514 = VERTEX_POINT('',#2515);
#2515 = CARTESIAN_POINT('',(-17.65,-7.025,0.55));
#2516 = SURFACE_CURVE('',#2517,(#2521,#2528),.PCURVE_S1.);
#2517 = LINE('',#2518,#2519);
#2518 = CARTESIAN_POINT('',(-17.65,-7.025,-1.8));
#2519 = VECTOR('',#2520,1.);
#2520 = DIRECTION('',(0.,0.,1.));
#2521 = PCURVE('',#2461,#2522);
#2522 = DEFINITIONAL_REPRESENTATION('',(#2523),#2527);
#2523 = LINE('',#2524,#2525);
#2524 = CARTESIAN_POINT('',(0.,-0.25));
#2525 = VECTOR('',#2526,1.);
#2526 = DIRECTION('',(1.,0.));
#2527 = ( GEOMETRIC_REPRESENTATION_CONTEXT(2) 
PARAMETRIC_REPRESENTATION_CONTEXT() REPRESENTATION_CONTEXT('2D SPACE',''
  ) );
#2528 = PCURVE('',#2529,#2534);
#2529 = PLANE('',#2530);
#2530 = AXIS2_PLACEMENT_3D('',#2531,#2532,#2533);
#2531 = CARTESIAN_POINT('',(-17.65,-7.025,-1.8));
#2532 = DIRECTION('',(0.,1.,0.));
#2533 = DIRECTION('',(0.,0.,1.));
#2534 = DEFINITIONAL_REPRESENTATION('',(#2535),#2539);
#2535 = LINE('',#2536,#2537);
#2536 = CARTESIAN_POINT('',(0.,0.));
#2537 = VECTOR('',#2538,1.);
#2538 = DIRECTION('',(1.,0.));
#2539 = ( GEOMETRIC_REPRESENTATION_CONTEXT(2) 
PARAMETRIC_REPRESENTATION_CONTEXT() REPRESENTATION_CONTEXT('2D SPACE',''
  ) );
#2540 = ORIENTED_EDGE('',*,*,#2541,.F.);
#2541 = EDGE_CURVE('',#2453,#2514,#2542,.T.);
#2542 = SURFACE_CURVE('',#2543,(#2547,#2554),.PCURVE_S1.);
#2543 = LINE('',#2544,#2545);
#2544 = CARTESIAN_POINT('',(-17.65,-7.275,0.55));
#2545 = VECTOR('',#2546,1.);
#2546 = DIRECTION('',(0.,1.,0.));
#2547 = PCURVE('',#2461,#2548);
#2548 = DEFINITIONAL_REPRESENTATION('',(#2549),#2553);
#2549 = LINE('',#2550,#2551);
#2550 = CARTESIAN_POINT('',(2.35,0.));
#2551 = VECTOR('',#2552,1.);
#2552 = DIRECTION('',(0.,-1.));
#2553 = ( GEOMETRIC_REPRESENTATION_CONTEXT(2) 
PARAMETRIC_REPRESENTATION_CONTEXT() REPRESENTATION_CONTEXT('2D SPACE',''
  ) );
#2554 = PCURVE('',#2555,#2560);
#2555 = PLANE('',#2556);
#2556 = AXIS2_PLACEMENT_3D('',#2557,#2558,#2559);
#2557 = CARTESIAN_POINT('',(-17.65,-7.275,0.55));
#2558 = DIRECTION('',(0.,0.,1.));
#2559 = DIRECTION('',(1.,0.,0.));
#2560 = DEFINITIONAL_REPRESENTATION('',(#2561),#2565);
#2561 = LINE('',#2562,#2563);
#2562 = CARTESIAN_POINT('',(0.,0.));
#2563 = VECTOR('',#2564,1.);
#2564 = DIRECTION('',(0.,1.));
#2565 = ( GEOMETRIC_REPRESENTATION_CONTEXT(2) 
PARAMETRIC_REPRESENTATION_CONTEXT() REPRESENTATION_CONTEXT('2D SPACE',''
  ) );
#2566 = ADVANCED_FACE('',(#2567),#2581,.T.);
#2567 = FACE_BOUND('',#2568,.T.);
#2568 = EDGE_LOOP('',(#2569,#2599,#2622,#2645));
#2569 = ORIENTED_EDGE('',*,*,#2570,.F.);
#2570 = EDGE_CURVE('',#2571,#2573,#2575,.T.);
#2571 = VERTEX_POINT('',#2572);
#2572 = CARTESIAN_POINT('',(-16.35,-7.275,-1.8));
#2573 = VERTEX_POINT('',#2574);
#2574 = CARTESIAN_POINT('',(-16.35,-7.275,0.55));
#2575 = SURFACE_CURVE('',#2576,(#2580,#2592),.PCURVE_S1.);
#2576 = LINE('',#2577,#2578);
#2577 = CARTESIAN_POINT('',(-16.35,-7.275,-1.8));
#2578 = VECTOR('',#2579,1.);
#2579 = DIRECTION('',(0.,0.,1.));
#2580 = PCURVE('',#2581,#2586);
#2581 = PLANE('',#2582);
#2582 = AXIS2_PLACEMENT_3D('',#2583,#2584,#2585);
#2583 = CARTESIAN_POINT('',(-16.35,-7.275,-1.8));
#2584 = DIRECTION('',(1.,0.,0.));
#2585 = DIRECTION('',(0.,0.,1.));
#2586 = DEFINITIONAL_REPRESENTATION('',(#2587),#2591);
#2587 = LINE('',#2588,#2589);
#2588 = CARTESIAN_POINT('',(0.,0.));
#2589 = VECTOR('',#2590,1.);
#2590 = DIRECTION('',(1.,0.));
#2591 = ( GEOMETRIC_REPRESENTATION_CONTEXT(2) 
PARAMETRIC_REPRESENTATION_CONTEXT() REPRESENTATION_CONTEXT('2D SPACE',''
  ) );
#2592 = PCURVE('',#2473,#2593);
#2593 = DEFINITIONAL_REPRESENTATION('',(#2594),#2598);
#2594 = LINE('',#2595,#2596);
#2595 = CARTESIAN_POINT('',(0.,1.3));
#2596 = VECTOR('',#2597,1.);
#2597 = DIRECTION('',(1.,0.));
#2598 = ( GEOMETRIC_REPRESENTATION_CONTEXT(2) 
PARAMETRIC_REPRESENTATION_CONTEXT() REPRESENTATION_CONTEXT('2D SPACE',''
  ) );
#2599 = ORIENTED_EDGE('',*,*,#2600,.T.);
#2600 = EDGE_CURVE('',#2571,#2601,#2603,.T.);
#2601 = VERTEX_POINT('',#2602);
#2602 = CARTESIAN_POINT('',(-16.35,-7.025,-1.8));
#2603 = SURFACE_CURVE('',#2604,(#2608,#2615),.PCURVE_S1.);
#2604 = LINE('',#2605,#2606);
#2605 = CARTESIAN_POINT('',(-16.35,-7.275,-1.8));
#2606 = VECTOR('',#2607,1.);
#2607 = DIRECTION('',(0.,1.,0.));
#2608 = PCURVE('',#2581,#2609);
#2609 = DEFINITIONAL_REPRESENTATION('',(#2610),#2614);
#2610 = LINE('',#2611,#2612);
#2611 = CARTESIAN_POINT('',(0.,0.));
#2612 = VECTOR('',#2613,1.);
#2613 = DIRECTION('',(0.,-1.));
#2614 = ( GEOMETRIC_REPRESENTATION_CONTEXT(2) 
PARAMETRIC_REPRESENTATION_CONTEXT() REPRESENTATION_CONTEXT('2D SPACE',''
  ) );
#2615 = PCURVE('',#2501,#2616);
#2616 = DEFINITIONAL_REPRESENTATION('',(#2617),#2621);
#2617 = LINE('',#2618,#2619);
#2618 = CARTESIAN_POINT('',(1.3,0.));
#2619 = VECTOR('',#2620,1.);
#2620 = DIRECTION('',(0.,1.));
#2621 = ( GEOMETRIC_REPRESENTATION_CONTEXT(2) 
PARAMETRIC_REPRESENTATION_CONTEXT() REPRESENTATION_CONTEXT('2D SPACE',''
  ) );
#2622 = ORIENTED_EDGE('',*,*,#2623,.T.);
#2623 = EDGE_CURVE('',#2601,#2624,#2626,.T.);
#2624 = VERTEX_POINT('',#2625);
#2625 = CARTESIAN_POINT('',(-16.35,-7.025,0.55));
#2626 = SURFACE_CURVE('',#2627,(#2631,#2638),.PCURVE_S1.);
#2627 = LINE('',#2628,#2629);
#2628 = CARTESIAN_POINT('',(-16.35,-7.025,-1.8));
#2629 = VECTOR('',#2630,1.);
#2630 = DIRECTION('',(0.,0.,1.));
#2631 = PCURVE('',#2581,#2632);
#2632 = DEFINITIONAL_REPRESENTATION('',(#2633),#2637);
#2633 = LINE('',#2634,#2635);
#2634 = CARTESIAN_POINT('',(0.,-0.25));
#2635 = VECTOR('',#2636,1.);
#2636 = DIRECTION('',(1.,0.));
#2637 = ( GEOMETRIC_REPRESENTATION_CONTEXT(2) 
PARAMETRIC_REPRESENTATION_CONTEXT() REPRESENTATION_CONTEXT('2D SPACE',''
  ) );
#2638 = PCURVE('',#2529,#2639);
#2639 = DEFINITIONAL_REPRESENTATION('',(#2640),#2644);
#2640 = LINE('',#2641,#2642);
#2641 = CARTESIAN_POINT('',(0.,1.3));
#2642 = VECTOR('',#2643,1.);
#2643 = DIRECTION('',(1.,0.));
#2644 = ( GEOMETRIC_REPRESENTATION_CONTEXT(2) 
PARAMETRIC_REPRESENTATION_CONTEXT() REPRESENTATION_CONTEXT('2D SPACE',''
  ) );
#2645 = ORIENTED_EDGE('',*,*,#2646,.F.);
#2646 = EDGE_CURVE('',#2573,#2624,#2647,.T.);
#2647 = SURFACE_CURVE('',#2648,(#2652,#2659),.PCURVE_S1.);
#2648 = LINE('',#2649,#2650);
#2649 = CARTESIAN_POINT('',(-16.35,-7.275,0.55));
#2650 = VECTOR('',#2651,1.);
#2651 = DIRECTION('',(0.,1.,0.));
#2652 = PCURVE('',#2581,#2653);
#2653 = DEFINITIONAL_REPRESENTATION('',(#2654),#2658);
#2654 = LINE('',#2655,#2656);
#2655 = CARTESIAN_POINT('',(2.35,0.));
#2656 = VECTOR('',#2657,1.);
#2657 = DIRECTION('',(0.,-1.));
#2658 = ( GEOMETRIC_REPRESENTATION_CONTEXT(2) 
PARAMETRIC_REPRESENTATION_CONTEXT() REPRESENTATION_CONTEXT('2D SPACE',''
  ) );
#2659 = PCURVE('',#2555,#2660);
#2660 = DEFINITIONAL_REPRESENTATION('',(#2661),#2665);
#2661 = LINE('',#2662,#2663);
#2662 = CARTESIAN_POINT('',(1.3,0.));
#2663 = VECTOR('',#2664,1.);
#2664 = DIRECTION('',(0.,1.));
#2665 = ( GEOMETRIC_REPRESENTATION_CONTEXT(2) 
PARAMETRIC_REPRESENTATION_CONTEXT() REPRESENTATION_CONTEXT('2D SPACE',''
  ) );
#2666 = ADVANCED_FACE('',(#2667),#2473,.F.);
#2667 = FACE_BOUND('',#2668,.F.);
#2668 = EDGE_LOOP('',(#2669,#2690,#2691,#2712));
#2669 = ORIENTED_EDGE('',*,*,#2670,.F.);
#2670 = EDGE_CURVE('',#2451,#2571,#2671,.T.);
#2671 = SURFACE_CURVE('',#2672,(#2676,#2683),.PCURVE_S1.);
#2672 = LINE('',#2673,#2674);
#2673 = CARTESIAN_POINT('',(-17.65,-7.275,-1.8));
#2674 = VECTOR('',#2675,1.);
#2675 = DIRECTION('',(1.,0.,0.));
#2676 = PCURVE('',#2473,#2677);
#2677 = DEFINITIONAL_REPRESENTATION('',(#2678),#2682);
#2678 = LINE('',#2679,#2680);
#2679 = CARTESIAN_POINT('',(0.,0.));
#2680 = VECTOR('',#2681,1.);
#2681 = DIRECTION('',(0.,1.));
#2682 = ( GEOMETRIC_REPRESENTATION_CONTEXT(2) 
PARAMETRIC_REPRESENTATION_CONTEXT() REPRESENTATION_CONTEXT('2D SPACE',''
  ) );
#2683 = PCURVE('',#2501,#2684);
#2684 = DEFINITIONAL_REPRESENTATION('',(#2685),#2689);
#2685 = LINE('',#2686,#2687);
#2686 = CARTESIAN_POINT('',(0.,0.));
#2687 = VECTOR('',#2688,1.);
#2688 = DIRECTION('',(1.,0.));
#2689 = ( GEOMETRIC_REPRESENTATION_CONTEXT(2) 
PARAMETRIC_REPRESENTATION_CONTEXT() REPRESENTATION_CONTEXT('2D SPACE',''
  ) );
#2690 = ORIENTED_EDGE('',*,*,#2450,.T.);
#2691 = ORIENTED_EDGE('',*,*,#2692,.T.);
#2692 = EDGE_CURVE('',#2453,#2573,#2693,.T.);
#2693 = SURFACE_CURVE('',#2694,(#2698,#2705),.PCURVE_S1.);
#2694 = LINE('',#2695,#2696);
#2695 = CARTESIAN_POINT('',(-17.65,-7.275,0.55));
#2696 = VECTOR('',#2697,1.);
#2697 = DIRECTION('',(1.,0.,0.));
#2698 = PCURVE('',#2473,#2699);
#2699 = DEFINITIONAL_REPRESENTATION('',(#2700),#2704);
#2700 = LINE('',#2701,#2702);
#2701 = CARTESIAN_POINT('',(2.35,0.));
#2702 = VECTOR('',#2703,1.);
#2703 = DIRECTION('',(0.,1.));
#2704 = ( GEOMETRIC_REPRESENTATION_CONTEXT(2) 
PARAMETRIC_REPRESENTATION_CONTEXT() REPRESENTATION_CONTEXT('2D SPACE',''
  ) );
#2705 = PCURVE('',#2555,#2706);
#2706 = DEFINITIONAL_REPRESENTATION('',(#2707),#2711);
#2707 = LINE('',#2708,#2709);
#2708 = CARTESIAN_POINT('',(0.,0.));
#2709 = VECTOR('',#2710,1.);
#2710 = DIRECTION('',(1.,0.));
#2711 = ( GEOMETRIC_REPRESENTATION_CONTEXT(2) 
PARAMETRIC_REPRESENTATION_CONTEXT() REPRESENTATION_CONTEXT('2D SPACE',''
  ) );
#2712 = ORIENTED_EDGE('',*,*,#2570,.F.);
#2713 = ADVANCED_FACE('',(#2714),#2529,.T.);
#2714 = FACE_BOUND('',#2715,.T.);
#2715 = EDGE_LOOP('',(#2716,#2737,#2738,#2759));
#2716 = ORIENTED_EDGE('',*,*,#2717,.F.);
#2717 = EDGE_CURVE('',#2486,#2601,#2718,.T.);
#2718 = SURFACE_CURVE('',#2719,(#2723,#2730),.PCURVE_S1.);
#2719 = LINE('',#2720,#2721);
#2720 = CARTESIAN_POINT('',(-17.65,-7.025,-1.8));
#2721 = VECTOR('',#2722,1.);
#2722 = DIRECTION('',(1.,0.,0.));
#2723 = PCURVE('',#2529,#2724);
#2724 = DEFINITIONAL_REPRESENTATION('',(#2725),#2729);
#2725 = LINE('',#2726,#2727);
#2726 = CARTESIAN_POINT('',(0.,0.));
#2727 = VECTOR('',#2728,1.);
#2728 = DIRECTION('',(0.,1.));
#2729 = ( GEOMETRIC_REPRESENTATION_CONTEXT(2) 
PARAMETRIC_REPRESENTATION_CONTEXT() REPRESENTATION_CONTEXT('2D SPACE',''
  ) );
#2730 = PCURVE('',#2501,#2731);
#2731 = DEFINITIONAL_REPRESENTATION('',(#2732),#2736);
#2732 = LINE('',#2733,#2734);
#2733 = CARTESIAN_POINT('',(0.,0.25));
#2734 = VECTOR('',#2735,1.);
#2735 = DIRECTION('',(1.,0.));
#2736 = ( GEOMETRIC_REPRESENTATION_CONTEXT(2) 
PARAMETRIC_REPRESENTATION_CONTEXT() REPRESENTATION_CONTEXT('2D SPACE',''
  ) );
#2737 = ORIENTED_EDGE('',*,*,#2513,.T.);
#2738 = ORIENTED_EDGE('',*,*,#2739,.T.);
#2739 = EDGE_CURVE('',#2514,#2624,#2740,.T.);
#2740 = SURFACE_CURVE('',#2741,(#2745,#2752),.PCURVE_S1.);
#2741 = LINE('',#2742,#2743);
#2742 = CARTESIAN_POINT('',(-17.65,-7.025,0.55));
#2743 = VECTOR('',#2744,1.);
#2744 = DIRECTION('',(1.,0.,0.));
#2745 = PCURVE('',#2529,#2746);
#2746 = DEFINITIONAL_REPRESENTATION('',(#2747),#2751);
#2747 = LINE('',#2748,#2749);
#2748 = CARTESIAN_POINT('',(2.35,0.));
#2749 = VECTOR('',#2750,1.);
#2750 = DIRECTION('',(0.,1.));
#2751 = ( GEOMETRIC_REPRESENTATION_CONTEXT(2) 
PARAMETRIC_REPRESENTATION_CONTEXT() REPRESENTATION_CONTEXT('2D SPACE',''
  ) );
#2752 = PCURVE('',#2555,#2753);
#2753 = DEFINITIONAL_REPRESENTATION('',(#2754),#2758);
#2754 = LINE('',#2755,#2756);
#2755 = CARTESIAN_POINT('',(0.,0.25));
#2756 = VECTOR('',#2757,1.);
#2757 = DIRECTION('',(1.,0.));
#2758 = ( GEOMETRIC_REPRESENTATION_CONTEXT(2) 
PARAMETRIC_REPRESENTATION_CONTEXT() REPRESENTATION_CONTEXT('2D SPACE',''
  ) );
#2759 = ORIENTED_EDGE('',*,*,#2623,.F.);
#2760 = ADVANCED_FACE('',(#2761),#2501,.F.);
#2761 = FACE_BOUND('',#2762,.F.);
#2762 = EDGE_LOOP('',(#2763,#2764,#2765,#2766));
#2763 = ORIENTED_EDGE('',*,*,#2485,.F.);
#2764 = ORIENTED_EDGE('',*,*,#2670,.T.);
#2765 = ORIENTED_EDGE('',*,*,#2600,.T.);
#2766 = ORIENTED_EDGE('',*,*,#2717,.F.);
#2767 = ADVANCED_FACE('',(#2768),#2555,.T.);
#2768 = FACE_BOUND('',#2769,.T.);
#2769 = EDGE_LOOP('',(#2770,#2771,#2772,#2773));
#2770 = ORIENTED_EDGE('',*,*,#2541,.F.);
#2771 = ORIENTED_EDGE('',*,*,#2692,.T.);
#2772 = ORIENTED_EDGE('',*,*,#2646,.T.);
#2773 = ORIENTED_EDGE('',*,*,#2739,.F.);
#2774 = MANIFOLD_SOLID_BREP('',#2775);
#2775 = CLOSED_SHELL('',(#2776,#2896,#2996,#3043,#3090,#3097));
#2776 = ADVANCED_FACE('',(#2777),#2791,.F.);
#2777 = FACE_BOUND('',#2778,.F.);
#2778 = EDGE_LOOP('',(#2779,#2814,#2842,#2870));
#2779 = ORIENTED_EDGE('',*,*,#2780,.F.);
#2780 = EDGE_CURVE('',#2781,#2783,#2785,.T.);
#2781 = VERTEX_POINT('',#2782);
#2782 = CARTESIAN_POINT('',(-13.65,-7.275,-1.8));
#2783 = VERTEX_POINT('',#2784);
#2784 = CARTESIAN_POINT('',(-13.65,-7.275,0.55));
#2785 = SURFACE_CURVE('',#2786,(#2790,#2802),.PCURVE_S1.);
#2786 = LINE('',#2787,#2788);
#2787 = CARTESIAN_POINT('',(-13.65,-7.275,-1.8));
#2788 = VECTOR('',#2789,1.);
#2789 = DIRECTION('',(0.,0.,1.));
#2790 = PCURVE('',#2791,#2796);
#2791 = PLANE('',#2792);
#2792 = AXIS2_PLACEMENT_3D('',#2793,#2794,#2795);
#2793 = CARTESIAN_POINT('',(-13.65,-7.275,-1.8));
#2794 = DIRECTION('',(1.,0.,0.));
#2795 = DIRECTION('',(0.,0.,1.));
#2796 = DEFINITIONAL_REPRESENTATION('',(#2797),#2801);
#2797 = LINE('',#2798,#2799);
#2798 = CARTESIAN_POINT('',(0.,0.));
#2799 = VECTOR('',#2800,1.);
#2800 = DIRECTION('',(1.,0.));
#2801 = ( GEOMETRIC_REPRESENTATION_CONTEXT(2) 
PARAMETRIC_REPRESENTATION_CONTEXT() REPRESENTATION_CONTEXT('2D SPACE',''
  ) );
#2802 = PCURVE('',#2803,#2808);
#2803 = PLANE('',#2804);
#2804 = AXIS2_PLACEMENT_3D('',#2805,#2806,#2807);
#2805 = CARTESIAN_POINT('',(-13.65,-7.275,-1.8));
#2806 = DIRECTION('',(0.,1.,0.));
#2807 = DIRECTION('',(0.,0.,1.));
#2808 = DEFINITIONAL_REPRESENTATION('',(#2809),#2813);
#2809 = LINE('',#2810,#2811);
#2810 = CARTESIAN_POINT('',(0.,0.));
#2811 = VECTOR('',#2812,1.);
#2812 = DIRECTION('',(1.,0.));
#2813 = ( GEOMETRIC_REPRESENTATION_CONTEXT(2) 
PARAMETRIC_REPRESENTATION_CONTEXT() REPRESENTATION_CONTEXT('2D SPACE',''
  ) );
#2814 = ORIENTED_EDGE('',*,*,#2815,.T.);
#2815 = EDGE_CURVE('',#2781,#2816,#2818,.T.);
#2816 = VERTEX_POINT('',#2817);
#2817 = CARTESIAN_POINT('',(-13.65,-7.025,-1.8));
#2818 = SURFACE_CURVE('',#2819,(#2823,#2830),.PCURVE_S1.);
#2819 = LINE('',#2820,#2821);
#2820 = CARTESIAN_POINT('',(-13.65,-7.275,-1.8));
#2821 = VECTOR('',#2822,1.);
#2822 = DIRECTION('',(0.,1.,0.));
#2823 = PCURVE('',#2791,#2824);
#2824 = DEFINITIONAL_REPRESENTATION('',(#2825),#2829);
#2825 = LINE('',#2826,#2827);
#2826 = CARTESIAN_POINT('',(0.,0.));
#2827 = VECTOR('',#2828,1.);
#2828 = DIRECTION('',(0.,-1.));
#2829 = ( GEOMETRIC_REPRESENTATION_CONTEXT(2) 
PARAMETRIC_REPRESENTATION_CONTEXT() REPRESENTATION_CONTEXT('2D SPACE',''
  ) );
#2830 = PCURVE('',#2831,#2836);
#2831 = PLANE('',#2832);
#2832 = AXIS2_PLACEMENT_3D('',#2833,#2834,#2835);
#2833 = CARTESIAN_POINT('',(-13.65,-7.275,-1.8));
#2834 = DIRECTION('',(0.,0.,1.));
#2835 = DIRECTION('',(1.,0.,0.));
#2836 = DEFINITIONAL_REPRESENTATION('',(#2837),#2841);
#2837 = LINE('',#2838,#2839);
#2838 = CARTESIAN_POINT('',(0.,0.));
#2839 = VECTOR('',#2840,1.);
#2840 = DIRECTION('',(0.,1.));
#2841 = ( GEOMETRIC_REPRESENTATION_CONTEXT(2) 
PARAMETRIC_REPRESENTATION_CONTEXT() REPRESENTATION_CONTEXT('2D SPACE',''
  ) );
#2842 = ORIENTED_EDGE('',*,*,#2843,.T.);
#2843 = EDGE_CURVE('',#2816,#2844,#2846,.T.);
#2844 = VERTEX_POINT('',#2845);
#2845 = CARTESIAN_POINT('',(-13.65,-7.025,0.55));
#2846 = SURFACE_CURVE('',#2847,(#2851,#2858),.PCURVE_S1.);
#2847 = LINE('',#2848,#2849);
#2848 = CARTESIAN_POINT('',(-13.65,-7.025,-1.8));
#2849 = VECTOR('',#2850,1.);
#2850 = DIRECTION('',(0.,0.,1.));
#2851 = PCURVE('',#2791,#2852);
#2852 = DEFINITIONAL_REPRESENTATION('',(#2853),#2857);
#2853 = LINE('',#2854,#2855);
#2854 = CARTESIAN_POINT('',(0.,-0.25));
#2855 = VECTOR('',#2856,1.);
#2856 = DIRECTION('',(1.,0.));
#2857 = ( GEOMETRIC_REPRESENTATION_CONTEXT(2) 
PARAMETRIC_REPRESENTATION_CONTEXT() REPRESENTATION_CONTEXT('2D SPACE',''
  ) );
#2858 = PCURVE('',#2859,#2864);
#2859 = PLANE('',#2860);
#2860 = AXIS2_PLACEMENT_3D('',#2861,#2862,#2863);
#2861 = CARTESIAN_POINT('',(-13.65,-7.025,-1.8));
#2862 = DIRECTION('',(0.,1.,0.));
#2863 = DIRECTION('',(0.,0.,1.));
#2864 = DEFINITIONAL_REPRESENTATION('',(#2865),#2869);
#2865 = LINE('',#2866,#2867);
#2866 = CARTESIAN_POINT('',(0.,0.));
#2867 = VECTOR('',#2868,1.);
#2868 = DIRECTION('',(1.,0.));
#2869 = ( GEOMETRIC_REPRESENTATION_CONTEXT(2) 
PARAMETRIC_REPRESENTATION_CONTEXT() REPRESENTATION_CONTEXT('2D SPACE',''
  ) );
#2870 = ORIENTED_EDGE('',*,*,#2871,.F.);
#2871 = EDGE_CURVE('',#2783,#2844,#2872,.T.);
#2872 = SURFACE_CURVE('',#2873,(#2877,#2884),.PCURVE_S1.);
#2873 = LINE('',#2874,#2875);
#2874 = CARTESIAN_POINT('',(-13.65,-7.275,0.55));
#2875 = VECTOR('',#2876,1.);
#2876 = DIRECTION('',(0.,1.,0.));
#2877 = PCURVE('',#2791,#2878);
#2878 = DEFINITIONAL_REPRESENTATION('',(#2879),#2883);
#2879 = LINE('',#2880,#2881);
#2880 = CARTESIAN_POINT('',(2.35,0.));
#2881 = VECTOR('',#2882,1.);
#2882 = DIRECTION('',(0.,-1.));
#2883 = ( GEOMETRIC_REPRESENTATION_CONTEXT(2) 
PARAMETRIC_REPRESENTATION_CONTEXT() REPRESENTATION_CONTEXT('2D SPACE',''
  ) );
#2884 = PCURVE('',#2885,#2890);
#2885 = PLANE('',#2886);
#2886 = AXIS2_PLACEMENT_3D('',#2887,#2888,#2889);
#2887 = CARTESIAN_POINT('',(-13.65,-7.275,0.55));
#2888 = DIRECTION('',(0.,0.,1.));
#2889 = DIRECTION('',(1.,0.,0.));
#2890 = DEFINITIONAL_REPRESENTATION('',(#2891),#2895);
#2891 = LINE('',#2892,#2893);
#2892 = CARTESIAN_POINT('',(0.,0.));
#2893 = VECTOR('',#2894,1.);
#2894 = DIRECTION('',(0.,1.));
#2895 = ( GEOMETRIC_REPRESENTATION_CONTEXT(2) 
PARAMETRIC_REPRESENTATION_CONTEXT() REPRESENTATION_CONTEXT('2D SPACE',''
  ) );
#2896 = ADVANCED_FACE('',(#2897),#2911,.T.);
#2897 = FACE_BOUND('',#2898,.T.);
#2898 = EDGE_LOOP('',(#2899,#2929,#2952,#2975));
#2899 = ORIENTED_EDGE('',*,*,#2900,.F.);
#2900 = EDGE_CURVE('',#2901,#2903,#2905,.T.);
#2901 = VERTEX_POINT('',#2902);
#2902 = CARTESIAN_POINT('',(-12.35,-7.275,-1.8));
#2903 = VERTEX_POINT('',#2904);
#2904 = CARTESIAN_POINT('',(-12.35,-7.275,0.55));
#2905 = SURFACE_CURVE('',#2906,(#2910,#2922),.PCURVE_S1.);
#2906 = LINE('',#2907,#2908);
#2907 = CARTESIAN_POINT('',(-12.35,-7.275,-1.8));
#2908 = VECTOR('',#2909,1.);
#2909 = DIRECTION('',(0.,0.,1.));
#2910 = PCURVE('',#2911,#2916);
#2911 = PLANE('',#2912);
#2912 = AXIS2_PLACEMENT_3D('',#2913,#2914,#2915);
#2913 = CARTESIAN_POINT('',(-12.35,-7.275,-1.8));
#2914 = DIRECTION('',(1.,0.,0.));
#2915 = DIRECTION('',(0.,0.,1.));
#2916 = DEFINITIONAL_REPRESENTATION('',(#2917),#2921);
#2917 = LINE('',#2918,#2919);
#2918 = CARTESIAN_POINT('',(0.,0.));
#2919 = VECTOR('',#2920,1.);
#2920 = DIRECTION('',(1.,0.));
#2921 = ( GEOMETRIC_REPRESENTATION_CONTEXT(2) 
PARAMETRIC_REPRESENTATION_CONTEXT() REPRESENTATION_CONTEXT('2D SPACE',''
  ) );
#2922 = PCURVE('',#2803,#2923);
#2923 = DEFINITIONAL_REPRESENTATION('',(#2924),#2928);
#2924 = LINE('',#2925,#2926);
#2925 = CARTESIAN_POINT('',(0.,1.3));
#2926 = VECTOR('',#2927,1.);
#2927 = DIRECTION('',(1.,0.));
#2928 = ( GEOMETRIC_REPRESENTATION_CONTEXT(2) 
PARAMETRIC_REPRESENTATION_CONTEXT() REPRESENTATION_CONTEXT('2D SPACE',''
  ) );
#2929 = ORIENTED_EDGE('',*,*,#2930,.T.);
#2930 = EDGE_CURVE('',#2901,#2931,#2933,.T.);
#2931 = VERTEX_POINT('',#2932);
#2932 = CARTESIAN_POINT('',(-12.35,-7.025,-1.8));
#2933 = SURFACE_CURVE('',#2934,(#2938,#2945),.PCURVE_S1.);
#2934 = LINE('',#2935,#2936);
#2935 = CARTESIAN_POINT('',(-12.35,-7.275,-1.8));
#2936 = VECTOR('',#2937,1.);
#2937 = DIRECTION('',(0.,1.,0.));
#2938 = PCURVE('',#2911,#2939);
#2939 = DEFINITIONAL_REPRESENTATION('',(#2940),#2944);
#2940 = LINE('',#2941,#2942);
#2941 = CARTESIAN_POINT('',(0.,0.));
#2942 = VECTOR('',#2943,1.);
#2943 = DIRECTION('',(0.,-1.));
#2944 = ( GEOMETRIC_REPRESENTATION_CONTEXT(2) 
PARAMETRIC_REPRESENTATION_CONTEXT() REPRESENTATION_CONTEXT('2D SPACE',''
  ) );
#2945 = PCURVE('',#2831,#2946);
#2946 = DEFINITIONAL_REPRESENTATION('',(#2947),#2951);
#2947 = LINE('',#2948,#2949);
#2948 = CARTESIAN_POINT('',(1.3,0.));
#2949 = VECTOR('',#2950,1.);
#2950 = DIRECTION('',(0.,1.));
#2951 = ( GEOMETRIC_REPRESENTATION_CONTEXT(2) 
PARAMETRIC_REPRESENTATION_CONTEXT() REPRESENTATION_CONTEXT('2D SPACE',''
  ) );
#2952 = ORIENTED_EDGE('',*,*,#2953,.T.);
#2953 = EDGE_CURVE('',#2931,#2954,#2956,.T.);
#2954 = VERTEX_POINT('',#2955);
#2955 = CARTESIAN_POINT('',(-12.35,-7.025,0.55));
#2956 = SURFACE_CURVE('',#2957,(#2961,#2968),.PCURVE_S1.);
#2957 = LINE('',#2958,#2959);
#2958 = CARTESIAN_POINT('',(-12.35,-7.025,-1.8));
#2959 = VECTOR('',#2960,1.);
#2960 = DIRECTION('',(0.,0.,1.));
#2961 = PCURVE('',#2911,#2962);
#2962 = DEFINITIONAL_REPRESENTATION('',(#2963),#2967);
#2963 = LINE('',#2964,#2965);
#2964 = CARTESIAN_POINT('',(0.,-0.25));
#2965 = VECTOR('',#2966,1.);
#2966 = DIRECTION('',(1.,0.));
#2967 = ( GEOMETRIC_REPRESENTATION_CONTEXT(2) 
PARAMETRIC_REPRESENTATION_CONTEXT() REPRESENTATION_CONTEXT('2D SPACE',''
  ) );
#2968 = PCURVE('',#2859,#2969);
#2969 = DEFINITIONAL_REPRESENTATION('',(#2970),#2974);
#2970 = LINE('',#2971,#2972);
#2971 = CARTESIAN_POINT('',(0.,1.3));
#2972 = VECTOR('',#2973,1.);
#2973 = DIRECTION('',(1.,0.));
#2974 = ( GEOMETRIC_REPRESENTATION_CONTEXT(2) 
PARAMETRIC_REPRESENTATION_CONTEXT() REPRESENTATION_CONTEXT('2D SPACE',''
  ) );
#2975 = ORIENTED_EDGE('',*,*,#2976,.F.);
#2976 = EDGE_CURVE('',#2903,#2954,#2977,.T.);
#2977 = SURFACE_CURVE('',#2978,(#2982,#2989),.PCURVE_S1.);
#2978 = LINE('',#2979,#2980);
#2979 = CARTESIAN_POINT('',(-12.35,-7.275,0.55));
#2980 = VECTOR('',#2981,1.);
#2981 = DIRECTION('',(0.,1.,0.));
#2982 = PCURVE('',#2911,#2983);
#2983 = DEFINITIONAL_REPRESENTATION('',(#2984),#2988);
#2984 = LINE('',#2985,#2986);
#2985 = CARTESIAN_POINT('',(2.35,0.));
#2986 = VECTOR('',#2987,1.);
#2987 = DIRECTION('',(0.,-1.));
#2988 = ( GEOMETRIC_REPRESENTATION_CONTEXT(2) 
PARAMETRIC_REPRESENTATION_CONTEXT() REPRESENTATION_CONTEXT('2D SPACE',''
  ) );
#2989 = PCURVE('',#2885,#2990);
#2990 = DEFINITIONAL_REPRESENTATION('',(#2991),#2995);
#2991 = LINE('',#2992,#2993);
#2992 = CARTESIAN_POINT('',(1.3,0.));
#2993 = VECTOR('',#2994,1.);
#2994 = DIRECTION('',(0.,1.));
#2995 = ( GEOMETRIC_REPRESENTATION_CONTEXT(2) 
PARAMETRIC_REPRESENTATION_CONTEXT() REPRESENTATION_CONTEXT('2D SPACE',''
  ) );
#2996 = ADVANCED_FACE('',(#2997),#2803,.F.);
#2997 = FACE_BOUND('',#2998,.F.);
#2998 = EDGE_LOOP('',(#2999,#3020,#3021,#3042));
#2999 = ORIENTED_EDGE('',*,*,#3000,.F.);
#3000 = EDGE_CURVE('',#2781,#2901,#3001,.T.);
#3001 = SURFACE_CURVE('',#3002,(#3006,#3013),.PCURVE_S1.);
#3002 = LINE('',#3003,#3004);
#3003 = CARTESIAN_POINT('',(-13.65,-7.275,-1.8));
#3004 = VECTOR('',#3005,1.);
#3005 = DIRECTION('',(1.,0.,0.));
#3006 = PCURVE('',#2803,#3007);
#3007 = DEFINITIONAL_REPRESENTATION('',(#3008),#3012);
#3008 = LINE('',#3009,#3010);
#3009 = CARTESIAN_POINT('',(0.,0.));
#3010 = VECTOR('',#3011,1.);
#3011 = DIRECTION('',(0.,1.));
#3012 = ( GEOMETRIC_REPRESENTATION_CONTEXT(2) 
PARAMETRIC_REPRESENTATION_CONTEXT() REPRESENTATION_CONTEXT('2D SPACE',''
  ) );
#3013 = PCURVE('',#2831,#3014);
#3014 = DEFINITIONAL_REPRESENTATION('',(#3015),#3019);
#3015 = LINE('',#3016,#3017);
#3016 = CARTESIAN_POINT('',(0.,0.));
#3017 = VECTOR('',#3018,1.);
#3018 = DIRECTION('',(1.,0.));
#3019 = ( GEOMETRIC_REPRESENTATION_CONTEXT(2) 
PARAMETRIC_REPRESENTATION_CONTEXT() REPRESENTATION_CONTEXT('2D SPACE',''
  ) );
#3020 = ORIENTED_EDGE('',*,*,#2780,.T.);
#3021 = ORIENTED_EDGE('',*,*,#3022,.T.);
#3022 = EDGE_CURVE('',#2783,#2903,#3023,.T.);
#3023 = SURFACE_CURVE('',#3024,(#3028,#3035),.PCURVE_S1.);
#3024 = LINE('',#3025,#3026);
#3025 = CARTESIAN_POINT('',(-13.65,-7.275,0.55));
#3026 = VECTOR('',#3027,1.);
#3027 = DIRECTION('',(1.,0.,0.));
#3028 = PCURVE('',#2803,#3029);
#3029 = DEFINITIONAL_REPRESENTATION('',(#3030),#3034);
#3030 = LINE('',#3031,#3032);
#3031 = CARTESIAN_POINT('',(2.35,0.));
#3032 = VECTOR('',#3033,1.);
#3033 = DIRECTION('',(0.,1.));
#3034 = ( GEOMETRIC_REPRESENTATION_CONTEXT(2) 
PARAMETRIC_REPRESENTATION_CONTEXT() REPRESENTATION_CONTEXT('2D SPACE',''
  ) );
#3035 = PCURVE('',#2885,#3036);
#3036 = DEFINITIONAL_REPRESENTATION('',(#3037),#3041);
#3037 = LINE('',#3038,#3039);
#3038 = CARTESIAN_POINT('',(0.,0.));
#3039 = VECTOR('',#3040,1.);
#3040 = DIRECTION('',(1.,0.));
#3041 = ( GEOMETRIC_REPRESENTATION_CONTEXT(2) 
PARAMETRIC_REPRESENTATION_CONTEXT() REPRESENTATION_CONTEXT('2D SPACE',''
  ) );
#3042 = ORIENTED_EDGE('',*,*,#2900,.F.);
#3043 = ADVANCED_FACE('',(#3044),#2859,.T.);
#3044 = FACE_BOUND('',#3045,.T.);
#3045 = EDGE_LOOP('',(#3046,#3067,#3068,#3089));
#3046 = ORIENTED_EDGE('',*,*,#3047,.F.);
#3047 = EDGE_CURVE('',#2816,#2931,#3048,.T.);
#3048 = SURFACE_CURVE('',#3049,(#3053,#3060),.PCURVE_S1.);
#3049 = LINE('',#3050,#3051);
#3050 = CARTESIAN_POINT('',(-13.65,-7.025,-1.8));
#3051 = VECTOR('',#3052,1.);
#3052 = DIRECTION('',(1.,0.,0.));
#3053 = PCURVE('',#2859,#3054);
#3054 = DEFINITIONAL_REPRESENTATION('',(#3055),#3059);
#3055 = LINE('',#3056,#3057);
#3056 = CARTESIAN_POINT('',(0.,0.));
#3057 = VECTOR('',#3058,1.);
#3058 = DIRECTION('',(0.,1.));
#3059 = ( GEOMETRIC_REPRESENTATION_CONTEXT(2) 
PARAMETRIC_REPRESENTATION_CONTEXT() REPRESENTATION_CONTEXT('2D SPACE',''
  ) );
#3060 = PCURVE('',#2831,#3061);
#3061 = DEFINITIONAL_REPRESENTATION('',(#3062),#3066);
#3062 = LINE('',#3063,#3064);
#3063 = CARTESIAN_POINT('',(0.,0.25));
#3064 = VECTOR('',#3065,1.);
#3065 = DIRECTION('',(1.,0.));
#3066 = ( GEOMETRIC_REPRESENTATION_CONTEXT(2) 
PARAMETRIC_REPRESENTATION_CONTEXT() REPRESENTATION_CONTEXT('2D SPACE',''
  ) );
#3067 = ORIENTED_EDGE('',*,*,#2843,.T.);
#3068 = ORIENTED_EDGE('',*,*,#3069,.T.);
#3069 = EDGE_CURVE('',#2844,#2954,#3070,.T.);
#3070 = SURFACE_CURVE('',#3071,(#3075,#3082),.PCURVE_S1.);
#3071 = LINE('',#3072,#3073);
#3072 = CARTESIAN_POINT('',(-13.65,-7.025,0.55));
#3073 = VECTOR('',#3074,1.);
#3074 = DIRECTION('',(1.,0.,0.));
#3075 = PCURVE('',#2859,#3076);
#3076 = DEFINITIONAL_REPRESENTATION('',(#3077),#3081);
#3077 = LINE('',#3078,#3079);
#3078 = CARTESIAN_POINT('',(2.35,0.));
#3079 = VECTOR('',#3080,1.);
#3080 = DIRECTION('',(0.,1.));
#3081 = ( GEOMETRIC_REPRESENTATION_CONTEXT(2) 
PARAMETRIC_REPRESENTATION_CONTEXT() REPRESENTATION_CONTEXT('2D SPACE',''
  ) );
#3082 = PCURVE('',#2885,#3083);
#3083 = DEFINITIONAL_REPRESENTATION('',(#3084),#3088);
#3084 = LINE('',#3085,#3086);
#3085 = CARTESIAN_POINT('',(0.,0.25));
#3086 = VECTOR('',#3087,1.);
#3087 = DIRECTION('',(1.,0.));
#3088 = ( GEOMETRIC_REPRESENTATION_CONTEXT(2) 
PARAMETRIC_REPRESENTATION_CONTEXT() REPRESENTATION_CONTEXT('2D SPACE',''
  ) );
#3089 = ORIENTED_EDGE('',*,*,#2953,.F.);
#3090 = ADVANCED_FACE('',(#3091),#2831,.F.);
#3091 = FACE_BOUND('',#3092,.F.);
#3092 = EDGE_LOOP('',(#3093,#3094,#3095,#3096));
#3093 = ORIENTED_EDGE('',*,*,#2815,.F.);
#3094 = ORIENTED_EDGE('',*,*,#3000,.T.);
#3095 = ORIENTED_EDGE('',*,*,#2930,.T.);
#3096 = ORIENTED_EDGE('',*,*,#3047,.F.);
#3097 = ADVANCED_FACE('',(#3098),#2885,.T.);
#3098 = FACE_BOUND('',#3099,.T.);
#3099 = EDGE_LOOP('',(#3100,#3101,#3102,#3103));
#3100 = ORIENTED_EDGE('',*,*,#2871,.F.);
#3101 = ORIENTED_EDGE('',*,*,#3022,.T.);
#3102 = ORIENTED_EDGE('',*,*,#2976,.T.);
#3103 = ORIENTED_EDGE('',*,*,#3069,.F.);
#3104 = MANIFOLD_SOLID_BREP('',#3105);
#3105 = CLOSED_SHELL('',(#3106,#3226,#3326,#3373,#3420,#3427));
#3106 = ADVANCED_FACE('',(#3107),#3121,.F.);
#3107 = FACE_BOUND('',#3108,.F.);
#3108 = EDGE_LOOP('',(#3109,#3144,#3172,#3200));
#3109 = ORIENTED_EDGE('',*,*,#3110,.F.);
#3110 = EDGE_CURVE('',#3111,#3113,#3115,.T.);
#3111 = VERTEX_POINT('',#3112);
#3112 = CARTESIAN_POINT('',(-9.65,-7.275,-1.8));
#3113 = VERTEX_POINT('',#3114);
#3114 = CARTESIAN_POINT('',(-9.65,-7.275,0.55));
#3115 = SURFACE_CURVE('',#3116,(#3120,#3132),.PCURVE_S1.);
#3116 = LINE('',#3117,#3118);
#3117 = CARTESIAN_POINT('',(-9.65,-7.275,-1.8));
#3118 = VECTOR('',#3119,1.);
#3119 = DIRECTION('',(0.,0.,1.));
#3120 = PCURVE('',#3121,#3126);
#3121 = PLANE('',#3122);
#3122 = AXIS2_PLACEMENT_3D('',#3123,#3124,#3125);
#3123 = CARTESIAN_POINT('',(-9.65,-7.275,-1.8));
#3124 = DIRECTION('',(1.,0.,0.));
#3125 = DIRECTION('',(0.,0.,1.));
#3126 = DEFINITIONAL_REPRESENTATION('',(#3127),#3131);
#3127 = LINE('',#3128,#3129);
#3128 = CARTESIAN_POINT('',(0.,0.));
#3129 = VECTOR('',#3130,1.);
#3130 = DIRECTION('',(1.,0.));
#3131 = ( GEOMETRIC_REPRESENTATION_CONTEXT(2) 
PARAMETRIC_REPRESENTATION_CONTEXT() REPRESENTATION_CONTEXT('2D SPACE',''
  ) );
#3132 = PCURVE('',#3133,#3138);
#3133 = PLANE('',#3134);
#3134 = AXIS2_PLACEMENT_3D('',#3135,#3136,#3137);
#3135 = CARTESIAN_POINT('',(-9.65,-7.275,-1.8));
#3136 = DIRECTION('',(0.,1.,0.));
#3137 = DIRECTION('',(0.,0.,1.));
#3138 = DEFINITIONAL_REPRESENTATION('',(#3139),#3143);
#3139 = LINE('',#3140,#3141);
#3140 = CARTESIAN_POINT('',(0.,0.));
#3141 = VECTOR('',#3142,1.);
#3142 = DIRECTION('',(1.,0.));
#3143 = ( GEOMETRIC_REPRESENTATION_CONTEXT(2) 
PARAMETRIC_REPRESENTATION_CONTEXT() REPRESENTATION_CONTEXT('2D SPACE',''
  ) );
#3144 = ORIENTED_EDGE('',*,*,#3145,.T.);
#3145 = EDGE_CURVE('',#3111,#3146,#3148,.T.);
#3146 = VERTEX_POINT('',#3147);
#3147 = CARTESIAN_POINT('',(-9.65,-7.025,-1.8));
#3148 = SURFACE_CURVE('',#3149,(#3153,#3160),.PCURVE_S1.);
#3149 = LINE('',#3150,#3151);
#3150 = CARTESIAN_POINT('',(-9.65,-7.275,-1.8));
#3151 = VECTOR('',#3152,1.);
#3152 = DIRECTION('',(0.,1.,0.));
#3153 = PCURVE('',#3121,#3154);
#3154 = DEFINITIONAL_REPRESENTATION('',(#3155),#3159);
#3155 = LINE('',#3156,#3157);
#3156 = CARTESIAN_POINT('',(0.,0.));
#3157 = VECTOR('',#3158,1.);
#3158 = DIRECTION('',(0.,-1.));
#3159 = ( GEOMETRIC_REPRESENTATION_CONTEXT(2) 
PARAMETRIC_REPRESENTATION_CONTEXT() REPRESENTATION_CONTEXT('2D SPACE',''
  ) );
#3160 = PCURVE('',#3161,#3166);
#3161 = PLANE('',#3162);
#3162 = AXIS2_PLACEMENT_3D('',#3163,#3164,#3165);
#3163 = CARTESIAN_POINT('',(-9.65,-7.275,-1.8));
#3164 = DIRECTION('',(0.,0.,1.));
#3165 = DIRECTION('',(1.,0.,0.));
#3166 = DEFINITIONAL_REPRESENTATION('',(#3167),#3171);
#3167 = LINE('',#3168,#3169);
#3168 = CARTESIAN_POINT('',(0.,0.));
#3169 = VECTOR('',#3170,1.);
#3170 = DIRECTION('',(0.,1.));
#3171 = ( GEOMETRIC_REPRESENTATION_CONTEXT(2) 
PARAMETRIC_REPRESENTATION_CONTEXT() REPRESENTATION_CONTEXT('2D SPACE',''
  ) );
#3172 = ORIENTED_EDGE('',*,*,#3173,.T.);
#3173 = EDGE_CURVE('',#3146,#3174,#3176,.T.);
#3174 = VERTEX_POINT('',#3175);
#3175 = CARTESIAN_POINT('',(-9.65,-7.025,0.55));
#3176 = SURFACE_CURVE('',#3177,(#3181,#3188),.PCURVE_S1.);
#3177 = LINE('',#3178,#3179);
#3178 = CARTESIAN_POINT('',(-9.65,-7.025,-1.8));
#3179 = VECTOR('',#3180,1.);
#3180 = DIRECTION('',(0.,0.,1.));
#3181 = PCURVE('',#3121,#3182);
#3182 = DEFINITIONAL_REPRESENTATION('',(#3183),#3187);
#3183 = LINE('',#3184,#3185);
#3184 = CARTESIAN_POINT('',(0.,-0.25));
#3185 = VECTOR('',#3186,1.);
#3186 = DIRECTION('',(1.,0.));
#3187 = ( GEOMETRIC_REPRESENTATION_CONTEXT(2) 
PARAMETRIC_REPRESENTATION_CONTEXT() REPRESENTATION_CONTEXT('2D SPACE',''
  ) );
#3188 = PCURVE('',#3189,#3194);
#3189 = PLANE('',#3190);
#3190 = AXIS2_PLACEMENT_3D('',#3191,#3192,#3193);
#3191 = CARTESIAN_POINT('',(-9.65,-7.025,-1.8));
#3192 = DIRECTION('',(0.,1.,0.));
#3193 = DIRECTION('',(0.,0.,1.));
#3194 = DEFINITIONAL_REPRESENTATION('',(#3195),#3199);
#3195 = LINE('',#3196,#3197);
#3196 = CARTESIAN_POINT('',(0.,0.));
#3197 = VECTOR('',#3198,1.);
#3198 = DIRECTION('',(1.,0.));
#3199 = ( GEOMETRIC_REPRESENTATION_CONTEXT(2) 
PARAMETRIC_REPRESENTATION_CONTEXT() REPRESENTATION_CONTEXT('2D SPACE',''
  ) );
#3200 = ORIENTED_EDGE('',*,*,#3201,.F.);
#3201 = EDGE_CURVE('',#3113,#3174,#3202,.T.);
#3202 = SURFACE_CURVE('',#3203,(#3207,#3214),.PCURVE_S1.);
#3203 = LINE('',#3204,#3205);
#3204 = CARTESIAN_POINT('',(-9.65,-7.275,0.55));
#3205 = VECTOR('',#3206,1.);
#3206 = DIRECTION('',(0.,1.,0.));
#3207 = PCURVE('',#3121,#3208);
#3208 = DEFINITIONAL_REPRESENTATION('',(#3209),#3213);
#3209 = LINE('',#3210,#3211);
#3210 = CARTESIAN_POINT('',(2.35,0.));
#3211 = VECTOR('',#3212,1.);
#3212 = DIRECTION('',(0.,-1.));
#3213 = ( GEOMETRIC_REPRESENTATION_CONTEXT(2) 
PARAMETRIC_REPRESENTATION_CONTEXT() REPRESENTATION_CONTEXT('2D SPACE',''
  ) );
#3214 = PCURVE('',#3215,#3220);
#3215 = PLANE('',#3216);
#3216 = AXIS2_PLACEMENT_3D('',#3217,#3218,#3219);
#3217 = CARTESIAN_POINT('',(-9.65,-7.275,0.55));
#3218 = DIRECTION('',(0.,0.,1.));
#3219 = DIRECTION('',(1.,0.,0.));
#3220 = DEFINITIONAL_REPRESENTATION('',(#3221),#3225);
#3221 = LINE('',#3222,#3223);
#3222 = CARTESIAN_POINT('',(0.,0.));
#3223 = VECTOR('',#3224,1.);
#3224 = DIRECTION('',(0.,1.));
#3225 = ( GEOMETRIC_REPRESENTATION_CONTEXT(2) 
PARAMETRIC_REPRESENTATION_CONTEXT() REPRESENTATION_CONTEXT('2D SPACE',''
  ) );
#3226 = ADVANCED_FACE('',(#3227),#3241,.T.);
#3227 = FACE_BOUND('',#3228,.T.);
#3228 = EDGE_LOOP('',(#3229,#3259,#3282,#3305));
#3229 = ORIENTED_EDGE('',*,*,#3230,.F.);
#3230 = EDGE_CURVE('',#3231,#3233,#3235,.T.);
#3231 = VERTEX_POINT('',#3232);
#3232 = CARTESIAN_POINT('',(-8.35,-7.275,-1.8));
#3233 = VERTEX_POINT('',#3234);
#3234 = CARTESIAN_POINT('',(-8.35,-7.275,0.55));
#3235 = SURFACE_CURVE('',#3236,(#3240,#3252),.PCURVE_S1.);
#3236 = LINE('',#3237,#3238);
#3237 = CARTESIAN_POINT('',(-8.35,-7.275,-1.8));
#3238 = VECTOR('',#3239,1.);
#3239 = DIRECTION('',(0.,0.,1.));
#3240 = PCURVE('',#3241,#3246);
#3241 = PLANE('',#3242);
#3242 = AXIS2_PLACEMENT_3D('',#3243,#3244,#3245);
#3243 = CARTESIAN_POINT('',(-8.35,-7.275,-1.8));
#3244 = DIRECTION('',(1.,0.,0.));
#3245 = DIRECTION('',(0.,0.,1.));
#3246 = DEFINITIONAL_REPRESENTATION('',(#3247),#3251);
#3247 = LINE('',#3248,#3249);
#3248 = CARTESIAN_POINT('',(0.,0.));
#3249 = VECTOR('',#3250,1.);
#3250 = DIRECTION('',(1.,0.));
#3251 = ( GEOMETRIC_REPRESENTATION_CONTEXT(2) 
PARAMETRIC_REPRESENTATION_CONTEXT() REPRESENTATION_CONTEXT('2D SPACE',''
  ) );
#3252 = PCURVE('',#3133,#3253);
#3253 = DEFINITIONAL_REPRESENTATION('',(#3254),#3258);
#3254 = LINE('',#3255,#3256);
#3255 = CARTESIAN_POINT('',(0.,1.3));
#3256 = VECTOR('',#3257,1.);
#3257 = DIRECTION('',(1.,0.));
#3258 = ( GEOMETRIC_REPRESENTATION_CONTEXT(2) 
PARAMETRIC_REPRESENTATION_CONTEXT() REPRESENTATION_CONTEXT('2D SPACE',''
  ) );
#3259 = ORIENTED_EDGE('',*,*,#3260,.T.);
#3260 = EDGE_CURVE('',#3231,#3261,#3263,.T.);
#3261 = VERTEX_POINT('',#3262);
#3262 = CARTESIAN_POINT('',(-8.35,-7.025,-1.8));
#3263 = SURFACE_CURVE('',#3264,(#3268,#3275),.PCURVE_S1.);
#3264 = LINE('',#3265,#3266);
#3265 = CARTESIAN_POINT('',(-8.35,-7.275,-1.8));
#3266 = VECTOR('',#3267,1.);
#3267 = DIRECTION('',(0.,1.,0.));
#3268 = PCURVE('',#3241,#3269);
#3269 = DEFINITIONAL_REPRESENTATION('',(#3270),#3274);
#3270 = LINE('',#3271,#3272);
#3271 = CARTESIAN_POINT('',(0.,0.));
#3272 = VECTOR('',#3273,1.);
#3273 = DIRECTION('',(0.,-1.));
#3274 = ( GEOMETRIC_REPRESENTATION_CONTEXT(2) 
PARAMETRIC_REPRESENTATION_CONTEXT() REPRESENTATION_CONTEXT('2D SPACE',''
  ) );
#3275 = PCURVE('',#3161,#3276);
#3276 = DEFINITIONAL_REPRESENTATION('',(#3277),#3281);
#3277 = LINE('',#3278,#3279);
#3278 = CARTESIAN_POINT('',(1.3,0.));
#3279 = VECTOR('',#3280,1.);
#3280 = DIRECTION('',(0.,1.));
#3281 = ( GEOMETRIC_REPRESENTATION_CONTEXT(2) 
PARAMETRIC_REPRESENTATION_CONTEXT() REPRESENTATION_CONTEXT('2D SPACE',''
  ) );
#3282 = ORIENTED_EDGE('',*,*,#3283,.T.);
#3283 = EDGE_CURVE('',#3261,#3284,#3286,.T.);
#3284 = VERTEX_POINT('',#3285);
#3285 = CARTESIAN_POINT('',(-8.35,-7.025,0.55));
#3286 = SURFACE_CURVE('',#3287,(#3291,#3298),.PCURVE_S1.);
#3287 = LINE('',#3288,#3289);
#3288 = CARTESIAN_POINT('',(-8.35,-7.025,-1.8));
#3289 = VECTOR('',#3290,1.);
#3290 = DIRECTION('',(0.,0.,1.));
#3291 = PCURVE('',#3241,#3292);
#3292 = DEFINITIONAL_REPRESENTATION('',(#3293),#3297);
#3293 = LINE('',#3294,#3295);
#3294 = CARTESIAN_POINT('',(0.,-0.25));
#3295 = VECTOR('',#3296,1.);
#3296 = DIRECTION('',(1.,0.));
#3297 = ( GEOMETRIC_REPRESENTATION_CONTEXT(2) 
PARAMETRIC_REPRESENTATION_CONTEXT() REPRESENTATION_CONTEXT('2D SPACE',''
  ) );
#3298 = PCURVE('',#3189,#3299);
#3299 = DEFINITIONAL_REPRESENTATION('',(#3300),#3304);
#3300 = LINE('',#3301,#3302);
#3301 = CARTESIAN_POINT('',(0.,1.3));
#3302 = VECTOR('',#3303,1.);
#3303 = DIRECTION('',(1.,0.));
#3304 = ( GEOMETRIC_REPRESENTATION_CONTEXT(2) 
PARAMETRIC_REPRESENTATION_CONTEXT() REPRESENTATION_CONTEXT('2D SPACE',''
  ) );
#3305 = ORIENTED_EDGE('',*,*,#3306,.F.);
#3306 = EDGE_CURVE('',#3233,#3284,#3307,.T.);
#3307 = SURFACE_CURVE('',#3308,(#3312,#3319),.PCURVE_S1.);
#3308 = LINE('',#3309,#3310);
#3309 = CARTESIAN_POINT('',(-8.35,-7.275,0.55));
#3310 = VECTOR('',#3311,1.);
#3311 = DIRECTION('',(0.,1.,0.));
#3312 = PCURVE('',#3241,#3313);
#3313 = DEFINITIONAL_REPRESENTATION('',(#3314),#3318);
#3314 = LINE('',#3315,#3316);
#3315 = CARTESIAN_POINT('',(2.35,0.));
#3316 = VECTOR('',#3317,1.);
#3317 = DIRECTION('',(0.,-1.));
#3318 = ( GEOMETRIC_REPRESENTATION_CONTEXT(2) 
PARAMETRIC_REPRESENTATION_CONTEXT() REPRESENTATION_CONTEXT('2D SPACE',''
  ) );
#3319 = PCURVE('',#3215,#3320);
#3320 = DEFINITIONAL_REPRESENTATION('',(#3321),#3325);
#3321 = LINE('',#3322,#3323);
#3322 = CARTESIAN_POINT('',(1.3,0.));
#3323 = VECTOR('',#3324,1.);
#3324 = DIRECTION('',(0.,1.));
#3325 = ( GEOMETRIC_REPRESENTATION_CONTEXT(2) 
PARAMETRIC_REPRESENTATION_CONTEXT() REPRESENTATION_CONTEXT('2D SPACE',''
  ) );
#3326 = ADVANCED_FACE('',(#3327),#3133,.F.);
#3327 = FACE_BOUND('',#3328,.F.);
#3328 = EDGE_LOOP('',(#3329,#3350,#3351,#3372));
#3329 = ORIENTED_EDGE('',*,*,#3330,.F.);
#3330 = EDGE_CURVE('',#3111,#3231,#3331,.T.);
#3331 = SURFACE_CURVE('',#3332,(#3336,#3343),.PCURVE_S1.);
#3332 = LINE('',#3333,#3334);
#3333 = CARTESIAN_POINT('',(-9.65,-7.275,-1.8));
#3334 = VECTOR('',#3335,1.);
#3335 = DIRECTION('',(1.,0.,0.));
#3336 = PCURVE('',#3133,#3337);
#3337 = DEFINITIONAL_REPRESENTATION('',(#3338),#3342);
#3338 = LINE('',#3339,#3340);
#3339 = CARTESIAN_POINT('',(0.,0.));
#3340 = VECTOR('',#3341,1.);
#3341 = DIRECTION('',(0.,1.));
#3342 = ( GEOMETRIC_REPRESENTATION_CONTEXT(2) 
PARAMETRIC_REPRESENTATION_CONTEXT() REPRESENTATION_CONTEXT('2D SPACE',''
  ) );
#3343 = PCURVE('',#3161,#3344);
#3344 = DEFINITIONAL_REPRESENTATION('',(#3345),#3349);
#3345 = LINE('',#3346,#3347);
#3346 = CARTESIAN_POINT('',(0.,0.));
#3347 = VECTOR('',#3348,1.);
#3348 = DIRECTION('',(1.,0.));
#3349 = ( GEOMETRIC_REPRESENTATION_CONTEXT(2) 
PARAMETRIC_REPRESENTATION_CONTEXT() REPRESENTATION_CONTEXT('2D SPACE',''
  ) );
#3350 = ORIENTED_EDGE('',*,*,#3110,.T.);
#3351 = ORIENTED_EDGE('',*,*,#3352,.T.);
#3352 = EDGE_CURVE('',#3113,#3233,#3353,.T.);
#3353 = SURFACE_CURVE('',#3354,(#3358,#3365),.PCURVE_S1.);
#3354 = LINE('',#3355,#3356);
#3355 = CARTESIAN_POINT('',(-9.65,-7.275,0.55));
#3356 = VECTOR('',#3357,1.);
#3357 = DIRECTION('',(1.,0.,0.));
#3358 = PCURVE('',#3133,#3359);
#3359 = DEFINITIONAL_REPRESENTATION('',(#3360),#3364);
#3360 = LINE('',#3361,#3362);
#3361 = CARTESIAN_POINT('',(2.35,0.));
#3362 = VECTOR('',#3363,1.);
#3363 = DIRECTION('',(0.,1.));
#3364 = ( GEOMETRIC_REPRESENTATION_CONTEXT(2) 
PARAMETRIC_REPRESENTATION_CONTEXT() REPRESENTATION_CONTEXT('2D SPACE',''
  ) );
#3365 = PCURVE('',#3215,#3366);
#3366 = DEFINITIONAL_REPRESENTATION('',(#3367),#3371);
#3367 = LINE('',#3368,#3369);
#3368 = CARTESIAN_POINT('',(0.,0.));
#3369 = VECTOR('',#3370,1.);
#3370 = DIRECTION('',(1.,0.));
#3371 = ( GEOMETRIC_REPRESENTATION_CONTEXT(2) 
PARAMETRIC_REPRESENTATION_CONTEXT() REPRESENTATION_CONTEXT('2D SPACE',''
  ) );
#3372 = ORIENTED_EDGE('',*,*,#3230,.F.);
#3373 = ADVANCED_FACE('',(#3374),#3189,.T.);
#3374 = FACE_BOUND('',#3375,.T.);
#3375 = EDGE_LOOP('',(#3376,#3397,#3398,#3419));
#3376 = ORIENTED_EDGE('',*,*,#3377,.F.);
#3377 = EDGE_CURVE('',#3146,#3261,#3378,.T.);
#3378 = SURFACE_CURVE('',#3379,(#3383,#3390),.PCURVE_S1.);
#3379 = LINE('',#3380,#3381);
#3380 = CARTESIAN_POINT('',(-9.65,-7.025,-1.8));
#3381 = VECTOR('',#3382,1.);
#3382 = DIRECTION('',(1.,0.,0.));
#3383 = PCURVE('',#3189,#3384);
#3384 = DEFINITIONAL_REPRESENTATION('',(#3385),#3389);
#3385 = LINE('',#3386,#3387);
#3386 = CARTESIAN_POINT('',(0.,0.));
#3387 = VECTOR('',#3388,1.);
#3388 = DIRECTION('',(0.,1.));
#3389 = ( GEOMETRIC_REPRESENTATION_CONTEXT(2) 
PARAMETRIC_REPRESENTATION_CONTEXT() REPRESENTATION_CONTEXT('2D SPACE',''
  ) );
#3390 = PCURVE('',#3161,#3391);
#3391 = DEFINITIONAL_REPRESENTATION('',(#3392),#3396);
#3392 = LINE('',#3393,#3394);
#3393 = CARTESIAN_POINT('',(0.,0.25));
#3394 = VECTOR('',#3395,1.);
#3395 = DIRECTION('',(1.,0.));
#3396 = ( GEOMETRIC_REPRESENTATION_CONTEXT(2) 
PARAMETRIC_REPRESENTATION_CONTEXT() REPRESENTATION_CONTEXT('2D SPACE',''
  ) );
#3397 = ORIENTED_EDGE('',*,*,#3173,.T.);
#3398 = ORIENTED_EDGE('',*,*,#3399,.T.);
#3399 = EDGE_CURVE('',#3174,#3284,#3400,.T.);
#3400 = SURFACE_CURVE('',#3401,(#3405,#3412),.PCURVE_S1.);
#3401 = LINE('',#3402,#3403);
#3402 = CARTESIAN_POINT('',(-9.65,-7.025,0.55));
#3403 = VECTOR('',#3404,1.);
#3404 = DIRECTION('',(1.,0.,0.));
#3405 = PCURVE('',#3189,#3406);
#3406 = DEFINITIONAL_REPRESENTATION('',(#3407),#3411);
#3407 = LINE('',#3408,#3409);
#3408 = CARTESIAN_POINT('',(2.35,0.));
#3409 = VECTOR('',#3410,1.);
#3410 = DIRECTION('',(0.,1.));
#3411 = ( GEOMETRIC_REPRESENTATION_CONTEXT(2) 
PARAMETRIC_REPRESENTATION_CONTEXT() REPRESENTATION_CONTEXT('2D SPACE',''
  ) );
#3412 = PCURVE('',#3215,#3413);
#3413 = DEFINITIONAL_REPRESENTATION('',(#3414),#3418);
#3414 = LINE('',#3415,#3416);
#3415 = CARTESIAN_POINT('',(0.,0.25));
#3416 = VECTOR('',#3417,1.);
#3417 = DIRECTION('',(1.,0.));
#3418 = ( GEOMETRIC_REPRESENTATION_CONTEXT(2) 
PARAMETRIC_REPRESENTATION_CONTEXT() REPRESENTATION_CONTEXT('2D SPACE',''
  ) );
#3419 = ORIENTED_EDGE('',*,*,#3283,.F.);
#3420 = ADVANCED_FACE('',(#3421),#3161,.F.);
#3421 = FACE_BOUND('',#3422,.F.);
#3422 = EDGE_LOOP('',(#3423,#3424,#3425,#3426));
#3423 = ORIENTED_EDGE('',*,*,#3145,.F.);
#3424 = ORIENTED_EDGE('',*,*,#3330,.T.);
#3425 = ORIENTED_EDGE('',*,*,#3260,.T.);
#3426 = ORIENTED_EDGE('',*,*,#3377,.F.);
#3427 = ADVANCED_FACE('',(#3428),#3215,.T.);
#3428 = FACE_BOUND('',#3429,.T.);
#3429 = EDGE_LOOP('',(#3430,#3431,#3432,#3433));
#3430 = ORIENTED_EDGE('',*,*,#3201,.F.);
#3431 = ORIENTED_EDGE('',*,*,#3352,.T.);
#3432 = ORIENTED_EDGE('',*,*,#3306,.T.);
#3433 = ORIENTED_EDGE('',*,*,#3399,.F.);
#3434 = MANIFOLD_SOLID_BREP('',#3435);
#3435 = CLOSED_SHELL('',(#3436,#3556,#3656,#3703,#3750,#3757));
#3436 = ADVANCED_FACE('',(#3437),#3451,.F.);
#3437 = FACE_BOUND('',#3438,.F.);
#3438 = EDGE_LOOP('',(#3439,#3474,#3502,#3530));
#3439 = ORIENTED_EDGE('',*,*,#3440,.F.);
#3440 = EDGE_CURVE('',#3441,#3443,#3445,.T.);
#3441 = VERTEX_POINT('',#3442);
#3442 = CARTESIAN_POINT('',(-5.65,-7.275,-1.8));
#3443 = VERTEX_POINT('',#3444);
#3444 = CARTESIAN_POINT('',(-5.65,-7.275,0.55));
#3445 = SURFACE_CURVE('',#3446,(#3450,#3462),.PCURVE_S1.);
#3446 = LINE('',#3447,#3448);
#3447 = CARTESIAN_POINT('',(-5.65,-7.275,-1.8));
#3448 = VECTOR('',#3449,1.);
#3449 = DIRECTION('',(0.,0.,1.));
#3450 = PCURVE('',#3451,#3456);
#3451 = PLANE('',#3452);
#3452 = AXIS2_PLACEMENT_3D('',#3453,#3454,#3455);
#3453 = CARTESIAN_POINT('',(-5.65,-7.275,-1.8));
#3454 = DIRECTION('',(1.,0.,0.));
#3455 = DIRECTION('',(0.,0.,1.));
#3456 = DEFINITIONAL_REPRESENTATION('',(#3457),#3461);
#3457 = LINE('',#3458,#3459);
#3458 = CARTESIAN_POINT('',(0.,0.));
#3459 = VECTOR('',#3460,1.);
#3460 = DIRECTION('',(1.,0.));
#3461 = ( GEOMETRIC_REPRESENTATION_CONTEXT(2) 
PARAMETRIC_REPRESENTATION_CONTEXT() REPRESENTATION_CONTEXT('2D SPACE',''
  ) );
#3462 = PCURVE('',#3463,#3468);
#3463 = PLANE('',#3464);
#3464 = AXIS2_PLACEMENT_3D('',#3465,#3466,#3467);
#3465 = CARTESIAN_POINT('',(-5.65,-7.275,-1.8));
#3466 = DIRECTION('',(0.,1.,0.));
#3467 = DIRECTION('',(0.,0.,1.));
#3468 = DEFINITIONAL_REPRESENTATION('',(#3469),#3473);
#3469 = LINE('',#3470,#3471);
#3470 = CARTESIAN_POINT('',(0.,0.));
#3471 = VECTOR('',#3472,1.);
#3472 = DIRECTION('',(1.,0.));
#3473 = ( GEOMETRIC_REPRESENTATION_CONTEXT(2) 
PARAMETRIC_REPRESENTATION_CONTEXT() REPRESENTATION_CONTEXT('2D SPACE',''
  ) );
#3474 = ORIENTED_EDGE('',*,*,#3475,.T.);
#3475 = EDGE_CURVE('',#3441,#3476,#3478,.T.);
#3476 = VERTEX_POINT('',#3477);
#3477 = CARTESIAN_POINT('',(-5.65,-7.025,-1.8));
#3478 = SURFACE_CURVE('',#3479,(#3483,#3490),.PCURVE_S1.);
#3479 = LINE('',#3480,#3481);
#3480 = CARTESIAN_POINT('',(-5.65,-7.275,-1.8));
#3481 = VECTOR('',#3482,1.);
#3482 = DIRECTION('',(0.,1.,0.));
#3483 = PCURVE('',#3451,#3484);
#3484 = DEFINITIONAL_REPRESENTATION('',(#3485),#3489);
#3485 = LINE('',#3486,#3487);
#3486 = CARTESIAN_POINT('',(0.,0.));
#3487 = VECTOR('',#3488,1.);
#3488 = DIRECTION('',(0.,-1.));
#3489 = ( GEOMETRIC_REPRESENTATION_CONTEXT(2) 
PARAMETRIC_REPRESENTATION_CONTEXT() REPRESENTATION_CONTEXT('2D SPACE',''
  ) );
#3490 = PCURVE('',#3491,#3496);
#3491 = PLANE('',#3492);
#3492 = AXIS2_PLACEMENT_3D('',#3493,#3494,#3495);
#3493 = CARTESIAN_POINT('',(-5.65,-7.275,-1.8));
#3494 = DIRECTION('',(0.,0.,1.));
#3495 = DIRECTION('',(1.,0.,0.));
#3496 = DEFINITIONAL_REPRESENTATION('',(#3497),#3501);
#3497 = LINE('',#3498,#3499);
#3498 = CARTESIAN_POINT('',(0.,0.));
#3499 = VECTOR('',#3500,1.);
#3500 = DIRECTION('',(0.,1.));
#3501 = ( GEOMETRIC_REPRESENTATION_CONTEXT(2) 
PARAMETRIC_REPRESENTATION_CONTEXT() REPRESENTATION_CONTEXT('2D SPACE',''
  ) );
#3502 = ORIENTED_EDGE('',*,*,#3503,.T.);
#3503 = EDGE_CURVE('',#3476,#3504,#3506,.T.);
#3504 = VERTEX_POINT('',#3505);
#3505 = CARTESIAN_POINT('',(-5.65,-7.025,0.55));
#3506 = SURFACE_CURVE('',#3507,(#3511,#3518),.PCURVE_S1.);
#3507 = LINE('',#3508,#3509);
#3508 = CARTESIAN_POINT('',(-5.65,-7.025,-1.8));
#3509 = VECTOR('',#3510,1.);
#3510 = DIRECTION('',(0.,0.,1.));
#3511 = PCURVE('',#3451,#3512);
#3512 = DEFINITIONAL_REPRESENTATION('',(#3513),#3517);
#3513 = LINE('',#3514,#3515);
#3514 = CARTESIAN_POINT('',(0.,-0.25));
#3515 = VECTOR('',#3516,1.);
#3516 = DIRECTION('',(1.,0.));
#3517 = ( GEOMETRIC_REPRESENTATION_CONTEXT(2) 
PARAMETRIC_REPRESENTATION_CONTEXT() REPRESENTATION_CONTEXT('2D SPACE',''
  ) );
#3518 = PCURVE('',#3519,#3524);
#3519 = PLANE('',#3520);
#3520 = AXIS2_PLACEMENT_3D('',#3521,#3522,#3523);
#3521 = CARTESIAN_POINT('',(-5.65,-7.025,-1.8));
#3522 = DIRECTION('',(0.,1.,0.));
#3523 = DIRECTION('',(0.,0.,1.));
#3524 = DEFINITIONAL_REPRESENTATION('',(#3525),#3529);
#3525 = LINE('',#3526,#3527);
#3526 = CARTESIAN_POINT('',(0.,0.));
#3527 = VECTOR('',#3528,1.);
#3528 = DIRECTION('',(1.,0.));
#3529 = ( GEOMETRIC_REPRESENTATION_CONTEXT(2) 
PARAMETRIC_REPRESENTATION_CONTEXT() REPRESENTATION_CONTEXT('2D SPACE',''
  ) );
#3530 = ORIENTED_EDGE('',*,*,#3531,.F.);
#3531 = EDGE_CURVE('',#3443,#3504,#3532,.T.);
#3532 = SURFACE_CURVE('',#3533,(#3537,#3544),.PCURVE_S1.);
#3533 = LINE('',#3534,#3535);
#3534 = CARTESIAN_POINT('',(-5.65,-7.275,0.55));
#3535 = VECTOR('',#3536,1.);
#3536 = DIRECTION('',(0.,1.,0.));
#3537 = PCURVE('',#3451,#3538);
#3538 = DEFINITIONAL_REPRESENTATION('',(#3539),#3543);
#3539 = LINE('',#3540,#3541);
#3540 = CARTESIAN_POINT('',(2.35,0.));
#3541 = VECTOR('',#3542,1.);
#3542 = DIRECTION('',(0.,-1.));
#3543 = ( GEOMETRIC_REPRESENTATION_CONTEXT(2) 
PARAMETRIC_REPRESENTATION_CONTEXT() REPRESENTATION_CONTEXT('2D SPACE',''
  ) );
#3544 = PCURVE('',#3545,#3550);
#3545 = PLANE('',#3546);
#3546 = AXIS2_PLACEMENT_3D('',#3547,#3548,#3549);
#3547 = CARTESIAN_POINT('',(-5.65,-7.275,0.55));
#3548 = DIRECTION('',(0.,0.,1.));
#3549 = DIRECTION('',(1.,0.,0.));
#3550 = DEFINITIONAL_REPRESENTATION('',(#3551),#3555);
#3551 = LINE('',#3552,#3553);
#3552 = CARTESIAN_POINT('',(0.,0.));
#3553 = VECTOR('',#3554,1.);
#3554 = DIRECTION('',(0.,1.));
#3555 = ( GEOMETRIC_REPRESENTATION_CONTEXT(2) 
PARAMETRIC_REPRESENTATION_CONTEXT() REPRESENTATION_CONTEXT('2D SPACE',''
  ) );
#3556 = ADVANCED_FACE('',(#3557),#3571,.T.);
#3557 = FACE_BOUND('',#3558,.T.);
#3558 = EDGE_LOOP('',(#3559,#3589,#3612,#3635));
#3559 = ORIENTED_EDGE('',*,*,#3560,.F.);
#3560 = EDGE_CURVE('',#3561,#3563,#3565,.T.);
#3561 = VERTEX_POINT('',#3562);
#3562 = CARTESIAN_POINT('',(-4.35,-7.275,-1.8));
#3563 = VERTEX_POINT('',#3564);
#3564 = CARTESIAN_POINT('',(-4.35,-7.275,0.55));
#3565 = SURFACE_CURVE('',#3566,(#3570,#3582),.PCURVE_S1.);
#3566 = LINE('',#3567,#3568);
#3567 = CARTESIAN_POINT('',(-4.35,-7.275,-1.8));
#3568 = VECTOR('',#3569,1.);
#3569 = DIRECTION('',(0.,0.,1.));
#3570 = PCURVE('',#3571,#3576);
#3571 = PLANE('',#3572);
#3572 = AXIS2_PLACEMENT_3D('',#3573,#3574,#3575);
#3573 = CARTESIAN_POINT('',(-4.35,-7.275,-1.8));
#3574 = DIRECTION('',(1.,0.,0.));
#3575 = DIRECTION('',(0.,0.,1.));
#3576 = DEFINITIONAL_REPRESENTATION('',(#3577),#3581);
#3577 = LINE('',#3578,#3579);
#3578 = CARTESIAN_POINT('',(0.,0.));
#3579 = VECTOR('',#3580,1.);
#3580 = DIRECTION('',(1.,0.));
#3581 = ( GEOMETRIC_REPRESENTATION_CONTEXT(2) 
PARAMETRIC_REPRESENTATION_CONTEXT() REPRESENTATION_CONTEXT('2D SPACE',''
  ) );
#3582 = PCURVE('',#3463,#3583);
#3583 = DEFINITIONAL_REPRESENTATION('',(#3584),#3588);
#3584 = LINE('',#3585,#3586);
#3585 = CARTESIAN_POINT('',(0.,1.3));
#3586 = VECTOR('',#3587,1.);
#3587 = DIRECTION('',(1.,0.));
#3588 = ( GEOMETRIC_REPRESENTATION_CONTEXT(2) 
PARAMETRIC_REPRESENTATION_CONTEXT() REPRESENTATION_CONTEXT('2D SPACE',''
  ) );
#3589 = ORIENTED_EDGE('',*,*,#3590,.T.);
#3590 = EDGE_CURVE('',#3561,#3591,#3593,.T.);
#3591 = VERTEX_POINT('',#3592);
#3592 = CARTESIAN_POINT('',(-4.35,-7.025,-1.8));
#3593 = SURFACE_CURVE('',#3594,(#3598,#3605),.PCURVE_S1.);
#3594 = LINE('',#3595,#3596);
#3595 = CARTESIAN_POINT('',(-4.35,-7.275,-1.8));
#3596 = VECTOR('',#3597,1.);
#3597 = DIRECTION('',(0.,1.,0.));
#3598 = PCURVE('',#3571,#3599);
#3599 = DEFINITIONAL_REPRESENTATION('',(#3600),#3604);
#3600 = LINE('',#3601,#3602);
#3601 = CARTESIAN_POINT('',(0.,0.));
#3602 = VECTOR('',#3603,1.);
#3603 = DIRECTION('',(0.,-1.));
#3604 = ( GEOMETRIC_REPRESENTATION_CONTEXT(2) 
PARAMETRIC_REPRESENTATION_CONTEXT() REPRESENTATION_CONTEXT('2D SPACE',''
  ) );
#3605 = PCURVE('',#3491,#3606);
#3606 = DEFINITIONAL_REPRESENTATION('',(#3607),#3611);
#3607 = LINE('',#3608,#3609);
#3608 = CARTESIAN_POINT('',(1.3,0.));
#3609 = VECTOR('',#3610,1.);
#3610 = DIRECTION('',(0.,1.));
#3611 = ( GEOMETRIC_REPRESENTATION_CONTEXT(2) 
PARAMETRIC_REPRESENTATION_CONTEXT() REPRESENTATION_CONTEXT('2D SPACE',''
  ) );
#3612 = ORIENTED_EDGE('',*,*,#3613,.T.);
#3613 = EDGE_CURVE('',#3591,#3614,#3616,.T.);
#3614 = VERTEX_POINT('',#3615);
#3615 = CARTESIAN_POINT('',(-4.35,-7.025,0.55));
#3616 = SURFACE_CURVE('',#3617,(#3621,#3628),.PCURVE_S1.);
#3617 = LINE('',#3618,#3619);
#3618 = CARTESIAN_POINT('',(-4.35,-7.025,-1.8));
#3619 = VECTOR('',#3620,1.);
#3620 = DIRECTION('',(0.,0.,1.));
#3621 = PCURVE('',#3571,#3622);
#3622 = DEFINITIONAL_REPRESENTATION('',(#3623),#3627);
#3623 = LINE('',#3624,#3625);
#3624 = CARTESIAN_POINT('',(0.,-0.25));
#3625 = VECTOR('',#3626,1.);
#3626 = DIRECTION('',(1.,0.));
#3627 = ( GEOMETRIC_REPRESENTATION_CONTEXT(2) 
PARAMETRIC_REPRESENTATION_CONTEXT() REPRESENTATION_CONTEXT('2D SPACE',''
  ) );
#3628 = PCURVE('',#3519,#3629);
#3629 = DEFINITIONAL_REPRESENTATION('',(#3630),#3634);
#3630 = LINE('',#3631,#3632);
#3631 = CARTESIAN_POINT('',(0.,1.3));
#3632 = VECTOR('',#3633,1.);
#3633 = DIRECTION('',(1.,0.));
#3634 = ( GEOMETRIC_REPRESENTATION_CONTEXT(2) 
PARAMETRIC_REPRESENTATION_CONTEXT() REPRESENTATION_CONTEXT('2D SPACE',''
  ) );
#3635 = ORIENTED_EDGE('',*,*,#3636,.F.);
#3636 = EDGE_CURVE('',#3563,#3614,#3637,.T.);
#3637 = SURFACE_CURVE('',#3638,(#3642,#3649),.PCURVE_S1.);
#3638 = LINE('',#3639,#3640);
#3639 = CARTESIAN_POINT('',(-4.35,-7.275,0.55));
#3640 = VECTOR('',#3641,1.);
#3641 = DIRECTION('',(0.,1.,0.));
#3642 = PCURVE('',#3571,#3643);
#3643 = DEFINITIONAL_REPRESENTATION('',(#3644),#3648);
#3644 = LINE('',#3645,#3646);
#3645 = CARTESIAN_POINT('',(2.35,0.));
#3646 = VECTOR('',#3647,1.);
#3647 = DIRECTION('',(0.,-1.));
#3648 = ( GEOMETRIC_REPRESENTATION_CONTEXT(2) 
PARAMETRIC_REPRESENTATION_CONTEXT() REPRESENTATION_CONTEXT('2D SPACE',''
  ) );
#3649 = PCURVE('',#3545,#3650);
#3650 = DEFINITIONAL_REPRESENTATION('',(#3651),#3655);
#3651 = LINE('',#3652,#3653);
#3652 = CARTESIAN_POINT('',(1.3,0.));
#3653 = VECTOR('',#3654,1.);
#3654 = DIRECTION('',(0.,1.));
#3655 = ( GEOMETRIC_REPRESENTATION_CONTEXT(2) 
PARAMETRIC_REPRESENTATION_CONTEXT() REPRESENTATION_CONTEXT('2D SPACE',''
  ) );
#3656 = ADVANCED_FACE('',(#3657),#3463,.F.);
#3657 = FACE_BOUND('',#3658,.F.);
#3658 = EDGE_LOOP('',(#3659,#3680,#3681,#3702));
#3659 = ORIENTED_EDGE('',*,*,#3660,.F.);
#3660 = EDGE_CURVE('',#3441,#3561,#3661,.T.);
#3661 = SURFACE_CURVE('',#3662,(#3666,#3673),.PCURVE_S1.);
#3662 = LINE('',#3663,#3664);
#3663 = CARTESIAN_POINT('',(-5.65,-7.275,-1.8));
#3664 = VECTOR('',#3665,1.);
#3665 = DIRECTION('',(1.,0.,0.));
#3666 = PCURVE('',#3463,#3667);
#3667 = DEFINITIONAL_REPRESENTATION('',(#3668),#3672);
#3668 = LINE('',#3669,#3670);
#3669 = CARTESIAN_POINT('',(0.,0.));
#3670 = VECTOR('',#3671,1.);
#3671 = DIRECTION('',(0.,1.));
#3672 = ( GEOMETRIC_REPRESENTATION_CONTEXT(2) 
PARAMETRIC_REPRESENTATION_CONTEXT() REPRESENTATION_CONTEXT('2D SPACE',''
  ) );
#3673 = PCURVE('',#3491,#3674);
#3674 = DEFINITIONAL_REPRESENTATION('',(#3675),#3679);
#3675 = LINE('',#3676,#3677);
#3676 = CARTESIAN_POINT('',(0.,0.));
#3677 = VECTOR('',#3678,1.);
#3678 = DIRECTION('',(1.,0.));
#3679 = ( GEOMETRIC_REPRESENTATION_CONTEXT(2) 
PARAMETRIC_REPRESENTATION_CONTEXT() REPRESENTATION_CONTEXT('2D SPACE',''
  ) );
#3680 = ORIENTED_EDGE('',*,*,#3440,.T.);
#3681 = ORIENTED_EDGE('',*,*,#3682,.T.);
#3682 = EDGE_CURVE('',#3443,#3563,#3683,.T.);
#3683 = SURFACE_CURVE('',#3684,(#3688,#3695),.PCURVE_S1.);
#3684 = LINE('',#3685,#3686);
#3685 = CARTESIAN_POINT('',(-5.65,-7.275,0.55));
#3686 = VECTOR('',#3687,1.);
#3687 = DIRECTION('',(1.,0.,0.));
#3688 = PCURVE('',#3463,#3689);
#3689 = DEFINITIONAL_REPRESENTATION('',(#3690),#3694);
#3690 = LINE('',#3691,#3692);
#3691 = CARTESIAN_POINT('',(2.35,0.));
#3692 = VECTOR('',#3693,1.);
#3693 = DIRECTION('',(0.,1.));
#3694 = ( GEOMETRIC_REPRESENTATION_CONTEXT(2) 
PARAMETRIC_REPRESENTATION_CONTEXT() REPRESENTATION_CONTEXT('2D SPACE',''
  ) );
#3695 = PCURVE('',#3545,#3696);
#3696 = DEFINITIONAL_REPRESENTATION('',(#3697),#3701);
#3697 = LINE('',#3698,#3699);
#3698 = CARTESIAN_POINT('',(0.,0.));
#3699 = VECTOR('',#3700,1.);
#3700 = DIRECTION('',(1.,0.));
#3701 = ( GEOMETRIC_REPRESENTATION_CONTEXT(2) 
PARAMETRIC_REPRESENTATION_CONTEXT() REPRESENTATION_CONTEXT('2D SPACE',''
  ) );
#3702 = ORIENTED_EDGE('',*,*,#3560,.F.);
#3703 = ADVANCED_FACE('',(#3704),#3519,.T.);
#3704 = FACE_BOUND('',#3705,.T.);
#3705 = EDGE_LOOP('',(#3706,#3727,#3728,#3749));
#3706 = ORIENTED_EDGE('',*,*,#3707,.F.);
#3707 = EDGE_CURVE('',#3476,#3591,#3708,.T.);
#3708 = SURFACE_CURVE('',#3709,(#3713,#3720),.PCURVE_S1.);
#3709 = LINE('',#3710,#3711);
#3710 = CARTESIAN_POINT('',(-5.65,-7.025,-1.8));
#3711 = VECTOR('',#3712,1.);
#3712 = DIRECTION('',(1.,0.,0.));
#3713 = PCURVE('',#3519,#3714);
#3714 = DEFINITIONAL_REPRESENTATION('',(#3715),#3719);
#3715 = LINE('',#3716,#3717);
#3716 = CARTESIAN_POINT('',(0.,0.));
#3717 = VECTOR('',#3718,1.);
#3718 = DIRECTION('',(0.,1.));
#3719 = ( GEOMETRIC_REPRESENTATION_CONTEXT(2) 
PARAMETRIC_REPRESENTATION_CONTEXT() REPRESENTATION_CONTEXT('2D SPACE',''
  ) );
#3720 = PCURVE('',#3491,#3721);
#3721 = DEFINITIONAL_REPRESENTATION('',(#3722),#3726);
#3722 = LINE('',#3723,#3724);
#3723 = CARTESIAN_POINT('',(0.,0.25));
#3724 = VECTOR('',#3725,1.);
#3725 = DIRECTION('',(1.,0.));
#3726 = ( GEOMETRIC_REPRESENTATION_CONTEXT(2) 
PARAMETRIC_REPRESENTATION_CONTEXT() REPRESENTATION_CONTEXT('2D SPACE',''
  ) );
#3727 = ORIENTED_EDGE('',*,*,#3503,.T.);
#3728 = ORIENTED_EDGE('',*,*,#3729,.T.);
#3729 = EDGE_CURVE('',#3504,#3614,#3730,.T.);
#3730 = SURFACE_CURVE('',#3731,(#3735,#3742),.PCURVE_S1.);
#3731 = LINE('',#3732,#3733);
#3732 = CARTESIAN_POINT('',(-5.65,-7.025,0.55));
#3733 = VECTOR('',#3734,1.);
#3734 = DIRECTION('',(1.,0.,0.));
#3735 = PCURVE('',#3519,#3736);
#3736 = DEFINITIONAL_REPRESENTATION('',(#3737),#3741);
#3737 = LINE('',#3738,#3739);
#3738 = CARTESIAN_POINT('',(2.35,0.));
#3739 = VECTOR('',#3740,1.);
#3740 = DIRECTION('',(0.,1.));
#3741 = ( GEOMETRIC_REPRESENTATION_CONTEXT(2) 
PARAMETRIC_REPRESENTATION_CONTEXT() REPRESENTATION_CONTEXT('2D SPACE',''
  ) );
#3742 = PCURVE('',#3545,#3743);
#3743 = DEFINITIONAL_REPRESENTATION('',(#3744),#3748);
#3744 = LINE('',#3745,#3746);
#3745 = CARTESIAN_POINT('',(0.,0.25));
#3746 = VECTOR('',#3747,1.);
#3747 = DIRECTION('',(1.,0.));
#3748 = ( GEOMETRIC_REPRESENTATION_CONTEXT(2) 
PARAMETRIC_REPRESENTATION_CONTEXT() REPRESENTATION_CONTEXT('2D SPACE',''
  ) );
#3749 = ORIENTED_EDGE('',*,*,#3613,.F.);
#3750 = ADVANCED_FACE('',(#3751),#3491,.F.);
#3751 = FACE_BOUND('',#3752,.F.);
#3752 = EDGE_LOOP('',(#3753,#3754,#3755,#3756));
#3753 = ORIENTED_EDGE('',*,*,#3475,.F.);
#3754 = ORIENTED_EDGE('',*,*,#3660,.T.);
#3755 = ORIENTED_EDGE('',*,*,#3590,.T.);
#3756 = ORIENTED_EDGE('',*,*,#3707,.F.);
#3757 = ADVANCED_FACE('',(#3758),#3545,.T.);
#3758 = FACE_BOUND('',#3759,.T.);
#3759 = EDGE_LOOP('',(#3760,#3761,#3762,#3763));
#3760 = ORIENTED_EDGE('',*,*,#3531,.F.);
#3761 = ORIENTED_EDGE('',*,*,#3682,.T.);
#3762 = ORIENTED_EDGE('',*,*,#3636,.T.);
#3763 = ORIENTED_EDGE('',*,*,#3729,.F.);
#3764 = MANIFOLD_SOLID_BREP('',#3765);
#3765 = CLOSED_SHELL('',(#3766,#3886,#3986,#4033,#4080,#4087));
#3766 = ADVANCED_FACE('',(#3767),#3781,.F.);
#3767 = FACE_BOUND('',#3768,.F.);
#3768 = EDGE_LOOP('',(#3769,#3804,#3832,#3860));
#3769 = ORIENTED_EDGE('',*,*,#3770,.F.);
#3770 = EDGE_CURVE('',#3771,#3773,#3775,.T.);
#3771 = VERTEX_POINT('',#3772);
#3772 = CARTESIAN_POINT('',(-1.65,-7.275,-1.8));
#3773 = VERTEX_POINT('',#3774);
#3774 = CARTESIAN_POINT('',(-1.65,-7.275,0.55));
#3775 = SURFACE_CURVE('',#3776,(#3780,#3792),.PCURVE_S1.);
#3776 = LINE('',#3777,#3778);
#3777 = CARTESIAN_POINT('',(-1.65,-7.275,-1.8));
#3778 = VECTOR('',#3779,1.);
#3779 = DIRECTION('',(0.,0.,1.));
#3780 = PCURVE('',#3781,#3786);
#3781 = PLANE('',#3782);
#3782 = AXIS2_PLACEMENT_3D('',#3783,#3784,#3785);
#3783 = CARTESIAN_POINT('',(-1.65,-7.275,-1.8));
#3784 = DIRECTION('',(1.,0.,0.));
#3785 = DIRECTION('',(0.,0.,1.));
#3786 = DEFINITIONAL_REPRESENTATION('',(#3787),#3791);
#3787 = LINE('',#3788,#3789);
#3788 = CARTESIAN_POINT('',(0.,0.));
#3789 = VECTOR('',#3790,1.);
#3790 = DIRECTION('',(1.,0.));
#3791 = ( GEOMETRIC_REPRESENTATION_CONTEXT(2) 
PARAMETRIC_REPRESENTATION_CONTEXT() REPRESENTATION_CONTEXT('2D SPACE',''
  ) );
#3792 = PCURVE('',#3793,#3798);
#3793 = PLANE('',#3794);
#3794 = AXIS2_PLACEMENT_3D('',#3795,#3796,#3797);
#3795 = CARTESIAN_POINT('',(-1.65,-7.275,-1.8));
#3796 = DIRECTION('',(0.,1.,0.));
#3797 = DIRECTION('',(0.,0.,1.));
#3798 = DEFINITIONAL_REPRESENTATION('',(#3799),#3803);
#3799 = LINE('',#3800,#3801);
#3800 = CARTESIAN_POINT('',(0.,0.));
#3801 = VECTOR('',#3802,1.);
#3802 = DIRECTION('',(1.,0.));
#3803 = ( GEOMETRIC_REPRESENTATION_CONTEXT(2) 
PARAMETRIC_REPRESENTATION_CONTEXT() REPRESENTATION_CONTEXT('2D SPACE',''
  ) );
#3804 = ORIENTED_EDGE('',*,*,#3805,.T.);
#3805 = EDGE_CURVE('',#3771,#3806,#3808,.T.);
#3806 = VERTEX_POINT('',#3807);
#3807 = CARTESIAN_POINT('',(-1.65,-7.025,-1.8));
#3808 = SURFACE_CURVE('',#3809,(#3813,#3820),.PCURVE_S1.);
#3809 = LINE('',#3810,#3811);
#3810 = CARTESIAN_POINT('',(-1.65,-7.275,-1.8));
#3811 = VECTOR('',#3812,1.);
#3812 = DIRECTION('',(0.,1.,0.));
#3813 = PCURVE('',#3781,#3814);
#3814 = DEFINITIONAL_REPRESENTATION('',(#3815),#3819);
#3815 = LINE('',#3816,#3817);
#3816 = CARTESIAN_POINT('',(0.,0.));
#3817 = VECTOR('',#3818,1.);
#3818 = DIRECTION('',(0.,-1.));
#3819 = ( GEOMETRIC_REPRESENTATION_CONTEXT(2) 
PARAMETRIC_REPRESENTATION_CONTEXT() REPRESENTATION_CONTEXT('2D SPACE',''
  ) );
#3820 = PCURVE('',#3821,#3826);
#3821 = PLANE('',#3822);
#3822 = AXIS2_PLACEMENT_3D('',#3823,#3824,#3825);
#3823 = CARTESIAN_POINT('',(-1.65,-7.275,-1.8));
#3824 = DIRECTION('',(0.,0.,1.));
#3825 = DIRECTION('',(1.,0.,0.));
#3826 = DEFINITIONAL_REPRESENTATION('',(#3827),#3831);
#3827 = LINE('',#3828,#3829);
#3828 = CARTESIAN_POINT('',(0.,0.));
#3829 = VECTOR('',#3830,1.);
#3830 = DIRECTION('',(0.,1.));
#3831 = ( GEOMETRIC_REPRESENTATION_CONTEXT(2) 
PARAMETRIC_REPRESENTATION_CONTEXT() REPRESENTATION_CONTEXT('2D SPACE',''
  ) );
#3832 = ORIENTED_EDGE('',*,*,#3833,.T.);
#3833 = EDGE_CURVE('',#3806,#3834,#3836,.T.);
#3834 = VERTEX_POINT('',#3835);
#3835 = CARTESIAN_POINT('',(-1.65,-7.025,0.55));
#3836 = SURFACE_CURVE('',#3837,(#3841,#3848),.PCURVE_S1.);
#3837 = LINE('',#3838,#3839);
#3838 = CARTESIAN_POINT('',(-1.65,-7.025,-1.8));
#3839 = VECTOR('',#3840,1.);
#3840 = DIRECTION('',(0.,0.,1.));
#3841 = PCURVE('',#3781,#3842);
#3842 = DEFINITIONAL_REPRESENTATION('',(#3843),#3847);
#3843 = LINE('',#3844,#3845);
#3844 = CARTESIAN_POINT('',(0.,-0.25));
#3845 = VECTOR('',#3846,1.);
#3846 = DIRECTION('',(1.,0.));
#3847 = ( GEOMETRIC_REPRESENTATION_CONTEXT(2) 
PARAMETRIC_REPRESENTATION_CONTEXT() REPRESENTATION_CONTEXT('2D SPACE',''
  ) );
#3848 = PCURVE('',#3849,#3854);
#3849 = PLANE('',#3850);
#3850 = AXIS2_PLACEMENT_3D('',#3851,#3852,#3853);
#3851 = CARTESIAN_POINT('',(-1.65,-7.025,-1.8));
#3852 = DIRECTION('',(0.,1.,0.));
#3853 = DIRECTION('',(0.,0.,1.));
#3854 = DEFINITIONAL_REPRESENTATION('',(#3855),#3859);
#3855 = LINE('',#3856,#3857);
#3856 = CARTESIAN_POINT('',(0.,0.));
#3857 = VECTOR('',#3858,1.);
#3858 = DIRECTION('',(1.,0.));
#3859 = ( GEOMETRIC_REPRESENTATION_CONTEXT(2) 
PARAMETRIC_REPRESENTATION_CONTEXT() REPRESENTATION_CONTEXT('2D SPACE',''
  ) );
#3860 = ORIENTED_EDGE('',*,*,#3861,.F.);
#3861 = EDGE_CURVE('',#3773,#3834,#3862,.T.);
#3862 = SURFACE_CURVE('',#3863,(#3867,#3874),.PCURVE_S1.);
#3863 = LINE('',#3864,#3865);
#3864 = CARTESIAN_POINT('',(-1.65,-7.275,0.55));
#3865 = VECTOR('',#3866,1.);
#3866 = DIRECTION('',(0.,1.,0.));
#3867 = PCURVE('',#3781,#3868);
#3868 = DEFINITIONAL_REPRESENTATION('',(#3869),#3873);
#3869 = LINE('',#3870,#3871);
#3870 = CARTESIAN_POINT('',(2.35,0.));
#3871 = VECTOR('',#3872,1.);
#3872 = DIRECTION('',(0.,-1.));
#3873 = ( GEOMETRIC_REPRESENTATION_CONTEXT(2) 
PARAMETRIC_REPRESENTATION_CONTEXT() REPRESENTATION_CONTEXT('2D SPACE',''
  ) );
#3874 = PCURVE('',#3875,#3880);
#3875 = PLANE('',#3876);
#3876 = AXIS2_PLACEMENT_3D('',#3877,#3878,#3879);
#3877 = CARTESIAN_POINT('',(-1.65,-7.275,0.55));
#3878 = DIRECTION('',(0.,0.,1.));
#3879 = DIRECTION('',(1.,0.,0.));
#3880 = DEFINITIONAL_REPRESENTATION('',(#3881),#3885);
#3881 = LINE('',#3882,#3883);
#3882 = CARTESIAN_POINT('',(0.,0.));
#3883 = VECTOR('',#3884,1.);
#3884 = DIRECTION('',(0.,1.));
#3885 = ( GEOMETRIC_REPRESENTATION_CONTEXT(2) 
PARAMETRIC_REPRESENTATION_CONTEXT() REPRESENTATION_CONTEXT('2D SPACE',''
  ) );
#3886 = ADVANCED_FACE('',(#3887),#3901,.T.);
#3887 = FACE_BOUND('',#3888,.T.);
#3888 = EDGE_LOOP('',(#3889,#3919,#3942,#3965));
#3889 = ORIENTED_EDGE('',*,*,#3890,.F.);
#3890 = EDGE_CURVE('',#3891,#3893,#3895,.T.);
#3891 = VERTEX_POINT('',#3892);
#3892 = CARTESIAN_POINT('',(-0.35,-7.275,-1.8));
#3893 = VERTEX_POINT('',#3894);
#3894 = CARTESIAN_POINT('',(-0.35,-7.275,0.55));
#3895 = SURFACE_CURVE('',#3896,(#3900,#3912),.PCURVE_S1.);
#3896 = LINE('',#3897,#3898);
#3897 = CARTESIAN_POINT('',(-0.35,-7.275,-1.8));
#3898 = VECTOR('',#3899,1.);
#3899 = DIRECTION('',(0.,0.,1.));
#3900 = PCURVE('',#3901,#3906);
#3901 = PLANE('',#3902);
#3902 = AXIS2_PLACEMENT_3D('',#3903,#3904,#3905);
#3903 = CARTESIAN_POINT('',(-0.35,-7.275,-1.8));
#3904 = DIRECTION('',(1.,0.,0.));
#3905 = DIRECTION('',(0.,0.,1.));
#3906 = DEFINITIONAL_REPRESENTATION('',(#3907),#3911);
#3907 = LINE('',#3908,#3909);
#3908 = CARTESIAN_POINT('',(0.,0.));
#3909 = VECTOR('',#3910,1.);
#3910 = DIRECTION('',(1.,0.));
#3911 = ( GEOMETRIC_REPRESENTATION_CONTEXT(2) 
PARAMETRIC_REPRESENTATION_CONTEXT() REPRESENTATION_CONTEXT('2D SPACE',''
  ) );
#3912 = PCURVE('',#3793,#3913);
#3913 = DEFINITIONAL_REPRESENTATION('',(#3914),#3918);
#3914 = LINE('',#3915,#3916);
#3915 = CARTESIAN_POINT('',(0.,1.3));
#3916 = VECTOR('',#3917,1.);
#3917 = DIRECTION('',(1.,0.));
#3918 = ( GEOMETRIC_REPRESENTATION_CONTEXT(2) 
PARAMETRIC_REPRESENTATION_CONTEXT() REPRESENTATION_CONTEXT('2D SPACE',''
  ) );
#3919 = ORIENTED_EDGE('',*,*,#3920,.T.);
#3920 = EDGE_CURVE('',#3891,#3921,#3923,.T.);
#3921 = VERTEX_POINT('',#3922);
#3922 = CARTESIAN_POINT('',(-0.35,-7.025,-1.8));
#3923 = SURFACE_CURVE('',#3924,(#3928,#3935),.PCURVE_S1.);
#3924 = LINE('',#3925,#3926);
#3925 = CARTESIAN_POINT('',(-0.35,-7.275,-1.8));
#3926 = VECTOR('',#3927,1.);
#3927 = DIRECTION('',(0.,1.,0.));
#3928 = PCURVE('',#3901,#3929);
#3929 = DEFINITIONAL_REPRESENTATION('',(#3930),#3934);
#3930 = LINE('',#3931,#3932);
#3931 = CARTESIAN_POINT('',(0.,0.));
#3932 = VECTOR('',#3933,1.);
#3933 = DIRECTION('',(0.,-1.));
#3934 = ( GEOMETRIC_REPRESENTATION_CONTEXT(2) 
PARAMETRIC_REPRESENTATION_CONTEXT() REPRESENTATION_CONTEXT('2D SPACE',''
  ) );
#3935 = PCURVE('',#3821,#3936);
#3936 = DEFINITIONAL_REPRESENTATION('',(#3937),#3941);
#3937 = LINE('',#3938,#3939);
#3938 = CARTESIAN_POINT('',(1.3,0.));
#3939 = VECTOR('',#3940,1.);
#3940 = DIRECTION('',(0.,1.));
#3941 = ( GEOMETRIC_REPRESENTATION_CONTEXT(2) 
PARAMETRIC_REPRESENTATION_CONTEXT() REPRESENTATION_CONTEXT('2D SPACE',''
  ) );
#3942 = ORIENTED_EDGE('',*,*,#3943,.T.);
#3943 = EDGE_CURVE('',#3921,#3944,#3946,.T.);
#3944 = VERTEX_POINT('',#3945);
#3945 = CARTESIAN_POINT('',(-0.35,-7.025,0.55));
#3946 = SURFACE_CURVE('',#3947,(#3951,#3958),.PCURVE_S1.);
#3947 = LINE('',#3948,#3949);
#3948 = CARTESIAN_POINT('',(-0.35,-7.025,-1.8));
#3949 = VECTOR('',#3950,1.);
#3950 = DIRECTION('',(0.,0.,1.));
#3951 = PCURVE('',#3901,#3952);
#3952 = DEFINITIONAL_REPRESENTATION('',(#3953),#3957);
#3953 = LINE('',#3954,#3955);
#3954 = CARTESIAN_POINT('',(0.,-0.25));
#3955 = VECTOR('',#3956,1.);
#3956 = DIRECTION('',(1.,0.));
#3957 = ( GEOMETRIC_REPRESENTATION_CONTEXT(2) 
PARAMETRIC_REPRESENTATION_CONTEXT() REPRESENTATION_CONTEXT('2D SPACE',''
  ) );
#3958 = PCURVE('',#3849,#3959);
#3959 = DEFINITIONAL_REPRESENTATION('',(#3960),#3964);
#3960 = LINE('',#3961,#3962);
#3961 = CARTESIAN_POINT('',(0.,1.3));
#3962 = VECTOR('',#3963,1.);
#3963 = DIRECTION('',(1.,0.));
#3964 = ( GEOMETRIC_REPRESENTATION_CONTEXT(2) 
PARAMETRIC_REPRESENTATION_CONTEXT() REPRESENTATION_CONTEXT('2D SPACE',''
  ) );
#3965 = ORIENTED_EDGE('',*,*,#3966,.F.);
#3966 = EDGE_CURVE('',#3893,#3944,#3967,.T.);
#3967 = SURFACE_CURVE('',#3968,(#3972,#3979),.PCURVE_S1.);
#3968 = LINE('',#3969,#3970);
#3969 = CARTESIAN_POINT('',(-0.35,-7.275,0.55));
#3970 = VECTOR('',#3971,1.);
#3971 = DIRECTION('',(0.,1.,0.));
#3972 = PCURVE('',#3901,#3973);
#3973 = DEFINITIONAL_REPRESENTATION('',(#3974),#3978);
#3974 = LINE('',#3975,#3976);
#3975 = CARTESIAN_POINT('',(2.35,0.));
#3976 = VECTOR('',#3977,1.);
#3977 = DIRECTION('',(0.,-1.));
#3978 = ( GEOMETRIC_REPRESENTATION_CONTEXT(2) 
PARAMETRIC_REPRESENTATION_CONTEXT() REPRESENTATION_CONTEXT('2D SPACE',''
  ) );
#3979 = PCURVE('',#3875,#3980);
#3980 = DEFINITIONAL_REPRESENTATION('',(#3981),#3985);
#3981 = LINE('',#3982,#3983);
#3982 = CARTESIAN_POINT('',(1.3,0.));
#3983 = VECTOR('',#3984,1.);
#3984 = DIRECTION('',(0.,1.));
#3985 = ( GEOMETRIC_REPRESENTATION_CONTEXT(2) 
PARAMETRIC_REPRESENTATION_CONTEXT() REPRESENTATION_CONTEXT('2D SPACE',''
  ) );
#3986 = ADVANCED_FACE('',(#3987),#3793,.F.);
#3987 = FACE_BOUND('',#3988,.F.);
#3988 = EDGE_LOOP('',(#3989,#4010,#4011,#4032));
#3989 = ORIENTED_EDGE('',*,*,#3990,.F.);
#3990 = EDGE_CURVE('',#3771,#3891,#3991,.T.);
#3991 = SURFACE_CURVE('',#3992,(#3996,#4003),.PCURVE_S1.);
#3992 = LINE('',#3993,#3994);
#3993 = CARTESIAN_POINT('',(-1.65,-7.275,-1.8));
#3994 = VECTOR('',#3995,1.);
#3995 = DIRECTION('',(1.,0.,0.));
#3996 = PCURVE('',#3793,#3997);
#3997 = DEFINITIONAL_REPRESENTATION('',(#3998),#4002);
#3998 = LINE('',#3999,#4000);
#3999 = CARTESIAN_POINT('',(0.,0.));
#4000 = VECTOR('',#4001,1.);
#4001 = DIRECTION('',(0.,1.));
#4002 = ( GEOMETRIC_REPRESENTATION_CONTEXT(2) 
PARAMETRIC_REPRESENTATION_CONTEXT() REPRESENTATION_CONTEXT('2D SPACE',''
  ) );
#4003 = PCURVE('',#3821,#4004);
#4004 = DEFINITIONAL_REPRESENTATION('',(#4005),#4009);
#4005 = LINE('',#4006,#4007);
#4006 = CARTESIAN_POINT('',(0.,0.));
#4007 = VECTOR('',#4008,1.);
#4008 = DIRECTION('',(1.,0.));
#4009 = ( GEOMETRIC_REPRESENTATION_CONTEXT(2) 
PARAMETRIC_REPRESENTATION_CONTEXT() REPRESENTATION_CONTEXT('2D SPACE',''
  ) );
#4010 = ORIENTED_EDGE('',*,*,#3770,.T.);
#4011 = ORIENTED_EDGE('',*,*,#4012,.T.);
#4012 = EDGE_CURVE('',#3773,#3893,#4013,.T.);
#4013 = SURFACE_CURVE('',#4014,(#4018,#4025),.PCURVE_S1.);
#4014 = LINE('',#4015,#4016);
#4015 = CARTESIAN_POINT('',(-1.65,-7.275,0.55));
#4016 = VECTOR('',#4017,1.);
#4017 = DIRECTION('',(1.,0.,0.));
#4018 = PCURVE('',#3793,#4019);
#4019 = DEFINITIONAL_REPRESENTATION('',(#4020),#4024);
#4020 = LINE('',#4021,#4022);
#4021 = CARTESIAN_POINT('',(2.35,0.));
#4022 = VECTOR('',#4023,1.);
#4023 = DIRECTION('',(0.,1.));
#4024 = ( GEOMETRIC_REPRESENTATION_CONTEXT(2) 
PARAMETRIC_REPRESENTATION_CONTEXT() REPRESENTATION_CONTEXT('2D SPACE',''
  ) );
#4025 = PCURVE('',#3875,#4026);
#4026 = DEFINITIONAL_REPRESENTATION('',(#4027),#4031);
#4027 = LINE('',#4028,#4029);
#4028 = CARTESIAN_POINT('',(0.,0.));
#4029 = VECTOR('',#4030,1.);
#4030 = DIRECTION('',(1.,0.));
#4031 = ( GEOMETRIC_REPRESENTATION_CONTEXT(2) 
PARAMETRIC_REPRESENTATION_CONTEXT() REPRESENTATION_CONTEXT('2D SPACE',''
  ) );
#4032 = ORIENTED_EDGE('',*,*,#3890,.F.);
#4033 = ADVANCED_FACE('',(#4034),#3849,.T.);
#4034 = FACE_BOUND('',#4035,.T.);
#4035 = EDGE_LOOP('',(#4036,#4057,#4058,#4079));
#4036 = ORIENTED_EDGE('',*,*,#4037,.F.);
#4037 = EDGE_CURVE('',#3806,#3921,#4038,.T.);
#4038 = SURFACE_CURVE('',#4039,(#4043,#4050),.PCURVE_S1.);
#4039 = LINE('',#4040,#4041);
#4040 = CARTESIAN_POINT('',(-1.65,-7.025,-1.8));
#4041 = VECTOR('',#4042,1.);
#4042 = DIRECTION('',(1.,0.,0.));
#4043 = PCURVE('',#3849,#4044);
#4044 = DEFINITIONAL_REPRESENTATION('',(#4045),#4049);
#4045 = LINE('',#4046,#4047);
#4046 = CARTESIAN_POINT('',(0.,0.));
#4047 = VECTOR('',#4048,1.);
#4048 = DIRECTION('',(0.,1.));
#4049 = ( GEOMETRIC_REPRESENTATION_CONTEXT(2) 
PARAMETRIC_REPRESENTATION_CONTEXT() REPRESENTATION_CONTEXT('2D SPACE',''
  ) );
#4050 = PCURVE('',#3821,#4051);
#4051 = DEFINITIONAL_REPRESENTATION('',(#4052),#4056);
#4052 = LINE('',#4053,#4054);
#4053 = CARTESIAN_POINT('',(0.,0.25));
#4054 = VECTOR('',#4055,1.);
#4055 = DIRECTION('',(1.,0.));
#4056 = ( GEOMETRIC_REPRESENTATION_CONTEXT(2) 
PARAMETRIC_REPRESENTATION_CONTEXT() REPRESENTATION_CONTEXT('2D SPACE',''
  ) );
#4057 = ORIENTED_EDGE('',*,*,#3833,.T.);
#4058 = ORIENTED_EDGE('',*,*,#4059,.T.);
#4059 = EDGE_CURVE('',#3834,#3944,#4060,.T.);
#4060 = SURFACE_CURVE('',#4061,(#4065,#4072),.PCURVE_S1.);
#4061 = LINE('',#4062,#4063);
#4062 = CARTESIAN_POINT('',(-1.65,-7.025,0.55));
#4063 = VECTOR('',#4064,1.);
#4064 = DIRECTION('',(1.,0.,0.));
#4065 = PCURVE('',#3849,#4066);
#4066 = DEFINITIONAL_REPRESENTATION('',(#4067),#4071);
#4067 = LINE('',#4068,#4069);
#4068 = CARTESIAN_POINT('',(2.35,0.));
#4069 = VECTOR('',#4070,1.);
#4070 = DIRECTION('',(0.,1.));
#4071 = ( GEOMETRIC_REPRESENTATION_CONTEXT(2) 
PARAMETRIC_REPRESENTATION_CONTEXT() REPRESENTATION_CONTEXT('2D SPACE',''
  ) );
#4072 = PCURVE('',#3875,#4073);
#4073 = DEFINITIONAL_REPRESENTATION('',(#4074),#4078);
#4074 = LINE('',#4075,#4076);
#4075 = CARTESIAN_POINT('',(0.,0.25));
#4076 = VECTOR('',#4077,1.);
#4077 = DIRECTION('',(1.,0.));
#4078 = ( GEOMETRIC_REPRESENTATION_CONTEXT(2) 
PARAMETRIC_REPRESENTATION_CONTEXT() REPRESENTATION_CONTEXT('2D SPACE',''
  ) );
#4079 = ORIENTED_EDGE('',*,*,#3943,.F.);
#4080 = ADVANCED_FACE('',(#4081),#3821,.F.);
#4081 = FACE_BOUND('',#4082,.F.);
#4082 = EDGE_LOOP('',(#4083,#4084,#4085,#4086));
#4083 = ORIENTED_EDGE('',*,*,#3805,.F.);
#4084 = ORIENTED_EDGE('',*,*,#3990,.T.);
#4085 = ORIENTED_EDGE('',*,*,#3920,.T.);
#4086 = ORIENTED_EDGE('',*,*,#4037,.F.);
#4087 = ADVANCED_FACE('',(#4088),#3875,.T.);
#4088 = FACE_BOUND('',#4089,.T.);
#4089 = EDGE_LOOP('',(#4090,#4091,#4092,#4093));
#4090 = ORIENTED_EDGE('',*,*,#3861,.F.);
#4091 = ORIENTED_EDGE('',*,*,#4012,.T.);
#4092 = ORIENTED_EDGE('',*,*,#3966,.T.);
#4093 = ORIENTED_EDGE('',*,*,#4059,.F.);
#4094 = MANIFOLD_SOLID_BREP('',#4095);
#4095 = CLOSED_SHELL('',(#4096,#4216,#4316,#4363,#4410,#4417));
#4096 = ADVANCED_FACE('',(#4097),#4111,.F.);
#4097 = FACE_BOUND('',#4098,.F.);
#4098 = EDGE_LOOP('',(#4099,#4134,#4162,#4190));
#4099 = ORIENTED_EDGE('',*,*,#4100,.F.);
#4100 = EDGE_CURVE('',#4101,#4103,#4105,.T.);
#4101 = VERTEX_POINT('',#4102);
#4102 = CARTESIAN_POINT('',(2.35,-7.275,-1.8));
#4103 = VERTEX_POINT('',#4104);
#4104 = CARTESIAN_POINT('',(2.35,-7.275,0.55));
#4105 = SURFACE_CURVE('',#4106,(#4110,#4122),.PCURVE_S1.);
#4106 = LINE('',#4107,#4108);
#4107 = CARTESIAN_POINT('',(2.35,-7.275,-1.8));
#4108 = VECTOR('',#4109,1.);
#4109 = DIRECTION('',(0.,0.,1.));
#4110 = PCURVE('',#4111,#4116);
#4111 = PLANE('',#4112);
#4112 = AXIS2_PLACEMENT_3D('',#4113,#4114,#4115);
#4113 = CARTESIAN_POINT('',(2.35,-7.275,-1.8));
#4114 = DIRECTION('',(1.,0.,0.));
#4115 = DIRECTION('',(0.,0.,1.));
#4116 = DEFINITIONAL_REPRESENTATION('',(#4117),#4121);
#4117 = LINE('',#4118,#4119);
#4118 = CARTESIAN_POINT('',(0.,0.));
#4119 = VECTOR('',#4120,1.);
#4120 = DIRECTION('',(1.,0.));
#4121 = ( GEOMETRIC_REPRESENTATION_CONTEXT(2) 
PARAMETRIC_REPRESENTATION_CONTEXT() REPRESENTATION_CONTEXT('2D SPACE',''
  ) );
#4122 = PCURVE('',#4123,#4128);
#4123 = PLANE('',#4124);
#4124 = AXIS2_PLACEMENT_3D('',#4125,#4126,#4127);
#4125 = CARTESIAN_POINT('',(2.35,-7.275,-1.8));
#4126 = DIRECTION('',(0.,1.,0.));
#4127 = DIRECTION('',(0.,0.,1.));
#4128 = DEFINITIONAL_REPRESENTATION('',(#4129),#4133);
#4129 = LINE('',#4130,#4131);
#4130 = CARTESIAN_POINT('',(0.,0.));
#4131 = VECTOR('',#4132,1.);
#4132 = DIRECTION('',(1.,0.));
#4133 = ( GEOMETRIC_REPRESENTATION_CONTEXT(2) 
PARAMETRIC_REPRESENTATION_CONTEXT() REPRESENTATION_CONTEXT('2D SPACE',''
  ) );
#4134 = ORIENTED_EDGE('',*,*,#4135,.T.);
#4135 = EDGE_CURVE('',#4101,#4136,#4138,.T.);
#4136 = VERTEX_POINT('',#4137);
#4137 = CARTESIAN_POINT('',(2.35,-7.025,-1.8));
#4138 = SURFACE_CURVE('',#4139,(#4143,#4150),.PCURVE_S1.);
#4139 = LINE('',#4140,#4141);
#4140 = CARTESIAN_POINT('',(2.35,-7.275,-1.8));
#4141 = VECTOR('',#4142,1.);
#4142 = DIRECTION('',(0.,1.,0.));
#4143 = PCURVE('',#4111,#4144);
#4144 = DEFINITIONAL_REPRESENTATION('',(#4145),#4149);
#4145 = LINE('',#4146,#4147);
#4146 = CARTESIAN_POINT('',(0.,0.));
#4147 = VECTOR('',#4148,1.);
#4148 = DIRECTION('',(0.,-1.));
#4149 = ( GEOMETRIC_REPRESENTATION_CONTEXT(2) 
PARAMETRIC_REPRESENTATION_CONTEXT() REPRESENTATION_CONTEXT('2D SPACE',''
  ) );
#4150 = PCURVE('',#4151,#4156);
#4151 = PLANE('',#4152);
#4152 = AXIS2_PLACEMENT_3D('',#4153,#4154,#4155);
#4153 = CARTESIAN_POINT('',(2.35,-7.275,-1.8));
#4154 = DIRECTION('',(0.,0.,1.));
#4155 = DIRECTION('',(1.,0.,0.));
#4156 = DEFINITIONAL_REPRESENTATION('',(#4157),#4161);
#4157 = LINE('',#4158,#4159);
#4158 = CARTESIAN_POINT('',(0.,0.));
#4159 = VECTOR('',#4160,1.);
#4160 = DIRECTION('',(0.,1.));
#4161 = ( GEOMETRIC_REPRESENTATION_CONTEXT(2) 
PARAMETRIC_REPRESENTATION_CONTEXT() REPRESENTATION_CONTEXT('2D SPACE',''
  ) );
#4162 = ORIENTED_EDGE('',*,*,#4163,.T.);
#4163 = EDGE_CURVE('',#4136,#4164,#4166,.T.);
#4164 = VERTEX_POINT('',#4165);
#4165 = CARTESIAN_POINT('',(2.35,-7.025,0.55));
#4166 = SURFACE_CURVE('',#4167,(#4171,#4178),.PCURVE_S1.);
#4167 = LINE('',#4168,#4169);
#4168 = CARTESIAN_POINT('',(2.35,-7.025,-1.8));
#4169 = VECTOR('',#4170,1.);
#4170 = DIRECTION('',(0.,0.,1.));
#4171 = PCURVE('',#4111,#4172);
#4172 = DEFINITIONAL_REPRESENTATION('',(#4173),#4177);
#4173 = LINE('',#4174,#4175);
#4174 = CARTESIAN_POINT('',(0.,-0.25));
#4175 = VECTOR('',#4176,1.);
#4176 = DIRECTION('',(1.,0.));
#4177 = ( GEOMETRIC_REPRESENTATION_CONTEXT(2) 
PARAMETRIC_REPRESENTATION_CONTEXT() REPRESENTATION_CONTEXT('2D SPACE',''
  ) );
#4178 = PCURVE('',#4179,#4184);
#4179 = PLANE('',#4180);
#4180 = AXIS2_PLACEMENT_3D('',#4181,#4182,#4183);
#4181 = CARTESIAN_POINT('',(2.35,-7.025,-1.8));
#4182 = DIRECTION('',(0.,1.,0.));
#4183 = DIRECTION('',(0.,0.,1.));
#4184 = DEFINITIONAL_REPRESENTATION('',(#4185),#4189);
#4185 = LINE('',#4186,#4187);
#4186 = CARTESIAN_POINT('',(0.,0.));
#4187 = VECTOR('',#4188,1.);
#4188 = DIRECTION('',(1.,0.));
#4189 = ( GEOMETRIC_REPRESENTATION_CONTEXT(2) 
PARAMETRIC_REPRESENTATION_CONTEXT() REPRESENTATION_CONTEXT('2D SPACE',''
  ) );
#4190 = ORIENTED_EDGE('',*,*,#4191,.F.);
#4191 = EDGE_CURVE('',#4103,#4164,#4192,.T.);
#4192 = SURFACE_CURVE('',#4193,(#4197,#4204),.PCURVE_S1.);
#4193 = LINE('',#4194,#4195);
#4194 = CARTESIAN_POINT('',(2.35,-7.275,0.55));
#4195 = VECTOR('',#4196,1.);
#4196 = DIRECTION('',(0.,1.,0.));
#4197 = PCURVE('',#4111,#4198);
#4198 = DEFINITIONAL_REPRESENTATION('',(#4199),#4203);
#4199 = LINE('',#4200,#4201);
#4200 = CARTESIAN_POINT('',(2.35,0.));
#4201 = VECTOR('',#4202,1.);
#4202 = DIRECTION('',(0.,-1.));
#4203 = ( GEOMETRIC_REPRESENTATION_CONTEXT(2) 
PARAMETRIC_REPRESENTATION_CONTEXT() REPRESENTATION_CONTEXT('2D SPACE',''
  ) );
#4204 = PCURVE('',#4205,#4210);
#4205 = PLANE('',#4206);
#4206 = AXIS2_PLACEMENT_3D('',#4207,#4208,#4209);
#4207 = CARTESIAN_POINT('',(2.35,-7.275,0.55));
#4208 = DIRECTION('',(0.,0.,1.));
#4209 = DIRECTION('',(1.,0.,0.));
#4210 = DEFINITIONAL_REPRESENTATION('',(#4211),#4215);
#4211 = LINE('',#4212,#4213);
#4212 = CARTESIAN_POINT('',(0.,0.));
#4213 = VECTOR('',#4214,1.);
#4214 = DIRECTION('',(0.,1.));
#4215 = ( GEOMETRIC_REPRESENTATION_CONTEXT(2) 
PARAMETRIC_REPRESENTATION_CONTEXT() REPRESENTATION_CONTEXT('2D SPACE',''
  ) );
#4216 = ADVANCED_FACE('',(#4217),#4231,.T.);
#4217 = FACE_BOUND('',#4218,.T.);
#4218 = EDGE_LOOP('',(#4219,#4249,#4272,#4295));
#4219 = ORIENTED_EDGE('',*,*,#4220,.F.);
#4220 = EDGE_CURVE('',#4221,#4223,#4225,.T.);
#4221 = VERTEX_POINT('',#4222);
#4222 = CARTESIAN_POINT('',(3.65,-7.275,-1.8));
#4223 = VERTEX_POINT('',#4224);
#4224 = CARTESIAN_POINT('',(3.65,-7.275,0.55));
#4225 = SURFACE_CURVE('',#4226,(#4230,#4242),.PCURVE_S1.);
#4226 = LINE('',#4227,#4228);
#4227 = CARTESIAN_POINT('',(3.65,-7.275,-1.8));
#4228 = VECTOR('',#4229,1.);
#4229 = DIRECTION('',(0.,0.,1.));
#4230 = PCURVE('',#4231,#4236);
#4231 = PLANE('',#4232);
#4232 = AXIS2_PLACEMENT_3D('',#4233,#4234,#4235);
#4233 = CARTESIAN_POINT('',(3.65,-7.275,-1.8));
#4234 = DIRECTION('',(1.,0.,0.));
#4235 = DIRECTION('',(0.,0.,1.));
#4236 = DEFINITIONAL_REPRESENTATION('',(#4237),#4241);
#4237 = LINE('',#4238,#4239);
#4238 = CARTESIAN_POINT('',(0.,0.));
#4239 = VECTOR('',#4240,1.);
#4240 = DIRECTION('',(1.,0.));
#4241 = ( GEOMETRIC_REPRESENTATION_CONTEXT(2) 
PARAMETRIC_REPRESENTATION_CONTEXT() REPRESENTATION_CONTEXT('2D SPACE',''
  ) );
#4242 = PCURVE('',#4123,#4243);
#4243 = DEFINITIONAL_REPRESENTATION('',(#4244),#4248);
#4244 = LINE('',#4245,#4246);
#4245 = CARTESIAN_POINT('',(0.,1.3));
#4246 = VECTOR('',#4247,1.);
#4247 = DIRECTION('',(1.,0.));
#4248 = ( GEOMETRIC_REPRESENTATION_CONTEXT(2) 
PARAMETRIC_REPRESENTATION_CONTEXT() REPRESENTATION_CONTEXT('2D SPACE',''
  ) );
#4249 = ORIENTED_EDGE('',*,*,#4250,.T.);
#4250 = EDGE_CURVE('',#4221,#4251,#4253,.T.);
#4251 = VERTEX_POINT('',#4252);
#4252 = CARTESIAN_POINT('',(3.65,-7.025,-1.8));
#4253 = SURFACE_CURVE('',#4254,(#4258,#4265),.PCURVE_S1.);
#4254 = LINE('',#4255,#4256);
#4255 = CARTESIAN_POINT('',(3.65,-7.275,-1.8));
#4256 = VECTOR('',#4257,1.);
#4257 = DIRECTION('',(0.,1.,0.));
#4258 = PCURVE('',#4231,#4259);
#4259 = DEFINITIONAL_REPRESENTATION('',(#4260),#4264);
#4260 = LINE('',#4261,#4262);
#4261 = CARTESIAN_POINT('',(0.,0.));
#4262 = VECTOR('',#4263,1.);
#4263 = DIRECTION('',(0.,-1.));
#4264 = ( GEOMETRIC_REPRESENTATION_CONTEXT(2) 
PARAMETRIC_REPRESENTATION_CONTEXT() REPRESENTATION_CONTEXT('2D SPACE',''
  ) );
#4265 = PCURVE('',#4151,#4266);
#4266 = DEFINITIONAL_REPRESENTATION('',(#4267),#4271);
#4267 = LINE('',#4268,#4269);
#4268 = CARTESIAN_POINT('',(1.3,0.));
#4269 = VECTOR('',#4270,1.);
#4270 = DIRECTION('',(0.,1.));
#4271 = ( GEOMETRIC_REPRESENTATION_CONTEXT(2) 
PARAMETRIC_REPRESENTATION_CONTEXT() REPRESENTATION_CONTEXT('2D SPACE',''
  ) );
#4272 = ORIENTED_EDGE('',*,*,#4273,.T.);
#4273 = EDGE_CURVE('',#4251,#4274,#4276,.T.);
#4274 = VERTEX_POINT('',#4275);
#4275 = CARTESIAN_POINT('',(3.65,-7.025,0.55));
#4276 = SURFACE_CURVE('',#4277,(#4281,#4288),.PCURVE_S1.);
#4277 = LINE('',#4278,#4279);
#4278 = CARTESIAN_POINT('',(3.65,-7.025,-1.8));
#4279 = VECTOR('',#4280,1.);
#4280 = DIRECTION('',(0.,0.,1.));
#4281 = PCURVE('',#4231,#4282);
#4282 = DEFINITIONAL_REPRESENTATION('',(#4283),#4287);
#4283 = LINE('',#4284,#4285);
#4284 = CARTESIAN_POINT('',(0.,-0.25));
#4285 = VECTOR('',#4286,1.);
#4286 = DIRECTION('',(1.,0.));
#4287 = ( GEOMETRIC_REPRESENTATION_CONTEXT(2) 
PARAMETRIC_REPRESENTATION_CONTEXT() REPRESENTATION_CONTEXT('2D SPACE',''
  ) );
#4288 = PCURVE('',#4179,#4289);
#4289 = DEFINITIONAL_REPRESENTATION('',(#4290),#4294);
#4290 = LINE('',#4291,#4292);
#4291 = CARTESIAN_POINT('',(0.,1.3));
#4292 = VECTOR('',#4293,1.);
#4293 = DIRECTION('',(1.,0.));
#4294 = ( GEOMETRIC_REPRESENTATION_CONTEXT(2) 
PARAMETRIC_REPRESENTATION_CONTEXT() REPRESENTATION_CONTEXT('2D SPACE',''
  ) );
#4295 = ORIENTED_EDGE('',*,*,#4296,.F.);
#4296 = EDGE_CURVE('',#4223,#4274,#4297,.T.);
#4297 = SURFACE_CURVE('',#4298,(#4302,#4309),.PCURVE_S1.);
#4298 = LINE('',#4299,#4300);
#4299 = CARTESIAN_POINT('',(3.65,-7.275,0.55));
#4300 = VECTOR('',#4301,1.);
#4301 = DIRECTION('',(0.,1.,0.));
#4302 = PCURVE('',#4231,#4303);
#4303 = DEFINITIONAL_REPRESENTATION('',(#4304),#4308);
#4304 = LINE('',#4305,#4306);
#4305 = CARTESIAN_POINT('',(2.35,0.));
#4306 = VECTOR('',#4307,1.);
#4307 = DIRECTION('',(0.,-1.));
#4308 = ( GEOMETRIC_REPRESENTATION_CONTEXT(2) 
PARAMETRIC_REPRESENTATION_CONTEXT() REPRESENTATION_CONTEXT('2D SPACE',''
  ) );
#4309 = PCURVE('',#4205,#4310);
#4310 = DEFINITIONAL_REPRESENTATION('',(#4311),#4315);
#4311 = LINE('',#4312,#4313);
#4312 = CARTESIAN_POINT('',(1.3,0.));
#4313 = VECTOR('',#4314,1.);
#4314 = DIRECTION('',(0.,1.));
#4315 = ( GEOMETRIC_REPRESENTATION_CONTEXT(2) 
PARAMETRIC_REPRESENTATION_CONTEXT() REPRESENTATION_CONTEXT('2D SPACE',''
  ) );
#4316 = ADVANCED_FACE('',(#4317),#4123,.F.);
#4317 = FACE_BOUND('',#4318,.F.);
#4318 = EDGE_LOOP('',(#4319,#4340,#4341,#4362));
#4319 = ORIENTED_EDGE('',*,*,#4320,.F.);
#4320 = EDGE_CURVE('',#4101,#4221,#4321,.T.);
#4321 = SURFACE_CURVE('',#4322,(#4326,#4333),.PCURVE_S1.);
#4322 = LINE('',#4323,#4324);
#4323 = CARTESIAN_POINT('',(2.35,-7.275,-1.8));
#4324 = VECTOR('',#4325,1.);
#4325 = DIRECTION('',(1.,0.,0.));
#4326 = PCURVE('',#4123,#4327);
#4327 = DEFINITIONAL_REPRESENTATION('',(#4328),#4332);
#4328 = LINE('',#4329,#4330);
#4329 = CARTESIAN_POINT('',(0.,0.));
#4330 = VECTOR('',#4331,1.);
#4331 = DIRECTION('',(0.,1.));
#4332 = ( GEOMETRIC_REPRESENTATION_CONTEXT(2) 
PARAMETRIC_REPRESENTATION_CONTEXT() REPRESENTATION_CONTEXT('2D SPACE',''
  ) );
#4333 = PCURVE('',#4151,#4334);
#4334 = DEFINITIONAL_REPRESENTATION('',(#4335),#4339);
#4335 = LINE('',#4336,#4337);
#4336 = CARTESIAN_POINT('',(0.,0.));
#4337 = VECTOR('',#4338,1.);
#4338 = DIRECTION('',(1.,0.));
#4339 = ( GEOMETRIC_REPRESENTATION_CONTEXT(2) 
PARAMETRIC_REPRESENTATION_CONTEXT() REPRESENTATION_CONTEXT('2D SPACE',''
  ) );
#4340 = ORIENTED_EDGE('',*,*,#4100,.T.);
#4341 = ORIENTED_EDGE('',*,*,#4342,.T.);
#4342 = EDGE_CURVE('',#4103,#4223,#4343,.T.);
#4343 = SURFACE_CURVE('',#4344,(#4348,#4355),.PCURVE_S1.);
#4344 = LINE('',#4345,#4346);
#4345 = CARTESIAN_POINT('',(2.35,-7.275,0.55));
#4346 = VECTOR('',#4347,1.);
#4347 = DIRECTION('',(1.,0.,0.));
#4348 = PCURVE('',#4123,#4349);
#4349 = DEFINITIONAL_REPRESENTATION('',(#4350),#4354);
#4350 = LINE('',#4351,#4352);
#4351 = CARTESIAN_POINT('',(2.35,0.));
#4352 = VECTOR('',#4353,1.);
#4353 = DIRECTION('',(0.,1.));
#4354 = ( GEOMETRIC_REPRESENTATION_CONTEXT(2) 
PARAMETRIC_REPRESENTATION_CONTEXT() REPRESENTATION_CONTEXT('2D SPACE',''
  ) );
#4355 = PCURVE('',#4205,#4356);
#4356 = DEFINITIONAL_REPRESENTATION('',(#4357),#4361);
#4357 = LINE('',#4358,#4359);
#4358 = CARTESIAN_POINT('',(0.,0.));
#4359 = VECTOR('',#4360,1.);
#4360 = DIRECTION('',(1.,0.));
#4361 = ( GEOMETRIC_REPRESENTATION_CONTEXT(2) 
PARAMETRIC_REPRESENTATION_CONTEXT() REPRESENTATION_CONTEXT('2D SPACE',''
  ) );
#4362 = ORIENTED_EDGE('',*,*,#4220,.F.);
#4363 = ADVANCED_FACE('',(#4364),#4179,.T.);
#4364 = FACE_BOUND('',#4365,.T.);
#4365 = EDGE_LOOP('',(#4366,#4387,#4388,#4409));
#4366 = ORIENTED_EDGE('',*,*,#4367,.F.);
#4367 = EDGE_CURVE('',#4136,#4251,#4368,.T.);
#4368 = SURFACE_CURVE('',#4369,(#4373,#4380),.PCURVE_S1.);
#4369 = LINE('',#4370,#4371);
#4370 = CARTESIAN_POINT('',(2.35,-7.025,-1.8));
#4371 = VECTOR('',#4372,1.);
#4372 = DIRECTION('',(1.,0.,0.));
#4373 = PCURVE('',#4179,#4374);
#4374 = DEFINITIONAL_REPRESENTATION('',(#4375),#4379);
#4375 = LINE('',#4376,#4377);
#4376 = CARTESIAN_POINT('',(0.,0.));
#4377 = VECTOR('',#4378,1.);
#4378 = DIRECTION('',(0.,1.));
#4379 = ( GEOMETRIC_REPRESENTATION_CONTEXT(2) 
PARAMETRIC_REPRESENTATION_CONTEXT() REPRESENTATION_CONTEXT('2D SPACE',''
  ) );
#4380 = PCURVE('',#4151,#4381);
#4381 = DEFINITIONAL_REPRESENTATION('',(#4382),#4386);
#4382 = LINE('',#4383,#4384);
#4383 = CARTESIAN_POINT('',(0.,0.25));
#4384 = VECTOR('',#4385,1.);
#4385 = DIRECTION('',(1.,0.));
#4386 = ( GEOMETRIC_REPRESENTATION_CONTEXT(2) 
PARAMETRIC_REPRESENTATION_CONTEXT() REPRESENTATION_CONTEXT('2D SPACE',''
  ) );
#4387 = ORIENTED_EDGE('',*,*,#4163,.T.);
#4388 = ORIENTED_EDGE('',*,*,#4389,.T.);
#4389 = EDGE_CURVE('',#4164,#4274,#4390,.T.);
#4390 = SURFACE_CURVE('',#4391,(#4395,#4402),.PCURVE_S1.);
#4391 = LINE('',#4392,#4393);
#4392 = CARTESIAN_POINT('',(2.35,-7.025,0.55));
#4393 = VECTOR('',#4394,1.);
#4394 = DIRECTION('',(1.,0.,0.));
#4395 = PCURVE('',#4179,#4396);
#4396 = DEFINITIONAL_REPRESENTATION('',(#4397),#4401);
#4397 = LINE('',#4398,#4399);
#4398 = CARTESIAN_POINT('',(2.35,0.));
#4399 = VECTOR('',#4400,1.);
#4400 = DIRECTION('',(0.,1.));
#4401 = ( GEOMETRIC_REPRESENTATION_CONTEXT(2) 
PARAMETRIC_REPRESENTATION_CONTEXT() REPRESENTATION_CONTEXT('2D SPACE',''
  ) );
#4402 = PCURVE('',#4205,#4403);
#4403 = DEFINITIONAL_REPRESENTATION('',(#4404),#4408);
#4404 = LINE('',#4405,#4406);
#4405 = CARTESIAN_POINT('',(0.,0.25));
#4406 = VECTOR('',#4407,1.);
#4407 = DIRECTION('',(1.,0.));
#4408 = ( GEOMETRIC_REPRESENTATION_CONTEXT(2) 
PARAMETRIC_REPRESENTATION_CONTEXT() REPRESENTATION_CONTEXT('2D SPACE',''
  ) );
#4409 = ORIENTED_EDGE('',*,*,#4273,.F.);
#4410 = ADVANCED_FACE('',(#4411),#4151,.F.);
#4411 = FACE_BOUND('',#4412,.F.);
#4412 = EDGE_LOOP('',(#4413,#4414,#4415,#4416));
#4413 = ORIENTED_EDGE('',*,*,#4135,.F.);
#4414 = ORIENTED_EDGE('',*,*,#4320,.T.);
#4415 = ORIENTED_EDGE('',*,*,#4250,.T.);
#4416 = ORIENTED_EDGE('',*,*,#4367,.F.);
#4417 = ADVANCED_FACE('',(#4418),#4205,.T.);
#4418 = FACE_BOUND('',#4419,.T.);
#4419 = EDGE_LOOP('',(#4420,#4421,#4422,#4423));
#4420 = ORIENTED_EDGE('',*,*,#4191,.F.);
#4421 = ORIENTED_EDGE('',*,*,#4342,.T.);
#4422 = ORIENTED_EDGE('',*,*,#4296,.T.);
#4423 = ORIENTED_EDGE('',*,*,#4389,.F.);
#4424 = MANIFOLD_SOLID_BREP('',#4425);
#4425 = CLOSED_SHELL('',(#4426,#4546,#4646,#4693,#4740,#4747));
#4426 = ADVANCED_FACE('',(#4427),#4441,.F.);
#4427 = FACE_BOUND('',#4428,.F.);
#4428 = EDGE_LOOP('',(#4429,#4464,#4492,#4520));
#4429 = ORIENTED_EDGE('',*,*,#4430,.F.);
#4430 = EDGE_CURVE('',#4431,#4433,#4435,.T.);
#4431 = VERTEX_POINT('',#4432);
#4432 = CARTESIAN_POINT('',(6.35,-7.275,-1.8));
#4433 = VERTEX_POINT('',#4434);
#4434 = CARTESIAN_POINT('',(6.35,-7.275,0.55));
#4435 = SURFACE_CURVE('',#4436,(#4440,#4452),.PCURVE_S1.);
#4436 = LINE('',#4437,#4438);
#4437 = CARTESIAN_POINT('',(6.35,-7.275,-1.8));
#4438 = VECTOR('',#4439,1.);
#4439 = DIRECTION('',(0.,0.,1.));
#4440 = PCURVE('',#4441,#4446);
#4441 = PLANE('',#4442);
#4442 = AXIS2_PLACEMENT_3D('',#4443,#4444,#4445);
#4443 = CARTESIAN_POINT('',(6.35,-7.275,-1.8));
#4444 = DIRECTION('',(1.,0.,0.));
#4445 = DIRECTION('',(0.,0.,1.));
#4446 = DEFINITIONAL_REPRESENTATION('',(#4447),#4451);
#4447 = LINE('',#4448,#4449);
#4448 = CARTESIAN_POINT('',(0.,0.));
#4449 = VECTOR('',#4450,1.);
#4450 = DIRECTION('',(1.,0.));
#4451 = ( GEOMETRIC_REPRESENTATION_CONTEXT(2) 
PARAMETRIC_REPRESENTATION_CONTEXT() REPRESENTATION_CONTEXT('2D SPACE',''
  ) );
#4452 = PCURVE('',#4453,#4458);
#4453 = PLANE('',#4454);
#4454 = AXIS2_PLACEMENT_3D('',#4455,#4456,#4457);
#4455 = CARTESIAN_POINT('',(6.35,-7.275,-1.8));
#4456 = DIRECTION('',(0.,1.,0.));
#4457 = DIRECTION('',(0.,0.,1.));
#4458 = DEFINITIONAL_REPRESENTATION('',(#4459),#4463);
#4459 = LINE('',#4460,#4461);
#4460 = CARTESIAN_POINT('',(0.,0.));
#4461 = VECTOR('',#4462,1.);
#4462 = DIRECTION('',(1.,0.));
#4463 = ( GEOMETRIC_REPRESENTATION_CONTEXT(2) 
PARAMETRIC_REPRESENTATION_CONTEXT() REPRESENTATION_CONTEXT('2D SPACE',''
  ) );
#4464 = ORIENTED_EDGE('',*,*,#4465,.T.);
#4465 = EDGE_CURVE('',#4431,#4466,#4468,.T.);
#4466 = VERTEX_POINT('',#4467);
#4467 = CARTESIAN_POINT('',(6.35,-7.025,-1.8));
#4468 = SURFACE_CURVE('',#4469,(#4473,#4480),.PCURVE_S1.);
#4469 = LINE('',#4470,#4471);
#4470 = CARTESIAN_POINT('',(6.35,-7.275,-1.8));
#4471 = VECTOR('',#4472,1.);
#4472 = DIRECTION('',(0.,1.,0.));
#4473 = PCURVE('',#4441,#4474);
#4474 = DEFINITIONAL_REPRESENTATION('',(#4475),#4479);
#4475 = LINE('',#4476,#4477);
#4476 = CARTESIAN_POINT('',(0.,0.));
#4477 = VECTOR('',#4478,1.);
#4478 = DIRECTION('',(0.,-1.));
#4479 = ( GEOMETRIC_REPRESENTATION_CONTEXT(2) 
PARAMETRIC_REPRESENTATION_CONTEXT() REPRESENTATION_CONTEXT('2D SPACE',''
  ) );
#4480 = PCURVE('',#4481,#4486);
#4481 = PLANE('',#4482);
#4482 = AXIS2_PLACEMENT_3D('',#4483,#4484,#4485);
#4483 = CARTESIAN_POINT('',(6.35,-7.275,-1.8));
#4484 = DIRECTION('',(0.,0.,1.));
#4485 = DIRECTION('',(1.,0.,0.));
#4486 = DEFINITIONAL_REPRESENTATION('',(#4487),#4491);
#4487 = LINE('',#4488,#4489);
#4488 = CARTESIAN_POINT('',(0.,0.));
#4489 = VECTOR('',#4490,1.);
#4490 = DIRECTION('',(0.,1.));
#4491 = ( GEOMETRIC_REPRESENTATION_CONTEXT(2) 
PARAMETRIC_REPRESENTATION_CONTEXT() REPRESENTATION_CONTEXT('2D SPACE',''
  ) );
#4492 = ORIENTED_EDGE('',*,*,#4493,.T.);
#4493 = EDGE_CURVE('',#4466,#4494,#4496,.T.);
#4494 = VERTEX_POINT('',#4495);
#4495 = CARTESIAN_POINT('',(6.35,-7.025,0.55));
#4496 = SURFACE_CURVE('',#4497,(#4501,#4508),.PCURVE_S1.);
#4497 = LINE('',#4498,#4499);
#4498 = CARTESIAN_POINT('',(6.35,-7.025,-1.8));
#4499 = VECTOR('',#4500,1.);
#4500 = DIRECTION('',(0.,0.,1.));
#4501 = PCURVE('',#4441,#4502);
#4502 = DEFINITIONAL_REPRESENTATION('',(#4503),#4507);
#4503 = LINE('',#4504,#4505);
#4504 = CARTESIAN_POINT('',(0.,-0.25));
#4505 = VECTOR('',#4506,1.);
#4506 = DIRECTION('',(1.,0.));
#4507 = ( GEOMETRIC_REPRESENTATION_CONTEXT(2) 
PARAMETRIC_REPRESENTATION_CONTEXT() REPRESENTATION_CONTEXT('2D SPACE',''
  ) );
#4508 = PCURVE('',#4509,#4514);
#4509 = PLANE('',#4510);
#4510 = AXIS2_PLACEMENT_3D('',#4511,#4512,#4513);
#4511 = CARTESIAN_POINT('',(6.35,-7.025,-1.8));
#4512 = DIRECTION('',(0.,1.,0.));
#4513 = DIRECTION('',(0.,0.,1.));
#4514 = DEFINITIONAL_REPRESENTATION('',(#4515),#4519);
#4515 = LINE('',#4516,#4517);
#4516 = CARTESIAN_POINT('',(0.,0.));
#4517 = VECTOR('',#4518,1.);
#4518 = DIRECTION('',(1.,0.));
#4519 = ( GEOMETRIC_REPRESENTATION_CONTEXT(2) 
PARAMETRIC_REPRESENTATION_CONTEXT() REPRESENTATION_CONTEXT('2D SPACE',''
  ) );
#4520 = ORIENTED_EDGE('',*,*,#4521,.F.);
#4521 = EDGE_CURVE('',#4433,#4494,#4522,.T.);
#4522 = SURFACE_CURVE('',#4523,(#4527,#4534),.PCURVE_S1.);
#4523 = LINE('',#4524,#4525);
#4524 = CARTESIAN_POINT('',(6.35,-7.275,0.55));
#4525 = VECTOR('',#4526,1.);
#4526 = DIRECTION('',(0.,1.,0.));
#4527 = PCURVE('',#4441,#4528);
#4528 = DEFINITIONAL_REPRESENTATION('',(#4529),#4533);
#4529 = LINE('',#4530,#4531);
#4530 = CARTESIAN_POINT('',(2.35,0.));
#4531 = VECTOR('',#4532,1.);
#4532 = DIRECTION('',(0.,-1.));
#4533 = ( GEOMETRIC_REPRESENTATION_CONTEXT(2) 
PARAMETRIC_REPRESENTATION_CONTEXT() REPRESENTATION_CONTEXT('2D SPACE',''
  ) );
#4534 = PCURVE('',#4535,#4540);
#4535 = PLANE('',#4536);
#4536 = AXIS2_PLACEMENT_3D('',#4537,#4538,#4539);
#4537 = CARTESIAN_POINT('',(6.35,-7.275,0.55));
#4538 = DIRECTION('',(0.,0.,1.));
#4539 = DIRECTION('',(1.,0.,0.));
#4540 = DEFINITIONAL_REPRESENTATION('',(#4541),#4545);
#4541 = LINE('',#4542,#4543);
#4542 = CARTESIAN_POINT('',(0.,0.));
#4543 = VECTOR('',#4544,1.);
#4544 = DIRECTION('',(0.,1.));
#4545 = ( GEOMETRIC_REPRESENTATION_CONTEXT(2) 
PARAMETRIC_REPRESENTATION_CONTEXT() REPRESENTATION_CONTEXT('2D SPACE',''
  ) );
#4546 = ADVANCED_FACE('',(#4547),#4561,.T.);
#4547 = FACE_BOUND('',#4548,.T.);
#4548 = EDGE_LOOP('',(#4549,#4579,#4602,#4625));
#4549 = ORIENTED_EDGE('',*,*,#4550,.F.);
#4550 = EDGE_CURVE('',#4551,#4553,#4555,.T.);
#4551 = VERTEX_POINT('',#4552);
#4552 = CARTESIAN_POINT('',(7.65,-7.275,-1.8));
#4553 = VERTEX_POINT('',#4554);
#4554 = CARTESIAN_POINT('',(7.65,-7.275,0.55));
#4555 = SURFACE_CURVE('',#4556,(#4560,#4572),.PCURVE_S1.);
#4556 = LINE('',#4557,#4558);
#4557 = CARTESIAN_POINT('',(7.65,-7.275,-1.8));
#4558 = VECTOR('',#4559,1.);
#4559 = DIRECTION('',(0.,0.,1.));
#4560 = PCURVE('',#4561,#4566);
#4561 = PLANE('',#4562);
#4562 = AXIS2_PLACEMENT_3D('',#4563,#4564,#4565);
#4563 = CARTESIAN_POINT('',(7.65,-7.275,-1.8));
#4564 = DIRECTION('',(1.,0.,0.));
#4565 = DIRECTION('',(0.,0.,1.));
#4566 = DEFINITIONAL_REPRESENTATION('',(#4567),#4571);
#4567 = LINE('',#4568,#4569);
#4568 = CARTESIAN_POINT('',(0.,0.));
#4569 = VECTOR('',#4570,1.);
#4570 = DIRECTION('',(1.,0.));
#4571 = ( GEOMETRIC_REPRESENTATION_CONTEXT(2) 
PARAMETRIC_REPRESENTATION_CONTEXT() REPRESENTATION_CONTEXT('2D SPACE',''
  ) );
#4572 = PCURVE('',#4453,#4573);
#4573 = DEFINITIONAL_REPRESENTATION('',(#4574),#4578);
#4574 = LINE('',#4575,#4576);
#4575 = CARTESIAN_POINT('',(0.,1.3));
#4576 = VECTOR('',#4577,1.);
#4577 = DIRECTION('',(1.,0.));
#4578 = ( GEOMETRIC_REPRESENTATION_CONTEXT(2) 
PARAMETRIC_REPRESENTATION_CONTEXT() REPRESENTATION_CONTEXT('2D SPACE',''
  ) );
#4579 = ORIENTED_EDGE('',*,*,#4580,.T.);
#4580 = EDGE_CURVE('',#4551,#4581,#4583,.T.);
#4581 = VERTEX_POINT('',#4582);
#4582 = CARTESIAN_POINT('',(7.65,-7.025,-1.8));
#4583 = SURFACE_CURVE('',#4584,(#4588,#4595),.PCURVE_S1.);
#4584 = LINE('',#4585,#4586);
#4585 = CARTESIAN_POINT('',(7.65,-7.275,-1.8));
#4586 = VECTOR('',#4587,1.);
#4587 = DIRECTION('',(0.,1.,0.));
#4588 = PCURVE('',#4561,#4589);
#4589 = DEFINITIONAL_REPRESENTATION('',(#4590),#4594);
#4590 = LINE('',#4591,#4592);
#4591 = CARTESIAN_POINT('',(0.,0.));
#4592 = VECTOR('',#4593,1.);
#4593 = DIRECTION('',(0.,-1.));
#4594 = ( GEOMETRIC_REPRESENTATION_CONTEXT(2) 
PARAMETRIC_REPRESENTATION_CONTEXT() REPRESENTATION_CONTEXT('2D SPACE',''
  ) );
#4595 = PCURVE('',#4481,#4596);
#4596 = DEFINITIONAL_REPRESENTATION('',(#4597),#4601);
#4597 = LINE('',#4598,#4599);
#4598 = CARTESIAN_POINT('',(1.3,0.));
#4599 = VECTOR('',#4600,1.);
#4600 = DIRECTION('',(0.,1.));
#4601 = ( GEOMETRIC_REPRESENTATION_CONTEXT(2) 
PARAMETRIC_REPRESENTATION_CONTEXT() REPRESENTATION_CONTEXT('2D SPACE',''
  ) );
#4602 = ORIENTED_EDGE('',*,*,#4603,.T.);
#4603 = EDGE_CURVE('',#4581,#4604,#4606,.T.);
#4604 = VERTEX_POINT('',#4605);
#4605 = CARTESIAN_POINT('',(7.65,-7.025,0.55));
#4606 = SURFACE_CURVE('',#4607,(#4611,#4618),.PCURVE_S1.);
#4607 = LINE('',#4608,#4609);
#4608 = CARTESIAN_POINT('',(7.65,-7.025,-1.8));
#4609 = VECTOR('',#4610,1.);
#4610 = DIRECTION('',(0.,0.,1.));
#4611 = PCURVE('',#4561,#4612);
#4612 = DEFINITIONAL_REPRESENTATION('',(#4613),#4617);
#4613 = LINE('',#4614,#4615);
#4614 = CARTESIAN_POINT('',(0.,-0.25));
#4615 = VECTOR('',#4616,1.);
#4616 = DIRECTION('',(1.,0.));
#4617 = ( GEOMETRIC_REPRESENTATION_CONTEXT(2) 
PARAMETRIC_REPRESENTATION_CONTEXT() REPRESENTATION_CONTEXT('2D SPACE',''
  ) );
#4618 = PCURVE('',#4509,#4619);
#4619 = DEFINITIONAL_REPRESENTATION('',(#4620),#4624);
#4620 = LINE('',#4621,#4622);
#4621 = CARTESIAN_POINT('',(0.,1.3));
#4622 = VECTOR('',#4623,1.);
#4623 = DIRECTION('',(1.,0.));
#4624 = ( GEOMETRIC_REPRESENTATION_CONTEXT(2) 
PARAMETRIC_REPRESENTATION_CONTEXT() REPRESENTATION_CONTEXT('2D SPACE',''
  ) );
#4625 = ORIENTED_EDGE('',*,*,#4626,.F.);
#4626 = EDGE_CURVE('',#4553,#4604,#4627,.T.);
#4627 = SURFACE_CURVE('',#4628,(#4632,#4639),.PCURVE_S1.);
#4628 = LINE('',#4629,#4630);
#4629 = CARTESIAN_POINT('',(7.65,-7.275,0.55));
#4630 = VECTOR('',#4631,1.);
#4631 = DIRECTION('',(0.,1.,0.));
#4632 = PCURVE('',#4561,#4633);
#4633 = DEFINITIONAL_REPRESENTATION('',(#4634),#4638);
#4634 = LINE('',#4635,#4636);
#4635 = CARTESIAN_POINT('',(2.35,0.));
#4636 = VECTOR('',#4637,1.);
#4637 = DIRECTION('',(0.,-1.));
#4638 = ( GEOMETRIC_REPRESENTATION_CONTEXT(2) 
PARAMETRIC_REPRESENTATION_CONTEXT() REPRESENTATION_CONTEXT('2D SPACE',''
  ) );
#4639 = PCURVE('',#4535,#4640);
#4640 = DEFINITIONAL_REPRESENTATION('',(#4641),#4645);
#4641 = LINE('',#4642,#4643);
#4642 = CARTESIAN_POINT('',(1.3,0.));
#4643 = VECTOR('',#4644,1.);
#4644 = DIRECTION('',(0.,1.));
#4645 = ( GEOMETRIC_REPRESENTATION_CONTEXT(2) 
PARAMETRIC_REPRESENTATION_CONTEXT() REPRESENTATION_CONTEXT('2D SPACE',''
  ) );
#4646 = ADVANCED_FACE('',(#4647),#4453,.F.);
#4647 = FACE_BOUND('',#4648,.F.);
#4648 = EDGE_LOOP('',(#4649,#4670,#4671,#4692));
#4649 = ORIENTED_EDGE('',*,*,#4650,.F.);
#4650 = EDGE_CURVE('',#4431,#4551,#4651,.T.);
#4651 = SURFACE_CURVE('',#4652,(#4656,#4663),.PCURVE_S1.);
#4652 = LINE('',#4653,#4654);
#4653 = CARTESIAN_POINT('',(6.35,-7.275,-1.8));
#4654 = VECTOR('',#4655,1.);
#4655 = DIRECTION('',(1.,0.,0.));
#4656 = PCURVE('',#4453,#4657);
#4657 = DEFINITIONAL_REPRESENTATION('',(#4658),#4662);
#4658 = LINE('',#4659,#4660);
#4659 = CARTESIAN_POINT('',(0.,0.));
#4660 = VECTOR('',#4661,1.);
#4661 = DIRECTION('',(0.,1.));
#4662 = ( GEOMETRIC_REPRESENTATION_CONTEXT(2) 
PARAMETRIC_REPRESENTATION_CONTEXT() REPRESENTATION_CONTEXT('2D SPACE',''
  ) );
#4663 = PCURVE('',#4481,#4664);
#4664 = DEFINITIONAL_REPRESENTATION('',(#4665),#4669);
#4665 = LINE('',#4666,#4667);
#4666 = CARTESIAN_POINT('',(0.,0.));
#4667 = VECTOR('',#4668,1.);
#4668 = DIRECTION('',(1.,0.));
#4669 = ( GEOMETRIC_REPRESENTATION_CONTEXT(2) 
PARAMETRIC_REPRESENTATION_CONTEXT() REPRESENTATION_CONTEXT('2D SPACE',''
  ) );
#4670 = ORIENTED_EDGE('',*,*,#4430,.T.);
#4671 = ORIENTED_EDGE('',*,*,#4672,.T.);
#4672 = EDGE_CURVE('',#4433,#4553,#4673,.T.);
#4673 = SURFACE_CURVE('',#4674,(#4678,#4685),.PCURVE_S1.);
#4674 = LINE('',#4675,#4676);
#4675 = CARTESIAN_POINT('',(6.35,-7.275,0.55));
#4676 = VECTOR('',#4677,1.);
#4677 = DIRECTION('',(1.,0.,0.));
#4678 = PCURVE('',#4453,#4679);
#4679 = DEFINITIONAL_REPRESENTATION('',(#4680),#4684);
#4680 = LINE('',#4681,#4682);
#4681 = CARTESIAN_POINT('',(2.35,0.));
#4682 = VECTOR('',#4683,1.);
#4683 = DIRECTION('',(0.,1.));
#4684 = ( GEOMETRIC_REPRESENTATION_CONTEXT(2) 
PARAMETRIC_REPRESENTATION_CONTEXT() REPRESENTATION_CONTEXT('2D SPACE',''
  ) );
#4685 = PCURVE('',#4535,#4686);
#4686 = DEFINITIONAL_REPRESENTATION('',(#4687),#4691);
#4687 = LINE('',#4688,#4689);
#4688 = CARTESIAN_POINT('',(0.,0.));
#4689 = VECTOR('',#4690,1.);
#4690 = DIRECTION('',(1.,0.));
#4691 = ( GEOMETRIC_REPRESENTATION_CONTEXT(2) 
PARAMETRIC_REPRESENTATION_CONTEXT() REPRESENTATION_CONTEXT('2D SPACE',''
  ) );
#4692 = ORIENTED_EDGE('',*,*,#4550,.F.);
#4693 = ADVANCED_FACE('',(#4694),#4509,.T.);
#4694 = FACE_BOUND('',#4695,.T.);
#4695 = EDGE_LOOP('',(#4696,#4717,#4718,#4739));
#4696 = ORIENTED_EDGE('',*,*,#4697,.F.);
#4697 = EDGE_CURVE('',#4466,#4581,#4698,.T.);
#4698 = SURFACE_CURVE('',#4699,(#4703,#4710),.PCURVE_S1.);
#4699 = LINE('',#4700,#4701);
#4700 = CARTESIAN_POINT('',(6.35,-7.025,-1.8));
#4701 = VECTOR('',#4702,1.);
#4702 = DIRECTION('',(1.,0.,0.));
#4703 = PCURVE('',#4509,#4704);
#4704 = DEFINITIONAL_REPRESENTATION('',(#4705),#4709);
#4705 = LINE('',#4706,#4707);
#4706 = CARTESIAN_POINT('',(0.,0.));
#4707 = VECTOR('',#4708,1.);
#4708 = DIRECTION('',(0.,1.));
#4709 = ( GEOMETRIC_REPRESENTATION_CONTEXT(2) 
PARAMETRIC_REPRESENTATION_CONTEXT() REPRESENTATION_CONTEXT('2D SPACE',''
  ) );
#4710 = PCURVE('',#4481,#4711);
#4711 = DEFINITIONAL_REPRESENTATION('',(#4712),#4716);
#4712 = LINE('',#4713,#4714);
#4713 = CARTESIAN_POINT('',(0.,0.25));
#4714 = VECTOR('',#4715,1.);
#4715 = DIRECTION('',(1.,0.));
#4716 = ( GEOMETRIC_REPRESENTATION_CONTEXT(2) 
PARAMETRIC_REPRESENTATION_CONTEXT() REPRESENTATION_CONTEXT('2D SPACE',''
  ) );
#4717 = ORIENTED_EDGE('',*,*,#4493,.T.);
#4718 = ORIENTED_EDGE('',*,*,#4719,.T.);
#4719 = EDGE_CURVE('',#4494,#4604,#4720,.T.);
#4720 = SURFACE_CURVE('',#4721,(#4725,#4732),.PCURVE_S1.);
#4721 = LINE('',#4722,#4723);
#4722 = CARTESIAN_POINT('',(6.35,-7.025,0.55));
#4723 = VECTOR('',#4724,1.);
#4724 = DIRECTION('',(1.,0.,0.));
#4725 = PCURVE('',#4509,#4726);
#4726 = DEFINITIONAL_REPRESENTATION('',(#4727),#4731);
#4727 = LINE('',#4728,#4729);
#4728 = CARTESIAN_POINT('',(2.35,0.));
#4729 = VECTOR('',#4730,1.);
#4730 = DIRECTION('',(0.,1.));
#4731 = ( GEOMETRIC_REPRESENTATION_CONTEXT(2) 
PARAMETRIC_REPRESENTATION_CONTEXT() REPRESENTATION_CONTEXT('2D SPACE',''
  ) );
#4732 = PCURVE('',#4535,#4733);
#4733 = DEFINITIONAL_REPRESENTATION('',(#4734),#4738);
#4734 = LINE('',#4735,#4736);
#4735 = CARTESIAN_POINT('',(0.,0.25));
#4736 = VECTOR('',#4737,1.);
#4737 = DIRECTION('',(1.,0.));
#4738 = ( GEOMETRIC_REPRESENTATION_CONTEXT(2) 
PARAMETRIC_REPRESENTATION_CONTEXT() REPRESENTATION_CONTEXT('2D SPACE',''
  ) );
#4739 = ORIENTED_EDGE('',*,*,#4603,.F.);
#4740 = ADVANCED_FACE('',(#4741),#4481,.F.);
#4741 = FACE_BOUND('',#4742,.F.);
#4742 = EDGE_LOOP('',(#4743,#4744,#4745,#4746));
#4743 = ORIENTED_EDGE('',*,*,#4465,.F.);
#4744 = ORIENTED_EDGE('',*,*,#4650,.T.);
#4745 = ORIENTED_EDGE('',*,*,#4580,.T.);
#4746 = ORIENTED_EDGE('',*,*,#4697,.F.);
#4747 = ADVANCED_FACE('',(#4748),#4535,.T.);
#4748 = FACE_BOUND('',#4749,.T.);
#4749 = EDGE_LOOP('',(#4750,#4751,#4752,#4753));
#4750 = ORIENTED_EDGE('',*,*,#4521,.F.);
#4751 = ORIENTED_EDGE('',*,*,#4672,.T.);
#4752 = ORIENTED_EDGE('',*,*,#4626,.T.);
#4753 = ORIENTED_EDGE('',*,*,#4719,.F.);
#4754 = MANIFOLD_SOLID_BREP('',#4755);
#4755 = CLOSED_SHELL('',(#4756,#4876,#4976,#5023,#5070,#5077));
#4756 = ADVANCED_FACE('',(#4757),#4771,.F.);
#4757 = FACE_BOUND('',#4758,.F.);
#4758 = EDGE_LOOP('',(#4759,#4794,#4822,#4850));
#4759 = ORIENTED_EDGE('',*,*,#4760,.F.);
#4760 = EDGE_CURVE('',#4761,#4763,#4765,.T.);
#4761 = VERTEX_POINT('',#4762);
#4762 = CARTESIAN_POINT('',(10.35,-7.275,-1.8));
#4763 = VERTEX_POINT('',#4764);
#4764 = CARTESIAN_POINT('',(10.35,-7.275,0.55));
#4765 = SURFACE_CURVE('',#4766,(#4770,#4782),.PCURVE_S1.);
#4766 = LINE('',#4767,#4768);
#4767 = CARTESIAN_POINT('',(10.35,-7.275,-1.8));
#4768 = VECTOR('',#4769,1.);
#4769 = DIRECTION('',(0.,0.,1.));
#4770 = PCURVE('',#4771,#4776);
#4771 = PLANE('',#4772);
#4772 = AXIS2_PLACEMENT_3D('',#4773,#4774,#4775);
#4773 = CARTESIAN_POINT('',(10.35,-7.275,-1.8));
#4774 = DIRECTION('',(1.,0.,0.));
#4775 = DIRECTION('',(0.,0.,1.));
#4776 = DEFINITIONAL_REPRESENTATION('',(#4777),#4781);
#4777 = LINE('',#4778,#4779);
#4778 = CARTESIAN_POINT('',(0.,0.));
#4779 = VECTOR('',#4780,1.);
#4780 = DIRECTION('',(1.,0.));
#4781 = ( GEOMETRIC_REPRESENTATION_CONTEXT(2) 
PARAMETRIC_REPRESENTATION_CONTEXT() REPRESENTATION_CONTEXT('2D SPACE',''
  ) );
#4782 = PCURVE('',#4783,#4788);
#4783 = PLANE('',#4784);
#4784 = AXIS2_PLACEMENT_3D('',#4785,#4786,#4787);
#4785 = CARTESIAN_POINT('',(10.35,-7.275,-1.8));
#4786 = DIRECTION('',(0.,1.,0.));
#4787 = DIRECTION('',(0.,0.,1.));
#4788 = DEFINITIONAL_REPRESENTATION('',(#4789),#4793);
#4789 = LINE('',#4790,#4791);
#4790 = CARTESIAN_POINT('',(0.,0.));
#4791 = VECTOR('',#4792,1.);
#4792 = DIRECTION('',(1.,0.));
#4793 = ( GEOMETRIC_REPRESENTATION_CONTEXT(2) 
PARAMETRIC_REPRESENTATION_CONTEXT() REPRESENTATION_CONTEXT('2D SPACE',''
  ) );
#4794 = ORIENTED_EDGE('',*,*,#4795,.T.);
#4795 = EDGE_CURVE('',#4761,#4796,#4798,.T.);
#4796 = VERTEX_POINT('',#4797);
#4797 = CARTESIAN_POINT('',(10.35,-7.025,-1.8));
#4798 = SURFACE_CURVE('',#4799,(#4803,#4810),.PCURVE_S1.);
#4799 = LINE('',#4800,#4801);
#4800 = CARTESIAN_POINT('',(10.35,-7.275,-1.8));
#4801 = VECTOR('',#4802,1.);
#4802 = DIRECTION('',(0.,1.,0.));
#4803 = PCURVE('',#4771,#4804);
#4804 = DEFINITIONAL_REPRESENTATION('',(#4805),#4809);
#4805 = LINE('',#4806,#4807);
#4806 = CARTESIAN_POINT('',(0.,0.));
#4807 = VECTOR('',#4808,1.);
#4808 = DIRECTION('',(0.,-1.));
#4809 = ( GEOMETRIC_REPRESENTATION_CONTEXT(2) 
PARAMETRIC_REPRESENTATION_CONTEXT() REPRESENTATION_CONTEXT('2D SPACE',''
  ) );
#4810 = PCURVE('',#4811,#4816);
#4811 = PLANE('',#4812);
#4812 = AXIS2_PLACEMENT_3D('',#4813,#4814,#4815);
#4813 = CARTESIAN_POINT('',(10.35,-7.275,-1.8));
#4814 = DIRECTION('',(0.,0.,1.));
#4815 = DIRECTION('',(1.,0.,0.));
#4816 = DEFINITIONAL_REPRESENTATION('',(#4817),#4821);
#4817 = LINE('',#4818,#4819);
#4818 = CARTESIAN_POINT('',(0.,0.));
#4819 = VECTOR('',#4820,1.);
#4820 = DIRECTION('',(0.,1.));
#4821 = ( GEOMETRIC_REPRESENTATION_CONTEXT(2) 
PARAMETRIC_REPRESENTATION_CONTEXT() REPRESENTATION_CONTEXT('2D SPACE',''
  ) );
#4822 = ORIENTED_EDGE('',*,*,#4823,.T.);
#4823 = EDGE_CURVE('',#4796,#4824,#4826,.T.);
#4824 = VERTEX_POINT('',#4825);
#4825 = CARTESIAN_POINT('',(10.35,-7.025,0.55));
#4826 = SURFACE_CURVE('',#4827,(#4831,#4838),.PCURVE_S1.);
#4827 = LINE('',#4828,#4829);
#4828 = CARTESIAN_POINT('',(10.35,-7.025,-1.8));
#4829 = VECTOR('',#4830,1.);
#4830 = DIRECTION('',(0.,0.,1.));
#4831 = PCURVE('',#4771,#4832);
#4832 = DEFINITIONAL_REPRESENTATION('',(#4833),#4837);
#4833 = LINE('',#4834,#4835);
#4834 = CARTESIAN_POINT('',(0.,-0.25));
#4835 = VECTOR('',#4836,1.);
#4836 = DIRECTION('',(1.,0.));
#4837 = ( GEOMETRIC_REPRESENTATION_CONTEXT(2) 
PARAMETRIC_REPRESENTATION_CONTEXT() REPRESENTATION_CONTEXT('2D SPACE',''
  ) );
#4838 = PCURVE('',#4839,#4844);
#4839 = PLANE('',#4840);
#4840 = AXIS2_PLACEMENT_3D('',#4841,#4842,#4843);
#4841 = CARTESIAN_POINT('',(10.35,-7.025,-1.8));
#4842 = DIRECTION('',(0.,1.,0.));
#4843 = DIRECTION('',(0.,0.,1.));
#4844 = DEFINITIONAL_REPRESENTATION('',(#4845),#4849);
#4845 = LINE('',#4846,#4847);
#4846 = CARTESIAN_POINT('',(0.,0.));
#4847 = VECTOR('',#4848,1.);
#4848 = DIRECTION('',(1.,0.));
#4849 = ( GEOMETRIC_REPRESENTATION_CONTEXT(2) 
PARAMETRIC_REPRESENTATION_CONTEXT() REPRESENTATION_CONTEXT('2D SPACE',''
  ) );
#4850 = ORIENTED_EDGE('',*,*,#4851,.F.);
#4851 = EDGE_CURVE('',#4763,#4824,#4852,.T.);
#4852 = SURFACE_CURVE('',#4853,(#4857,#4864),.PCURVE_S1.);
#4853 = LINE('',#4854,#4855);
#4854 = CARTESIAN_POINT('',(10.35,-7.275,0.55));
#4855 = VECTOR('',#4856,1.);
#4856 = DIRECTION('',(0.,1.,0.));
#4857 = PCURVE('',#4771,#4858);
#4858 = DEFINITIONAL_REPRESENTATION('',(#4859),#4863);
#4859 = LINE('',#4860,#4861);
#4860 = CARTESIAN_POINT('',(2.35,0.));
#4861 = VECTOR('',#4862,1.);
#4862 = DIRECTION('',(0.,-1.));
#4863 = ( GEOMETRIC_REPRESENTATION_CONTEXT(2) 
PARAMETRIC_REPRESENTATION_CONTEXT() REPRESENTATION_CONTEXT('2D SPACE',''
  ) );
#4864 = PCURVE('',#4865,#4870);
#4865 = PLANE('',#4866);
#4866 = AXIS2_PLACEMENT_3D('',#4867,#4868,#4869);
#4867 = CARTESIAN_POINT('',(10.35,-7.275,0.55));
#4868 = DIRECTION('',(0.,0.,1.));
#4869 = DIRECTION('',(1.,0.,0.));
#4870 = DEFINITIONAL_REPRESENTATION('',(#4871),#4875);
#4871 = LINE('',#4872,#4873);
#4872 = CARTESIAN_POINT('',(0.,0.));
#4873 = VECTOR('',#4874,1.);
#4874 = DIRECTION('',(0.,1.));
#4875 = ( GEOMETRIC_REPRESENTATION_CONTEXT(2) 
PARAMETRIC_REPRESENTATION_CONTEXT() REPRESENTATION_CONTEXT('2D SPACE',''
  ) );
#4876 = ADVANCED_FACE('',(#4877),#4891,.T.);
#4877 = FACE_BOUND('',#4878,.T.);
#4878 = EDGE_LOOP('',(#4879,#4909,#4932,#4955));
#4879 = ORIENTED_EDGE('',*,*,#4880,.F.);
#4880 = EDGE_CURVE('',#4881,#4883,#4885,.T.);
#4881 = VERTEX_POINT('',#4882);
#4882 = CARTESIAN_POINT('',(11.65,-7.275,-1.8));
#4883 = VERTEX_POINT('',#4884);
#4884 = CARTESIAN_POINT('',(11.65,-7.275,0.55));
#4885 = SURFACE_CURVE('',#4886,(#4890,#4902),.PCURVE_S1.);
#4886 = LINE('',#4887,#4888);
#4887 = CARTESIAN_POINT('',(11.65,-7.275,-1.8));
#4888 = VECTOR('',#4889,1.);
#4889 = DIRECTION('',(0.,0.,1.));
#4890 = PCURVE('',#4891,#4896);
#4891 = PLANE('',#4892);
#4892 = AXIS2_PLACEMENT_3D('',#4893,#4894,#4895);
#4893 = CARTESIAN_POINT('',(11.65,-7.275,-1.8));
#4894 = DIRECTION('',(1.,0.,0.));
#4895 = DIRECTION('',(0.,0.,1.));
#4896 = DEFINITIONAL_REPRESENTATION('',(#4897),#4901);
#4897 = LINE('',#4898,#4899);
#4898 = CARTESIAN_POINT('',(0.,0.));
#4899 = VECTOR('',#4900,1.);
#4900 = DIRECTION('',(1.,0.));
#4901 = ( GEOMETRIC_REPRESENTATION_CONTEXT(2) 
PARAMETRIC_REPRESENTATION_CONTEXT() REPRESENTATION_CONTEXT('2D SPACE',''
  ) );
#4902 = PCURVE('',#4783,#4903);
#4903 = DEFINITIONAL_REPRESENTATION('',(#4904),#4908);
#4904 = LINE('',#4905,#4906);
#4905 = CARTESIAN_POINT('',(0.,1.3));
#4906 = VECTOR('',#4907,1.);
#4907 = DIRECTION('',(1.,0.));
#4908 = ( GEOMETRIC_REPRESENTATION_CONTEXT(2) 
PARAMETRIC_REPRESENTATION_CONTEXT() REPRESENTATION_CONTEXT('2D SPACE',''
  ) );
#4909 = ORIENTED_EDGE('',*,*,#4910,.T.);
#4910 = EDGE_CURVE('',#4881,#4911,#4913,.T.);
#4911 = VERTEX_POINT('',#4912);
#4912 = CARTESIAN_POINT('',(11.65,-7.025,-1.8));
#4913 = SURFACE_CURVE('',#4914,(#4918,#4925),.PCURVE_S1.);
#4914 = LINE('',#4915,#4916);
#4915 = CARTESIAN_POINT('',(11.65,-7.275,-1.8));
#4916 = VECTOR('',#4917,1.);
#4917 = DIRECTION('',(0.,1.,0.));
#4918 = PCURVE('',#4891,#4919);
#4919 = DEFINITIONAL_REPRESENTATION('',(#4920),#4924);
#4920 = LINE('',#4921,#4922);
#4921 = CARTESIAN_POINT('',(0.,0.));
#4922 = VECTOR('',#4923,1.);
#4923 = DIRECTION('',(0.,-1.));
#4924 = ( GEOMETRIC_REPRESENTATION_CONTEXT(2) 
PARAMETRIC_REPRESENTATION_CONTEXT() REPRESENTATION_CONTEXT('2D SPACE',''
  ) );
#4925 = PCURVE('',#4811,#4926);
#4926 = DEFINITIONAL_REPRESENTATION('',(#4927),#4931);
#4927 = LINE('',#4928,#4929);
#4928 = CARTESIAN_POINT('',(1.3,0.));
#4929 = VECTOR('',#4930,1.);
#4930 = DIRECTION('',(0.,1.));
#4931 = ( GEOMETRIC_REPRESENTATION_CONTEXT(2) 
PARAMETRIC_REPRESENTATION_CONTEXT() REPRESENTATION_CONTEXT('2D SPACE',''
  ) );
#4932 = ORIENTED_EDGE('',*,*,#4933,.T.);
#4933 = EDGE_CURVE('',#4911,#4934,#4936,.T.);
#4934 = VERTEX_POINT('',#4935);
#4935 = CARTESIAN_POINT('',(11.65,-7.025,0.55));
#4936 = SURFACE_CURVE('',#4937,(#4941,#4948),.PCURVE_S1.);
#4937 = LINE('',#4938,#4939);
#4938 = CARTESIAN_POINT('',(11.65,-7.025,-1.8));
#4939 = VECTOR('',#4940,1.);
#4940 = DIRECTION('',(0.,0.,1.));
#4941 = PCURVE('',#4891,#4942);
#4942 = DEFINITIONAL_REPRESENTATION('',(#4943),#4947);
#4943 = LINE('',#4944,#4945);
#4944 = CARTESIAN_POINT('',(0.,-0.25));
#4945 = VECTOR('',#4946,1.);
#4946 = DIRECTION('',(1.,0.));
#4947 = ( GEOMETRIC_REPRESENTATION_CONTEXT(2) 
PARAMETRIC_REPRESENTATION_CONTEXT() REPRESENTATION_CONTEXT('2D SPACE',''
  ) );
#4948 = PCURVE('',#4839,#4949);
#4949 = DEFINITIONAL_REPRESENTATION('',(#4950),#4954);
#4950 = LINE('',#4951,#4952);
#4951 = CARTESIAN_POINT('',(0.,1.3));
#4952 = VECTOR('',#4953,1.);
#4953 = DIRECTION('',(1.,0.));
#4954 = ( GEOMETRIC_REPRESENTATION_CONTEXT(2) 
PARAMETRIC_REPRESENTATION_CONTEXT() REPRESENTATION_CONTEXT('2D SPACE',''
  ) );
#4955 = ORIENTED_EDGE('',*,*,#4956,.F.);
#4956 = EDGE_CURVE('',#4883,#4934,#4957,.T.);
#4957 = SURFACE_CURVE('',#4958,(#4962,#4969),.PCURVE_S1.);
#4958 = LINE('',#4959,#4960);
#4959 = CARTESIAN_POINT('',(11.65,-7.275,0.55));
#4960 = VECTOR('',#4961,1.);
#4961 = DIRECTION('',(0.,1.,0.));
#4962 = PCURVE('',#4891,#4963);
#4963 = DEFINITIONAL_REPRESENTATION('',(#4964),#4968);
#4964 = LINE('',#4965,#4966);
#4965 = CARTESIAN_POINT('',(2.35,0.));
#4966 = VECTOR('',#4967,1.);
#4967 = DIRECTION('',(0.,-1.));
#4968 = ( GEOMETRIC_REPRESENTATION_CONTEXT(2) 
PARAMETRIC_REPRESENTATION_CONTEXT() REPRESENTATION_CONTEXT('2D SPACE',''
  ) );
#4969 = PCURVE('',#4865,#4970);
#4970 = DEFINITIONAL_REPRESENTATION('',(#4971),#4975);
#4971 = LINE('',#4972,#4973);
#4972 = CARTESIAN_POINT('',(1.3,0.));
#4973 = VECTOR('',#4974,1.);
#4974 = DIRECTION('',(0.,1.));
#4975 = ( GEOMETRIC_REPRESENTATION_CONTEXT(2) 
PARAMETRIC_REPRESENTATION_CONTEXT() REPRESENTATION_CONTEXT('2D SPACE',''
  ) );
#4976 = ADVANCED_FACE('',(#4977),#4783,.F.);
#4977 = FACE_BOUND('',#4978,.F.);
#4978 = EDGE_LOOP('',(#4979,#5000,#5001,#5022));
#4979 = ORIENTED_EDGE('',*,*,#4980,.F.);
#4980 = EDGE_CURVE('',#4761,#4881,#4981,.T.);
#4981 = SURFACE_CURVE('',#4982,(#4986,#4993),.PCURVE_S1.);
#4982 = LINE('',#4983,#4984);
#4983 = CARTESIAN_POINT('',(10.35,-7.275,-1.8));
#4984 = VECTOR('',#4985,1.);
#4985 = DIRECTION('',(1.,0.,0.));
#4986 = PCURVE('',#4783,#4987);
#4987 = DEFINITIONAL_REPRESENTATION('',(#4988),#4992);
#4988 = LINE('',#4989,#4990);
#4989 = CARTESIAN_POINT('',(0.,0.));
#4990 = VECTOR('',#4991,1.);
#4991 = DIRECTION('',(0.,1.));
#4992 = ( GEOMETRIC_REPRESENTATION_CONTEXT(2) 
PARAMETRIC_REPRESENTATION_CONTEXT() REPRESENTATION_CONTEXT('2D SPACE',''
  ) );
#4993 = PCURVE('',#4811,#4994);
#4994 = DEFINITIONAL_REPRESENTATION('',(#4995),#4999);
#4995 = LINE('',#4996,#4997);
#4996 = CARTESIAN_POINT('',(0.,0.));
#4997 = VECTOR('',#4998,1.);
#4998 = DIRECTION('',(1.,0.));
#4999 = ( GEOMETRIC_REPRESENTATION_CONTEXT(2) 
PARAMETRIC_REPRESENTATION_CONTEXT() REPRESENTATION_CONTEXT('2D SPACE',''
  ) );
#5000 = ORIENTED_EDGE('',*,*,#4760,.T.);
#5001 = ORIENTED_EDGE('',*,*,#5002,.T.);
#5002 = EDGE_CURVE('',#4763,#4883,#5003,.T.);
#5003 = SURFACE_CURVE('',#5004,(#5008,#5015),.PCURVE_S1.);
#5004 = LINE('',#5005,#5006);
#5005 = CARTESIAN_POINT('',(10.35,-7.275,0.55));
#5006 = VECTOR('',#5007,1.);
#5007 = DIRECTION('',(1.,0.,0.));
#5008 = PCURVE('',#4783,#5009);
#5009 = DEFINITIONAL_REPRESENTATION('',(#5010),#5014);
#5010 = LINE('',#5011,#5012);
#5011 = CARTESIAN_POINT('',(2.35,0.));
#5012 = VECTOR('',#5013,1.);
#5013 = DIRECTION('',(0.,1.));
#5014 = ( GEOMETRIC_REPRESENTATION_CONTEXT(2) 
PARAMETRIC_REPRESENTATION_CONTEXT() REPRESENTATION_CONTEXT('2D SPACE',''
  ) );
#5015 = PCURVE('',#4865,#5016);
#5016 = DEFINITIONAL_REPRESENTATION('',(#5017),#5021);
#5017 = LINE('',#5018,#5019);
#5018 = CARTESIAN_POINT('',(0.,0.));
#5019 = VECTOR('',#5020,1.);
#5020 = DIRECTION('',(1.,0.));
#5021 = ( GEOMETRIC_REPRESENTATION_CONTEXT(2) 
PARAMETRIC_REPRESENTATION_CONTEXT() REPRESENTATION_CONTEXT('2D SPACE',''
  ) );
#5022 = ORIENTED_EDGE('',*,*,#4880,.F.);
#5023 = ADVANCED_FACE('',(#5024),#4839,.T.);
#5024 = FACE_BOUND('',#5025,.T.);
#5025 = EDGE_LOOP('',(#5026,#5047,#5048,#5069));
#5026 = ORIENTED_EDGE('',*,*,#5027,.F.);
#5027 = EDGE_CURVE('',#4796,#4911,#5028,.T.);
#5028 = SURFACE_CURVE('',#5029,(#5033,#5040),.PCURVE_S1.);
#5029 = LINE('',#5030,#5031);
#5030 = CARTESIAN_POINT('',(10.35,-7.025,-1.8));
#5031 = VECTOR('',#5032,1.);
#5032 = DIRECTION('',(1.,0.,0.));
#5033 = PCURVE('',#4839,#5034);
#5034 = DEFINITIONAL_REPRESENTATION('',(#5035),#5039);
#5035 = LINE('',#5036,#5037);
#5036 = CARTESIAN_POINT('',(0.,0.));
#5037 = VECTOR('',#5038,1.);
#5038 = DIRECTION('',(0.,1.));
#5039 = ( GEOMETRIC_REPRESENTATION_CONTEXT(2) 
PARAMETRIC_REPRESENTATION_CONTEXT() REPRESENTATION_CONTEXT('2D SPACE',''
  ) );
#5040 = PCURVE('',#4811,#5041);
#5041 = DEFINITIONAL_REPRESENTATION('',(#5042),#5046);
#5042 = LINE('',#5043,#5044);
#5043 = CARTESIAN_POINT('',(0.,0.25));
#5044 = VECTOR('',#5045,1.);
#5045 = DIRECTION('',(1.,0.));
#5046 = ( GEOMETRIC_REPRESENTATION_CONTEXT(2) 
PARAMETRIC_REPRESENTATION_CONTEXT() REPRESENTATION_CONTEXT('2D SPACE',''
  ) );
#5047 = ORIENTED_EDGE('',*,*,#4823,.T.);
#5048 = ORIENTED_EDGE('',*,*,#5049,.T.);
#5049 = EDGE_CURVE('',#4824,#4934,#5050,.T.);
#5050 = SURFACE_CURVE('',#5051,(#5055,#5062),.PCURVE_S1.);
#5051 = LINE('',#5052,#5053);
#5052 = CARTESIAN_POINT('',(10.35,-7.025,0.55));
#5053 = VECTOR('',#5054,1.);
#5054 = DIRECTION('',(1.,0.,0.));
#5055 = PCURVE('',#4839,#5056);
#5056 = DEFINITIONAL_REPRESENTATION('',(#5057),#5061);
#5057 = LINE('',#5058,#5059);
#5058 = CARTESIAN_POINT('',(2.35,0.));
#5059 = VECTOR('',#5060,1.);
#5060 = DIRECTION('',(0.,1.));
#5061 = ( GEOMETRIC_REPRESENTATION_CONTEXT(2) 
PARAMETRIC_REPRESENTATION_CONTEXT() REPRESENTATION_CONTEXT('2D SPACE',''
  ) );
#5062 = PCURVE('',#4865,#5063);
#5063 = DEFINITIONAL_REPRESENTATION('',(#5064),#5068);
#5064 = LINE('',#5065,#5066);
#5065 = CARTESIAN_POINT('',(0.,0.25));
#5066 = VECTOR('',#5067,1.);
#5067 = DIRECTION('',(1.,0.));
#5068 = ( GEOMETRIC_REPRESENTATION_CONTEXT(2) 
PARAMETRIC_REPRESENTATION_CONTEXT() REPRESENTATION_CONTEXT('2D SPACE',''
  ) );
#5069 = ORIENTED_EDGE('',*,*,#4933,.F.);
#5070 = ADVANCED_FACE('',(#5071),#4811,.F.);
#5071 = FACE_BOUND('',#5072,.F.);
#5072 = EDGE_LOOP('',(#5073,#5074,#5075,#5076));
#5073 = ORIENTED_EDGE('',*,*,#4795,.F.);
#5074 = ORIENTED_EDGE('',*,*,#4980,.T.);
#5075 = ORIENTED_EDGE('',*,*,#4910,.T.);
#5076 = ORIENTED_EDGE('',*,*,#5027,.F.);
#5077 = ADVANCED_FACE('',(#5078),#4865,.T.);
#5078 = FACE_BOUND('',#5079,.T.);
#5079 = EDGE_LOOP('',(#5080,#5081,#5082,#5083));
#5080 = ORIENTED_EDGE('',*,*,#4851,.F.);
#5081 = ORIENTED_EDGE('',*,*,#5002,.T.);
#5082 = ORIENTED_EDGE('',*,*,#4956,.T.);
#5083 = ORIENTED_EDGE('',*,*,#5049,.F.);
#5084 = MANIFOLD_SOLID_BREP('',#5085);
#5085 = CLOSED_SHELL('',(#5086,#5206,#5306,#5353,#5400,#5407));
#5086 = ADVANCED_FACE('',(#5087),#5101,.F.);
#5087 = FACE_BOUND('',#5088,.F.);
#5088 = EDGE_LOOP('',(#5089,#5124,#5152,#5180));
#5089 = ORIENTED_EDGE('',*,*,#5090,.F.);
#5090 = EDGE_CURVE('',#5091,#5093,#5095,.T.);
#5091 = VERTEX_POINT('',#5092);
#5092 = CARTESIAN_POINT('',(14.35,-7.275,-1.8));
#5093 = VERTEX_POINT('',#5094);
#5094 = CARTESIAN_POINT('',(14.35,-7.275,0.55));
#5095 = SURFACE_CURVE('',#5096,(#5100,#5112),.PCURVE_S1.);
#5096 = LINE('',#5097,#5098);
#5097 = CARTESIAN_POINT('',(14.35,-7.275,-1.8));
#5098 = VECTOR('',#5099,1.);
#5099 = DIRECTION('',(0.,0.,1.));
#5100 = PCURVE('',#5101,#5106);
#5101 = PLANE('',#5102);
#5102 = AXIS2_PLACEMENT_3D('',#5103,#5104,#5105);
#5103 = CARTESIAN_POINT('',(14.35,-7.275,-1.8));
#5104 = DIRECTION('',(1.,0.,0.));
#5105 = DIRECTION('',(0.,0.,1.));
#5106 = DEFINITIONAL_REPRESENTATION('',(#5107),#5111);
#5107 = LINE('',#5108,#5109);
#5108 = CARTESIAN_POINT('',(0.,0.));
#5109 = VECTOR('',#5110,1.);
#5110 = DIRECTION('',(1.,0.));
#5111 = ( GEOMETRIC_REPRESENTATION_CONTEXT(2) 
PARAMETRIC_REPRESENTATION_CONTEXT() REPRESENTATION_CONTEXT('2D SPACE',''
  ) );
#5112 = PCURVE('',#5113,#5118);
#5113 = PLANE('',#5114);
#5114 = AXIS2_PLACEMENT_3D('',#5115,#5116,#5117);
#5115 = CARTESIAN_POINT('',(14.35,-7.275,-1.8));
#5116 = DIRECTION('',(0.,1.,0.));
#5117 = DIRECTION('',(0.,0.,1.));
#5118 = DEFINITIONAL_REPRESENTATION('',(#5119),#5123);
#5119 = LINE('',#5120,#5121);
#5120 = CARTESIAN_POINT('',(0.,0.));
#5121 = VECTOR('',#5122,1.);
#5122 = DIRECTION('',(1.,0.));
#5123 = ( GEOMETRIC_REPRESENTATION_CONTEXT(2) 
PARAMETRIC_REPRESENTATION_CONTEXT() REPRESENTATION_CONTEXT('2D SPACE',''
  ) );
#5124 = ORIENTED_EDGE('',*,*,#5125,.T.);
#5125 = EDGE_CURVE('',#5091,#5126,#5128,.T.);
#5126 = VERTEX_POINT('',#5127);
#5127 = CARTESIAN_POINT('',(14.35,-7.025,-1.8));
#5128 = SURFACE_CURVE('',#5129,(#5133,#5140),.PCURVE_S1.);
#5129 = LINE('',#5130,#5131);
#5130 = CARTESIAN_POINT('',(14.35,-7.275,-1.8));
#5131 = VECTOR('',#5132,1.);
#5132 = DIRECTION('',(0.,1.,0.));
#5133 = PCURVE('',#5101,#5134);
#5134 = DEFINITIONAL_REPRESENTATION('',(#5135),#5139);
#5135 = LINE('',#5136,#5137);
#5136 = CARTESIAN_POINT('',(0.,0.));
#5137 = VECTOR('',#5138,1.);
#5138 = DIRECTION('',(0.,-1.));
#5139 = ( GEOMETRIC_REPRESENTATION_CONTEXT(2) 
PARAMETRIC_REPRESENTATION_CONTEXT() REPRESENTATION_CONTEXT('2D SPACE',''
  ) );
#5140 = PCURVE('',#5141,#5146);
#5141 = PLANE('',#5142);
#5142 = AXIS2_PLACEMENT_3D('',#5143,#5144,#5145);
#5143 = CARTESIAN_POINT('',(14.35,-7.275,-1.8));
#5144 = DIRECTION('',(0.,0.,1.));
#5145 = DIRECTION('',(1.,0.,0.));
#5146 = DEFINITIONAL_REPRESENTATION('',(#5147),#5151);
#5147 = LINE('',#5148,#5149);
#5148 = CARTESIAN_POINT('',(0.,0.));
#5149 = VECTOR('',#5150,1.);
#5150 = DIRECTION('',(0.,1.));
#5151 = ( GEOMETRIC_REPRESENTATION_CONTEXT(2) 
PARAMETRIC_REPRESENTATION_CONTEXT() REPRESENTATION_CONTEXT('2D SPACE',''
  ) );
#5152 = ORIENTED_EDGE('',*,*,#5153,.T.);
#5153 = EDGE_CURVE('',#5126,#5154,#5156,.T.);
#5154 = VERTEX_POINT('',#5155);
#5155 = CARTESIAN_POINT('',(14.35,-7.025,0.55));
#5156 = SURFACE_CURVE('',#5157,(#5161,#5168),.PCURVE_S1.);
#5157 = LINE('',#5158,#5159);
#5158 = CARTESIAN_POINT('',(14.35,-7.025,-1.8));
#5159 = VECTOR('',#5160,1.);
#5160 = DIRECTION('',(0.,0.,1.));
#5161 = PCURVE('',#5101,#5162);
#5162 = DEFINITIONAL_REPRESENTATION('',(#5163),#5167);
#5163 = LINE('',#5164,#5165);
#5164 = CARTESIAN_POINT('',(0.,-0.25));
#5165 = VECTOR('',#5166,1.);
#5166 = DIRECTION('',(1.,0.));
#5167 = ( GEOMETRIC_REPRESENTATION_CONTEXT(2) 
PARAMETRIC_REPRESENTATION_CONTEXT() REPRESENTATION_CONTEXT('2D SPACE',''
  ) );
#5168 = PCURVE('',#5169,#5174);
#5169 = PLANE('',#5170);
#5170 = AXIS2_PLACEMENT_3D('',#5171,#5172,#5173);
#5171 = CARTESIAN_POINT('',(14.35,-7.025,-1.8));
#5172 = DIRECTION('',(0.,1.,0.));
#5173 = DIRECTION('',(0.,0.,1.));
#5174 = DEFINITIONAL_REPRESENTATION('',(#5175),#5179);
#5175 = LINE('',#5176,#5177);
#5176 = CARTESIAN_POINT('',(0.,0.));
#5177 = VECTOR('',#5178,1.);
#5178 = DIRECTION('',(1.,0.));
#5179 = ( GEOMETRIC_REPRESENTATION_CONTEXT(2) 
PARAMETRIC_REPRESENTATION_CONTEXT() REPRESENTATION_CONTEXT('2D SPACE',''
  ) );
#5180 = ORIENTED_EDGE('',*,*,#5181,.F.);
#5181 = EDGE_CURVE('',#5093,#5154,#5182,.T.);
#5182 = SURFACE_CURVE('',#5183,(#5187,#5194),.PCURVE_S1.);
#5183 = LINE('',#5184,#5185);
#5184 = CARTESIAN_POINT('',(14.35,-7.275,0.55));
#5185 = VECTOR('',#5186,1.);
#5186 = DIRECTION('',(0.,1.,0.));
#5187 = PCURVE('',#5101,#5188);
#5188 = DEFINITIONAL_REPRESENTATION('',(#5189),#5193);
#5189 = LINE('',#5190,#5191);
#5190 = CARTESIAN_POINT('',(2.35,0.));
#5191 = VECTOR('',#5192,1.);
#5192 = DIRECTION('',(0.,-1.));
#5193 = ( GEOMETRIC_REPRESENTATION_CONTEXT(2) 
PARAMETRIC_REPRESENTATION_CONTEXT() REPRESENTATION_CONTEXT('2D SPACE',''
  ) );
#5194 = PCURVE('',#5195,#5200);
#5195 = PLANE('',#5196);
#5196 = AXIS2_PLACEMENT_3D('',#5197,#5198,#5199);
#5197 = CARTESIAN_POINT('',(14.35,-7.275,0.55));
#5198 = DIRECTION('',(0.,0.,1.));
#5199 = DIRECTION('',(1.,0.,0.));
#5200 = DEFINITIONAL_REPRESENTATION('',(#5201),#5205);
#5201 = LINE('',#5202,#5203);
#5202 = CARTESIAN_POINT('',(0.,0.));
#5203 = VECTOR('',#5204,1.);
#5204 = DIRECTION('',(0.,1.));
#5205 = ( GEOMETRIC_REPRESENTATION_CONTEXT(2) 
PARAMETRIC_REPRESENTATION_CONTEXT() REPRESENTATION_CONTEXT('2D SPACE',''
  ) );
#5206 = ADVANCED_FACE('',(#5207),#5221,.T.);
#5207 = FACE_BOUND('',#5208,.T.);
#5208 = EDGE_LOOP('',(#5209,#5239,#5262,#5285));
#5209 = ORIENTED_EDGE('',*,*,#5210,.F.);
#5210 = EDGE_CURVE('',#5211,#5213,#5215,.T.);
#5211 = VERTEX_POINT('',#5212);
#5212 = CARTESIAN_POINT('',(15.65,-7.275,-1.8));
#5213 = VERTEX_POINT('',#5214);
#5214 = CARTESIAN_POINT('',(15.65,-7.275,0.55));
#5215 = SURFACE_CURVE('',#5216,(#5220,#5232),.PCURVE_S1.);
#5216 = LINE('',#5217,#5218);
#5217 = CARTESIAN_POINT('',(15.65,-7.275,-1.8));
#5218 = VECTOR('',#5219,1.);
#5219 = DIRECTION('',(0.,0.,1.));
#5220 = PCURVE('',#5221,#5226);
#5221 = PLANE('',#5222);
#5222 = AXIS2_PLACEMENT_3D('',#5223,#5224,#5225);
#5223 = CARTESIAN_POINT('',(15.65,-7.275,-1.8));
#5224 = DIRECTION('',(1.,0.,0.));
#5225 = DIRECTION('',(0.,0.,1.));
#5226 = DEFINITIONAL_REPRESENTATION('',(#5227),#5231);
#5227 = LINE('',#5228,#5229);
#5228 = CARTESIAN_POINT('',(0.,0.));
#5229 = VECTOR('',#5230,1.);
#5230 = DIRECTION('',(1.,0.));
#5231 = ( GEOMETRIC_REPRESENTATION_CONTEXT(2) 
PARAMETRIC_REPRESENTATION_CONTEXT() REPRESENTATION_CONTEXT('2D SPACE',''
  ) );
#5232 = PCURVE('',#5113,#5233);
#5233 = DEFINITIONAL_REPRESENTATION('',(#5234),#5238);
#5234 = LINE('',#5235,#5236);
#5235 = CARTESIAN_POINT('',(0.,1.3));
#5236 = VECTOR('',#5237,1.);
#5237 = DIRECTION('',(1.,0.));
#5238 = ( GEOMETRIC_REPRESENTATION_CONTEXT(2) 
PARAMETRIC_REPRESENTATION_CONTEXT() REPRESENTATION_CONTEXT('2D SPACE',''
  ) );
#5239 = ORIENTED_EDGE('',*,*,#5240,.T.);
#5240 = EDGE_CURVE('',#5211,#5241,#5243,.T.);
#5241 = VERTEX_POINT('',#5242);
#5242 = CARTESIAN_POINT('',(15.65,-7.025,-1.8));
#5243 = SURFACE_CURVE('',#5244,(#5248,#5255),.PCURVE_S1.);
#5244 = LINE('',#5245,#5246);
#5245 = CARTESIAN_POINT('',(15.65,-7.275,-1.8));
#5246 = VECTOR('',#5247,1.);
#5247 = DIRECTION('',(0.,1.,0.));
#5248 = PCURVE('',#5221,#5249);
#5249 = DEFINITIONAL_REPRESENTATION('',(#5250),#5254);
#5250 = LINE('',#5251,#5252);
#5251 = CARTESIAN_POINT('',(0.,0.));
#5252 = VECTOR('',#5253,1.);
#5253 = DIRECTION('',(0.,-1.));
#5254 = ( GEOMETRIC_REPRESENTATION_CONTEXT(2) 
PARAMETRIC_REPRESENTATION_CONTEXT() REPRESENTATION_CONTEXT('2D SPACE',''
  ) );
#5255 = PCURVE('',#5141,#5256);
#5256 = DEFINITIONAL_REPRESENTATION('',(#5257),#5261);
#5257 = LINE('',#5258,#5259);
#5258 = CARTESIAN_POINT('',(1.3,0.));
#5259 = VECTOR('',#5260,1.);
#5260 = DIRECTION('',(0.,1.));
#5261 = ( GEOMETRIC_REPRESENTATION_CONTEXT(2) 
PARAMETRIC_REPRESENTATION_CONTEXT() REPRESENTATION_CONTEXT('2D SPACE',''
  ) );
#5262 = ORIENTED_EDGE('',*,*,#5263,.T.);
#5263 = EDGE_CURVE('',#5241,#5264,#5266,.T.);
#5264 = VERTEX_POINT('',#5265);
#5265 = CARTESIAN_POINT('',(15.65,-7.025,0.55));
#5266 = SURFACE_CURVE('',#5267,(#5271,#5278),.PCURVE_S1.);
#5267 = LINE('',#5268,#5269);
#5268 = CARTESIAN_POINT('',(15.65,-7.025,-1.8));
#5269 = VECTOR('',#5270,1.);
#5270 = DIRECTION('',(0.,0.,1.));
#5271 = PCURVE('',#5221,#5272);
#5272 = DEFINITIONAL_REPRESENTATION('',(#5273),#5277);
#5273 = LINE('',#5274,#5275);
#5274 = CARTESIAN_POINT('',(0.,-0.25));
#5275 = VECTOR('',#5276,1.);
#5276 = DIRECTION('',(1.,0.));
#5277 = ( GEOMETRIC_REPRESENTATION_CONTEXT(2) 
PARAMETRIC_REPRESENTATION_CONTEXT() REPRESENTATION_CONTEXT('2D SPACE',''
  ) );
#5278 = PCURVE('',#5169,#5279);
#5279 = DEFINITIONAL_REPRESENTATION('',(#5280),#5284);
#5280 = LINE('',#5281,#5282);
#5281 = CARTESIAN_POINT('',(0.,1.3));
#5282 = VECTOR('',#5283,1.);
#5283 = DIRECTION('',(1.,0.));
#5284 = ( GEOMETRIC_REPRESENTATION_CONTEXT(2) 
PARAMETRIC_REPRESENTATION_CONTEXT() REPRESENTATION_CONTEXT('2D SPACE',''
  ) );
#5285 = ORIENTED_EDGE('',*,*,#5286,.F.);
#5286 = EDGE_CURVE('',#5213,#5264,#5287,.T.);
#5287 = SURFACE_CURVE('',#5288,(#5292,#5299),.PCURVE_S1.);
#5288 = LINE('',#5289,#5290);
#5289 = CARTESIAN_POINT('',(15.65,-7.275,0.55));
#5290 = VECTOR('',#5291,1.);
#5291 = DIRECTION('',(0.,1.,0.));
#5292 = PCURVE('',#5221,#5293);
#5293 = DEFINITIONAL_REPRESENTATION('',(#5294),#5298);
#5294 = LINE('',#5295,#5296);
#5295 = CARTESIAN_POINT('',(2.35,0.));
#5296 = VECTOR('',#5297,1.);
#5297 = DIRECTION('',(0.,-1.));
#5298 = ( GEOMETRIC_REPRESENTATION_CONTEXT(2) 
PARAMETRIC_REPRESENTATION_CONTEXT() REPRESENTATION_CONTEXT('2D SPACE',''
  ) );
#5299 = PCURVE('',#5195,#5300);
#5300 = DEFINITIONAL_REPRESENTATION('',(#5301),#5305);
#5301 = LINE('',#5302,#5303);
#5302 = CARTESIAN_POINT('',(1.3,0.));
#5303 = VECTOR('',#5304,1.);
#5304 = DIRECTION('',(0.,1.));
#5305 = ( GEOMETRIC_REPRESENTATION_CONTEXT(2) 
PARAMETRIC_REPRESENTATION_CONTEXT() REPRESENTATION_CONTEXT('2D SPACE',''
  ) );
#5306 = ADVANCED_FACE('',(#5307),#5113,.F.);
#5307 = FACE_BOUND('',#5308,.F.);
#5308 = EDGE_LOOP('',(#5309,#5330,#5331,#5352));
#5309 = ORIENTED_EDGE('',*,*,#5310,.F.);
#5310 = EDGE_CURVE('',#5091,#5211,#5311,.T.);
#5311 = SURFACE_CURVE('',#5312,(#5316,#5323),.PCURVE_S1.);
#5312 = LINE('',#5313,#5314);
#5313 = CARTESIAN_POINT('',(14.35,-7.275,-1.8));
#5314 = VECTOR('',#5315,1.);
#5315 = DIRECTION('',(1.,0.,0.));
#5316 = PCURVE('',#5113,#5317);
#5317 = DEFINITIONAL_REPRESENTATION('',(#5318),#5322);
#5318 = LINE('',#5319,#5320);
#5319 = CARTESIAN_POINT('',(0.,0.));
#5320 = VECTOR('',#5321,1.);
#5321 = DIRECTION('',(0.,1.));
#5322 = ( GEOMETRIC_REPRESENTATION_CONTEXT(2) 
PARAMETRIC_REPRESENTATION_CONTEXT() REPRESENTATION_CONTEXT('2D SPACE',''
  ) );
#5323 = PCURVE('',#5141,#5324);
#5324 = DEFINITIONAL_REPRESENTATION('',(#5325),#5329);
#5325 = LINE('',#5326,#5327);
#5326 = CARTESIAN_POINT('',(0.,0.));
#5327 = VECTOR('',#5328,1.);
#5328 = DIRECTION('',(1.,0.));
#5329 = ( GEOMETRIC_REPRESENTATION_CONTEXT(2) 
PARAMETRIC_REPRESENTATION_CONTEXT() REPRESENTATION_CONTEXT('2D SPACE',''
  ) );
#5330 = ORIENTED_EDGE('',*,*,#5090,.T.);
#5331 = ORIENTED_EDGE('',*,*,#5332,.T.);
#5332 = EDGE_CURVE('',#5093,#5213,#5333,.T.);
#5333 = SURFACE_CURVE('',#5334,(#5338,#5345),.PCURVE_S1.);
#5334 = LINE('',#5335,#5336);
#5335 = CARTESIAN_POINT('',(14.35,-7.275,0.55));
#5336 = VECTOR('',#5337,1.);
#5337 = DIRECTION('',(1.,0.,0.));
#5338 = PCURVE('',#5113,#5339);
#5339 = DEFINITIONAL_REPRESENTATION('',(#5340),#5344);
#5340 = LINE('',#5341,#5342);
#5341 = CARTESIAN_POINT('',(2.35,0.));
#5342 = VECTOR('',#5343,1.);
#5343 = DIRECTION('',(0.,1.));
#5344 = ( GEOMETRIC_REPRESENTATION_CONTEXT(2) 
PARAMETRIC_REPRESENTATION_CONTEXT() REPRESENTATION_CONTEXT('2D SPACE',''
  ) );
#5345 = PCURVE('',#5195,#5346);
#5346 = DEFINITIONAL_REPRESENTATION('',(#5347),#5351);
#5347 = LINE('',#5348,#5349);
#5348 = CARTESIAN_POINT('',(0.,0.));
#5349 = VECTOR('',#5350,1.);
#5350 = DIRECTION('',(1.,0.));
#5351 = ( GEOMETRIC_REPRESENTATION_CONTEXT(2) 
PARAMETRIC_REPRESENTATION_CONTEXT() REPRESENTATION_CONTEXT('2D SPACE',''
  ) );
#5352 = ORIENTED_EDGE('',*,*,#5210,.F.);
#5353 = ADVANCED_FACE('',(#5354),#5169,.T.);
#5354 = FACE_BOUND('',#5355,.T.);
#5355 = EDGE_LOOP('',(#5356,#5377,#5378,#5399));
#5356 = ORIENTED_EDGE('',*,*,#5357,.F.);
#5357 = EDGE_CURVE('',#5126,#5241,#5358,.T.);
#5358 = SURFACE_CURVE('',#5359,(#5363,#5370),.PCURVE_S1.);
#5359 = LINE('',#5360,#5361);
#5360 = CARTESIAN_POINT('',(14.35,-7.025,-1.8));
#5361 = VECTOR('',#5362,1.);
#5362 = DIRECTION('',(1.,0.,0.));
#5363 = PCURVE('',#5169,#5364);
#5364 = DEFINITIONAL_REPRESENTATION('',(#5365),#5369);
#5365 = LINE('',#5366,#5367);
#5366 = CARTESIAN_POINT('',(0.,0.));
#5367 = VECTOR('',#5368,1.);
#5368 = DIRECTION('',(0.,1.));
#5369 = ( GEOMETRIC_REPRESENTATION_CONTEXT(2) 
PARAMETRIC_REPRESENTATION_CONTEXT() REPRESENTATION_CONTEXT('2D SPACE',''
  ) );
#5370 = PCURVE('',#5141,#5371);
#5371 = DEFINITIONAL_REPRESENTATION('',(#5372),#5376);
#5372 = LINE('',#5373,#5374);
#5373 = CARTESIAN_POINT('',(0.,0.25));
#5374 = VECTOR('',#5375,1.);
#5375 = DIRECTION('',(1.,0.));
#5376 = ( GEOMETRIC_REPRESENTATION_CONTEXT(2) 
PARAMETRIC_REPRESENTATION_CONTEXT() REPRESENTATION_CONTEXT('2D SPACE',''
  ) );
#5377 = ORIENTED_EDGE('',*,*,#5153,.T.);
#5378 = ORIENTED_EDGE('',*,*,#5379,.T.);
#5379 = EDGE_CURVE('',#5154,#5264,#5380,.T.);
#5380 = SURFACE_CURVE('',#5381,(#5385,#5392),.PCURVE_S1.);
#5381 = LINE('',#5382,#5383);
#5382 = CARTESIAN_POINT('',(14.35,-7.025,0.55));
#5383 = VECTOR('',#5384,1.);
#5384 = DIRECTION('',(1.,0.,0.));
#5385 = PCURVE('',#5169,#5386);
#5386 = DEFINITIONAL_REPRESENTATION('',(#5387),#5391);
#5387 = LINE('',#5388,#5389);
#5388 = CARTESIAN_POINT('',(2.35,0.));
#5389 = VECTOR('',#5390,1.);
#5390 = DIRECTION('',(0.,1.));
#5391 = ( GEOMETRIC_REPRESENTATION_CONTEXT(2) 
PARAMETRIC_REPRESENTATION_CONTEXT() REPRESENTATION_CONTEXT('2D SPACE',''
  ) );
#5392 = PCURVE('',#5195,#5393);
#5393 = DEFINITIONAL_REPRESENTATION('',(#5394),#5398);
#5394 = LINE('',#5395,#5396);
#5395 = CARTESIAN_POINT('',(0.,0.25));
#5396 = VECTOR('',#5397,1.);
#5397 = DIRECTION('',(1.,0.));
#5398 = ( GEOMETRIC_REPRESENTATION_CONTEXT(2) 
PARAMETRIC_REPRESENTATION_CONTEXT() REPRESENTATION_CONTEXT('2D SPACE',''
  ) );
#5399 = ORIENTED_EDGE('',*,*,#5263,.F.);
#5400 = ADVANCED_FACE('',(#5401),#5141,.F.);
#5401 = FACE_BOUND('',#5402,.F.);
#5402 = EDGE_LOOP('',(#5403,#5404,#5405,#5406));
#5403 = ORIENTED_EDGE('',*,*,#5125,.F.);
#5404 = ORIENTED_EDGE('',*,*,#5310,.T.);
#5405 = ORIENTED_EDGE('',*,*,#5240,.T.);
#5406 = ORIENTED_EDGE('',*,*,#5357,.F.);
#5407 = ADVANCED_FACE('',(#5408),#5195,.T.);
#5408 = FACE_BOUND('',#5409,.T.);
#5409 = EDGE_LOOP('',(#5410,#5411,#5412,#5413));
#5410 = ORIENTED_EDGE('',*,*,#5181,.F.);
#5411 = ORIENTED_EDGE('',*,*,#5332,.T.);
#5412 = ORIENTED_EDGE('',*,*,#5286,.T.);
#5413 = ORIENTED_EDGE('',*,*,#5379,.F.);
#5414 = MANIFOLD_SOLID_BREP('',#5415);
#5415 = CLOSED_SHELL('',(#5416,#5536,#5636,#5683,#5730,#5737));
#5416 = ADVANCED_FACE('',(#5417),#5431,.F.);
#5417 = FACE_BOUND('',#5418,.F.);
#5418 = EDGE_LOOP('',(#5419,#5454,#5482,#5510));
#5419 = ORIENTED_EDGE('',*,*,#5420,.F.);
#5420 = EDGE_CURVE('',#5421,#5423,#5425,.T.);
#5421 = VERTEX_POINT('',#5422);
#5422 = CARTESIAN_POINT('',(-21.65,7.025,-1.8));
#5423 = VERTEX_POINT('',#5424);
#5424 = CARTESIAN_POINT('',(-21.65,7.025,0.55));
#5425 = SURFACE_CURVE('',#5426,(#5430,#5442),.PCURVE_S1.);
#5426 = LINE('',#5427,#5428);
#5427 = CARTESIAN_POINT('',(-21.65,7.025,-1.8));
#5428 = VECTOR('',#5429,1.);
#5429 = DIRECTION('',(0.,0.,1.));
#5430 = PCURVE('',#5431,#5436);
#5431 = PLANE('',#5432);
#5432 = AXIS2_PLACEMENT_3D('',#5433,#5434,#5435);
#5433 = CARTESIAN_POINT('',(-21.65,7.025,-1.8));
#5434 = DIRECTION('',(1.,0.,0.));
#5435 = DIRECTION('',(0.,0.,1.));
#5436 = DEFINITIONAL_REPRESENTATION('',(#5437),#5441);
#5437 = LINE('',#5438,#5439);
#5438 = CARTESIAN_POINT('',(0.,0.));
#5439 = VECTOR('',#5440,1.);
#5440 = DIRECTION('',(1.,0.));
#5441 = ( GEOMETRIC_REPRESENTATION_CONTEXT(2) 
PARAMETRIC_REPRESENTATION_CONTEXT() REPRESENTATION_CONTEXT('2D SPACE',''
  ) );
#5442 = PCURVE('',#5443,#5448);
#5443 = PLANE('',#5444);
#5444 = AXIS2_PLACEMENT_3D('',#5445,#5446,#5447);
#5445 = CARTESIAN_POINT('',(-21.65,7.025,-1.8));
#5446 = DIRECTION('',(0.,1.,0.));
#5447 = DIRECTION('',(0.,0.,1.));
#5448 = DEFINITIONAL_REPRESENTATION('',(#5449),#5453);
#5449 = LINE('',#5450,#5451);
#5450 = CARTESIAN_POINT('',(0.,0.));
#5451 = VECTOR('',#5452,1.);
#5452 = DIRECTION('',(1.,0.));
#5453 = ( GEOMETRIC_REPRESENTATION_CONTEXT(2) 
PARAMETRIC_REPRESENTATION_CONTEXT() REPRESENTATION_CONTEXT('2D SPACE',''
  ) );
#5454 = ORIENTED_EDGE('',*,*,#5455,.T.);
#5455 = EDGE_CURVE('',#5421,#5456,#5458,.T.);
#5456 = VERTEX_POINT('',#5457);
#5457 = CARTESIAN_POINT('',(-21.65,7.275,-1.8));
#5458 = SURFACE_CURVE('',#5459,(#5463,#5470),.PCURVE_S1.);
#5459 = LINE('',#5460,#5461);
#5460 = CARTESIAN_POINT('',(-21.65,7.025,-1.8));
#5461 = VECTOR('',#5462,1.);
#5462 = DIRECTION('',(0.,1.,0.));
#5463 = PCURVE('',#5431,#5464);
#5464 = DEFINITIONAL_REPRESENTATION('',(#5465),#5469);
#5465 = LINE('',#5466,#5467);
#5466 = CARTESIAN_POINT('',(0.,0.));
#5467 = VECTOR('',#5468,1.);
#5468 = DIRECTION('',(0.,-1.));
#5469 = ( GEOMETRIC_REPRESENTATION_CONTEXT(2) 
PARAMETRIC_REPRESENTATION_CONTEXT() REPRESENTATION_CONTEXT('2D SPACE',''
  ) );
#5470 = PCURVE('',#5471,#5476);
#5471 = PLANE('',#5472);
#5472 = AXIS2_PLACEMENT_3D('',#5473,#5474,#5475);
#5473 = CARTESIAN_POINT('',(-21.65,7.025,-1.8));
#5474 = DIRECTION('',(0.,0.,1.));
#5475 = DIRECTION('',(1.,0.,0.));
#5476 = DEFINITIONAL_REPRESENTATION('',(#5477),#5481);
#5477 = LINE('',#5478,#5479);
#5478 = CARTESIAN_POINT('',(0.,0.));
#5479 = VECTOR('',#5480,1.);
#5480 = DIRECTION('',(0.,1.));
#5481 = ( GEOMETRIC_REPRESENTATION_CONTEXT(2) 
PARAMETRIC_REPRESENTATION_CONTEXT() REPRESENTATION_CONTEXT('2D SPACE',''
  ) );
#5482 = ORIENTED_EDGE('',*,*,#5483,.T.);
#5483 = EDGE_CURVE('',#5456,#5484,#5486,.T.);
#5484 = VERTEX_POINT('',#5485);
#5485 = CARTESIAN_POINT('',(-21.65,7.275,0.55));
#5486 = SURFACE_CURVE('',#5487,(#5491,#5498),.PCURVE_S1.);
#5487 = LINE('',#5488,#5489);
#5488 = CARTESIAN_POINT('',(-21.65,7.275,-1.8));
#5489 = VECTOR('',#5490,1.);
#5490 = DIRECTION('',(0.,0.,1.));
#5491 = PCURVE('',#5431,#5492);
#5492 = DEFINITIONAL_REPRESENTATION('',(#5493),#5497);
#5493 = LINE('',#5494,#5495);
#5494 = CARTESIAN_POINT('',(0.,-0.25));
#5495 = VECTOR('',#5496,1.);
#5496 = DIRECTION('',(1.,0.));
#5497 = ( GEOMETRIC_REPRESENTATION_CONTEXT(2) 
PARAMETRIC_REPRESENTATION_CONTEXT() REPRESENTATION_CONTEXT('2D SPACE',''
  ) );
#5498 = PCURVE('',#5499,#5504);
#5499 = PLANE('',#5500);
#5500 = AXIS2_PLACEMENT_3D('',#5501,#5502,#5503);
#5501 = CARTESIAN_POINT('',(-21.65,7.275,-1.8));
#5502 = DIRECTION('',(0.,1.,0.));
#5503 = DIRECTION('',(0.,0.,1.));
#5504 = DEFINITIONAL_REPRESENTATION('',(#5505),#5509);
#5505 = LINE('',#5506,#5507);
#5506 = CARTESIAN_POINT('',(0.,0.));
#5507 = VECTOR('',#5508,1.);
#5508 = DIRECTION('',(1.,0.));
#5509 = ( GEOMETRIC_REPRESENTATION_CONTEXT(2) 
PARAMETRIC_REPRESENTATION_CONTEXT() REPRESENTATION_CONTEXT('2D SPACE',''
  ) );
#5510 = ORIENTED_EDGE('',*,*,#5511,.F.);
#5511 = EDGE_CURVE('',#5423,#5484,#5512,.T.);
#5512 = SURFACE_CURVE('',#5513,(#5517,#5524),.PCURVE_S1.);
#5513 = LINE('',#5514,#5515);
#5514 = CARTESIAN_POINT('',(-21.65,7.025,0.55));
#5515 = VECTOR('',#5516,1.);
#5516 = DIRECTION('',(0.,1.,0.));
#5517 = PCURVE('',#5431,#5518);
#5518 = DEFINITIONAL_REPRESENTATION('',(#5519),#5523);
#5519 = LINE('',#5520,#5521);
#5520 = CARTESIAN_POINT('',(2.35,0.));
#5521 = VECTOR('',#5522,1.);
#5522 = DIRECTION('',(0.,-1.));
#5523 = ( GEOMETRIC_REPRESENTATION_CONTEXT(2) 
PARAMETRIC_REPRESENTATION_CONTEXT() REPRESENTATION_CONTEXT('2D SPACE',''
  ) );
#5524 = PCURVE('',#5525,#5530);
#5525 = PLANE('',#5526);
#5526 = AXIS2_PLACEMENT_3D('',#5527,#5528,#5529);
#5527 = CARTESIAN_POINT('',(-21.65,7.025,0.55));
#5528 = DIRECTION('',(0.,0.,1.));
#5529 = DIRECTION('',(1.,0.,0.));
#5530 = DEFINITIONAL_REPRESENTATION('',(#5531),#5535);
#5531 = LINE('',#5532,#5533);
#5532 = CARTESIAN_POINT('',(0.,0.));
#5533 = VECTOR('',#5534,1.);
#5534 = DIRECTION('',(0.,1.));
#5535 = ( GEOMETRIC_REPRESENTATION_CONTEXT(2) 
PARAMETRIC_REPRESENTATION_CONTEXT() REPRESENTATION_CONTEXT('2D SPACE',''
  ) );
#5536 = ADVANCED_FACE('',(#5537),#5551,.T.);
#5537 = FACE_BOUND('',#5538,.T.);
#5538 = EDGE_LOOP('',(#5539,#5569,#5592,#5615));
#5539 = ORIENTED_EDGE('',*,*,#5540,.F.);
#5540 = EDGE_CURVE('',#5541,#5543,#5545,.T.);
#5541 = VERTEX_POINT('',#5542);
#5542 = CARTESIAN_POINT('',(-20.35,7.025,-1.8));
#5543 = VERTEX_POINT('',#5544);
#5544 = CARTESIAN_POINT('',(-20.35,7.025,0.55));
#5545 = SURFACE_CURVE('',#5546,(#5550,#5562),.PCURVE_S1.);
#5546 = LINE('',#5547,#5548);
#5547 = CARTESIAN_POINT('',(-20.35,7.025,-1.8));
#5548 = VECTOR('',#5549,1.);
#5549 = DIRECTION('',(0.,0.,1.));
#5550 = PCURVE('',#5551,#5556);
#5551 = PLANE('',#5552);
#5552 = AXIS2_PLACEMENT_3D('',#5553,#5554,#5555);
#5553 = CARTESIAN_POINT('',(-20.35,7.025,-1.8));
#5554 = DIRECTION('',(1.,0.,0.));
#5555 = DIRECTION('',(0.,0.,1.));
#5556 = DEFINITIONAL_REPRESENTATION('',(#5557),#5561);
#5557 = LINE('',#5558,#5559);
#5558 = CARTESIAN_POINT('',(0.,0.));
#5559 = VECTOR('',#5560,1.);
#5560 = DIRECTION('',(1.,0.));
#5561 = ( GEOMETRIC_REPRESENTATION_CONTEXT(2) 
PARAMETRIC_REPRESENTATION_CONTEXT() REPRESENTATION_CONTEXT('2D SPACE',''
  ) );
#5562 = PCURVE('',#5443,#5563);
#5563 = DEFINITIONAL_REPRESENTATION('',(#5564),#5568);
#5564 = LINE('',#5565,#5566);
#5565 = CARTESIAN_POINT('',(0.,1.3));
#5566 = VECTOR('',#5567,1.);
#5567 = DIRECTION('',(1.,0.));
#5568 = ( GEOMETRIC_REPRESENTATION_CONTEXT(2) 
PARAMETRIC_REPRESENTATION_CONTEXT() REPRESENTATION_CONTEXT('2D SPACE',''
  ) );
#5569 = ORIENTED_EDGE('',*,*,#5570,.T.);
#5570 = EDGE_CURVE('',#5541,#5571,#5573,.T.);
#5571 = VERTEX_POINT('',#5572);
#5572 = CARTESIAN_POINT('',(-20.35,7.275,-1.8));
#5573 = SURFACE_CURVE('',#5574,(#5578,#5585),.PCURVE_S1.);
#5574 = LINE('',#5575,#5576);
#5575 = CARTESIAN_POINT('',(-20.35,7.025,-1.8));
#5576 = VECTOR('',#5577,1.);
#5577 = DIRECTION('',(0.,1.,0.));
#5578 = PCURVE('',#5551,#5579);
#5579 = DEFINITIONAL_REPRESENTATION('',(#5580),#5584);
#5580 = LINE('',#5581,#5582);
#5581 = CARTESIAN_POINT('',(0.,0.));
#5582 = VECTOR('',#5583,1.);
#5583 = DIRECTION('',(0.,-1.));
#5584 = ( GEOMETRIC_REPRESENTATION_CONTEXT(2) 
PARAMETRIC_REPRESENTATION_CONTEXT() REPRESENTATION_CONTEXT('2D SPACE',''
  ) );
#5585 = PCURVE('',#5471,#5586);
#5586 = DEFINITIONAL_REPRESENTATION('',(#5587),#5591);
#5587 = LINE('',#5588,#5589);
#5588 = CARTESIAN_POINT('',(1.3,0.));
#5589 = VECTOR('',#5590,1.);
#5590 = DIRECTION('',(0.,1.));
#5591 = ( GEOMETRIC_REPRESENTATION_CONTEXT(2) 
PARAMETRIC_REPRESENTATION_CONTEXT() REPRESENTATION_CONTEXT('2D SPACE',''
  ) );
#5592 = ORIENTED_EDGE('',*,*,#5593,.T.);
#5593 = EDGE_CURVE('',#5571,#5594,#5596,.T.);
#5594 = VERTEX_POINT('',#5595);
#5595 = CARTESIAN_POINT('',(-20.35,7.275,0.55));
#5596 = SURFACE_CURVE('',#5597,(#5601,#5608),.PCURVE_S1.);
#5597 = LINE('',#5598,#5599);
#5598 = CARTESIAN_POINT('',(-20.35,7.275,-1.8));
#5599 = VECTOR('',#5600,1.);
#5600 = DIRECTION('',(0.,0.,1.));
#5601 = PCURVE('',#5551,#5602);
#5602 = DEFINITIONAL_REPRESENTATION('',(#5603),#5607);
#5603 = LINE('',#5604,#5605);
#5604 = CARTESIAN_POINT('',(0.,-0.25));
#5605 = VECTOR('',#5606,1.);
#5606 = DIRECTION('',(1.,0.));
#5607 = ( GEOMETRIC_REPRESENTATION_CONTEXT(2) 
PARAMETRIC_REPRESENTATION_CONTEXT() REPRESENTATION_CONTEXT('2D SPACE',''
  ) );
#5608 = PCURVE('',#5499,#5609);
#5609 = DEFINITIONAL_REPRESENTATION('',(#5610),#5614);
#5610 = LINE('',#5611,#5612);
#5611 = CARTESIAN_POINT('',(0.,1.3));
#5612 = VECTOR('',#5613,1.);
#5613 = DIRECTION('',(1.,0.));
#5614 = ( GEOMETRIC_REPRESENTATION_CONTEXT(2) 
PARAMETRIC_REPRESENTATION_CONTEXT() REPRESENTATION_CONTEXT('2D SPACE',''
  ) );
#5615 = ORIENTED_EDGE('',*,*,#5616,.F.);
#5616 = EDGE_CURVE('',#5543,#5594,#5617,.T.);
#5617 = SURFACE_CURVE('',#5618,(#5622,#5629),.PCURVE_S1.);
#5618 = LINE('',#5619,#5620);
#5619 = CARTESIAN_POINT('',(-20.35,7.025,0.55));
#5620 = VECTOR('',#5621,1.);
#5621 = DIRECTION('',(0.,1.,0.));
#5622 = PCURVE('',#5551,#5623);
#5623 = DEFINITIONAL_REPRESENTATION('',(#5624),#5628);
#5624 = LINE('',#5625,#5626);
#5625 = CARTESIAN_POINT('',(2.35,0.));
#5626 = VECTOR('',#5627,1.);
#5627 = DIRECTION('',(0.,-1.));
#5628 = ( GEOMETRIC_REPRESENTATION_CONTEXT(2) 
PARAMETRIC_REPRESENTATION_CONTEXT() REPRESENTATION_CONTEXT('2D SPACE',''
  ) );
#5629 = PCURVE('',#5525,#5630);
#5630 = DEFINITIONAL_REPRESENTATION('',(#5631),#5635);
#5631 = LINE('',#5632,#5633);
#5632 = CARTESIAN_POINT('',(1.3,0.));
#5633 = VECTOR('',#5634,1.);
#5634 = DIRECTION('',(0.,1.));
#5635 = ( GEOMETRIC_REPRESENTATION_CONTEXT(2) 
PARAMETRIC_REPRESENTATION_CONTEXT() REPRESENTATION_CONTEXT('2D SPACE',''
  ) );
#5636 = ADVANCED_FACE('',(#5637),#5443,.F.);
#5637 = FACE_BOUND('',#5638,.F.);
#5638 = EDGE_LOOP('',(#5639,#5660,#5661,#5682));
#5639 = ORIENTED_EDGE('',*,*,#5640,.F.);
#5640 = EDGE_CURVE('',#5421,#5541,#5641,.T.);
#5641 = SURFACE_CURVE('',#5642,(#5646,#5653),.PCURVE_S1.);
#5642 = LINE('',#5643,#5644);
#5643 = CARTESIAN_POINT('',(-21.65,7.025,-1.8));
#5644 = VECTOR('',#5645,1.);
#5645 = DIRECTION('',(1.,0.,0.));
#5646 = PCURVE('',#5443,#5647);
#5647 = DEFINITIONAL_REPRESENTATION('',(#5648),#5652);
#5648 = LINE('',#5649,#5650);
#5649 = CARTESIAN_POINT('',(0.,0.));
#5650 = VECTOR('',#5651,1.);
#5651 = DIRECTION('',(0.,1.));
#5652 = ( GEOMETRIC_REPRESENTATION_CONTEXT(2) 
PARAMETRIC_REPRESENTATION_CONTEXT() REPRESENTATION_CONTEXT('2D SPACE',''
  ) );
#5653 = PCURVE('',#5471,#5654);
#5654 = DEFINITIONAL_REPRESENTATION('',(#5655),#5659);
#5655 = LINE('',#5656,#5657);
#5656 = CARTESIAN_POINT('',(0.,0.));
#5657 = VECTOR('',#5658,1.);
#5658 = DIRECTION('',(1.,0.));
#5659 = ( GEOMETRIC_REPRESENTATION_CONTEXT(2) 
PARAMETRIC_REPRESENTATION_CONTEXT() REPRESENTATION_CONTEXT('2D SPACE',''
  ) );
#5660 = ORIENTED_EDGE('',*,*,#5420,.T.);
#5661 = ORIENTED_EDGE('',*,*,#5662,.T.);
#5662 = EDGE_CURVE('',#5423,#5543,#5663,.T.);
#5663 = SURFACE_CURVE('',#5664,(#5668,#5675),.PCURVE_S1.);
#5664 = LINE('',#5665,#5666);
#5665 = CARTESIAN_POINT('',(-21.65,7.025,0.55));
#5666 = VECTOR('',#5667,1.);
#5667 = DIRECTION('',(1.,0.,0.));
#5668 = PCURVE('',#5443,#5669);
#5669 = DEFINITIONAL_REPRESENTATION('',(#5670),#5674);
#5670 = LINE('',#5671,#5672);
#5671 = CARTESIAN_POINT('',(2.35,0.));
#5672 = VECTOR('',#5673,1.);
#5673 = DIRECTION('',(0.,1.));
#5674 = ( GEOMETRIC_REPRESENTATION_CONTEXT(2) 
PARAMETRIC_REPRESENTATION_CONTEXT() REPRESENTATION_CONTEXT('2D SPACE',''
  ) );
#5675 = PCURVE('',#5525,#5676);
#5676 = DEFINITIONAL_REPRESENTATION('',(#5677),#5681);
#5677 = LINE('',#5678,#5679);
#5678 = CARTESIAN_POINT('',(0.,0.));
#5679 = VECTOR('',#5680,1.);
#5680 = DIRECTION('',(1.,0.));
#5681 = ( GEOMETRIC_REPRESENTATION_CONTEXT(2) 
PARAMETRIC_REPRESENTATION_CONTEXT() REPRESENTATION_CONTEXT('2D SPACE',''
  ) );
#5682 = ORIENTED_EDGE('',*,*,#5540,.F.);
#5683 = ADVANCED_FACE('',(#5684),#5499,.T.);
#5684 = FACE_BOUND('',#5685,.T.);
#5685 = EDGE_LOOP('',(#5686,#5707,#5708,#5729));
#5686 = ORIENTED_EDGE('',*,*,#5687,.F.);
#5687 = EDGE_CURVE('',#5456,#5571,#5688,.T.);
#5688 = SURFACE_CURVE('',#5689,(#5693,#5700),.PCURVE_S1.);
#5689 = LINE('',#5690,#5691);
#5690 = CARTESIAN_POINT('',(-21.65,7.275,-1.8));
#5691 = VECTOR('',#5692,1.);
#5692 = DIRECTION('',(1.,0.,0.));
#5693 = PCURVE('',#5499,#5694);
#5694 = DEFINITIONAL_REPRESENTATION('',(#5695),#5699);
#5695 = LINE('',#5696,#5697);
#5696 = CARTESIAN_POINT('',(0.,0.));
#5697 = VECTOR('',#5698,1.);
#5698 = DIRECTION('',(0.,1.));
#5699 = ( GEOMETRIC_REPRESENTATION_CONTEXT(2) 
PARAMETRIC_REPRESENTATION_CONTEXT() REPRESENTATION_CONTEXT('2D SPACE',''
  ) );
#5700 = PCURVE('',#5471,#5701);
#5701 = DEFINITIONAL_REPRESENTATION('',(#5702),#5706);
#5702 = LINE('',#5703,#5704);
#5703 = CARTESIAN_POINT('',(0.,0.25));
#5704 = VECTOR('',#5705,1.);
#5705 = DIRECTION('',(1.,0.));
#5706 = ( GEOMETRIC_REPRESENTATION_CONTEXT(2) 
PARAMETRIC_REPRESENTATION_CONTEXT() REPRESENTATION_CONTEXT('2D SPACE',''
  ) );
#5707 = ORIENTED_EDGE('',*,*,#5483,.T.);
#5708 = ORIENTED_EDGE('',*,*,#5709,.T.);
#5709 = EDGE_CURVE('',#5484,#5594,#5710,.T.);
#5710 = SURFACE_CURVE('',#5711,(#5715,#5722),.PCURVE_S1.);
#5711 = LINE('',#5712,#5713);
#5712 = CARTESIAN_POINT('',(-21.65,7.275,0.55));
#5713 = VECTOR('',#5714,1.);
#5714 = DIRECTION('',(1.,0.,0.));
#5715 = PCURVE('',#5499,#5716);
#5716 = DEFINITIONAL_REPRESENTATION('',(#5717),#5721);
#5717 = LINE('',#5718,#5719);
#5718 = CARTESIAN_POINT('',(2.35,0.));
#5719 = VECTOR('',#5720,1.);
#5720 = DIRECTION('',(0.,1.));
#5721 = ( GEOMETRIC_REPRESENTATION_CONTEXT(2) 
PARAMETRIC_REPRESENTATION_CONTEXT() REPRESENTATION_CONTEXT('2D SPACE',''
  ) );
#5722 = PCURVE('',#5525,#5723);
#5723 = DEFINITIONAL_REPRESENTATION('',(#5724),#5728);
#5724 = LINE('',#5725,#5726);
#5725 = CARTESIAN_POINT('',(0.,0.25));
#5726 = VECTOR('',#5727,1.);
#5727 = DIRECTION('',(1.,0.));
#5728 = ( GEOMETRIC_REPRESENTATION_CONTEXT(2) 
PARAMETRIC_REPRESENTATION_CONTEXT() REPRESENTATION_CONTEXT('2D SPACE',''
  ) );
#5729 = ORIENTED_EDGE('',*,*,#5593,.F.);
#5730 = ADVANCED_FACE('',(#5731),#5471,.F.);
#5731 = FACE_BOUND('',#5732,.F.);
#5732 = EDGE_LOOP('',(#5733,#5734,#5735,#5736));
#5733 = ORIENTED_EDGE('',*,*,#5455,.F.);
#5734 = ORIENTED_EDGE('',*,*,#5640,.T.);
#5735 = ORIENTED_EDGE('',*,*,#5570,.T.);
#5736 = ORIENTED_EDGE('',*,*,#5687,.F.);
#5737 = ADVANCED_FACE('',(#5738),#5525,.T.);
#5738 = FACE_BOUND('',#5739,.T.);
#5739 = EDGE_LOOP('',(#5740,#5741,#5742,#5743));
#5740 = ORIENTED_EDGE('',*,*,#5511,.F.);
#5741 = ORIENTED_EDGE('',*,*,#5662,.T.);
#5742 = ORIENTED_EDGE('',*,*,#5616,.T.);
#5743 = ORIENTED_EDGE('',*,*,#5709,.F.);
#5744 = MANIFOLD_SOLID_BREP('',#5745);
#5745 = CLOSED_SHELL('',(#5746,#5866,#5966,#6013,#6060,#6067));
#5746 = ADVANCED_FACE('',(#5747),#5761,.F.);
#5747 = FACE_BOUND('',#5748,.F.);
#5748 = EDGE_LOOP('',(#5749,#5784,#5812,#5840));
#5749 = ORIENTED_EDGE('',*,*,#5750,.F.);
#5750 = EDGE_CURVE('',#5751,#5753,#5755,.T.);
#5751 = VERTEX_POINT('',#5752);
#5752 = CARTESIAN_POINT('',(-17.65,7.025,-1.8));
#5753 = VERTEX_POINT('',#5754);
#5754 = CARTESIAN_POINT('',(-17.65,7.025,0.55));
#5755 = SURFACE_CURVE('',#5756,(#5760,#5772),.PCURVE_S1.);
#5756 = LINE('',#5757,#5758);
#5757 = CARTESIAN_POINT('',(-17.65,7.025,-1.8));
#5758 = VECTOR('',#5759,1.);
#5759 = DIRECTION('',(0.,0.,1.));
#5760 = PCURVE('',#5761,#5766);
#5761 = PLANE('',#5762);
#5762 = AXIS2_PLACEMENT_3D('',#5763,#5764,#5765);
#5763 = CARTESIAN_POINT('',(-17.65,7.025,-1.8));
#5764 = DIRECTION('',(1.,0.,0.));
#5765 = DIRECTION('',(0.,0.,1.));
#5766 = DEFINITIONAL_REPRESENTATION('',(#5767),#5771);
#5767 = LINE('',#5768,#5769);
#5768 = CARTESIAN_POINT('',(0.,0.));
#5769 = VECTOR('',#5770,1.);
#5770 = DIRECTION('',(1.,0.));
#5771 = ( GEOMETRIC_REPRESENTATION_CONTEXT(2) 
PARAMETRIC_REPRESENTATION_CONTEXT() REPRESENTATION_CONTEXT('2D SPACE',''
  ) );
#5772 = PCURVE('',#5773,#5778);
#5773 = PLANE('',#5774);
#5774 = AXIS2_PLACEMENT_3D('',#5775,#5776,#5777);
#5775 = CARTESIAN_POINT('',(-17.65,7.025,-1.8));
#5776 = DIRECTION('',(0.,1.,0.));
#5777 = DIRECTION('',(0.,0.,1.));
#5778 = DEFINITIONAL_REPRESENTATION('',(#5779),#5783);
#5779 = LINE('',#5780,#5781);
#5780 = CARTESIAN_POINT('',(0.,0.));
#5781 = VECTOR('',#5782,1.);
#5782 = DIRECTION('',(1.,0.));
#5783 = ( GEOMETRIC_REPRESENTATION_CONTEXT(2) 
PARAMETRIC_REPRESENTATION_CONTEXT() REPRESENTATION_CONTEXT('2D SPACE',''
  ) );
#5784 = ORIENTED_EDGE('',*,*,#5785,.T.);
#5785 = EDGE_CURVE('',#5751,#5786,#5788,.T.);
#5786 = VERTEX_POINT('',#5787);
#5787 = CARTESIAN_POINT('',(-17.65,7.275,-1.8));
#5788 = SURFACE_CURVE('',#5789,(#5793,#5800),.PCURVE_S1.);
#5789 = LINE('',#5790,#5791);
#5790 = CARTESIAN_POINT('',(-17.65,7.025,-1.8));
#5791 = VECTOR('',#5792,1.);
#5792 = DIRECTION('',(0.,1.,0.));
#5793 = PCURVE('',#5761,#5794);
#5794 = DEFINITIONAL_REPRESENTATION('',(#5795),#5799);
#5795 = LINE('',#5796,#5797);
#5796 = CARTESIAN_POINT('',(0.,0.));
#5797 = VECTOR('',#5798,1.);
#5798 = DIRECTION('',(0.,-1.));
#5799 = ( GEOMETRIC_REPRESENTATION_CONTEXT(2) 
PARAMETRIC_REPRESENTATION_CONTEXT() REPRESENTATION_CONTEXT('2D SPACE',''
  ) );
#5800 = PCURVE('',#5801,#5806);
#5801 = PLANE('',#5802);
#5802 = AXIS2_PLACEMENT_3D('',#5803,#5804,#5805);
#5803 = CARTESIAN_POINT('',(-17.65,7.025,-1.8));
#5804 = DIRECTION('',(0.,0.,1.));
#5805 = DIRECTION('',(1.,0.,0.));
#5806 = DEFINITIONAL_REPRESENTATION('',(#5807),#5811);
#5807 = LINE('',#5808,#5809);
#5808 = CARTESIAN_POINT('',(0.,0.));
#5809 = VECTOR('',#5810,1.);
#5810 = DIRECTION('',(0.,1.));
#5811 = ( GEOMETRIC_REPRESENTATION_CONTEXT(2) 
PARAMETRIC_REPRESENTATION_CONTEXT() REPRESENTATION_CONTEXT('2D SPACE',''
  ) );
#5812 = ORIENTED_EDGE('',*,*,#5813,.T.);
#5813 = EDGE_CURVE('',#5786,#5814,#5816,.T.);
#5814 = VERTEX_POINT('',#5815);
#5815 = CARTESIAN_POINT('',(-17.65,7.275,0.55));
#5816 = SURFACE_CURVE('',#5817,(#5821,#5828),.PCURVE_S1.);
#5817 = LINE('',#5818,#5819);
#5818 = CARTESIAN_POINT('',(-17.65,7.275,-1.8));
#5819 = VECTOR('',#5820,1.);
#5820 = DIRECTION('',(0.,0.,1.));
#5821 = PCURVE('',#5761,#5822);
#5822 = DEFINITIONAL_REPRESENTATION('',(#5823),#5827);
#5823 = LINE('',#5824,#5825);
#5824 = CARTESIAN_POINT('',(0.,-0.25));
#5825 = VECTOR('',#5826,1.);
#5826 = DIRECTION('',(1.,0.));
#5827 = ( GEOMETRIC_REPRESENTATION_CONTEXT(2) 
PARAMETRIC_REPRESENTATION_CONTEXT() REPRESENTATION_CONTEXT('2D SPACE',''
  ) );
#5828 = PCURVE('',#5829,#5834);
#5829 = PLANE('',#5830);
#5830 = AXIS2_PLACEMENT_3D('',#5831,#5832,#5833);
#5831 = CARTESIAN_POINT('',(-17.65,7.275,-1.8));
#5832 = DIRECTION('',(0.,1.,0.));
#5833 = DIRECTION('',(0.,0.,1.));
#5834 = DEFINITIONAL_REPRESENTATION('',(#5835),#5839);
#5835 = LINE('',#5836,#5837);
#5836 = CARTESIAN_POINT('',(0.,0.));
#5837 = VECTOR('',#5838,1.);
#5838 = DIRECTION('',(1.,0.));
#5839 = ( GEOMETRIC_REPRESENTATION_CONTEXT(2) 
PARAMETRIC_REPRESENTATION_CONTEXT() REPRESENTATION_CONTEXT('2D SPACE',''
  ) );
#5840 = ORIENTED_EDGE('',*,*,#5841,.F.);
#5841 = EDGE_CURVE('',#5753,#5814,#5842,.T.);
#5842 = SURFACE_CURVE('',#5843,(#5847,#5854),.PCURVE_S1.);
#5843 = LINE('',#5844,#5845);
#5844 = CARTESIAN_POINT('',(-17.65,7.025,0.55));
#5845 = VECTOR('',#5846,1.);
#5846 = DIRECTION('',(0.,1.,0.));
#5847 = PCURVE('',#5761,#5848);
#5848 = DEFINITIONAL_REPRESENTATION('',(#5849),#5853);
#5849 = LINE('',#5850,#5851);
#5850 = CARTESIAN_POINT('',(2.35,0.));
#5851 = VECTOR('',#5852,1.);
#5852 = DIRECTION('',(0.,-1.));
#5853 = ( GEOMETRIC_REPRESENTATION_CONTEXT(2) 
PARAMETRIC_REPRESENTATION_CONTEXT() REPRESENTATION_CONTEXT('2D SPACE',''
  ) );
#5854 = PCURVE('',#5855,#5860);
#5855 = PLANE('',#5856);
#5856 = AXIS2_PLACEMENT_3D('',#5857,#5858,#5859);
#5857 = CARTESIAN_POINT('',(-17.65,7.025,0.55));
#5858 = DIRECTION('',(0.,0.,1.));
#5859 = DIRECTION('',(1.,0.,0.));
#5860 = DEFINITIONAL_REPRESENTATION('',(#5861),#5865);
#5861 = LINE('',#5862,#5863);
#5862 = CARTESIAN_POINT('',(0.,0.));
#5863 = VECTOR('',#5864,1.);
#5864 = DIRECTION('',(0.,1.));
#5865 = ( GEOMETRIC_REPRESENTATION_CONTEXT(2) 
PARAMETRIC_REPRESENTATION_CONTEXT() REPRESENTATION_CONTEXT('2D SPACE',''
  ) );
#5866 = ADVANCED_FACE('',(#5867),#5881,.T.);
#5867 = FACE_BOUND('',#5868,.T.);
#5868 = EDGE_LOOP('',(#5869,#5899,#5922,#5945));
#5869 = ORIENTED_EDGE('',*,*,#5870,.F.);
#5870 = EDGE_CURVE('',#5871,#5873,#5875,.T.);
#5871 = VERTEX_POINT('',#5872);
#5872 = CARTESIAN_POINT('',(-16.35,7.025,-1.8));
#5873 = VERTEX_POINT('',#5874);
#5874 = CARTESIAN_POINT('',(-16.35,7.025,0.55));
#5875 = SURFACE_CURVE('',#5876,(#5880,#5892),.PCURVE_S1.);
#5876 = LINE('',#5877,#5878);
#5877 = CARTESIAN_POINT('',(-16.35,7.025,-1.8));
#5878 = VECTOR('',#5879,1.);
#5879 = DIRECTION('',(0.,0.,1.));
#5880 = PCURVE('',#5881,#5886);
#5881 = PLANE('',#5882);
#5882 = AXIS2_PLACEMENT_3D('',#5883,#5884,#5885);
#5883 = CARTESIAN_POINT('',(-16.35,7.025,-1.8));
#5884 = DIRECTION('',(1.,0.,0.));
#5885 = DIRECTION('',(0.,0.,1.));
#5886 = DEFINITIONAL_REPRESENTATION('',(#5887),#5891);
#5887 = LINE('',#5888,#5889);
#5888 = CARTESIAN_POINT('',(0.,0.));
#5889 = VECTOR('',#5890,1.);
#5890 = DIRECTION('',(1.,0.));
#5891 = ( GEOMETRIC_REPRESENTATION_CONTEXT(2) 
PARAMETRIC_REPRESENTATION_CONTEXT() REPRESENTATION_CONTEXT('2D SPACE',''
  ) );
#5892 = PCURVE('',#5773,#5893);
#5893 = DEFINITIONAL_REPRESENTATION('',(#5894),#5898);
#5894 = LINE('',#5895,#5896);
#5895 = CARTESIAN_POINT('',(0.,1.3));
#5896 = VECTOR('',#5897,1.);
#5897 = DIRECTION('',(1.,0.));
#5898 = ( GEOMETRIC_REPRESENTATION_CONTEXT(2) 
PARAMETRIC_REPRESENTATION_CONTEXT() REPRESENTATION_CONTEXT('2D SPACE',''
  ) );
#5899 = ORIENTED_EDGE('',*,*,#5900,.T.);
#5900 = EDGE_CURVE('',#5871,#5901,#5903,.T.);
#5901 = VERTEX_POINT('',#5902);
#5902 = CARTESIAN_POINT('',(-16.35,7.275,-1.8));
#5903 = SURFACE_CURVE('',#5904,(#5908,#5915),.PCURVE_S1.);
#5904 = LINE('',#5905,#5906);
#5905 = CARTESIAN_POINT('',(-16.35,7.025,-1.8));
#5906 = VECTOR('',#5907,1.);
#5907 = DIRECTION('',(0.,1.,0.));
#5908 = PCURVE('',#5881,#5909);
#5909 = DEFINITIONAL_REPRESENTATION('',(#5910),#5914);
#5910 = LINE('',#5911,#5912);
#5911 = CARTESIAN_POINT('',(0.,0.));
#5912 = VECTOR('',#5913,1.);
#5913 = DIRECTION('',(0.,-1.));
#5914 = ( GEOMETRIC_REPRESENTATION_CONTEXT(2) 
PARAMETRIC_REPRESENTATION_CONTEXT() REPRESENTATION_CONTEXT('2D SPACE',''
  ) );
#5915 = PCURVE('',#5801,#5916);
#5916 = DEFINITIONAL_REPRESENTATION('',(#5917),#5921);
#5917 = LINE('',#5918,#5919);
#5918 = CARTESIAN_POINT('',(1.3,0.));
#5919 = VECTOR('',#5920,1.);
#5920 = DIRECTION('',(0.,1.));
#5921 = ( GEOMETRIC_REPRESENTATION_CONTEXT(2) 
PARAMETRIC_REPRESENTATION_CONTEXT() REPRESENTATION_CONTEXT('2D SPACE',''
  ) );
#5922 = ORIENTED_EDGE('',*,*,#5923,.T.);
#5923 = EDGE_CURVE('',#5901,#5924,#5926,.T.);
#5924 = VERTEX_POINT('',#5925);
#5925 = CARTESIAN_POINT('',(-16.35,7.275,0.55));
#5926 = SURFACE_CURVE('',#5927,(#5931,#5938),.PCURVE_S1.);
#5927 = LINE('',#5928,#5929);
#5928 = CARTESIAN_POINT('',(-16.35,7.275,-1.8));
#5929 = VECTOR('',#5930,1.);
#5930 = DIRECTION('',(0.,0.,1.));
#5931 = PCURVE('',#5881,#5932);
#5932 = DEFINITIONAL_REPRESENTATION('',(#5933),#5937);
#5933 = LINE('',#5934,#5935);
#5934 = CARTESIAN_POINT('',(0.,-0.25));
#5935 = VECTOR('',#5936,1.);
#5936 = DIRECTION('',(1.,0.));
#5937 = ( GEOMETRIC_REPRESENTATION_CONTEXT(2) 
PARAMETRIC_REPRESENTATION_CONTEXT() REPRESENTATION_CONTEXT('2D SPACE',''
  ) );
#5938 = PCURVE('',#5829,#5939);
#5939 = DEFINITIONAL_REPRESENTATION('',(#5940),#5944);
#5940 = LINE('',#5941,#5942);
#5941 = CARTESIAN_POINT('',(0.,1.3));
#5942 = VECTOR('',#5943,1.);
#5943 = DIRECTION('',(1.,0.));
#5944 = ( GEOMETRIC_REPRESENTATION_CONTEXT(2) 
PARAMETRIC_REPRESENTATION_CONTEXT() REPRESENTATION_CONTEXT('2D SPACE',''
  ) );
#5945 = ORIENTED_EDGE('',*,*,#5946,.F.);
#5946 = EDGE_CURVE('',#5873,#5924,#5947,.T.);
#5947 = SURFACE_CURVE('',#5948,(#5952,#5959),.PCURVE_S1.);
#5948 = LINE('',#5949,#5950);
#5949 = CARTESIAN_POINT('',(-16.35,7.025,0.55));
#5950 = VECTOR('',#5951,1.);
#5951 = DIRECTION('',(0.,1.,0.));
#5952 = PCURVE('',#5881,#5953);
#5953 = DEFINITIONAL_REPRESENTATION('',(#5954),#5958);
#5954 = LINE('',#5955,#5956);
#5955 = CARTESIAN_POINT('',(2.35,0.));
#5956 = VECTOR('',#5957,1.);
#5957 = DIRECTION('',(0.,-1.));
#5958 = ( GEOMETRIC_REPRESENTATION_CONTEXT(2) 
PARAMETRIC_REPRESENTATION_CONTEXT() REPRESENTATION_CONTEXT('2D SPACE',''
  ) );
#5959 = PCURVE('',#5855,#5960);
#5960 = DEFINITIONAL_REPRESENTATION('',(#5961),#5965);
#5961 = LINE('',#5962,#5963);
#5962 = CARTESIAN_POINT('',(1.3,0.));
#5963 = VECTOR('',#5964,1.);
#5964 = DIRECTION('',(0.,1.));
#5965 = ( GEOMETRIC_REPRESENTATION_CONTEXT(2) 
PARAMETRIC_REPRESENTATION_CONTEXT() REPRESENTATION_CONTEXT('2D SPACE',''
  ) );
#5966 = ADVANCED_FACE('',(#5967),#5773,.F.);
#5967 = FACE_BOUND('',#5968,.F.);
#5968 = EDGE_LOOP('',(#5969,#5990,#5991,#6012));
#5969 = ORIENTED_EDGE('',*,*,#5970,.F.);
#5970 = EDGE_CURVE('',#5751,#5871,#5971,.T.);
#5971 = SURFACE_CURVE('',#5972,(#5976,#5983),.PCURVE_S1.);
#5972 = LINE('',#5973,#5974);
#5973 = CARTESIAN_POINT('',(-17.65,7.025,-1.8));
#5974 = VECTOR('',#5975,1.);
#5975 = DIRECTION('',(1.,0.,0.));
#5976 = PCURVE('',#5773,#5977);
#5977 = DEFINITIONAL_REPRESENTATION('',(#5978),#5982);
#5978 = LINE('',#5979,#5980);
#5979 = CARTESIAN_POINT('',(0.,0.));
#5980 = VECTOR('',#5981,1.);
#5981 = DIRECTION('',(0.,1.));
#5982 = ( GEOMETRIC_REPRESENTATION_CONTEXT(2) 
PARAMETRIC_REPRESENTATION_CONTEXT() REPRESENTATION_CONTEXT('2D SPACE',''
  ) );
#5983 = PCURVE('',#5801,#5984);
#5984 = DEFINITIONAL_REPRESENTATION('',(#5985),#5989);
#5985 = LINE('',#5986,#5987);
#5986 = CARTESIAN_POINT('',(0.,0.));
#5987 = VECTOR('',#5988,1.);
#5988 = DIRECTION('',(1.,0.));
#5989 = ( GEOMETRIC_REPRESENTATION_CONTEXT(2) 
PARAMETRIC_REPRESENTATION_CONTEXT() REPRESENTATION_CONTEXT('2D SPACE',''
  ) );
#5990 = ORIENTED_EDGE('',*,*,#5750,.T.);
#5991 = ORIENTED_EDGE('',*,*,#5992,.T.);
#5992 = EDGE_CURVE('',#5753,#5873,#5993,.T.);
#5993 = SURFACE_CURVE('',#5994,(#5998,#6005),.PCURVE_S1.);
#5994 = LINE('',#5995,#5996);
#5995 = CARTESIAN_POINT('',(-17.65,7.025,0.55));
#5996 = VECTOR('',#5997,1.);
#5997 = DIRECTION('',(1.,0.,0.));
#5998 = PCURVE('',#5773,#5999);
#5999 = DEFINITIONAL_REPRESENTATION('',(#6000),#6004);
#6000 = LINE('',#6001,#6002);
#6001 = CARTESIAN_POINT('',(2.35,0.));
#6002 = VECTOR('',#6003,1.);
#6003 = DIRECTION('',(0.,1.));
#6004 = ( GEOMETRIC_REPRESENTATION_CONTEXT(2) 
PARAMETRIC_REPRESENTATION_CONTEXT() REPRESENTATION_CONTEXT('2D SPACE',''
  ) );
#6005 = PCURVE('',#5855,#6006);
#6006 = DEFINITIONAL_REPRESENTATION('',(#6007),#6011);
#6007 = LINE('',#6008,#6009);
#6008 = CARTESIAN_POINT('',(0.,0.));
#6009 = VECTOR('',#6010,1.);
#6010 = DIRECTION('',(1.,0.));
#6011 = ( GEOMETRIC_REPRESENTATION_CONTEXT(2) 
PARAMETRIC_REPRESENTATION_CONTEXT() REPRESENTATION_CONTEXT('2D SPACE',''
  ) );
#6012 = ORIENTED_EDGE('',*,*,#5870,.F.);
#6013 = ADVANCED_FACE('',(#6014),#5829,.T.);
#6014 = FACE_BOUND('',#6015,.T.);
#6015 = EDGE_LOOP('',(#6016,#6037,#6038,#6059));
#6016 = ORIENTED_EDGE('',*,*,#6017,.F.);
#6017 = EDGE_CURVE('',#5786,#5901,#6018,.T.);
#6018 = SURFACE_CURVE('',#6019,(#6023,#6030),.PCURVE_S1.);
#6019 = LINE('',#6020,#6021);
#6020 = CARTESIAN_POINT('',(-17.65,7.275,-1.8));
#6021 = VECTOR('',#6022,1.);
#6022 = DIRECTION('',(1.,0.,0.));
#6023 = PCURVE('',#5829,#6024);
#6024 = DEFINITIONAL_REPRESENTATION('',(#6025),#6029);
#6025 = LINE('',#6026,#6027);
#6026 = CARTESIAN_POINT('',(0.,0.));
#6027 = VECTOR('',#6028,1.);
#6028 = DIRECTION('',(0.,1.));
#6029 = ( GEOMETRIC_REPRESENTATION_CONTEXT(2) 
PARAMETRIC_REPRESENTATION_CONTEXT() REPRESENTATION_CONTEXT('2D SPACE',''
  ) );
#6030 = PCURVE('',#5801,#6031);
#6031 = DEFINITIONAL_REPRESENTATION('',(#6032),#6036);
#6032 = LINE('',#6033,#6034);
#6033 = CARTESIAN_POINT('',(0.,0.25));
#6034 = VECTOR('',#6035,1.);
#6035 = DIRECTION('',(1.,0.));
#6036 = ( GEOMETRIC_REPRESENTATION_CONTEXT(2) 
PARAMETRIC_REPRESENTATION_CONTEXT() REPRESENTATION_CONTEXT('2D SPACE',''
  ) );
#6037 = ORIENTED_EDGE('',*,*,#5813,.T.);
#6038 = ORIENTED_EDGE('',*,*,#6039,.T.);
#6039 = EDGE_CURVE('',#5814,#5924,#6040,.T.);
#6040 = SURFACE_CURVE('',#6041,(#6045,#6052),.PCURVE_S1.);
#6041 = LINE('',#6042,#6043);
#6042 = CARTESIAN_POINT('',(-17.65,7.275,0.55));
#6043 = VECTOR('',#6044,1.);
#6044 = DIRECTION('',(1.,0.,0.));
#6045 = PCURVE('',#5829,#6046);
#6046 = DEFINITIONAL_REPRESENTATION('',(#6047),#6051);
#6047 = LINE('',#6048,#6049);
#6048 = CARTESIAN_POINT('',(2.35,0.));
#6049 = VECTOR('',#6050,1.);
#6050 = DIRECTION('',(0.,1.));
#6051 = ( GEOMETRIC_REPRESENTATION_CONTEXT(2) 
PARAMETRIC_REPRESENTATION_CONTEXT() REPRESENTATION_CONTEXT('2D SPACE',''
  ) );
#6052 = PCURVE('',#5855,#6053);
#6053 = DEFINITIONAL_REPRESENTATION('',(#6054),#6058);
#6054 = LINE('',#6055,#6056);
#6055 = CARTESIAN_POINT('',(0.,0.25));
#6056 = VECTOR('',#6057,1.);
#6057 = DIRECTION('',(1.,0.));
#6058 = ( GEOMETRIC_REPRESENTATION_CONTEXT(2) 
PARAMETRIC_REPRESENTATION_CONTEXT() REPRESENTATION_CONTEXT('2D SPACE',''
  ) );
#6059 = ORIENTED_EDGE('',*,*,#5923,.F.);
#6060 = ADVANCED_FACE('',(#6061),#5801,.F.);
#6061 = FACE_BOUND('',#6062,.F.);
#6062 = EDGE_LOOP('',(#6063,#6064,#6065,#6066));
#6063 = ORIENTED_EDGE('',*,*,#5785,.F.);
#6064 = ORIENTED_EDGE('',*,*,#5970,.T.);
#6065 = ORIENTED_EDGE('',*,*,#5900,.T.);
#6066 = ORIENTED_EDGE('',*,*,#6017,.F.);
#6067 = ADVANCED_FACE('',(#6068),#5855,.T.);
#6068 = FACE_BOUND('',#6069,.T.);
#6069 = EDGE_LOOP('',(#6070,#6071,#6072,#6073));
#6070 = ORIENTED_EDGE('',*,*,#5841,.F.);
#6071 = ORIENTED_EDGE('',*,*,#5992,.T.);
#6072 = ORIENTED_EDGE('',*,*,#5946,.T.);
#6073 = ORIENTED_EDGE('',*,*,#6039,.F.);
#6074 = MANIFOLD_SOLID_BREP('',#6075);
#6075 = CLOSED_SHELL('',(#6076,#6196,#6296,#6343,#6390,#6397));
#6076 = ADVANCED_FACE('',(#6077),#6091,.F.);
#6077 = FACE_BOUND('',#6078,.F.);
#6078 = EDGE_LOOP('',(#6079,#6114,#6142,#6170));
#6079 = ORIENTED_EDGE('',*,*,#6080,.F.);
#6080 = EDGE_CURVE('',#6081,#6083,#6085,.T.);
#6081 = VERTEX_POINT('',#6082);
#6082 = CARTESIAN_POINT('',(-13.65,7.025,-1.8));
#6083 = VERTEX_POINT('',#6084);
#6084 = CARTESIAN_POINT('',(-13.65,7.025,0.55));
#6085 = SURFACE_CURVE('',#6086,(#6090,#6102),.PCURVE_S1.);
#6086 = LINE('',#6087,#6088);
#6087 = CARTESIAN_POINT('',(-13.65,7.025,-1.8));
#6088 = VECTOR('',#6089,1.);
#6089 = DIRECTION('',(0.,0.,1.));
#6090 = PCURVE('',#6091,#6096);
#6091 = PLANE('',#6092);
#6092 = AXIS2_PLACEMENT_3D('',#6093,#6094,#6095);
#6093 = CARTESIAN_POINT('',(-13.65,7.025,-1.8));
#6094 = DIRECTION('',(1.,0.,0.));
#6095 = DIRECTION('',(0.,0.,1.));
#6096 = DEFINITIONAL_REPRESENTATION('',(#6097),#6101);
#6097 = LINE('',#6098,#6099);
#6098 = CARTESIAN_POINT('',(0.,0.));
#6099 = VECTOR('',#6100,1.);
#6100 = DIRECTION('',(1.,0.));
#6101 = ( GEOMETRIC_REPRESENTATION_CONTEXT(2) 
PARAMETRIC_REPRESENTATION_CONTEXT() REPRESENTATION_CONTEXT('2D SPACE',''
  ) );
#6102 = PCURVE('',#6103,#6108);
#6103 = PLANE('',#6104);
#6104 = AXIS2_PLACEMENT_3D('',#6105,#6106,#6107);
#6105 = CARTESIAN_POINT('',(-13.65,7.025,-1.8));
#6106 = DIRECTION('',(0.,1.,0.));
#6107 = DIRECTION('',(0.,0.,1.));
#6108 = DEFINITIONAL_REPRESENTATION('',(#6109),#6113);
#6109 = LINE('',#6110,#6111);
#6110 = CARTESIAN_POINT('',(0.,0.));
#6111 = VECTOR('',#6112,1.);
#6112 = DIRECTION('',(1.,0.));
#6113 = ( GEOMETRIC_REPRESENTATION_CONTEXT(2) 
PARAMETRIC_REPRESENTATION_CONTEXT() REPRESENTATION_CONTEXT('2D SPACE',''
  ) );
#6114 = ORIENTED_EDGE('',*,*,#6115,.T.);
#6115 = EDGE_CURVE('',#6081,#6116,#6118,.T.);
#6116 = VERTEX_POINT('',#6117);
#6117 = CARTESIAN_POINT('',(-13.65,7.275,-1.8));
#6118 = SURFACE_CURVE('',#6119,(#6123,#6130),.PCURVE_S1.);
#6119 = LINE('',#6120,#6121);
#6120 = CARTESIAN_POINT('',(-13.65,7.025,-1.8));
#6121 = VECTOR('',#6122,1.);
#6122 = DIRECTION('',(0.,1.,0.));
#6123 = PCURVE('',#6091,#6124);
#6124 = DEFINITIONAL_REPRESENTATION('',(#6125),#6129);
#6125 = LINE('',#6126,#6127);
#6126 = CARTESIAN_POINT('',(0.,0.));
#6127 = VECTOR('',#6128,1.);
#6128 = DIRECTION('',(0.,-1.));
#6129 = ( GEOMETRIC_REPRESENTATION_CONTEXT(2) 
PARAMETRIC_REPRESENTATION_CONTEXT() REPRESENTATION_CONTEXT('2D SPACE',''
  ) );
#6130 = PCURVE('',#6131,#6136);
#6131 = PLANE('',#6132);
#6132 = AXIS2_PLACEMENT_3D('',#6133,#6134,#6135);
#6133 = CARTESIAN_POINT('',(-13.65,7.025,-1.8));
#6134 = DIRECTION('',(0.,0.,1.));
#6135 = DIRECTION('',(1.,0.,0.));
#6136 = DEFINITIONAL_REPRESENTATION('',(#6137),#6141);
#6137 = LINE('',#6138,#6139);
#6138 = CARTESIAN_POINT('',(0.,0.));
#6139 = VECTOR('',#6140,1.);
#6140 = DIRECTION('',(0.,1.));
#6141 = ( GEOMETRIC_REPRESENTATION_CONTEXT(2) 
PARAMETRIC_REPRESENTATION_CONTEXT() REPRESENTATION_CONTEXT('2D SPACE',''
  ) );
#6142 = ORIENTED_EDGE('',*,*,#6143,.T.);
#6143 = EDGE_CURVE('',#6116,#6144,#6146,.T.);
#6144 = VERTEX_POINT('',#6145);
#6145 = CARTESIAN_POINT('',(-13.65,7.275,0.55));
#6146 = SURFACE_CURVE('',#6147,(#6151,#6158),.PCURVE_S1.);
#6147 = LINE('',#6148,#6149);
#6148 = CARTESIAN_POINT('',(-13.65,7.275,-1.8));
#6149 = VECTOR('',#6150,1.);
#6150 = DIRECTION('',(0.,0.,1.));
#6151 = PCURVE('',#6091,#6152);
#6152 = DEFINITIONAL_REPRESENTATION('',(#6153),#6157);
#6153 = LINE('',#6154,#6155);
#6154 = CARTESIAN_POINT('',(0.,-0.25));
#6155 = VECTOR('',#6156,1.);
#6156 = DIRECTION('',(1.,0.));
#6157 = ( GEOMETRIC_REPRESENTATION_CONTEXT(2) 
PARAMETRIC_REPRESENTATION_CONTEXT() REPRESENTATION_CONTEXT('2D SPACE',''
  ) );
#6158 = PCURVE('',#6159,#6164);
#6159 = PLANE('',#6160);
#6160 = AXIS2_PLACEMENT_3D('',#6161,#6162,#6163);
#6161 = CARTESIAN_POINT('',(-13.65,7.275,-1.8));
#6162 = DIRECTION('',(0.,1.,0.));
#6163 = DIRECTION('',(0.,0.,1.));
#6164 = DEFINITIONAL_REPRESENTATION('',(#6165),#6169);
#6165 = LINE('',#6166,#6167);
#6166 = CARTESIAN_POINT('',(0.,0.));
#6167 = VECTOR('',#6168,1.);
#6168 = DIRECTION('',(1.,0.));
#6169 = ( GEOMETRIC_REPRESENTATION_CONTEXT(2) 
PARAMETRIC_REPRESENTATION_CONTEXT() REPRESENTATION_CONTEXT('2D SPACE',''
  ) );
#6170 = ORIENTED_EDGE('',*,*,#6171,.F.);
#6171 = EDGE_CURVE('',#6083,#6144,#6172,.T.);
#6172 = SURFACE_CURVE('',#6173,(#6177,#6184),.PCURVE_S1.);
#6173 = LINE('',#6174,#6175);
#6174 = CARTESIAN_POINT('',(-13.65,7.025,0.55));
#6175 = VECTOR('',#6176,1.);
#6176 = DIRECTION('',(0.,1.,0.));
#6177 = PCURVE('',#6091,#6178);
#6178 = DEFINITIONAL_REPRESENTATION('',(#6179),#6183);
#6179 = LINE('',#6180,#6181);
#6180 = CARTESIAN_POINT('',(2.35,0.));
#6181 = VECTOR('',#6182,1.);
#6182 = DIRECTION('',(0.,-1.));
#6183 = ( GEOMETRIC_REPRESENTATION_CONTEXT(2) 
PARAMETRIC_REPRESENTATION_CONTEXT() REPRESENTATION_CONTEXT('2D SPACE',''
  ) );
#6184 = PCURVE('',#6185,#6190);
#6185 = PLANE('',#6186);
#6186 = AXIS2_PLACEMENT_3D('',#6187,#6188,#6189);
#6187 = CARTESIAN_POINT('',(-13.65,7.025,0.55));
#6188 = DIRECTION('',(0.,0.,1.));
#6189 = DIRECTION('',(1.,0.,0.));
#6190 = DEFINITIONAL_REPRESENTATION('',(#6191),#6195);
#6191 = LINE('',#6192,#6193);
#6192 = CARTESIAN_POINT('',(0.,0.));
#6193 = VECTOR('',#6194,1.);
#6194 = DIRECTION('',(0.,1.));
#6195 = ( GEOMETRIC_REPRESENTATION_CONTEXT(2) 
PARAMETRIC_REPRESENTATION_CONTEXT() REPRESENTATION_CONTEXT('2D SPACE',''
  ) );
#6196 = ADVANCED_FACE('',(#6197),#6211,.T.);
#6197 = FACE_BOUND('',#6198,.T.);
#6198 = EDGE_LOOP('',(#6199,#6229,#6252,#6275));
#6199 = ORIENTED_EDGE('',*,*,#6200,.F.);
#6200 = EDGE_CURVE('',#6201,#6203,#6205,.T.);
#6201 = VERTEX_POINT('',#6202);
#6202 = CARTESIAN_POINT('',(-12.35,7.025,-1.8));
#6203 = VERTEX_POINT('',#6204);
#6204 = CARTESIAN_POINT('',(-12.35,7.025,0.55));
#6205 = SURFACE_CURVE('',#6206,(#6210,#6222),.PCURVE_S1.);
#6206 = LINE('',#6207,#6208);
#6207 = CARTESIAN_POINT('',(-12.35,7.025,-1.8));
#6208 = VECTOR('',#6209,1.);
#6209 = DIRECTION('',(0.,0.,1.));
#6210 = PCURVE('',#6211,#6216);
#6211 = PLANE('',#6212);
#6212 = AXIS2_PLACEMENT_3D('',#6213,#6214,#6215);
#6213 = CARTESIAN_POINT('',(-12.35,7.025,-1.8));
#6214 = DIRECTION('',(1.,0.,0.));
#6215 = DIRECTION('',(0.,0.,1.));
#6216 = DEFINITIONAL_REPRESENTATION('',(#6217),#6221);
#6217 = LINE('',#6218,#6219);
#6218 = CARTESIAN_POINT('',(0.,0.));
#6219 = VECTOR('',#6220,1.);
#6220 = DIRECTION('',(1.,0.));
#6221 = ( GEOMETRIC_REPRESENTATION_CONTEXT(2) 
PARAMETRIC_REPRESENTATION_CONTEXT() REPRESENTATION_CONTEXT('2D SPACE',''
  ) );
#6222 = PCURVE('',#6103,#6223);
#6223 = DEFINITIONAL_REPRESENTATION('',(#6224),#6228);
#6224 = LINE('',#6225,#6226);
#6225 = CARTESIAN_POINT('',(0.,1.3));
#6226 = VECTOR('',#6227,1.);
#6227 = DIRECTION('',(1.,0.));
#6228 = ( GEOMETRIC_REPRESENTATION_CONTEXT(2) 
PARAMETRIC_REPRESENTATION_CONTEXT() REPRESENTATION_CONTEXT('2D SPACE',''
  ) );
#6229 = ORIENTED_EDGE('',*,*,#6230,.T.);
#6230 = EDGE_CURVE('',#6201,#6231,#6233,.T.);
#6231 = VERTEX_POINT('',#6232);
#6232 = CARTESIAN_POINT('',(-12.35,7.275,-1.8));
#6233 = SURFACE_CURVE('',#6234,(#6238,#6245),.PCURVE_S1.);
#6234 = LINE('',#6235,#6236);
#6235 = CARTESIAN_POINT('',(-12.35,7.025,-1.8));
#6236 = VECTOR('',#6237,1.);
#6237 = DIRECTION('',(0.,1.,0.));
#6238 = PCURVE('',#6211,#6239);
#6239 = DEFINITIONAL_REPRESENTATION('',(#6240),#6244);
#6240 = LINE('',#6241,#6242);
#6241 = CARTESIAN_POINT('',(0.,0.));
#6242 = VECTOR('',#6243,1.);
#6243 = DIRECTION('',(0.,-1.));
#6244 = ( GEOMETRIC_REPRESENTATION_CONTEXT(2) 
PARAMETRIC_REPRESENTATION_CONTEXT() REPRESENTATION_CONTEXT('2D SPACE',''
  ) );
#6245 = PCURVE('',#6131,#6246);
#6246 = DEFINITIONAL_REPRESENTATION('',(#6247),#6251);
#6247 = LINE('',#6248,#6249);
#6248 = CARTESIAN_POINT('',(1.3,0.));
#6249 = VECTOR('',#6250,1.);
#6250 = DIRECTION('',(0.,1.));
#6251 = ( GEOMETRIC_REPRESENTATION_CONTEXT(2) 
PARAMETRIC_REPRESENTATION_CONTEXT() REPRESENTATION_CONTEXT('2D SPACE',''
  ) );
#6252 = ORIENTED_EDGE('',*,*,#6253,.T.);
#6253 = EDGE_CURVE('',#6231,#6254,#6256,.T.);
#6254 = VERTEX_POINT('',#6255);
#6255 = CARTESIAN_POINT('',(-12.35,7.275,0.55));
#6256 = SURFACE_CURVE('',#6257,(#6261,#6268),.PCURVE_S1.);
#6257 = LINE('',#6258,#6259);
#6258 = CARTESIAN_POINT('',(-12.35,7.275,-1.8));
#6259 = VECTOR('',#6260,1.);
#6260 = DIRECTION('',(0.,0.,1.));
#6261 = PCURVE('',#6211,#6262);
#6262 = DEFINITIONAL_REPRESENTATION('',(#6263),#6267);
#6263 = LINE('',#6264,#6265);
#6264 = CARTESIAN_POINT('',(0.,-0.25));
#6265 = VECTOR('',#6266,1.);
#6266 = DIRECTION('',(1.,0.));
#6267 = ( GEOMETRIC_REPRESENTATION_CONTEXT(2) 
PARAMETRIC_REPRESENTATION_CONTEXT() REPRESENTATION_CONTEXT('2D SPACE',''
  ) );
#6268 = PCURVE('',#6159,#6269);
#6269 = DEFINITIONAL_REPRESENTATION('',(#6270),#6274);
#6270 = LINE('',#6271,#6272);
#6271 = CARTESIAN_POINT('',(0.,1.3));
#6272 = VECTOR('',#6273,1.);
#6273 = DIRECTION('',(1.,0.));
#6274 = ( GEOMETRIC_REPRESENTATION_CONTEXT(2) 
PARAMETRIC_REPRESENTATION_CONTEXT() REPRESENTATION_CONTEXT('2D SPACE',''
  ) );
#6275 = ORIENTED_EDGE('',*,*,#6276,.F.);
#6276 = EDGE_CURVE('',#6203,#6254,#6277,.T.);
#6277 = SURFACE_CURVE('',#6278,(#6282,#6289),.PCURVE_S1.);
#6278 = LINE('',#6279,#6280);
#6279 = CARTESIAN_POINT('',(-12.35,7.025,0.55));
#6280 = VECTOR('',#6281,1.);
#6281 = DIRECTION('',(0.,1.,0.));
#6282 = PCURVE('',#6211,#6283);
#6283 = DEFINITIONAL_REPRESENTATION('',(#6284),#6288);
#6284 = LINE('',#6285,#6286);
#6285 = CARTESIAN_POINT('',(2.35,0.));
#6286 = VECTOR('',#6287,1.);
#6287 = DIRECTION('',(0.,-1.));
#6288 = ( GEOMETRIC_REPRESENTATION_CONTEXT(2) 
PARAMETRIC_REPRESENTATION_CONTEXT() REPRESENTATION_CONTEXT('2D SPACE',''
  ) );
#6289 = PCURVE('',#6185,#6290);
#6290 = DEFINITIONAL_REPRESENTATION('',(#6291),#6295);
#6291 = LINE('',#6292,#6293);
#6292 = CARTESIAN_POINT('',(1.3,0.));
#6293 = VECTOR('',#6294,1.);
#6294 = DIRECTION('',(0.,1.));
#6295 = ( GEOMETRIC_REPRESENTATION_CONTEXT(2) 
PARAMETRIC_REPRESENTATION_CONTEXT() REPRESENTATION_CONTEXT('2D SPACE',''
  ) );
#6296 = ADVANCED_FACE('',(#6297),#6103,.F.);
#6297 = FACE_BOUND('',#6298,.F.);
#6298 = EDGE_LOOP('',(#6299,#6320,#6321,#6342));
#6299 = ORIENTED_EDGE('',*,*,#6300,.F.);
#6300 = EDGE_CURVE('',#6081,#6201,#6301,.T.);
#6301 = SURFACE_CURVE('',#6302,(#6306,#6313),.PCURVE_S1.);
#6302 = LINE('',#6303,#6304);
#6303 = CARTESIAN_POINT('',(-13.65,7.025,-1.8));
#6304 = VECTOR('',#6305,1.);
#6305 = DIRECTION('',(1.,0.,0.));
#6306 = PCURVE('',#6103,#6307);
#6307 = DEFINITIONAL_REPRESENTATION('',(#6308),#6312);
#6308 = LINE('',#6309,#6310);
#6309 = CARTESIAN_POINT('',(0.,0.));
#6310 = VECTOR('',#6311,1.);
#6311 = DIRECTION('',(0.,1.));
#6312 = ( GEOMETRIC_REPRESENTATION_CONTEXT(2) 
PARAMETRIC_REPRESENTATION_CONTEXT() REPRESENTATION_CONTEXT('2D SPACE',''
  ) );
#6313 = PCURVE('',#6131,#6314);
#6314 = DEFINITIONAL_REPRESENTATION('',(#6315),#6319);
#6315 = LINE('',#6316,#6317);
#6316 = CARTESIAN_POINT('',(0.,0.));
#6317 = VECTOR('',#6318,1.);
#6318 = DIRECTION('',(1.,0.));
#6319 = ( GEOMETRIC_REPRESENTATION_CONTEXT(2) 
PARAMETRIC_REPRESENTATION_CONTEXT() REPRESENTATION_CONTEXT('2D SPACE',''
  ) );
#6320 = ORIENTED_EDGE('',*,*,#6080,.T.);
#6321 = ORIENTED_EDGE('',*,*,#6322,.T.);
#6322 = EDGE_CURVE('',#6083,#6203,#6323,.T.);
#6323 = SURFACE_CURVE('',#6324,(#6328,#6335),.PCURVE_S1.);
#6324 = LINE('',#6325,#6326);
#6325 = CARTESIAN_POINT('',(-13.65,7.025,0.55));
#6326 = VECTOR('',#6327,1.);
#6327 = DIRECTION('',(1.,0.,0.));
#6328 = PCURVE('',#6103,#6329);
#6329 = DEFINITIONAL_REPRESENTATION('',(#6330),#6334);
#6330 = LINE('',#6331,#6332);
#6331 = CARTESIAN_POINT('',(2.35,0.));
#6332 = VECTOR('',#6333,1.);
#6333 = DIRECTION('',(0.,1.));
#6334 = ( GEOMETRIC_REPRESENTATION_CONTEXT(2) 
PARAMETRIC_REPRESENTATION_CONTEXT() REPRESENTATION_CONTEXT('2D SPACE',''
  ) );
#6335 = PCURVE('',#6185,#6336);
#6336 = DEFINITIONAL_REPRESENTATION('',(#6337),#6341);
#6337 = LINE('',#6338,#6339);
#6338 = CARTESIAN_POINT('',(0.,0.));
#6339 = VECTOR('',#6340,1.);
#6340 = DIRECTION('',(1.,0.));
#6341 = ( GEOMETRIC_REPRESENTATION_CONTEXT(2) 
PARAMETRIC_REPRESENTATION_CONTEXT() REPRESENTATION_CONTEXT('2D SPACE',''
  ) );
#6342 = ORIENTED_EDGE('',*,*,#6200,.F.);
#6343 = ADVANCED_FACE('',(#6344),#6159,.T.);
#6344 = FACE_BOUND('',#6345,.T.);
#6345 = EDGE_LOOP('',(#6346,#6367,#6368,#6389));
#6346 = ORIENTED_EDGE('',*,*,#6347,.F.);
#6347 = EDGE_CURVE('',#6116,#6231,#6348,.T.);
#6348 = SURFACE_CURVE('',#6349,(#6353,#6360),.PCURVE_S1.);
#6349 = LINE('',#6350,#6351);
#6350 = CARTESIAN_POINT('',(-13.65,7.275,-1.8));
#6351 = VECTOR('',#6352,1.);
#6352 = DIRECTION('',(1.,0.,0.));
#6353 = PCURVE('',#6159,#6354);
#6354 = DEFINITIONAL_REPRESENTATION('',(#6355),#6359);
#6355 = LINE('',#6356,#6357);
#6356 = CARTESIAN_POINT('',(0.,0.));
#6357 = VECTOR('',#6358,1.);
#6358 = DIRECTION('',(0.,1.));
#6359 = ( GEOMETRIC_REPRESENTATION_CONTEXT(2) 
PARAMETRIC_REPRESENTATION_CONTEXT() REPRESENTATION_CONTEXT('2D SPACE',''
  ) );
#6360 = PCURVE('',#6131,#6361);
#6361 = DEFINITIONAL_REPRESENTATION('',(#6362),#6366);
#6362 = LINE('',#6363,#6364);
#6363 = CARTESIAN_POINT('',(0.,0.25));
#6364 = VECTOR('',#6365,1.);
#6365 = DIRECTION('',(1.,0.));
#6366 = ( GEOMETRIC_REPRESENTATION_CONTEXT(2) 
PARAMETRIC_REPRESENTATION_CONTEXT() REPRESENTATION_CONTEXT('2D SPACE',''
  ) );
#6367 = ORIENTED_EDGE('',*,*,#6143,.T.);
#6368 = ORIENTED_EDGE('',*,*,#6369,.T.);
#6369 = EDGE_CURVE('',#6144,#6254,#6370,.T.);
#6370 = SURFACE_CURVE('',#6371,(#6375,#6382),.PCURVE_S1.);
#6371 = LINE('',#6372,#6373);
#6372 = CARTESIAN_POINT('',(-13.65,7.275,0.55));
#6373 = VECTOR('',#6374,1.);
#6374 = DIRECTION('',(1.,0.,0.));
#6375 = PCURVE('',#6159,#6376);
#6376 = DEFINITIONAL_REPRESENTATION('',(#6377),#6381);
#6377 = LINE('',#6378,#6379);
#6378 = CARTESIAN_POINT('',(2.35,0.));
#6379 = VECTOR('',#6380,1.);
#6380 = DIRECTION('',(0.,1.));
#6381 = ( GEOMETRIC_REPRESENTATION_CONTEXT(2) 
PARAMETRIC_REPRESENTATION_CONTEXT() REPRESENTATION_CONTEXT('2D SPACE',''
  ) );
#6382 = PCURVE('',#6185,#6383);
#6383 = DEFINITIONAL_REPRESENTATION('',(#6384),#6388);
#6384 = LINE('',#6385,#6386);
#6385 = CARTESIAN_POINT('',(0.,0.25));
#6386 = VECTOR('',#6387,1.);
#6387 = DIRECTION('',(1.,0.));
#6388 = ( GEOMETRIC_REPRESENTATION_CONTEXT(2) 
PARAMETRIC_REPRESENTATION_CONTEXT() REPRESENTATION_CONTEXT('2D SPACE',''
  ) );
#6389 = ORIENTED_EDGE('',*,*,#6253,.F.);
#6390 = ADVANCED_FACE('',(#6391),#6131,.F.);
#6391 = FACE_BOUND('',#6392,.F.);
#6392 = EDGE_LOOP('',(#6393,#6394,#6395,#6396));
#6393 = ORIENTED_EDGE('',*,*,#6115,.F.);
#6394 = ORIENTED_EDGE('',*,*,#6300,.T.);
#6395 = ORIENTED_EDGE('',*,*,#6230,.T.);
#6396 = ORIENTED_EDGE('',*,*,#6347,.F.);
#6397 = ADVANCED_FACE('',(#6398),#6185,.T.);
#6398 = FACE_BOUND('',#6399,.T.);
#6399 = EDGE_LOOP('',(#6400,#6401,#6402,#6403));
#6400 = ORIENTED_EDGE('',*,*,#6171,.F.);
#6401 = ORIENTED_EDGE('',*,*,#6322,.T.);
#6402 = ORIENTED_EDGE('',*,*,#6276,.T.);
#6403 = ORIENTED_EDGE('',*,*,#6369,.F.);
#6404 = MANIFOLD_SOLID_BREP('',#6405);
#6405 = CLOSED_SHELL('',(#6406,#6526,#6626,#6673,#6720,#6727));
#6406 = ADVANCED_FACE('',(#6407),#6421,.F.);
#6407 = FACE_BOUND('',#6408,.F.);
#6408 = EDGE_LOOP('',(#6409,#6444,#6472,#6500));
#6409 = ORIENTED_EDGE('',*,*,#6410,.F.);
#6410 = EDGE_CURVE('',#6411,#6413,#6415,.T.);
#6411 = VERTEX_POINT('',#6412);
#6412 = CARTESIAN_POINT('',(-9.65,7.025,-1.8));
#6413 = VERTEX_POINT('',#6414);
#6414 = CARTESIAN_POINT('',(-9.65,7.025,0.55));
#6415 = SURFACE_CURVE('',#6416,(#6420,#6432),.PCURVE_S1.);
#6416 = LINE('',#6417,#6418);
#6417 = CARTESIAN_POINT('',(-9.65,7.025,-1.8));
#6418 = VECTOR('',#6419,1.);
#6419 = DIRECTION('',(0.,0.,1.));
#6420 = PCURVE('',#6421,#6426);
#6421 = PLANE('',#6422);
#6422 = AXIS2_PLACEMENT_3D('',#6423,#6424,#6425);
#6423 = CARTESIAN_POINT('',(-9.65,7.025,-1.8));
#6424 = DIRECTION('',(1.,0.,0.));
#6425 = DIRECTION('',(0.,0.,1.));
#6426 = DEFINITIONAL_REPRESENTATION('',(#6427),#6431);
#6427 = LINE('',#6428,#6429);
#6428 = CARTESIAN_POINT('',(0.,0.));
#6429 = VECTOR('',#6430,1.);
#6430 = DIRECTION('',(1.,0.));
#6431 = ( GEOMETRIC_REPRESENTATION_CONTEXT(2) 
PARAMETRIC_REPRESENTATION_CONTEXT() REPRESENTATION_CONTEXT('2D SPACE',''
  ) );
#6432 = PCURVE('',#6433,#6438);
#6433 = PLANE('',#6434);
#6434 = AXIS2_PLACEMENT_3D('',#6435,#6436,#6437);
#6435 = CARTESIAN_POINT('',(-9.65,7.025,-1.8));
#6436 = DIRECTION('',(0.,1.,0.));
#6437 = DIRECTION('',(0.,0.,1.));
#6438 = DEFINITIONAL_REPRESENTATION('',(#6439),#6443);
#6439 = LINE('',#6440,#6441);
#6440 = CARTESIAN_POINT('',(0.,0.));
#6441 = VECTOR('',#6442,1.);
#6442 = DIRECTION('',(1.,0.));
#6443 = ( GEOMETRIC_REPRESENTATION_CONTEXT(2) 
PARAMETRIC_REPRESENTATION_CONTEXT() REPRESENTATION_CONTEXT('2D SPACE',''
  ) );
#6444 = ORIENTED_EDGE('',*,*,#6445,.T.);
#6445 = EDGE_CURVE('',#6411,#6446,#6448,.T.);
#6446 = VERTEX_POINT('',#6447);
#6447 = CARTESIAN_POINT('',(-9.65,7.275,-1.8));
#6448 = SURFACE_CURVE('',#6449,(#6453,#6460),.PCURVE_S1.);
#6449 = LINE('',#6450,#6451);
#6450 = CARTESIAN_POINT('',(-9.65,7.025,-1.8));
#6451 = VECTOR('',#6452,1.);
#6452 = DIRECTION('',(0.,1.,0.));
#6453 = PCURVE('',#6421,#6454);
#6454 = DEFINITIONAL_REPRESENTATION('',(#6455),#6459);
#6455 = LINE('',#6456,#6457);
#6456 = CARTESIAN_POINT('',(0.,0.));
#6457 = VECTOR('',#6458,1.);
#6458 = DIRECTION('',(0.,-1.));
#6459 = ( GEOMETRIC_REPRESENTATION_CONTEXT(2) 
PARAMETRIC_REPRESENTATION_CONTEXT() REPRESENTATION_CONTEXT('2D SPACE',''
  ) );
#6460 = PCURVE('',#6461,#6466);
#6461 = PLANE('',#6462);
#6462 = AXIS2_PLACEMENT_3D('',#6463,#6464,#6465);
#6463 = CARTESIAN_POINT('',(-9.65,7.025,-1.8));
#6464 = DIRECTION('',(0.,0.,1.));
#6465 = DIRECTION('',(1.,0.,0.));
#6466 = DEFINITIONAL_REPRESENTATION('',(#6467),#6471);
#6467 = LINE('',#6468,#6469);
#6468 = CARTESIAN_POINT('',(0.,0.));
#6469 = VECTOR('',#6470,1.);
#6470 = DIRECTION('',(0.,1.));
#6471 = ( GEOMETRIC_REPRESENTATION_CONTEXT(2) 
PARAMETRIC_REPRESENTATION_CONTEXT() REPRESENTATION_CONTEXT('2D SPACE',''
  ) );
#6472 = ORIENTED_EDGE('',*,*,#6473,.T.);
#6473 = EDGE_CURVE('',#6446,#6474,#6476,.T.);
#6474 = VERTEX_POINT('',#6475);
#6475 = CARTESIAN_POINT('',(-9.65,7.275,0.55));
#6476 = SURFACE_CURVE('',#6477,(#6481,#6488),.PCURVE_S1.);
#6477 = LINE('',#6478,#6479);
#6478 = CARTESIAN_POINT('',(-9.65,7.275,-1.8));
#6479 = VECTOR('',#6480,1.);
#6480 = DIRECTION('',(0.,0.,1.));
#6481 = PCURVE('',#6421,#6482);
#6482 = DEFINITIONAL_REPRESENTATION('',(#6483),#6487);
#6483 = LINE('',#6484,#6485);
#6484 = CARTESIAN_POINT('',(0.,-0.25));
#6485 = VECTOR('',#6486,1.);
#6486 = DIRECTION('',(1.,0.));
#6487 = ( GEOMETRIC_REPRESENTATION_CONTEXT(2) 
PARAMETRIC_REPRESENTATION_CONTEXT() REPRESENTATION_CONTEXT('2D SPACE',''
  ) );
#6488 = PCURVE('',#6489,#6494);
#6489 = PLANE('',#6490);
#6490 = AXIS2_PLACEMENT_3D('',#6491,#6492,#6493);
#6491 = CARTESIAN_POINT('',(-9.65,7.275,-1.8));
#6492 = DIRECTION('',(0.,1.,0.));
#6493 = DIRECTION('',(0.,0.,1.));
#6494 = DEFINITIONAL_REPRESENTATION('',(#6495),#6499);
#6495 = LINE('',#6496,#6497);
#6496 = CARTESIAN_POINT('',(0.,0.));
#6497 = VECTOR('',#6498,1.);
#6498 = DIRECTION('',(1.,0.));
#6499 = ( GEOMETRIC_REPRESENTATION_CONTEXT(2) 
PARAMETRIC_REPRESENTATION_CONTEXT() REPRESENTATION_CONTEXT('2D SPACE',''
  ) );
#6500 = ORIENTED_EDGE('',*,*,#6501,.F.);
#6501 = EDGE_CURVE('',#6413,#6474,#6502,.T.);
#6502 = SURFACE_CURVE('',#6503,(#6507,#6514),.PCURVE_S1.);
#6503 = LINE('',#6504,#6505);
#6504 = CARTESIAN_POINT('',(-9.65,7.025,0.55));
#6505 = VECTOR('',#6506,1.);
#6506 = DIRECTION('',(0.,1.,0.));
#6507 = PCURVE('',#6421,#6508);
#6508 = DEFINITIONAL_REPRESENTATION('',(#6509),#6513);
#6509 = LINE('',#6510,#6511);
#6510 = CARTESIAN_POINT('',(2.35,0.));
#6511 = VECTOR('',#6512,1.);
#6512 = DIRECTION('',(0.,-1.));
#6513 = ( GEOMETRIC_REPRESENTATION_CONTEXT(2) 
PARAMETRIC_REPRESENTATION_CONTEXT() REPRESENTATION_CONTEXT('2D SPACE',''
  ) );
#6514 = PCURVE('',#6515,#6520);
#6515 = PLANE('',#6516);
#6516 = AXIS2_PLACEMENT_3D('',#6517,#6518,#6519);
#6517 = CARTESIAN_POINT('',(-9.65,7.025,0.55));
#6518 = DIRECTION('',(0.,0.,1.));
#6519 = DIRECTION('',(1.,0.,0.));
#6520 = DEFINITIONAL_REPRESENTATION('',(#6521),#6525);
#6521 = LINE('',#6522,#6523);
#6522 = CARTESIAN_POINT('',(0.,0.));
#6523 = VECTOR('',#6524,1.);
#6524 = DIRECTION('',(0.,1.));
#6525 = ( GEOMETRIC_REPRESENTATION_CONTEXT(2) 
PARAMETRIC_REPRESENTATION_CONTEXT() REPRESENTATION_CONTEXT('2D SPACE',''
  ) );
#6526 = ADVANCED_FACE('',(#6527),#6541,.T.);
#6527 = FACE_BOUND('',#6528,.T.);
#6528 = EDGE_LOOP('',(#6529,#6559,#6582,#6605));
#6529 = ORIENTED_EDGE('',*,*,#6530,.F.);
#6530 = EDGE_CURVE('',#6531,#6533,#6535,.T.);
#6531 = VERTEX_POINT('',#6532);
#6532 = CARTESIAN_POINT('',(-8.35,7.025,-1.8));
#6533 = VERTEX_POINT('',#6534);
#6534 = CARTESIAN_POINT('',(-8.35,7.025,0.55));
#6535 = SURFACE_CURVE('',#6536,(#6540,#6552),.PCURVE_S1.);
#6536 = LINE('',#6537,#6538);
#6537 = CARTESIAN_POINT('',(-8.35,7.025,-1.8));
#6538 = VECTOR('',#6539,1.);
#6539 = DIRECTION('',(0.,0.,1.));
#6540 = PCURVE('',#6541,#6546);
#6541 = PLANE('',#6542);
#6542 = AXIS2_PLACEMENT_3D('',#6543,#6544,#6545);
#6543 = CARTESIAN_POINT('',(-8.35,7.025,-1.8));
#6544 = DIRECTION('',(1.,0.,0.));
#6545 = DIRECTION('',(0.,0.,1.));
#6546 = DEFINITIONAL_REPRESENTATION('',(#6547),#6551);
#6547 = LINE('',#6548,#6549);
#6548 = CARTESIAN_POINT('',(0.,0.));
#6549 = VECTOR('',#6550,1.);
#6550 = DIRECTION('',(1.,0.));
#6551 = ( GEOMETRIC_REPRESENTATION_CONTEXT(2) 
PARAMETRIC_REPRESENTATION_CONTEXT() REPRESENTATION_CONTEXT('2D SPACE',''
  ) );
#6552 = PCURVE('',#6433,#6553);
#6553 = DEFINITIONAL_REPRESENTATION('',(#6554),#6558);
#6554 = LINE('',#6555,#6556);
#6555 = CARTESIAN_POINT('',(0.,1.3));
#6556 = VECTOR('',#6557,1.);
#6557 = DIRECTION('',(1.,0.));
#6558 = ( GEOMETRIC_REPRESENTATION_CONTEXT(2) 
PARAMETRIC_REPRESENTATION_CONTEXT() REPRESENTATION_CONTEXT('2D SPACE',''
  ) );
#6559 = ORIENTED_EDGE('',*,*,#6560,.T.);
#6560 = EDGE_CURVE('',#6531,#6561,#6563,.T.);
#6561 = VERTEX_POINT('',#6562);
#6562 = CARTESIAN_POINT('',(-8.35,7.275,-1.8));
#6563 = SURFACE_CURVE('',#6564,(#6568,#6575),.PCURVE_S1.);
#6564 = LINE('',#6565,#6566);
#6565 = CARTESIAN_POINT('',(-8.35,7.025,-1.8));
#6566 = VECTOR('',#6567,1.);
#6567 = DIRECTION('',(0.,1.,0.));
#6568 = PCURVE('',#6541,#6569);
#6569 = DEFINITIONAL_REPRESENTATION('',(#6570),#6574);
#6570 = LINE('',#6571,#6572);
#6571 = CARTESIAN_POINT('',(0.,0.));
#6572 = VECTOR('',#6573,1.);
#6573 = DIRECTION('',(0.,-1.));
#6574 = ( GEOMETRIC_REPRESENTATION_CONTEXT(2) 
PARAMETRIC_REPRESENTATION_CONTEXT() REPRESENTATION_CONTEXT('2D SPACE',''
  ) );
#6575 = PCURVE('',#6461,#6576);
#6576 = DEFINITIONAL_REPRESENTATION('',(#6577),#6581);
#6577 = LINE('',#6578,#6579);
#6578 = CARTESIAN_POINT('',(1.3,0.));
#6579 = VECTOR('',#6580,1.);
#6580 = DIRECTION('',(0.,1.));
#6581 = ( GEOMETRIC_REPRESENTATION_CONTEXT(2) 
PARAMETRIC_REPRESENTATION_CONTEXT() REPRESENTATION_CONTEXT('2D SPACE',''
  ) );
#6582 = ORIENTED_EDGE('',*,*,#6583,.T.);
#6583 = EDGE_CURVE('',#6561,#6584,#6586,.T.);
#6584 = VERTEX_POINT('',#6585);
#6585 = CARTESIAN_POINT('',(-8.35,7.275,0.55));
#6586 = SURFACE_CURVE('',#6587,(#6591,#6598),.PCURVE_S1.);
#6587 = LINE('',#6588,#6589);
#6588 = CARTESIAN_POINT('',(-8.35,7.275,-1.8));
#6589 = VECTOR('',#6590,1.);
#6590 = DIRECTION('',(0.,0.,1.));
#6591 = PCURVE('',#6541,#6592);
#6592 = DEFINITIONAL_REPRESENTATION('',(#6593),#6597);
#6593 = LINE('',#6594,#6595);
#6594 = CARTESIAN_POINT('',(0.,-0.25));
#6595 = VECTOR('',#6596,1.);
#6596 = DIRECTION('',(1.,0.));
#6597 = ( GEOMETRIC_REPRESENTATION_CONTEXT(2) 
PARAMETRIC_REPRESENTATION_CONTEXT() REPRESENTATION_CONTEXT('2D SPACE',''
  ) );
#6598 = PCURVE('',#6489,#6599);
#6599 = DEFINITIONAL_REPRESENTATION('',(#6600),#6604);
#6600 = LINE('',#6601,#6602);
#6601 = CARTESIAN_POINT('',(0.,1.3));
#6602 = VECTOR('',#6603,1.);
#6603 = DIRECTION('',(1.,0.));
#6604 = ( GEOMETRIC_REPRESENTATION_CONTEXT(2) 
PARAMETRIC_REPRESENTATION_CONTEXT() REPRESENTATION_CONTEXT('2D SPACE',''
  ) );
#6605 = ORIENTED_EDGE('',*,*,#6606,.F.);
#6606 = EDGE_CURVE('',#6533,#6584,#6607,.T.);
#6607 = SURFACE_CURVE('',#6608,(#6612,#6619),.PCURVE_S1.);
#6608 = LINE('',#6609,#6610);
#6609 = CARTESIAN_POINT('',(-8.35,7.025,0.55));
#6610 = VECTOR('',#6611,1.);
#6611 = DIRECTION('',(0.,1.,0.));
#6612 = PCURVE('',#6541,#6613);
#6613 = DEFINITIONAL_REPRESENTATION('',(#6614),#6618);
#6614 = LINE('',#6615,#6616);
#6615 = CARTESIAN_POINT('',(2.35,0.));
#6616 = VECTOR('',#6617,1.);
#6617 = DIRECTION('',(0.,-1.));
#6618 = ( GEOMETRIC_REPRESENTATION_CONTEXT(2) 
PARAMETRIC_REPRESENTATION_CONTEXT() REPRESENTATION_CONTEXT('2D SPACE',''
  ) );
#6619 = PCURVE('',#6515,#6620);
#6620 = DEFINITIONAL_REPRESENTATION('',(#6621),#6625);
#6621 = LINE('',#6622,#6623);
#6622 = CARTESIAN_POINT('',(1.3,0.));
#6623 = VECTOR('',#6624,1.);
#6624 = DIRECTION('',(0.,1.));
#6625 = ( GEOMETRIC_REPRESENTATION_CONTEXT(2) 
PARAMETRIC_REPRESENTATION_CONTEXT() REPRESENTATION_CONTEXT('2D SPACE',''
  ) );
#6626 = ADVANCED_FACE('',(#6627),#6433,.F.);
#6627 = FACE_BOUND('',#6628,.F.);
#6628 = EDGE_LOOP('',(#6629,#6650,#6651,#6672));
#6629 = ORIENTED_EDGE('',*,*,#6630,.F.);
#6630 = EDGE_CURVE('',#6411,#6531,#6631,.T.);
#6631 = SURFACE_CURVE('',#6632,(#6636,#6643),.PCURVE_S1.);
#6632 = LINE('',#6633,#6634);
#6633 = CARTESIAN_POINT('',(-9.65,7.025,-1.8));
#6634 = VECTOR('',#6635,1.);
#6635 = DIRECTION('',(1.,0.,0.));
#6636 = PCURVE('',#6433,#6637);
#6637 = DEFINITIONAL_REPRESENTATION('',(#6638),#6642);
#6638 = LINE('',#6639,#6640);
#6639 = CARTESIAN_POINT('',(0.,0.));
#6640 = VECTOR('',#6641,1.);
#6641 = DIRECTION('',(0.,1.));
#6642 = ( GEOMETRIC_REPRESENTATION_CONTEXT(2) 
PARAMETRIC_REPRESENTATION_CONTEXT() REPRESENTATION_CONTEXT('2D SPACE',''
  ) );
#6643 = PCURVE('',#6461,#6644);
#6644 = DEFINITIONAL_REPRESENTATION('',(#6645),#6649);
#6645 = LINE('',#6646,#6647);
#6646 = CARTESIAN_POINT('',(0.,0.));
#6647 = VECTOR('',#6648,1.);
#6648 = DIRECTION('',(1.,0.));
#6649 = ( GEOMETRIC_REPRESENTATION_CONTEXT(2) 
PARAMETRIC_REPRESENTATION_CONTEXT() REPRESENTATION_CONTEXT('2D SPACE',''
  ) );
#6650 = ORIENTED_EDGE('',*,*,#6410,.T.);
#6651 = ORIENTED_EDGE('',*,*,#6652,.T.);
#6652 = EDGE_CURVE('',#6413,#6533,#6653,.T.);
#6653 = SURFACE_CURVE('',#6654,(#6658,#6665),.PCURVE_S1.);
#6654 = LINE('',#6655,#6656);
#6655 = CARTESIAN_POINT('',(-9.65,7.025,0.55));
#6656 = VECTOR('',#6657,1.);
#6657 = DIRECTION('',(1.,0.,0.));
#6658 = PCURVE('',#6433,#6659);
#6659 = DEFINITIONAL_REPRESENTATION('',(#6660),#6664);
#6660 = LINE('',#6661,#6662);
#6661 = CARTESIAN_POINT('',(2.35,0.));
#6662 = VECTOR('',#6663,1.);
#6663 = DIRECTION('',(0.,1.));
#6664 = ( GEOMETRIC_REPRESENTATION_CONTEXT(2) 
PARAMETRIC_REPRESENTATION_CONTEXT() REPRESENTATION_CONTEXT('2D SPACE',''
  ) );
#6665 = PCURVE('',#6515,#6666);
#6666 = DEFINITIONAL_REPRESENTATION('',(#6667),#6671);
#6667 = LINE('',#6668,#6669);
#6668 = CARTESIAN_POINT('',(0.,0.));
#6669 = VECTOR('',#6670,1.);
#6670 = DIRECTION('',(1.,0.));
#6671 = ( GEOMETRIC_REPRESENTATION_CONTEXT(2) 
PARAMETRIC_REPRESENTATION_CONTEXT() REPRESENTATION_CONTEXT('2D SPACE',''
  ) );
#6672 = ORIENTED_EDGE('',*,*,#6530,.F.);
#6673 = ADVANCED_FACE('',(#6674),#6489,.T.);
#6674 = FACE_BOUND('',#6675,.T.);
#6675 = EDGE_LOOP('',(#6676,#6697,#6698,#6719));
#6676 = ORIENTED_EDGE('',*,*,#6677,.F.);
#6677 = EDGE_CURVE('',#6446,#6561,#6678,.T.);
#6678 = SURFACE_CURVE('',#6679,(#6683,#6690),.PCURVE_S1.);
#6679 = LINE('',#6680,#6681);
#6680 = CARTESIAN_POINT('',(-9.65,7.275,-1.8));
#6681 = VECTOR('',#6682,1.);
#6682 = DIRECTION('',(1.,0.,0.));
#6683 = PCURVE('',#6489,#6684);
#6684 = DEFINITIONAL_REPRESENTATION('',(#6685),#6689);
#6685 = LINE('',#6686,#6687);
#6686 = CARTESIAN_POINT('',(0.,0.));
#6687 = VECTOR('',#6688,1.);
#6688 = DIRECTION('',(0.,1.));
#6689 = ( GEOMETRIC_REPRESENTATION_CONTEXT(2) 
PARAMETRIC_REPRESENTATION_CONTEXT() REPRESENTATION_CONTEXT('2D SPACE',''
  ) );
#6690 = PCURVE('',#6461,#6691);
#6691 = DEFINITIONAL_REPRESENTATION('',(#6692),#6696);
#6692 = LINE('',#6693,#6694);
#6693 = CARTESIAN_POINT('',(0.,0.25));
#6694 = VECTOR('',#6695,1.);
#6695 = DIRECTION('',(1.,0.));
#6696 = ( GEOMETRIC_REPRESENTATION_CONTEXT(2) 
PARAMETRIC_REPRESENTATION_CONTEXT() REPRESENTATION_CONTEXT('2D SPACE',''
  ) );
#6697 = ORIENTED_EDGE('',*,*,#6473,.T.);
#6698 = ORIENTED_EDGE('',*,*,#6699,.T.);
#6699 = EDGE_CURVE('',#6474,#6584,#6700,.T.);
#6700 = SURFACE_CURVE('',#6701,(#6705,#6712),.PCURVE_S1.);
#6701 = LINE('',#6702,#6703);
#6702 = CARTESIAN_POINT('',(-9.65,7.275,0.55));
#6703 = VECTOR('',#6704,1.);
#6704 = DIRECTION('',(1.,0.,0.));
#6705 = PCURVE('',#6489,#6706);
#6706 = DEFINITIONAL_REPRESENTATION('',(#6707),#6711);
#6707 = LINE('',#6708,#6709);
#6708 = CARTESIAN_POINT('',(2.35,0.));
#6709 = VECTOR('',#6710,1.);
#6710 = DIRECTION('',(0.,1.));
#6711 = ( GEOMETRIC_REPRESENTATION_CONTEXT(2) 
PARAMETRIC_REPRESENTATION_CONTEXT() REPRESENTATION_CONTEXT('2D SPACE',''
  ) );
#6712 = PCURVE('',#6515,#6713);
#6713 = DEFINITIONAL_REPRESENTATION('',(#6714),#6718);
#6714 = LINE('',#6715,#6716);
#6715 = CARTESIAN_POINT('',(0.,0.25));
#6716 = VECTOR('',#6717,1.);
#6717 = DIRECTION('',(1.,0.));
#6718 = ( GEOMETRIC_REPRESENTATION_CONTEXT(2) 
PARAMETRIC_REPRESENTATION_CONTEXT() REPRESENTATION_CONTEXT('2D SPACE',''
  ) );
#6719 = ORIENTED_EDGE('',*,*,#6583,.F.);
#6720 = ADVANCED_FACE('',(#6721),#6461,.F.);
#6721 = FACE_BOUND('',#6722,.F.);
#6722 = EDGE_LOOP('',(#6723,#6724,#6725,#6726));
#6723 = ORIENTED_EDGE('',*,*,#6445,.F.);
#6724 = ORIENTED_EDGE('',*,*,#6630,.T.);
#6725 = ORIENTED_EDGE('',*,*,#6560,.T.);
#6726 = ORIENTED_EDGE('',*,*,#6677,.F.);
#6727 = ADVANCED_FACE('',(#6728),#6515,.T.);
#6728 = FACE_BOUND('',#6729,.T.);
#6729 = EDGE_LOOP('',(#6730,#6731,#6732,#6733));
#6730 = ORIENTED_EDGE('',*,*,#6501,.F.);
#6731 = ORIENTED_EDGE('',*,*,#6652,.T.);
#6732 = ORIENTED_EDGE('',*,*,#6606,.T.);
#6733 = ORIENTED_EDGE('',*,*,#6699,.F.);
#6734 = MANIFOLD_SOLID_BREP('',#6735);
#6735 = CLOSED_SHELL('',(#6736,#6856,#6956,#7003,#7050,#7057));
#6736 = ADVANCED_FACE('',(#6737),#6751,.F.);
#6737 = FACE_BOUND('',#6738,.F.);
#6738 = EDGE_LOOP('',(#6739,#6774,#6802,#6830));
#6739 = ORIENTED_EDGE('',*,*,#6740,.F.);
#6740 = EDGE_CURVE('',#6741,#6743,#6745,.T.);
#6741 = VERTEX_POINT('',#6742);
#6742 = CARTESIAN_POINT('',(-5.65,7.025,-1.8));
#6743 = VERTEX_POINT('',#6744);
#6744 = CARTESIAN_POINT('',(-5.65,7.025,0.55));
#6745 = SURFACE_CURVE('',#6746,(#6750,#6762),.PCURVE_S1.);
#6746 = LINE('',#6747,#6748);
#6747 = CARTESIAN_POINT('',(-5.65,7.025,-1.8));
#6748 = VECTOR('',#6749,1.);
#6749 = DIRECTION('',(0.,0.,1.));
#6750 = PCURVE('',#6751,#6756);
#6751 = PLANE('',#6752);
#6752 = AXIS2_PLACEMENT_3D('',#6753,#6754,#6755);
#6753 = CARTESIAN_POINT('',(-5.65,7.025,-1.8));
#6754 = DIRECTION('',(1.,0.,0.));
#6755 = DIRECTION('',(0.,0.,1.));
#6756 = DEFINITIONAL_REPRESENTATION('',(#6757),#6761);
#6757 = LINE('',#6758,#6759);
#6758 = CARTESIAN_POINT('',(0.,0.));
#6759 = VECTOR('',#6760,1.);
#6760 = DIRECTION('',(1.,0.));
#6761 = ( GEOMETRIC_REPRESENTATION_CONTEXT(2) 
PARAMETRIC_REPRESENTATION_CONTEXT() REPRESENTATION_CONTEXT('2D SPACE',''
  ) );
#6762 = PCURVE('',#6763,#6768);
#6763 = PLANE('',#6764);
#6764 = AXIS2_PLACEMENT_3D('',#6765,#6766,#6767);
#6765 = CARTESIAN_POINT('',(-5.65,7.025,-1.8));
#6766 = DIRECTION('',(0.,1.,0.));
#6767 = DIRECTION('',(0.,0.,1.));
#6768 = DEFINITIONAL_REPRESENTATION('',(#6769),#6773);
#6769 = LINE('',#6770,#6771);
#6770 = CARTESIAN_POINT('',(0.,0.));
#6771 = VECTOR('',#6772,1.);
#6772 = DIRECTION('',(1.,0.));
#6773 = ( GEOMETRIC_REPRESENTATION_CONTEXT(2) 
PARAMETRIC_REPRESENTATION_CONTEXT() REPRESENTATION_CONTEXT('2D SPACE',''
  ) );
#6774 = ORIENTED_EDGE('',*,*,#6775,.T.);
#6775 = EDGE_CURVE('',#6741,#6776,#6778,.T.);
#6776 = VERTEX_POINT('',#6777);
#6777 = CARTESIAN_POINT('',(-5.65,7.275,-1.8));
#6778 = SURFACE_CURVE('',#6779,(#6783,#6790),.PCURVE_S1.);
#6779 = LINE('',#6780,#6781);
#6780 = CARTESIAN_POINT('',(-5.65,7.025,-1.8));
#6781 = VECTOR('',#6782,1.);
#6782 = DIRECTION('',(0.,1.,0.));
#6783 = PCURVE('',#6751,#6784);
#6784 = DEFINITIONAL_REPRESENTATION('',(#6785),#6789);
#6785 = LINE('',#6786,#6787);
#6786 = CARTESIAN_POINT('',(0.,0.));
#6787 = VECTOR('',#6788,1.);
#6788 = DIRECTION('',(0.,-1.));
#6789 = ( GEOMETRIC_REPRESENTATION_CONTEXT(2) 
PARAMETRIC_REPRESENTATION_CONTEXT() REPRESENTATION_CONTEXT('2D SPACE',''
  ) );
#6790 = PCURVE('',#6791,#6796);
#6791 = PLANE('',#6792);
#6792 = AXIS2_PLACEMENT_3D('',#6793,#6794,#6795);
#6793 = CARTESIAN_POINT('',(-5.65,7.025,-1.8));
#6794 = DIRECTION('',(0.,0.,1.));
#6795 = DIRECTION('',(1.,0.,0.));
#6796 = DEFINITIONAL_REPRESENTATION('',(#6797),#6801);
#6797 = LINE('',#6798,#6799);
#6798 = CARTESIAN_POINT('',(0.,0.));
#6799 = VECTOR('',#6800,1.);
#6800 = DIRECTION('',(0.,1.));
#6801 = ( GEOMETRIC_REPRESENTATION_CONTEXT(2) 
PARAMETRIC_REPRESENTATION_CONTEXT() REPRESENTATION_CONTEXT('2D SPACE',''
  ) );
#6802 = ORIENTED_EDGE('',*,*,#6803,.T.);
#6803 = EDGE_CURVE('',#6776,#6804,#6806,.T.);
#6804 = VERTEX_POINT('',#6805);
#6805 = CARTESIAN_POINT('',(-5.65,7.275,0.55));
#6806 = SURFACE_CURVE('',#6807,(#6811,#6818),.PCURVE_S1.);
#6807 = LINE('',#6808,#6809);
#6808 = CARTESIAN_POINT('',(-5.65,7.275,-1.8));
#6809 = VECTOR('',#6810,1.);
#6810 = DIRECTION('',(0.,0.,1.));
#6811 = PCURVE('',#6751,#6812);
#6812 = DEFINITIONAL_REPRESENTATION('',(#6813),#6817);
#6813 = LINE('',#6814,#6815);
#6814 = CARTESIAN_POINT('',(0.,-0.25));
#6815 = VECTOR('',#6816,1.);
#6816 = DIRECTION('',(1.,0.));
#6817 = ( GEOMETRIC_REPRESENTATION_CONTEXT(2) 
PARAMETRIC_REPRESENTATION_CONTEXT() REPRESENTATION_CONTEXT('2D SPACE',''
  ) );
#6818 = PCURVE('',#6819,#6824);
#6819 = PLANE('',#6820);
#6820 = AXIS2_PLACEMENT_3D('',#6821,#6822,#6823);
#6821 = CARTESIAN_POINT('',(-5.65,7.275,-1.8));
#6822 = DIRECTION('',(0.,1.,0.));
#6823 = DIRECTION('',(0.,0.,1.));
#6824 = DEFINITIONAL_REPRESENTATION('',(#6825),#6829);
#6825 = LINE('',#6826,#6827);
#6826 = CARTESIAN_POINT('',(0.,0.));
#6827 = VECTOR('',#6828,1.);
#6828 = DIRECTION('',(1.,0.));
#6829 = ( GEOMETRIC_REPRESENTATION_CONTEXT(2) 
PARAMETRIC_REPRESENTATION_CONTEXT() REPRESENTATION_CONTEXT('2D SPACE',''
  ) );
#6830 = ORIENTED_EDGE('',*,*,#6831,.F.);
#6831 = EDGE_CURVE('',#6743,#6804,#6832,.T.);
#6832 = SURFACE_CURVE('',#6833,(#6837,#6844),.PCURVE_S1.);
#6833 = LINE('',#6834,#6835);
#6834 = CARTESIAN_POINT('',(-5.65,7.025,0.55));
#6835 = VECTOR('',#6836,1.);
#6836 = DIRECTION('',(0.,1.,0.));
#6837 = PCURVE('',#6751,#6838);
#6838 = DEFINITIONAL_REPRESENTATION('',(#6839),#6843);
#6839 = LINE('',#6840,#6841);
#6840 = CARTESIAN_POINT('',(2.35,0.));
#6841 = VECTOR('',#6842,1.);
#6842 = DIRECTION('',(0.,-1.));
#6843 = ( GEOMETRIC_REPRESENTATION_CONTEXT(2) 
PARAMETRIC_REPRESENTATION_CONTEXT() REPRESENTATION_CONTEXT('2D SPACE',''
  ) );
#6844 = PCURVE('',#6845,#6850);
#6845 = PLANE('',#6846);
#6846 = AXIS2_PLACEMENT_3D('',#6847,#6848,#6849);
#6847 = CARTESIAN_POINT('',(-5.65,7.025,0.55));
#6848 = DIRECTION('',(0.,0.,1.));
#6849 = DIRECTION('',(1.,0.,0.));
#6850 = DEFINITIONAL_REPRESENTATION('',(#6851),#6855);
#6851 = LINE('',#6852,#6853);
#6852 = CARTESIAN_POINT('',(0.,0.));
#6853 = VECTOR('',#6854,1.);
#6854 = DIRECTION('',(0.,1.));
#6855 = ( GEOMETRIC_REPRESENTATION_CONTEXT(2) 
PARAMETRIC_REPRESENTATION_CONTEXT() REPRESENTATION_CONTEXT('2D SPACE',''
  ) );
#6856 = ADVANCED_FACE('',(#6857),#6871,.T.);
#6857 = FACE_BOUND('',#6858,.T.);
#6858 = EDGE_LOOP('',(#6859,#6889,#6912,#6935));
#6859 = ORIENTED_EDGE('',*,*,#6860,.F.);
#6860 = EDGE_CURVE('',#6861,#6863,#6865,.T.);
#6861 = VERTEX_POINT('',#6862);
#6862 = CARTESIAN_POINT('',(-4.35,7.025,-1.8));
#6863 = VERTEX_POINT('',#6864);
#6864 = CARTESIAN_POINT('',(-4.35,7.025,0.55));
#6865 = SURFACE_CURVE('',#6866,(#6870,#6882),.PCURVE_S1.);
#6866 = LINE('',#6867,#6868);
#6867 = CARTESIAN_POINT('',(-4.35,7.025,-1.8));
#6868 = VECTOR('',#6869,1.);
#6869 = DIRECTION('',(0.,0.,1.));
#6870 = PCURVE('',#6871,#6876);
#6871 = PLANE('',#6872);
#6872 = AXIS2_PLACEMENT_3D('',#6873,#6874,#6875);
#6873 = CARTESIAN_POINT('',(-4.35,7.025,-1.8));
#6874 = DIRECTION('',(1.,0.,0.));
#6875 = DIRECTION('',(0.,0.,1.));
#6876 = DEFINITIONAL_REPRESENTATION('',(#6877),#6881);
#6877 = LINE('',#6878,#6879);
#6878 = CARTESIAN_POINT('',(0.,0.));
#6879 = VECTOR('',#6880,1.);
#6880 = DIRECTION('',(1.,0.));
#6881 = ( GEOMETRIC_REPRESENTATION_CONTEXT(2) 
PARAMETRIC_REPRESENTATION_CONTEXT() REPRESENTATION_CONTEXT('2D SPACE',''
  ) );
#6882 = PCURVE('',#6763,#6883);
#6883 = DEFINITIONAL_REPRESENTATION('',(#6884),#6888);
#6884 = LINE('',#6885,#6886);
#6885 = CARTESIAN_POINT('',(0.,1.3));
#6886 = VECTOR('',#6887,1.);
#6887 = DIRECTION('',(1.,0.));
#6888 = ( GEOMETRIC_REPRESENTATION_CONTEXT(2) 
PARAMETRIC_REPRESENTATION_CONTEXT() REPRESENTATION_CONTEXT('2D SPACE',''
  ) );
#6889 = ORIENTED_EDGE('',*,*,#6890,.T.);
#6890 = EDGE_CURVE('',#6861,#6891,#6893,.T.);
#6891 = VERTEX_POINT('',#6892);
#6892 = CARTESIAN_POINT('',(-4.35,7.275,-1.8));
#6893 = SURFACE_CURVE('',#6894,(#6898,#6905),.PCURVE_S1.);
#6894 = LINE('',#6895,#6896);
#6895 = CARTESIAN_POINT('',(-4.35,7.025,-1.8));
#6896 = VECTOR('',#6897,1.);
#6897 = DIRECTION('',(0.,1.,0.));
#6898 = PCURVE('',#6871,#6899);
#6899 = DEFINITIONAL_REPRESENTATION('',(#6900),#6904);
#6900 = LINE('',#6901,#6902);
#6901 = CARTESIAN_POINT('',(0.,0.));
#6902 = VECTOR('',#6903,1.);
#6903 = DIRECTION('',(0.,-1.));
#6904 = ( GEOMETRIC_REPRESENTATION_CONTEXT(2) 
PARAMETRIC_REPRESENTATION_CONTEXT() REPRESENTATION_CONTEXT('2D SPACE',''
  ) );
#6905 = PCURVE('',#6791,#6906);
#6906 = DEFINITIONAL_REPRESENTATION('',(#6907),#6911);
#6907 = LINE('',#6908,#6909);
#6908 = CARTESIAN_POINT('',(1.3,0.));
#6909 = VECTOR('',#6910,1.);
#6910 = DIRECTION('',(0.,1.));
#6911 = ( GEOMETRIC_REPRESENTATION_CONTEXT(2) 
PARAMETRIC_REPRESENTATION_CONTEXT() REPRESENTATION_CONTEXT('2D SPACE',''
  ) );
#6912 = ORIENTED_EDGE('',*,*,#6913,.T.);
#6913 = EDGE_CURVE('',#6891,#6914,#6916,.T.);
#6914 = VERTEX_POINT('',#6915);
#6915 = CARTESIAN_POINT('',(-4.35,7.275,0.55));
#6916 = SURFACE_CURVE('',#6917,(#6921,#6928),.PCURVE_S1.);
#6917 = LINE('',#6918,#6919);
#6918 = CARTESIAN_POINT('',(-4.35,7.275,-1.8));
#6919 = VECTOR('',#6920,1.);
#6920 = DIRECTION('',(0.,0.,1.));
#6921 = PCURVE('',#6871,#6922);
#6922 = DEFINITIONAL_REPRESENTATION('',(#6923),#6927);
#6923 = LINE('',#6924,#6925);
#6924 = CARTESIAN_POINT('',(0.,-0.25));
#6925 = VECTOR('',#6926,1.);
#6926 = DIRECTION('',(1.,0.));
#6927 = ( GEOMETRIC_REPRESENTATION_CONTEXT(2) 
PARAMETRIC_REPRESENTATION_CONTEXT() REPRESENTATION_CONTEXT('2D SPACE',''
  ) );
#6928 = PCURVE('',#6819,#6929);
#6929 = DEFINITIONAL_REPRESENTATION('',(#6930),#6934);
#6930 = LINE('',#6931,#6932);
#6931 = CARTESIAN_POINT('',(0.,1.3));
#6932 = VECTOR('',#6933,1.);
#6933 = DIRECTION('',(1.,0.));
#6934 = ( GEOMETRIC_REPRESENTATION_CONTEXT(2) 
PARAMETRIC_REPRESENTATION_CONTEXT() REPRESENTATION_CONTEXT('2D SPACE',''
  ) );
#6935 = ORIENTED_EDGE('',*,*,#6936,.F.);
#6936 = EDGE_CURVE('',#6863,#6914,#6937,.T.);
#6937 = SURFACE_CURVE('',#6938,(#6942,#6949),.PCURVE_S1.);
#6938 = LINE('',#6939,#6940);
#6939 = CARTESIAN_POINT('',(-4.35,7.025,0.55));
#6940 = VECTOR('',#6941,1.);
#6941 = DIRECTION('',(0.,1.,0.));
#6942 = PCURVE('',#6871,#6943);
#6943 = DEFINITIONAL_REPRESENTATION('',(#6944),#6948);
#6944 = LINE('',#6945,#6946);
#6945 = CARTESIAN_POINT('',(2.35,0.));
#6946 = VECTOR('',#6947,1.);
#6947 = DIRECTION('',(0.,-1.));
#6948 = ( GEOMETRIC_REPRESENTATION_CONTEXT(2) 
PARAMETRIC_REPRESENTATION_CONTEXT() REPRESENTATION_CONTEXT('2D SPACE',''
  ) );
#6949 = PCURVE('',#6845,#6950);
#6950 = DEFINITIONAL_REPRESENTATION('',(#6951),#6955);
#6951 = LINE('',#6952,#6953);
#6952 = CARTESIAN_POINT('',(1.3,0.));
#6953 = VECTOR('',#6954,1.);
#6954 = DIRECTION('',(0.,1.));
#6955 = ( GEOMETRIC_REPRESENTATION_CONTEXT(2) 
PARAMETRIC_REPRESENTATION_CONTEXT() REPRESENTATION_CONTEXT('2D SPACE',''
  ) );
#6956 = ADVANCED_FACE('',(#6957),#6763,.F.);
#6957 = FACE_BOUND('',#6958,.F.);
#6958 = EDGE_LOOP('',(#6959,#6980,#6981,#7002));
#6959 = ORIENTED_EDGE('',*,*,#6960,.F.);
#6960 = EDGE_CURVE('',#6741,#6861,#6961,.T.);
#6961 = SURFACE_CURVE('',#6962,(#6966,#6973),.PCURVE_S1.);
#6962 = LINE('',#6963,#6964);
#6963 = CARTESIAN_POINT('',(-5.65,7.025,-1.8));
#6964 = VECTOR('',#6965,1.);
#6965 = DIRECTION('',(1.,0.,0.));
#6966 = PCURVE('',#6763,#6967);
#6967 = DEFINITIONAL_REPRESENTATION('',(#6968),#6972);
#6968 = LINE('',#6969,#6970);
#6969 = CARTESIAN_POINT('',(0.,0.));
#6970 = VECTOR('',#6971,1.);
#6971 = DIRECTION('',(0.,1.));
#6972 = ( GEOMETRIC_REPRESENTATION_CONTEXT(2) 
PARAMETRIC_REPRESENTATION_CONTEXT() REPRESENTATION_CONTEXT('2D SPACE',''
  ) );
#6973 = PCURVE('',#6791,#6974);
#6974 = DEFINITIONAL_REPRESENTATION('',(#6975),#6979);
#6975 = LINE('',#6976,#6977);
#6976 = CARTESIAN_POINT('',(0.,0.));
#6977 = VECTOR('',#6978,1.);
#6978 = DIRECTION('',(1.,0.));
#6979 = ( GEOMETRIC_REPRESENTATION_CONTEXT(2) 
PARAMETRIC_REPRESENTATION_CONTEXT() REPRESENTATION_CONTEXT('2D SPACE',''
  ) );
#6980 = ORIENTED_EDGE('',*,*,#6740,.T.);
#6981 = ORIENTED_EDGE('',*,*,#6982,.T.);
#6982 = EDGE_CURVE('',#6743,#6863,#6983,.T.);
#6983 = SURFACE_CURVE('',#6984,(#6988,#6995),.PCURVE_S1.);
#6984 = LINE('',#6985,#6986);
#6985 = CARTESIAN_POINT('',(-5.65,7.025,0.55));
#6986 = VECTOR('',#6987,1.);
#6987 = DIRECTION('',(1.,0.,0.));
#6988 = PCURVE('',#6763,#6989);
#6989 = DEFINITIONAL_REPRESENTATION('',(#6990),#6994);
#6990 = LINE('',#6991,#6992);
#6991 = CARTESIAN_POINT('',(2.35,0.));
#6992 = VECTOR('',#6993,1.);
#6993 = DIRECTION('',(0.,1.));
#6994 = ( GEOMETRIC_REPRESENTATION_CONTEXT(2) 
PARAMETRIC_REPRESENTATION_CONTEXT() REPRESENTATION_CONTEXT('2D SPACE',''
  ) );
#6995 = PCURVE('',#6845,#6996);
#6996 = DEFINITIONAL_REPRESENTATION('',(#6997),#7001);
#6997 = LINE('',#6998,#6999);
#6998 = CARTESIAN_POINT('',(0.,0.));
#6999 = VECTOR('',#7000,1.);
#7000 = DIRECTION('',(1.,0.));
#7001 = ( GEOMETRIC_REPRESENTATION_CONTEXT(2) 
PARAMETRIC_REPRESENTATION_CONTEXT() REPRESENTATION_CONTEXT('2D SPACE',''
  ) );
#7002 = ORIENTED_EDGE('',*,*,#6860,.F.);
#7003 = ADVANCED_FACE('',(#7004),#6819,.T.);
#7004 = FACE_BOUND('',#7005,.T.);
#7005 = EDGE_LOOP('',(#7006,#7027,#7028,#7049));
#7006 = ORIENTED_EDGE('',*,*,#7007,.F.);
#7007 = EDGE_CURVE('',#6776,#6891,#7008,.T.);
#7008 = SURFACE_CURVE('',#7009,(#7013,#7020),.PCURVE_S1.);
#7009 = LINE('',#7010,#7011);
#7010 = CARTESIAN_POINT('',(-5.65,7.275,-1.8));
#7011 = VECTOR('',#7012,1.);
#7012 = DIRECTION('',(1.,0.,0.));
#7013 = PCURVE('',#6819,#7014);
#7014 = DEFINITIONAL_REPRESENTATION('',(#7015),#7019);
#7015 = LINE('',#7016,#7017);
#7016 = CARTESIAN_POINT('',(0.,0.));
#7017 = VECTOR('',#7018,1.);
#7018 = DIRECTION('',(0.,1.));
#7019 = ( GEOMETRIC_REPRESENTATION_CONTEXT(2) 
PARAMETRIC_REPRESENTATION_CONTEXT() REPRESENTATION_CONTEXT('2D SPACE',''
  ) );
#7020 = PCURVE('',#6791,#7021);
#7021 = DEFINITIONAL_REPRESENTATION('',(#7022),#7026);
#7022 = LINE('',#7023,#7024);
#7023 = CARTESIAN_POINT('',(0.,0.25));
#7024 = VECTOR('',#7025,1.);
#7025 = DIRECTION('',(1.,0.));
#7026 = ( GEOMETRIC_REPRESENTATION_CONTEXT(2) 
PARAMETRIC_REPRESENTATION_CONTEXT() REPRESENTATION_CONTEXT('2D SPACE',''
  ) );
#7027 = ORIENTED_EDGE('',*,*,#6803,.T.);
#7028 = ORIENTED_EDGE('',*,*,#7029,.T.);
#7029 = EDGE_CURVE('',#6804,#6914,#7030,.T.);
#7030 = SURFACE_CURVE('',#7031,(#7035,#7042),.PCURVE_S1.);
#7031 = LINE('',#7032,#7033);
#7032 = CARTESIAN_POINT('',(-5.65,7.275,0.55));
#7033 = VECTOR('',#7034,1.);
#7034 = DIRECTION('',(1.,0.,0.));
#7035 = PCURVE('',#6819,#7036);
#7036 = DEFINITIONAL_REPRESENTATION('',(#7037),#7041);
#7037 = LINE('',#7038,#7039);
#7038 = CARTESIAN_POINT('',(2.35,0.));
#7039 = VECTOR('',#7040,1.);
#7040 = DIRECTION('',(0.,1.));
#7041 = ( GEOMETRIC_REPRESENTATION_CONTEXT(2) 
PARAMETRIC_REPRESENTATION_CONTEXT() REPRESENTATION_CONTEXT('2D SPACE',''
  ) );
#7042 = PCURVE('',#6845,#7043);
#7043 = DEFINITIONAL_REPRESENTATION('',(#7044),#7048);
#7044 = LINE('',#7045,#7046);
#7045 = CARTESIAN_POINT('',(0.,0.25));
#7046 = VECTOR('',#7047,1.);
#7047 = DIRECTION('',(1.,0.));
#7048 = ( GEOMETRIC_REPRESENTATION_CONTEXT(2) 
PARAMETRIC_REPRESENTATION_CONTEXT() REPRESENTATION_CONTEXT('2D SPACE',''
  ) );
#7049 = ORIENTED_EDGE('',*,*,#6913,.F.);
#7050 = ADVANCED_FACE('',(#7051),#6791,.F.);
#7051 = FACE_BOUND('',#7052,.F.);
#7052 = EDGE_LOOP('',(#7053,#7054,#7055,#7056));
#7053 = ORIENTED_EDGE('',*,*,#6775,.F.);
#7054 = ORIENTED_EDGE('',*,*,#6960,.T.);
#7055 = ORIENTED_EDGE('',*,*,#6890,.T.);
#7056 = ORIENTED_EDGE('',*,*,#7007,.F.);
#7057 = ADVANCED_FACE('',(#7058),#6845,.T.);
#7058 = FACE_BOUND('',#7059,.T.);
#7059 = EDGE_LOOP('',(#7060,#7061,#7062,#7063));
#7060 = ORIENTED_EDGE('',*,*,#6831,.F.);
#7061 = ORIENTED_EDGE('',*,*,#6982,.T.);
#7062 = ORIENTED_EDGE('',*,*,#6936,.T.);
#7063 = ORIENTED_EDGE('',*,*,#7029,.F.);
#7064 = MANIFOLD_SOLID_BREP('',#7065);
#7065 = CLOSED_SHELL('',(#7066,#7186,#7286,#7333,#7380,#7387));
#7066 = ADVANCED_FACE('',(#7067),#7081,.F.);
#7067 = FACE_BOUND('',#7068,.F.);
#7068 = EDGE_LOOP('',(#7069,#7104,#7132,#7160));
#7069 = ORIENTED_EDGE('',*,*,#7070,.F.);
#7070 = EDGE_CURVE('',#7071,#7073,#7075,.T.);
#7071 = VERTEX_POINT('',#7072);
#7072 = CARTESIAN_POINT('',(-1.65,7.025,-1.8));
#7073 = VERTEX_POINT('',#7074);
#7074 = CARTESIAN_POINT('',(-1.65,7.025,0.55));
#7075 = SURFACE_CURVE('',#7076,(#7080,#7092),.PCURVE_S1.);
#7076 = LINE('',#7077,#7078);
#7077 = CARTESIAN_POINT('',(-1.65,7.025,-1.8));
#7078 = VECTOR('',#7079,1.);
#7079 = DIRECTION('',(0.,0.,1.));
#7080 = PCURVE('',#7081,#7086);
#7081 = PLANE('',#7082);
#7082 = AXIS2_PLACEMENT_3D('',#7083,#7084,#7085);
#7083 = CARTESIAN_POINT('',(-1.65,7.025,-1.8));
#7084 = DIRECTION('',(1.,0.,0.));
#7085 = DIRECTION('',(0.,0.,1.));
#7086 = DEFINITIONAL_REPRESENTATION('',(#7087),#7091);
#7087 = LINE('',#7088,#7089);
#7088 = CARTESIAN_POINT('',(0.,0.));
#7089 = VECTOR('',#7090,1.);
#7090 = DIRECTION('',(1.,0.));
#7091 = ( GEOMETRIC_REPRESENTATION_CONTEXT(2) 
PARAMETRIC_REPRESENTATION_CONTEXT() REPRESENTATION_CONTEXT('2D SPACE',''
  ) );
#7092 = PCURVE('',#7093,#7098);
#7093 = PLANE('',#7094);
#7094 = AXIS2_PLACEMENT_3D('',#7095,#7096,#7097);
#7095 = CARTESIAN_POINT('',(-1.65,7.025,-1.8));
#7096 = DIRECTION('',(0.,1.,0.));
#7097 = DIRECTION('',(0.,0.,1.));
#7098 = DEFINITIONAL_REPRESENTATION('',(#7099),#7103);
#7099 = LINE('',#7100,#7101);
#7100 = CARTESIAN_POINT('',(0.,0.));
#7101 = VECTOR('',#7102,1.);
#7102 = DIRECTION('',(1.,0.));
#7103 = ( GEOMETRIC_REPRESENTATION_CONTEXT(2) 
PARAMETRIC_REPRESENTATION_CONTEXT() REPRESENTATION_CONTEXT('2D SPACE',''
  ) );
#7104 = ORIENTED_EDGE('',*,*,#7105,.T.);
#7105 = EDGE_CURVE('',#7071,#7106,#7108,.T.);
#7106 = VERTEX_POINT('',#7107);
#7107 = CARTESIAN_POINT('',(-1.65,7.275,-1.8));
#7108 = SURFACE_CURVE('',#7109,(#7113,#7120),.PCURVE_S1.);
#7109 = LINE('',#7110,#7111);
#7110 = CARTESIAN_POINT('',(-1.65,7.025,-1.8));
#7111 = VECTOR('',#7112,1.);
#7112 = DIRECTION('',(0.,1.,0.));
#7113 = PCURVE('',#7081,#7114);
#7114 = DEFINITIONAL_REPRESENTATION('',(#7115),#7119);
#7115 = LINE('',#7116,#7117);
#7116 = CARTESIAN_POINT('',(0.,0.));
#7117 = VECTOR('',#7118,1.);
#7118 = DIRECTION('',(0.,-1.));
#7119 = ( GEOMETRIC_REPRESENTATION_CONTEXT(2) 
PARAMETRIC_REPRESENTATION_CONTEXT() REPRESENTATION_CONTEXT('2D SPACE',''
  ) );
#7120 = PCURVE('',#7121,#7126);
#7121 = PLANE('',#7122);
#7122 = AXIS2_PLACEMENT_3D('',#7123,#7124,#7125);
#7123 = CARTESIAN_POINT('',(-1.65,7.025,-1.8));
#7124 = DIRECTION('',(0.,0.,1.));
#7125 = DIRECTION('',(1.,0.,0.));
#7126 = DEFINITIONAL_REPRESENTATION('',(#7127),#7131);
#7127 = LINE('',#7128,#7129);
#7128 = CARTESIAN_POINT('',(0.,0.));
#7129 = VECTOR('',#7130,1.);
#7130 = DIRECTION('',(0.,1.));
#7131 = ( GEOMETRIC_REPRESENTATION_CONTEXT(2) 
PARAMETRIC_REPRESENTATION_CONTEXT() REPRESENTATION_CONTEXT('2D SPACE',''
  ) );
#7132 = ORIENTED_EDGE('',*,*,#7133,.T.);
#7133 = EDGE_CURVE('',#7106,#7134,#7136,.T.);
#7134 = VERTEX_POINT('',#7135);
#7135 = CARTESIAN_POINT('',(-1.65,7.275,0.55));
#7136 = SURFACE_CURVE('',#7137,(#7141,#7148),.PCURVE_S1.);
#7137 = LINE('',#7138,#7139);
#7138 = CARTESIAN_POINT('',(-1.65,7.275,-1.8));
#7139 = VECTOR('',#7140,1.);
#7140 = DIRECTION('',(0.,0.,1.));
#7141 = PCURVE('',#7081,#7142);
#7142 = DEFINITIONAL_REPRESENTATION('',(#7143),#7147);
#7143 = LINE('',#7144,#7145);
#7144 = CARTESIAN_POINT('',(0.,-0.25));
#7145 = VECTOR('',#7146,1.);
#7146 = DIRECTION('',(1.,0.));
#7147 = ( GEOMETRIC_REPRESENTATION_CONTEXT(2) 
PARAMETRIC_REPRESENTATION_CONTEXT() REPRESENTATION_CONTEXT('2D SPACE',''
  ) );
#7148 = PCURVE('',#7149,#7154);
#7149 = PLANE('',#7150);
#7150 = AXIS2_PLACEMENT_3D('',#7151,#7152,#7153);
#7151 = CARTESIAN_POINT('',(-1.65,7.275,-1.8));
#7152 = DIRECTION('',(0.,1.,0.));
#7153 = DIRECTION('',(0.,0.,1.));
#7154 = DEFINITIONAL_REPRESENTATION('',(#7155),#7159);
#7155 = LINE('',#7156,#7157);
#7156 = CARTESIAN_POINT('',(0.,0.));
#7157 = VECTOR('',#7158,1.);
#7158 = DIRECTION('',(1.,0.));
#7159 = ( GEOMETRIC_REPRESENTATION_CONTEXT(2) 
PARAMETRIC_REPRESENTATION_CONTEXT() REPRESENTATION_CONTEXT('2D SPACE',''
  ) );
#7160 = ORIENTED_EDGE('',*,*,#7161,.F.);
#7161 = EDGE_CURVE('',#7073,#7134,#7162,.T.);
#7162 = SURFACE_CURVE('',#7163,(#7167,#7174),.PCURVE_S1.);
#7163 = LINE('',#7164,#7165);
#7164 = CARTESIAN_POINT('',(-1.65,7.025,0.55));
#7165 = VECTOR('',#7166,1.);
#7166 = DIRECTION('',(0.,1.,0.));
#7167 = PCURVE('',#7081,#7168);
#7168 = DEFINITIONAL_REPRESENTATION('',(#7169),#7173);
#7169 = LINE('',#7170,#7171);
#7170 = CARTESIAN_POINT('',(2.35,0.));
#7171 = VECTOR('',#7172,1.);
#7172 = DIRECTION('',(0.,-1.));
#7173 = ( GEOMETRIC_REPRESENTATION_CONTEXT(2) 
PARAMETRIC_REPRESENTATION_CONTEXT() REPRESENTATION_CONTEXT('2D SPACE',''
  ) );
#7174 = PCURVE('',#7175,#7180);
#7175 = PLANE('',#7176);
#7176 = AXIS2_PLACEMENT_3D('',#7177,#7178,#7179);
#7177 = CARTESIAN_POINT('',(-1.65,7.025,0.55));
#7178 = DIRECTION('',(0.,0.,1.));
#7179 = DIRECTION('',(1.,0.,0.));
#7180 = DEFINITIONAL_REPRESENTATION('',(#7181),#7185);
#7181 = LINE('',#7182,#7183);
#7182 = CARTESIAN_POINT('',(0.,0.));
#7183 = VECTOR('',#7184,1.);
#7184 = DIRECTION('',(0.,1.));
#7185 = ( GEOMETRIC_REPRESENTATION_CONTEXT(2) 
PARAMETRIC_REPRESENTATION_CONTEXT() REPRESENTATION_CONTEXT('2D SPACE',''
  ) );
#7186 = ADVANCED_FACE('',(#7187),#7201,.T.);
#7187 = FACE_BOUND('',#7188,.T.);
#7188 = EDGE_LOOP('',(#7189,#7219,#7242,#7265));
#7189 = ORIENTED_EDGE('',*,*,#7190,.F.);
#7190 = EDGE_CURVE('',#7191,#7193,#7195,.T.);
#7191 = VERTEX_POINT('',#7192);
#7192 = CARTESIAN_POINT('',(-0.35,7.025,-1.8));
#7193 = VERTEX_POINT('',#7194);
#7194 = CARTESIAN_POINT('',(-0.35,7.025,0.55));
#7195 = SURFACE_CURVE('',#7196,(#7200,#7212),.PCURVE_S1.);
#7196 = LINE('',#7197,#7198);
#7197 = CARTESIAN_POINT('',(-0.35,7.025,-1.8));
#7198 = VECTOR('',#7199,1.);
#7199 = DIRECTION('',(0.,0.,1.));
#7200 = PCURVE('',#7201,#7206);
#7201 = PLANE('',#7202);
#7202 = AXIS2_PLACEMENT_3D('',#7203,#7204,#7205);
#7203 = CARTESIAN_POINT('',(-0.35,7.025,-1.8));
#7204 = DIRECTION('',(1.,0.,0.));
#7205 = DIRECTION('',(0.,0.,1.));
#7206 = DEFINITIONAL_REPRESENTATION('',(#7207),#7211);
#7207 = LINE('',#7208,#7209);
#7208 = CARTESIAN_POINT('',(0.,0.));
#7209 = VECTOR('',#7210,1.);
#7210 = DIRECTION('',(1.,0.));
#7211 = ( GEOMETRIC_REPRESENTATION_CONTEXT(2) 
PARAMETRIC_REPRESENTATION_CONTEXT() REPRESENTATION_CONTEXT('2D SPACE',''
  ) );
#7212 = PCURVE('',#7093,#7213);
#7213 = DEFINITIONAL_REPRESENTATION('',(#7214),#7218);
#7214 = LINE('',#7215,#7216);
#7215 = CARTESIAN_POINT('',(0.,1.3));
#7216 = VECTOR('',#7217,1.);
#7217 = DIRECTION('',(1.,0.));
#7218 = ( GEOMETRIC_REPRESENTATION_CONTEXT(2) 
PARAMETRIC_REPRESENTATION_CONTEXT() REPRESENTATION_CONTEXT('2D SPACE',''
  ) );
#7219 = ORIENTED_EDGE('',*,*,#7220,.T.);
#7220 = EDGE_CURVE('',#7191,#7221,#7223,.T.);
#7221 = VERTEX_POINT('',#7222);
#7222 = CARTESIAN_POINT('',(-0.35,7.275,-1.8));
#7223 = SURFACE_CURVE('',#7224,(#7228,#7235),.PCURVE_S1.);
#7224 = LINE('',#7225,#7226);
#7225 = CARTESIAN_POINT('',(-0.35,7.025,-1.8));
#7226 = VECTOR('',#7227,1.);
#7227 = DIRECTION('',(0.,1.,0.));
#7228 = PCURVE('',#7201,#7229);
#7229 = DEFINITIONAL_REPRESENTATION('',(#7230),#7234);
#7230 = LINE('',#7231,#7232);
#7231 = CARTESIAN_POINT('',(0.,0.));
#7232 = VECTOR('',#7233,1.);
#7233 = DIRECTION('',(0.,-1.));
#7234 = ( GEOMETRIC_REPRESENTATION_CONTEXT(2) 
PARAMETRIC_REPRESENTATION_CONTEXT() REPRESENTATION_CONTEXT('2D SPACE',''
  ) );
#7235 = PCURVE('',#7121,#7236);
#7236 = DEFINITIONAL_REPRESENTATION('',(#7237),#7241);
#7237 = LINE('',#7238,#7239);
#7238 = CARTESIAN_POINT('',(1.3,0.));
#7239 = VECTOR('',#7240,1.);
#7240 = DIRECTION('',(0.,1.));
#7241 = ( GEOMETRIC_REPRESENTATION_CONTEXT(2) 
PARAMETRIC_REPRESENTATION_CONTEXT() REPRESENTATION_CONTEXT('2D SPACE',''
  ) );
#7242 = ORIENTED_EDGE('',*,*,#7243,.T.);
#7243 = EDGE_CURVE('',#7221,#7244,#7246,.T.);
#7244 = VERTEX_POINT('',#7245);
#7245 = CARTESIAN_POINT('',(-0.35,7.275,0.55));
#7246 = SURFACE_CURVE('',#7247,(#7251,#7258),.PCURVE_S1.);
#7247 = LINE('',#7248,#7249);
#7248 = CARTESIAN_POINT('',(-0.35,7.275,-1.8));
#7249 = VECTOR('',#7250,1.);
#7250 = DIRECTION('',(0.,0.,1.));
#7251 = PCURVE('',#7201,#7252);
#7252 = DEFINITIONAL_REPRESENTATION('',(#7253),#7257);
#7253 = LINE('',#7254,#7255);
#7254 = CARTESIAN_POINT('',(0.,-0.25));
#7255 = VECTOR('',#7256,1.);
#7256 = DIRECTION('',(1.,0.));
#7257 = ( GEOMETRIC_REPRESENTATION_CONTEXT(2) 
PARAMETRIC_REPRESENTATION_CONTEXT() REPRESENTATION_CONTEXT('2D SPACE',''
  ) );
#7258 = PCURVE('',#7149,#7259);
#7259 = DEFINITIONAL_REPRESENTATION('',(#7260),#7264);
#7260 = LINE('',#7261,#7262);
#7261 = CARTESIAN_POINT('',(0.,1.3));
#7262 = VECTOR('',#7263,1.);
#7263 = DIRECTION('',(1.,0.));
#7264 = ( GEOMETRIC_REPRESENTATION_CONTEXT(2) 
PARAMETRIC_REPRESENTATION_CONTEXT() REPRESENTATION_CONTEXT('2D SPACE',''
  ) );
#7265 = ORIENTED_EDGE('',*,*,#7266,.F.);
#7266 = EDGE_CURVE('',#7193,#7244,#7267,.T.);
#7267 = SURFACE_CURVE('',#7268,(#7272,#7279),.PCURVE_S1.);
#7268 = LINE('',#7269,#7270);
#7269 = CARTESIAN_POINT('',(-0.35,7.025,0.55));
#7270 = VECTOR('',#7271,1.);
#7271 = DIRECTION('',(0.,1.,0.));
#7272 = PCURVE('',#7201,#7273);
#7273 = DEFINITIONAL_REPRESENTATION('',(#7274),#7278);
#7274 = LINE('',#7275,#7276);
#7275 = CARTESIAN_POINT('',(2.35,0.));
#7276 = VECTOR('',#7277,1.);
#7277 = DIRECTION('',(0.,-1.));
#7278 = ( GEOMETRIC_REPRESENTATION_CONTEXT(2) 
PARAMETRIC_REPRESENTATION_CONTEXT() REPRESENTATION_CONTEXT('2D SPACE',''
  ) );
#7279 = PCURVE('',#7175,#7280);
#7280 = DEFINITIONAL_REPRESENTATION('',(#7281),#7285);
#7281 = LINE('',#7282,#7283);
#7282 = CARTESIAN_POINT('',(1.3,0.));
#7283 = VECTOR('',#7284,1.);
#7284 = DIRECTION('',(0.,1.));
#7285 = ( GEOMETRIC_REPRESENTATION_CONTEXT(2) 
PARAMETRIC_REPRESENTATION_CONTEXT() REPRESENTATION_CONTEXT('2D SPACE',''
  ) );
#7286 = ADVANCED_FACE('',(#7287),#7093,.F.);
#7287 = FACE_BOUND('',#7288,.F.);
#7288 = EDGE_LOOP('',(#7289,#7310,#7311,#7332));
#7289 = ORIENTED_EDGE('',*,*,#7290,.F.);
#7290 = EDGE_CURVE('',#7071,#7191,#7291,.T.);
#7291 = SURFACE_CURVE('',#7292,(#7296,#7303),.PCURVE_S1.);
#7292 = LINE('',#7293,#7294);
#7293 = CARTESIAN_POINT('',(-1.65,7.025,-1.8));
#7294 = VECTOR('',#7295,1.);
#7295 = DIRECTION('',(1.,0.,0.));
#7296 = PCURVE('',#7093,#7297);
#7297 = DEFINITIONAL_REPRESENTATION('',(#7298),#7302);
#7298 = LINE('',#7299,#7300);
#7299 = CARTESIAN_POINT('',(0.,0.));
#7300 = VECTOR('',#7301,1.);
#7301 = DIRECTION('',(0.,1.));
#7302 = ( GEOMETRIC_REPRESENTATION_CONTEXT(2) 
PARAMETRIC_REPRESENTATION_CONTEXT() REPRESENTATION_CONTEXT('2D SPACE',''
  ) );
#7303 = PCURVE('',#7121,#7304);
#7304 = DEFINITIONAL_REPRESENTATION('',(#7305),#7309);
#7305 = LINE('',#7306,#7307);
#7306 = CARTESIAN_POINT('',(0.,0.));
#7307 = VECTOR('',#7308,1.);
#7308 = DIRECTION('',(1.,0.));
#7309 = ( GEOMETRIC_REPRESENTATION_CONTEXT(2) 
PARAMETRIC_REPRESENTATION_CONTEXT() REPRESENTATION_CONTEXT('2D SPACE',''
  ) );
#7310 = ORIENTED_EDGE('',*,*,#7070,.T.);
#7311 = ORIENTED_EDGE('',*,*,#7312,.T.);
#7312 = EDGE_CURVE('',#7073,#7193,#7313,.T.);
#7313 = SURFACE_CURVE('',#7314,(#7318,#7325),.PCURVE_S1.);
#7314 = LINE('',#7315,#7316);
#7315 = CARTESIAN_POINT('',(-1.65,7.025,0.55));
#7316 = VECTOR('',#7317,1.);
#7317 = DIRECTION('',(1.,0.,0.));
#7318 = PCURVE('',#7093,#7319);
#7319 = DEFINITIONAL_REPRESENTATION('',(#7320),#7324);
#7320 = LINE('',#7321,#7322);
#7321 = CARTESIAN_POINT('',(2.35,0.));
#7322 = VECTOR('',#7323,1.);
#7323 = DIRECTION('',(0.,1.));
#7324 = ( GEOMETRIC_REPRESENTATION_CONTEXT(2) 
PARAMETRIC_REPRESENTATION_CONTEXT() REPRESENTATION_CONTEXT('2D SPACE',''
  ) );
#7325 = PCURVE('',#7175,#7326);
#7326 = DEFINITIONAL_REPRESENTATION('',(#7327),#7331);
#7327 = LINE('',#7328,#7329);
#7328 = CARTESIAN_POINT('',(0.,0.));
#7329 = VECTOR('',#7330,1.);
#7330 = DIRECTION('',(1.,0.));
#7331 = ( GEOMETRIC_REPRESENTATION_CONTEXT(2) 
PARAMETRIC_REPRESENTATION_CONTEXT() REPRESENTATION_CONTEXT('2D SPACE',''
  ) );
#7332 = ORIENTED_EDGE('',*,*,#7190,.F.);
#7333 = ADVANCED_FACE('',(#7334),#7149,.T.);
#7334 = FACE_BOUND('',#7335,.T.);
#7335 = EDGE_LOOP('',(#7336,#7357,#7358,#7379));
#7336 = ORIENTED_EDGE('',*,*,#7337,.F.);
#7337 = EDGE_CURVE('',#7106,#7221,#7338,.T.);
#7338 = SURFACE_CURVE('',#7339,(#7343,#7350),.PCURVE_S1.);
#7339 = LINE('',#7340,#7341);
#7340 = CARTESIAN_POINT('',(-1.65,7.275,-1.8));
#7341 = VECTOR('',#7342,1.);
#7342 = DIRECTION('',(1.,0.,0.));
#7343 = PCURVE('',#7149,#7344);
#7344 = DEFINITIONAL_REPRESENTATION('',(#7345),#7349);
#7345 = LINE('',#7346,#7347);
#7346 = CARTESIAN_POINT('',(0.,0.));
#7347 = VECTOR('',#7348,1.);
#7348 = DIRECTION('',(0.,1.));
#7349 = ( GEOMETRIC_REPRESENTATION_CONTEXT(2) 
PARAMETRIC_REPRESENTATION_CONTEXT() REPRESENTATION_CONTEXT('2D SPACE',''
  ) );
#7350 = PCURVE('',#7121,#7351);
#7351 = DEFINITIONAL_REPRESENTATION('',(#7352),#7356);
#7352 = LINE('',#7353,#7354);
#7353 = CARTESIAN_POINT('',(0.,0.25));
#7354 = VECTOR('',#7355,1.);
#7355 = DIRECTION('',(1.,0.));
#7356 = ( GEOMETRIC_REPRESENTATION_CONTEXT(2) 
PARAMETRIC_REPRESENTATION_CONTEXT() REPRESENTATION_CONTEXT('2D SPACE',''
  ) );
#7357 = ORIENTED_EDGE('',*,*,#7133,.T.);
#7358 = ORIENTED_EDGE('',*,*,#7359,.T.);
#7359 = EDGE_CURVE('',#7134,#7244,#7360,.T.);
#7360 = SURFACE_CURVE('',#7361,(#7365,#7372),.PCURVE_S1.);
#7361 = LINE('',#7362,#7363);
#7362 = CARTESIAN_POINT('',(-1.65,7.275,0.55));
#7363 = VECTOR('',#7364,1.);
#7364 = DIRECTION('',(1.,0.,0.));
#7365 = PCURVE('',#7149,#7366);
#7366 = DEFINITIONAL_REPRESENTATION('',(#7367),#7371);
#7367 = LINE('',#7368,#7369);
#7368 = CARTESIAN_POINT('',(2.35,0.));
#7369 = VECTOR('',#7370,1.);
#7370 = DIRECTION('',(0.,1.));
#7371 = ( GEOMETRIC_REPRESENTATION_CONTEXT(2) 
PARAMETRIC_REPRESENTATION_CONTEXT() REPRESENTATION_CONTEXT('2D SPACE',''
  ) );
#7372 = PCURVE('',#7175,#7373);
#7373 = DEFINITIONAL_REPRESENTATION('',(#7374),#7378);
#7374 = LINE('',#7375,#7376);
#7375 = CARTESIAN_POINT('',(0.,0.25));
#7376 = VECTOR('',#7377,1.);
#7377 = DIRECTION('',(1.,0.));
#7378 = ( GEOMETRIC_REPRESENTATION_CONTEXT(2) 
PARAMETRIC_REPRESENTATION_CONTEXT() REPRESENTATION_CONTEXT('2D SPACE',''
  ) );
#7379 = ORIENTED_EDGE('',*,*,#7243,.F.);
#7380 = ADVANCED_FACE('',(#7381),#7121,.F.);
#7381 = FACE_BOUND('',#7382,.F.);
#7382 = EDGE_LOOP('',(#7383,#7384,#7385,#7386));
#7383 = ORIENTED_EDGE('',*,*,#7105,.F.);
#7384 = ORIENTED_EDGE('',*,*,#7290,.T.);
#7385 = ORIENTED_EDGE('',*,*,#7220,.T.);
#7386 = ORIENTED_EDGE('',*,*,#7337,.F.);
#7387 = ADVANCED_FACE('',(#7388),#7175,.T.);
#7388 = FACE_BOUND('',#7389,.T.);
#7389 = EDGE_LOOP('',(#7390,#7391,#7392,#7393));
#7390 = ORIENTED_EDGE('',*,*,#7161,.F.);
#7391 = ORIENTED_EDGE('',*,*,#7312,.T.);
#7392 = ORIENTED_EDGE('',*,*,#7266,.T.);
#7393 = ORIENTED_EDGE('',*,*,#7359,.F.);
#7394 = MANIFOLD_SOLID_BREP('',#7395);
#7395 = CLOSED_SHELL('',(#7396,#7516,#7616,#7663,#7710,#7717));
#7396 = ADVANCED_FACE('',(#7397),#7411,.F.);
#7397 = FACE_BOUND('',#7398,.F.);
#7398 = EDGE_LOOP('',(#7399,#7434,#7462,#7490));
#7399 = ORIENTED_EDGE('',*,*,#7400,.F.);
#7400 = EDGE_CURVE('',#7401,#7403,#7405,.T.);
#7401 = VERTEX_POINT('',#7402);
#7402 = CARTESIAN_POINT('',(2.35,7.025,-1.8));
#7403 = VERTEX_POINT('',#7404);
#7404 = CARTESIAN_POINT('',(2.35,7.025,0.55));
#7405 = SURFACE_CURVE('',#7406,(#7410,#7422),.PCURVE_S1.);
#7406 = LINE('',#7407,#7408);
#7407 = CARTESIAN_POINT('',(2.35,7.025,-1.8));
#7408 = VECTOR('',#7409,1.);
#7409 = DIRECTION('',(0.,0.,1.));
#7410 = PCURVE('',#7411,#7416);
#7411 = PLANE('',#7412);
#7412 = AXIS2_PLACEMENT_3D('',#7413,#7414,#7415);
#7413 = CARTESIAN_POINT('',(2.35,7.025,-1.8));
#7414 = DIRECTION('',(1.,0.,0.));
#7415 = DIRECTION('',(0.,0.,1.));
#7416 = DEFINITIONAL_REPRESENTATION('',(#7417),#7421);
#7417 = LINE('',#7418,#7419);
#7418 = CARTESIAN_POINT('',(0.,0.));
#7419 = VECTOR('',#7420,1.);
#7420 = DIRECTION('',(1.,0.));
#7421 = ( GEOMETRIC_REPRESENTATION_CONTEXT(2) 
PARAMETRIC_REPRESENTATION_CONTEXT() REPRESENTATION_CONTEXT('2D SPACE',''
  ) );
#7422 = PCURVE('',#7423,#7428);
#7423 = PLANE('',#7424);
#7424 = AXIS2_PLACEMENT_3D('',#7425,#7426,#7427);
#7425 = CARTESIAN_POINT('',(2.35,7.025,-1.8));
#7426 = DIRECTION('',(0.,1.,0.));
#7427 = DIRECTION('',(0.,0.,1.));
#7428 = DEFINITIONAL_REPRESENTATION('',(#7429),#7433);
#7429 = LINE('',#7430,#7431);
#7430 = CARTESIAN_POINT('',(0.,0.));
#7431 = VECTOR('',#7432,1.);
#7432 = DIRECTION('',(1.,0.));
#7433 = ( GEOMETRIC_REPRESENTATION_CONTEXT(2) 
PARAMETRIC_REPRESENTATION_CONTEXT() REPRESENTATION_CONTEXT('2D SPACE',''
  ) );
#7434 = ORIENTED_EDGE('',*,*,#7435,.T.);
#7435 = EDGE_CURVE('',#7401,#7436,#7438,.T.);
#7436 = VERTEX_POINT('',#7437);
#7437 = CARTESIAN_POINT('',(2.35,7.275,-1.8));
#7438 = SURFACE_CURVE('',#7439,(#7443,#7450),.PCURVE_S1.);
#7439 = LINE('',#7440,#7441);
#7440 = CARTESIAN_POINT('',(2.35,7.025,-1.8));
#7441 = VECTOR('',#7442,1.);
#7442 = DIRECTION('',(0.,1.,0.));
#7443 = PCURVE('',#7411,#7444);
#7444 = DEFINITIONAL_REPRESENTATION('',(#7445),#7449);
#7445 = LINE('',#7446,#7447);
#7446 = CARTESIAN_POINT('',(0.,0.));
#7447 = VECTOR('',#7448,1.);
#7448 = DIRECTION('',(0.,-1.));
#7449 = ( GEOMETRIC_REPRESENTATION_CONTEXT(2) 
PARAMETRIC_REPRESENTATION_CONTEXT() REPRESENTATION_CONTEXT('2D SPACE',''
  ) );
#7450 = PCURVE('',#7451,#7456);
#7451 = PLANE('',#7452);
#7452 = AXIS2_PLACEMENT_3D('',#7453,#7454,#7455);
#7453 = CARTESIAN_POINT('',(2.35,7.025,-1.8));
#7454 = DIRECTION('',(0.,0.,1.));
#7455 = DIRECTION('',(1.,0.,0.));
#7456 = DEFINITIONAL_REPRESENTATION('',(#7457),#7461);
#7457 = LINE('',#7458,#7459);
#7458 = CARTESIAN_POINT('',(0.,0.));
#7459 = VECTOR('',#7460,1.);
#7460 = DIRECTION('',(0.,1.));
#7461 = ( GEOMETRIC_REPRESENTATION_CONTEXT(2) 
PARAMETRIC_REPRESENTATION_CONTEXT() REPRESENTATION_CONTEXT('2D SPACE',''
  ) );
#7462 = ORIENTED_EDGE('',*,*,#7463,.T.);
#7463 = EDGE_CURVE('',#7436,#7464,#7466,.T.);
#7464 = VERTEX_POINT('',#7465);
#7465 = CARTESIAN_POINT('',(2.35,7.275,0.55));
#7466 = SURFACE_CURVE('',#7467,(#7471,#7478),.PCURVE_S1.);
#7467 = LINE('',#7468,#7469);
#7468 = CARTESIAN_POINT('',(2.35,7.275,-1.8));
#7469 = VECTOR('',#7470,1.);
#7470 = DIRECTION('',(0.,0.,1.));
#7471 = PCURVE('',#7411,#7472);
#7472 = DEFINITIONAL_REPRESENTATION('',(#7473),#7477);
#7473 = LINE('',#7474,#7475);
#7474 = CARTESIAN_POINT('',(0.,-0.25));
#7475 = VECTOR('',#7476,1.);
#7476 = DIRECTION('',(1.,0.));
#7477 = ( GEOMETRIC_REPRESENTATION_CONTEXT(2) 
PARAMETRIC_REPRESENTATION_CONTEXT() REPRESENTATION_CONTEXT('2D SPACE',''
  ) );
#7478 = PCURVE('',#7479,#7484);
#7479 = PLANE('',#7480);
#7480 = AXIS2_PLACEMENT_3D('',#7481,#7482,#7483);
#7481 = CARTESIAN_POINT('',(2.35,7.275,-1.8));
#7482 = DIRECTION('',(0.,1.,0.));
#7483 = DIRECTION('',(0.,0.,1.));
#7484 = DEFINITIONAL_REPRESENTATION('',(#7485),#7489);
#7485 = LINE('',#7486,#7487);
#7486 = CARTESIAN_POINT('',(0.,0.));
#7487 = VECTOR('',#7488,1.);
#7488 = DIRECTION('',(1.,0.));
#7489 = ( GEOMETRIC_REPRESENTATION_CONTEXT(2) 
PARAMETRIC_REPRESENTATION_CONTEXT() REPRESENTATION_CONTEXT('2D SPACE',''
  ) );
#7490 = ORIENTED_EDGE('',*,*,#7491,.F.);
#7491 = EDGE_CURVE('',#7403,#7464,#7492,.T.);
#7492 = SURFACE_CURVE('',#7493,(#7497,#7504),.PCURVE_S1.);
#7493 = LINE('',#7494,#7495);
#7494 = CARTESIAN_POINT('',(2.35,7.025,0.55));
#7495 = VECTOR('',#7496,1.);
#7496 = DIRECTION('',(0.,1.,0.));
#7497 = PCURVE('',#7411,#7498);
#7498 = DEFINITIONAL_REPRESENTATION('',(#7499),#7503);
#7499 = LINE('',#7500,#7501);
#7500 = CARTESIAN_POINT('',(2.35,0.));
#7501 = VECTOR('',#7502,1.);
#7502 = DIRECTION('',(0.,-1.));
#7503 = ( GEOMETRIC_REPRESENTATION_CONTEXT(2) 
PARAMETRIC_REPRESENTATION_CONTEXT() REPRESENTATION_CONTEXT('2D SPACE',''
  ) );
#7504 = PCURVE('',#7505,#7510);
#7505 = PLANE('',#7506);
#7506 = AXIS2_PLACEMENT_3D('',#7507,#7508,#7509);
#7507 = CARTESIAN_POINT('',(2.35,7.025,0.55));
#7508 = DIRECTION('',(0.,0.,1.));
#7509 = DIRECTION('',(1.,0.,0.));
#7510 = DEFINITIONAL_REPRESENTATION('',(#7511),#7515);
#7511 = LINE('',#7512,#7513);
#7512 = CARTESIAN_POINT('',(0.,0.));
#7513 = VECTOR('',#7514,1.);
#7514 = DIRECTION('',(0.,1.));
#7515 = ( GEOMETRIC_REPRESENTATION_CONTEXT(2) 
PARAMETRIC_REPRESENTATION_CONTEXT() REPRESENTATION_CONTEXT('2D SPACE',''
  ) );
#7516 = ADVANCED_FACE('',(#7517),#7531,.T.);
#7517 = FACE_BOUND('',#7518,.T.);
#7518 = EDGE_LOOP('',(#7519,#7549,#7572,#7595));
#7519 = ORIENTED_EDGE('',*,*,#7520,.F.);
#7520 = EDGE_CURVE('',#7521,#7523,#7525,.T.);
#7521 = VERTEX_POINT('',#7522);
#7522 = CARTESIAN_POINT('',(3.65,7.025,-1.8));
#7523 = VERTEX_POINT('',#7524);
#7524 = CARTESIAN_POINT('',(3.65,7.025,0.55));
#7525 = SURFACE_CURVE('',#7526,(#7530,#7542),.PCURVE_S1.);
#7526 = LINE('',#7527,#7528);
#7527 = CARTESIAN_POINT('',(3.65,7.025,-1.8));
#7528 = VECTOR('',#7529,1.);
#7529 = DIRECTION('',(0.,0.,1.));
#7530 = PCURVE('',#7531,#7536);
#7531 = PLANE('',#7532);
#7532 = AXIS2_PLACEMENT_3D('',#7533,#7534,#7535);
#7533 = CARTESIAN_POINT('',(3.65,7.025,-1.8));
#7534 = DIRECTION('',(1.,0.,0.));
#7535 = DIRECTION('',(0.,0.,1.));
#7536 = DEFINITIONAL_REPRESENTATION('',(#7537),#7541);
#7537 = LINE('',#7538,#7539);
#7538 = CARTESIAN_POINT('',(0.,0.));
#7539 = VECTOR('',#7540,1.);
#7540 = DIRECTION('',(1.,0.));
#7541 = ( GEOMETRIC_REPRESENTATION_CONTEXT(2) 
PARAMETRIC_REPRESENTATION_CONTEXT() REPRESENTATION_CONTEXT('2D SPACE',''
  ) );
#7542 = PCURVE('',#7423,#7543);
#7543 = DEFINITIONAL_REPRESENTATION('',(#7544),#7548);
#7544 = LINE('',#7545,#7546);
#7545 = CARTESIAN_POINT('',(0.,1.3));
#7546 = VECTOR('',#7547,1.);
#7547 = DIRECTION('',(1.,0.));
#7548 = ( GEOMETRIC_REPRESENTATION_CONTEXT(2) 
PARAMETRIC_REPRESENTATION_CONTEXT() REPRESENTATION_CONTEXT('2D SPACE',''
  ) );
#7549 = ORIENTED_EDGE('',*,*,#7550,.T.);
#7550 = EDGE_CURVE('',#7521,#7551,#7553,.T.);
#7551 = VERTEX_POINT('',#7552);
#7552 = CARTESIAN_POINT('',(3.65,7.275,-1.8));
#7553 = SURFACE_CURVE('',#7554,(#7558,#7565),.PCURVE_S1.);
#7554 = LINE('',#7555,#7556);
#7555 = CARTESIAN_POINT('',(3.65,7.025,-1.8));
#7556 = VECTOR('',#7557,1.);
#7557 = DIRECTION('',(0.,1.,0.));
#7558 = PCURVE('',#7531,#7559);
#7559 = DEFINITIONAL_REPRESENTATION('',(#7560),#7564);
#7560 = LINE('',#7561,#7562);
#7561 = CARTESIAN_POINT('',(0.,0.));
#7562 = VECTOR('',#7563,1.);
#7563 = DIRECTION('',(0.,-1.));
#7564 = ( GEOMETRIC_REPRESENTATION_CONTEXT(2) 
PARAMETRIC_REPRESENTATION_CONTEXT() REPRESENTATION_CONTEXT('2D SPACE',''
  ) );
#7565 = PCURVE('',#7451,#7566);
#7566 = DEFINITIONAL_REPRESENTATION('',(#7567),#7571);
#7567 = LINE('',#7568,#7569);
#7568 = CARTESIAN_POINT('',(1.3,0.));
#7569 = VECTOR('',#7570,1.);
#7570 = DIRECTION('',(0.,1.));
#7571 = ( GEOMETRIC_REPRESENTATION_CONTEXT(2) 
PARAMETRIC_REPRESENTATION_CONTEXT() REPRESENTATION_CONTEXT('2D SPACE',''
  ) );
#7572 = ORIENTED_EDGE('',*,*,#7573,.T.);
#7573 = EDGE_CURVE('',#7551,#7574,#7576,.T.);
#7574 = VERTEX_POINT('',#7575);
#7575 = CARTESIAN_POINT('',(3.65,7.275,0.55));
#7576 = SURFACE_CURVE('',#7577,(#7581,#7588),.PCURVE_S1.);
#7577 = LINE('',#7578,#7579);
#7578 = CARTESIAN_POINT('',(3.65,7.275,-1.8));
#7579 = VECTOR('',#7580,1.);
#7580 = DIRECTION('',(0.,0.,1.));
#7581 = PCURVE('',#7531,#7582);
#7582 = DEFINITIONAL_REPRESENTATION('',(#7583),#7587);
#7583 = LINE('',#7584,#7585);
#7584 = CARTESIAN_POINT('',(0.,-0.25));
#7585 = VECTOR('',#7586,1.);
#7586 = DIRECTION('',(1.,0.));
#7587 = ( GEOMETRIC_REPRESENTATION_CONTEXT(2) 
PARAMETRIC_REPRESENTATION_CONTEXT() REPRESENTATION_CONTEXT('2D SPACE',''
  ) );
#7588 = PCURVE('',#7479,#7589);
#7589 = DEFINITIONAL_REPRESENTATION('',(#7590),#7594);
#7590 = LINE('',#7591,#7592);
#7591 = CARTESIAN_POINT('',(0.,1.3));
#7592 = VECTOR('',#7593,1.);
#7593 = DIRECTION('',(1.,0.));
#7594 = ( GEOMETRIC_REPRESENTATION_CONTEXT(2) 
PARAMETRIC_REPRESENTATION_CONTEXT() REPRESENTATION_CONTEXT('2D SPACE',''
  ) );
#7595 = ORIENTED_EDGE('',*,*,#7596,.F.);
#7596 = EDGE_CURVE('',#7523,#7574,#7597,.T.);
#7597 = SURFACE_CURVE('',#7598,(#7602,#7609),.PCURVE_S1.);
#7598 = LINE('',#7599,#7600);
#7599 = CARTESIAN_POINT('',(3.65,7.025,0.55));
#7600 = VECTOR('',#7601,1.);
#7601 = DIRECTION('',(0.,1.,0.));
#7602 = PCURVE('',#7531,#7603);
#7603 = DEFINITIONAL_REPRESENTATION('',(#7604),#7608);
#7604 = LINE('',#7605,#7606);
#7605 = CARTESIAN_POINT('',(2.35,0.));
#7606 = VECTOR('',#7607,1.);
#7607 = DIRECTION('',(0.,-1.));
#7608 = ( GEOMETRIC_REPRESENTATION_CONTEXT(2) 
PARAMETRIC_REPRESENTATION_CONTEXT() REPRESENTATION_CONTEXT('2D SPACE',''
  ) );
#7609 = PCURVE('',#7505,#7610);
#7610 = DEFINITIONAL_REPRESENTATION('',(#7611),#7615);
#7611 = LINE('',#7612,#7613);
#7612 = CARTESIAN_POINT('',(1.3,0.));
#7613 = VECTOR('',#7614,1.);
#7614 = DIRECTION('',(0.,1.));
#7615 = ( GEOMETRIC_REPRESENTATION_CONTEXT(2) 
PARAMETRIC_REPRESENTATION_CONTEXT() REPRESENTATION_CONTEXT('2D SPACE',''
  ) );
#7616 = ADVANCED_FACE('',(#7617),#7423,.F.);
#7617 = FACE_BOUND('',#7618,.F.);
#7618 = EDGE_LOOP('',(#7619,#7640,#7641,#7662));
#7619 = ORIENTED_EDGE('',*,*,#7620,.F.);
#7620 = EDGE_CURVE('',#7401,#7521,#7621,.T.);
#7621 = SURFACE_CURVE('',#7622,(#7626,#7633),.PCURVE_S1.);
#7622 = LINE('',#7623,#7624);
#7623 = CARTESIAN_POINT('',(2.35,7.025,-1.8));
#7624 = VECTOR('',#7625,1.);
#7625 = DIRECTION('',(1.,0.,0.));
#7626 = PCURVE('',#7423,#7627);
#7627 = DEFINITIONAL_REPRESENTATION('',(#7628),#7632);
#7628 = LINE('',#7629,#7630);
#7629 = CARTESIAN_POINT('',(0.,0.));
#7630 = VECTOR('',#7631,1.);
#7631 = DIRECTION('',(0.,1.));
#7632 = ( GEOMETRIC_REPRESENTATION_CONTEXT(2) 
PARAMETRIC_REPRESENTATION_CONTEXT() REPRESENTATION_CONTEXT('2D SPACE',''
  ) );
#7633 = PCURVE('',#7451,#7634);
#7634 = DEFINITIONAL_REPRESENTATION('',(#7635),#7639);
#7635 = LINE('',#7636,#7637);
#7636 = CARTESIAN_POINT('',(0.,0.));
#7637 = VECTOR('',#7638,1.);
#7638 = DIRECTION('',(1.,0.));
#7639 = ( GEOMETRIC_REPRESENTATION_CONTEXT(2) 
PARAMETRIC_REPRESENTATION_CONTEXT() REPRESENTATION_CONTEXT('2D SPACE',''
  ) );
#7640 = ORIENTED_EDGE('',*,*,#7400,.T.);
#7641 = ORIENTED_EDGE('',*,*,#7642,.T.);
#7642 = EDGE_CURVE('',#7403,#7523,#7643,.T.);
#7643 = SURFACE_CURVE('',#7644,(#7648,#7655),.PCURVE_S1.);
#7644 = LINE('',#7645,#7646);
#7645 = CARTESIAN_POINT('',(2.35,7.025,0.55));
#7646 = VECTOR('',#7647,1.);
#7647 = DIRECTION('',(1.,0.,0.));
#7648 = PCURVE('',#7423,#7649);
#7649 = DEFINITIONAL_REPRESENTATION('',(#7650),#7654);
#7650 = LINE('',#7651,#7652);
#7651 = CARTESIAN_POINT('',(2.35,0.));
#7652 = VECTOR('',#7653,1.);
#7653 = DIRECTION('',(0.,1.));
#7654 = ( GEOMETRIC_REPRESENTATION_CONTEXT(2) 
PARAMETRIC_REPRESENTATION_CONTEXT() REPRESENTATION_CONTEXT('2D SPACE',''
  ) );
#7655 = PCURVE('',#7505,#7656);
#7656 = DEFINITIONAL_REPRESENTATION('',(#7657),#7661);
#7657 = LINE('',#7658,#7659);
#7658 = CARTESIAN_POINT('',(0.,0.));
#7659 = VECTOR('',#7660,1.);
#7660 = DIRECTION('',(1.,0.));
#7661 = ( GEOMETRIC_REPRESENTATION_CONTEXT(2) 
PARAMETRIC_REPRESENTATION_CONTEXT() REPRESENTATION_CONTEXT('2D SPACE',''
  ) );
#7662 = ORIENTED_EDGE('',*,*,#7520,.F.);
#7663 = ADVANCED_FACE('',(#7664),#7479,.T.);
#7664 = FACE_BOUND('',#7665,.T.);
#7665 = EDGE_LOOP('',(#7666,#7687,#7688,#7709));
#7666 = ORIENTED_EDGE('',*,*,#7667,.F.);
#7667 = EDGE_CURVE('',#7436,#7551,#7668,.T.);
#7668 = SURFACE_CURVE('',#7669,(#7673,#7680),.PCURVE_S1.);
#7669 = LINE('',#7670,#7671);
#7670 = CARTESIAN_POINT('',(2.35,7.275,-1.8));
#7671 = VECTOR('',#7672,1.);
#7672 = DIRECTION('',(1.,0.,0.));
#7673 = PCURVE('',#7479,#7674);
#7674 = DEFINITIONAL_REPRESENTATION('',(#7675),#7679);
#7675 = LINE('',#7676,#7677);
#7676 = CARTESIAN_POINT('',(0.,0.));
#7677 = VECTOR('',#7678,1.);
#7678 = DIRECTION('',(0.,1.));
#7679 = ( GEOMETRIC_REPRESENTATION_CONTEXT(2) 
PARAMETRIC_REPRESENTATION_CONTEXT() REPRESENTATION_CONTEXT('2D SPACE',''
  ) );
#7680 = PCURVE('',#7451,#7681);
#7681 = DEFINITIONAL_REPRESENTATION('',(#7682),#7686);
#7682 = LINE('',#7683,#7684);
#7683 = CARTESIAN_POINT('',(0.,0.25));
#7684 = VECTOR('',#7685,1.);
#7685 = DIRECTION('',(1.,0.));
#7686 = ( GEOMETRIC_REPRESENTATION_CONTEXT(2) 
PARAMETRIC_REPRESENTATION_CONTEXT() REPRESENTATION_CONTEXT('2D SPACE',''
  ) );
#7687 = ORIENTED_EDGE('',*,*,#7463,.T.);
#7688 = ORIENTED_EDGE('',*,*,#7689,.T.);
#7689 = EDGE_CURVE('',#7464,#7574,#7690,.T.);
#7690 = SURFACE_CURVE('',#7691,(#7695,#7702),.PCURVE_S1.);
#7691 = LINE('',#7692,#7693);
#7692 = CARTESIAN_POINT('',(2.35,7.275,0.55));
#7693 = VECTOR('',#7694,1.);
#7694 = DIRECTION('',(1.,0.,0.));
#7695 = PCURVE('',#7479,#7696);
#7696 = DEFINITIONAL_REPRESENTATION('',(#7697),#7701);
#7697 = LINE('',#7698,#7699);
#7698 = CARTESIAN_POINT('',(2.35,0.));
#7699 = VECTOR('',#7700,1.);
#7700 = DIRECTION('',(0.,1.));
#7701 = ( GEOMETRIC_REPRESENTATION_CONTEXT(2) 
PARAMETRIC_REPRESENTATION_CONTEXT() REPRESENTATION_CONTEXT('2D SPACE',''
  ) );
#7702 = PCURVE('',#7505,#7703);
#7703 = DEFINITIONAL_REPRESENTATION('',(#7704),#7708);
#7704 = LINE('',#7705,#7706);
#7705 = CARTESIAN_POINT('',(0.,0.25));
#7706 = VECTOR('',#7707,1.);
#7707 = DIRECTION('',(1.,0.));
#7708 = ( GEOMETRIC_REPRESENTATION_CONTEXT(2) 
PARAMETRIC_REPRESENTATION_CONTEXT() REPRESENTATION_CONTEXT('2D SPACE',''
  ) );
#7709 = ORIENTED_EDGE('',*,*,#7573,.F.);
#7710 = ADVANCED_FACE('',(#7711),#7451,.F.);
#7711 = FACE_BOUND('',#7712,.F.);
#7712 = EDGE_LOOP('',(#7713,#7714,#7715,#7716));
#7713 = ORIENTED_EDGE('',*,*,#7435,.F.);
#7714 = ORIENTED_EDGE('',*,*,#7620,.T.);
#7715 = ORIENTED_EDGE('',*,*,#7550,.T.);
#7716 = ORIENTED_EDGE('',*,*,#7667,.F.);
#7717 = ADVANCED_FACE('',(#7718),#7505,.T.);
#7718 = FACE_BOUND('',#7719,.T.);
#7719 = EDGE_LOOP('',(#7720,#7721,#7722,#7723));
#7720 = ORIENTED_EDGE('',*,*,#7491,.F.);
#7721 = ORIENTED_EDGE('',*,*,#7642,.T.);
#7722 = ORIENTED_EDGE('',*,*,#7596,.T.);
#7723 = ORIENTED_EDGE('',*,*,#7689,.F.);
#7724 = MANIFOLD_SOLID_BREP('',#7725);
#7725 = CLOSED_SHELL('',(#7726,#7846,#7946,#7993,#8040,#8047));
#7726 = ADVANCED_FACE('',(#7727),#7741,.F.);
#7727 = FACE_BOUND('',#7728,.F.);
#7728 = EDGE_LOOP('',(#7729,#7764,#7792,#7820));
#7729 = ORIENTED_EDGE('',*,*,#7730,.F.);
#7730 = EDGE_CURVE('',#7731,#7733,#7735,.T.);
#7731 = VERTEX_POINT('',#7732);
#7732 = CARTESIAN_POINT('',(6.35,7.025,-1.8));
#7733 = VERTEX_POINT('',#7734);
#7734 = CARTESIAN_POINT('',(6.35,7.025,0.55));
#7735 = SURFACE_CURVE('',#7736,(#7740,#7752),.PCURVE_S1.);
#7736 = LINE('',#7737,#7738);
#7737 = CARTESIAN_POINT('',(6.35,7.025,-1.8));
#7738 = VECTOR('',#7739,1.);
#7739 = DIRECTION('',(0.,0.,1.));
#7740 = PCURVE('',#7741,#7746);
#7741 = PLANE('',#7742);
#7742 = AXIS2_PLACEMENT_3D('',#7743,#7744,#7745);
#7743 = CARTESIAN_POINT('',(6.35,7.025,-1.8));
#7744 = DIRECTION('',(1.,0.,0.));
#7745 = DIRECTION('',(0.,0.,1.));
#7746 = DEFINITIONAL_REPRESENTATION('',(#7747),#7751);
#7747 = LINE('',#7748,#7749);
#7748 = CARTESIAN_POINT('',(0.,0.));
#7749 = VECTOR('',#7750,1.);
#7750 = DIRECTION('',(1.,0.));
#7751 = ( GEOMETRIC_REPRESENTATION_CONTEXT(2) 
PARAMETRIC_REPRESENTATION_CONTEXT() REPRESENTATION_CONTEXT('2D SPACE',''
  ) );
#7752 = PCURVE('',#7753,#7758);
#7753 = PLANE('',#7754);
#7754 = AXIS2_PLACEMENT_3D('',#7755,#7756,#7757);
#7755 = CARTESIAN_POINT('',(6.35,7.025,-1.8));
#7756 = DIRECTION('',(0.,1.,0.));
#7757 = DIRECTION('',(0.,0.,1.));
#7758 = DEFINITIONAL_REPRESENTATION('',(#7759),#7763);
#7759 = LINE('',#7760,#7761);
#7760 = CARTESIAN_POINT('',(0.,0.));
#7761 = VECTOR('',#7762,1.);
#7762 = DIRECTION('',(1.,0.));
#7763 = ( GEOMETRIC_REPRESENTATION_CONTEXT(2) 
PARAMETRIC_REPRESENTATION_CONTEXT() REPRESENTATION_CONTEXT('2D SPACE',''
  ) );
#7764 = ORIENTED_EDGE('',*,*,#7765,.T.);
#7765 = EDGE_CURVE('',#7731,#7766,#7768,.T.);
#7766 = VERTEX_POINT('',#7767);
#7767 = CARTESIAN_POINT('',(6.35,7.275,-1.8));
#7768 = SURFACE_CURVE('',#7769,(#7773,#7780),.PCURVE_S1.);
#7769 = LINE('',#7770,#7771);
#7770 = CARTESIAN_POINT('',(6.35,7.025,-1.8));
#7771 = VECTOR('',#7772,1.);
#7772 = DIRECTION('',(0.,1.,0.));
#7773 = PCURVE('',#7741,#7774);
#7774 = DEFINITIONAL_REPRESENTATION('',(#7775),#7779);
#7775 = LINE('',#7776,#7777);
#7776 = CARTESIAN_POINT('',(0.,0.));
#7777 = VECTOR('',#7778,1.);
#7778 = DIRECTION('',(0.,-1.));
#7779 = ( GEOMETRIC_REPRESENTATION_CONTEXT(2) 
PARAMETRIC_REPRESENTATION_CONTEXT() REPRESENTATION_CONTEXT('2D SPACE',''
  ) );
#7780 = PCURVE('',#7781,#7786);
#7781 = PLANE('',#7782);
#7782 = AXIS2_PLACEMENT_3D('',#7783,#7784,#7785);
#7783 = CARTESIAN_POINT('',(6.35,7.025,-1.8));
#7784 = DIRECTION('',(0.,0.,1.));
#7785 = DIRECTION('',(1.,0.,0.));
#7786 = DEFINITIONAL_REPRESENTATION('',(#7787),#7791);
#7787 = LINE('',#7788,#7789);
#7788 = CARTESIAN_POINT('',(0.,0.));
#7789 = VECTOR('',#7790,1.);
#7790 = DIRECTION('',(0.,1.));
#7791 = ( GEOMETRIC_REPRESENTATION_CONTEXT(2) 
PARAMETRIC_REPRESENTATION_CONTEXT() REPRESENTATION_CONTEXT('2D SPACE',''
  ) );
#7792 = ORIENTED_EDGE('',*,*,#7793,.T.);
#7793 = EDGE_CURVE('',#7766,#7794,#7796,.T.);
#7794 = VERTEX_POINT('',#7795);
#7795 = CARTESIAN_POINT('',(6.35,7.275,0.55));
#7796 = SURFACE_CURVE('',#7797,(#7801,#7808),.PCURVE_S1.);
#7797 = LINE('',#7798,#7799);
#7798 = CARTESIAN_POINT('',(6.35,7.275,-1.8));
#7799 = VECTOR('',#7800,1.);
#7800 = DIRECTION('',(0.,0.,1.));
#7801 = PCURVE('',#7741,#7802);
#7802 = DEFINITIONAL_REPRESENTATION('',(#7803),#7807);
#7803 = LINE('',#7804,#7805);
#7804 = CARTESIAN_POINT('',(0.,-0.25));
#7805 = VECTOR('',#7806,1.);
#7806 = DIRECTION('',(1.,0.));
#7807 = ( GEOMETRIC_REPRESENTATION_CONTEXT(2) 
PARAMETRIC_REPRESENTATION_CONTEXT() REPRESENTATION_CONTEXT('2D SPACE',''
  ) );
#7808 = PCURVE('',#7809,#7814);
#7809 = PLANE('',#7810);
#7810 = AXIS2_PLACEMENT_3D('',#7811,#7812,#7813);
#7811 = CARTESIAN_POINT('',(6.35,7.275,-1.8));
#7812 = DIRECTION('',(0.,1.,0.));
#7813 = DIRECTION('',(0.,0.,1.));
#7814 = DEFINITIONAL_REPRESENTATION('',(#7815),#7819);
#7815 = LINE('',#7816,#7817);
#7816 = CARTESIAN_POINT('',(0.,0.));
#7817 = VECTOR('',#7818,1.);
#7818 = DIRECTION('',(1.,0.));
#7819 = ( GEOMETRIC_REPRESENTATION_CONTEXT(2) 
PARAMETRIC_REPRESENTATION_CONTEXT() REPRESENTATION_CONTEXT('2D SPACE',''
  ) );
#7820 = ORIENTED_EDGE('',*,*,#7821,.F.);
#7821 = EDGE_CURVE('',#7733,#7794,#7822,.T.);
#7822 = SURFACE_CURVE('',#7823,(#7827,#7834),.PCURVE_S1.);
#7823 = LINE('',#7824,#7825);
#7824 = CARTESIAN_POINT('',(6.35,7.025,0.55));
#7825 = VECTOR('',#7826,1.);
#7826 = DIRECTION('',(0.,1.,0.));
#7827 = PCURVE('',#7741,#7828);
#7828 = DEFINITIONAL_REPRESENTATION('',(#7829),#7833);
#7829 = LINE('',#7830,#7831);
#7830 = CARTESIAN_POINT('',(2.35,0.));
#7831 = VECTOR('',#7832,1.);
#7832 = DIRECTION('',(0.,-1.));
#7833 = ( GEOMETRIC_REPRESENTATION_CONTEXT(2) 
PARAMETRIC_REPRESENTATION_CONTEXT() REPRESENTATION_CONTEXT('2D SPACE',''
  ) );
#7834 = PCURVE('',#7835,#7840);
#7835 = PLANE('',#7836);
#7836 = AXIS2_PLACEMENT_3D('',#7837,#7838,#7839);
#7837 = CARTESIAN_POINT('',(6.35,7.025,0.55));
#7838 = DIRECTION('',(0.,0.,1.));
#7839 = DIRECTION('',(1.,0.,0.));
#7840 = DEFINITIONAL_REPRESENTATION('',(#7841),#7845);
#7841 = LINE('',#7842,#7843);
#7842 = CARTESIAN_POINT('',(0.,0.));
#7843 = VECTOR('',#7844,1.);
#7844 = DIRECTION('',(0.,1.));
#7845 = ( GEOMETRIC_REPRESENTATION_CONTEXT(2) 
PARAMETRIC_REPRESENTATION_CONTEXT() REPRESENTATION_CONTEXT('2D SPACE',''
  ) );
#7846 = ADVANCED_FACE('',(#7847),#7861,.T.);
#7847 = FACE_BOUND('',#7848,.T.);
#7848 = EDGE_LOOP('',(#7849,#7879,#7902,#7925));
#7849 = ORIENTED_EDGE('',*,*,#7850,.F.);
#7850 = EDGE_CURVE('',#7851,#7853,#7855,.T.);
#7851 = VERTEX_POINT('',#7852);
#7852 = CARTESIAN_POINT('',(7.65,7.025,-1.8));
#7853 = VERTEX_POINT('',#7854);
#7854 = CARTESIAN_POINT('',(7.65,7.025,0.55));
#7855 = SURFACE_CURVE('',#7856,(#7860,#7872),.PCURVE_S1.);
#7856 = LINE('',#7857,#7858);
#7857 = CARTESIAN_POINT('',(7.65,7.025,-1.8));
#7858 = VECTOR('',#7859,1.);
#7859 = DIRECTION('',(0.,0.,1.));
#7860 = PCURVE('',#7861,#7866);
#7861 = PLANE('',#7862);
#7862 = AXIS2_PLACEMENT_3D('',#7863,#7864,#7865);
#7863 = CARTESIAN_POINT('',(7.65,7.025,-1.8));
#7864 = DIRECTION('',(1.,0.,0.));
#7865 = DIRECTION('',(0.,0.,1.));
#7866 = DEFINITIONAL_REPRESENTATION('',(#7867),#7871);
#7867 = LINE('',#7868,#7869);
#7868 = CARTESIAN_POINT('',(0.,0.));
#7869 = VECTOR('',#7870,1.);
#7870 = DIRECTION('',(1.,0.));
#7871 = ( GEOMETRIC_REPRESENTATION_CONTEXT(2) 
PARAMETRIC_REPRESENTATION_CONTEXT() REPRESENTATION_CONTEXT('2D SPACE',''
  ) );
#7872 = PCURVE('',#7753,#7873);
#7873 = DEFINITIONAL_REPRESENTATION('',(#7874),#7878);
#7874 = LINE('',#7875,#7876);
#7875 = CARTESIAN_POINT('',(0.,1.3));
#7876 = VECTOR('',#7877,1.);
#7877 = DIRECTION('',(1.,0.));
#7878 = ( GEOMETRIC_REPRESENTATION_CONTEXT(2) 
PARAMETRIC_REPRESENTATION_CONTEXT() REPRESENTATION_CONTEXT('2D SPACE',''
  ) );
#7879 = ORIENTED_EDGE('',*,*,#7880,.T.);
#7880 = EDGE_CURVE('',#7851,#7881,#7883,.T.);
#7881 = VERTEX_POINT('',#7882);
#7882 = CARTESIAN_POINT('',(7.65,7.275,-1.8));
#7883 = SURFACE_CURVE('',#7884,(#7888,#7895),.PCURVE_S1.);
#7884 = LINE('',#7885,#7886);
#7885 = CARTESIAN_POINT('',(7.65,7.025,-1.8));
#7886 = VECTOR('',#7887,1.);
#7887 = DIRECTION('',(0.,1.,0.));
#7888 = PCURVE('',#7861,#7889);
#7889 = DEFINITIONAL_REPRESENTATION('',(#7890),#7894);
#7890 = LINE('',#7891,#7892);
#7891 = CARTESIAN_POINT('',(0.,0.));
#7892 = VECTOR('',#7893,1.);
#7893 = DIRECTION('',(0.,-1.));
#7894 = ( GEOMETRIC_REPRESENTATION_CONTEXT(2) 
PARAMETRIC_REPRESENTATION_CONTEXT() REPRESENTATION_CONTEXT('2D SPACE',''
  ) );
#7895 = PCURVE('',#7781,#7896);
#7896 = DEFINITIONAL_REPRESENTATION('',(#7897),#7901);
#7897 = LINE('',#7898,#7899);
#7898 = CARTESIAN_POINT('',(1.3,0.));
#7899 = VECTOR('',#7900,1.);
#7900 = DIRECTION('',(0.,1.));
#7901 = ( GEOMETRIC_REPRESENTATION_CONTEXT(2) 
PARAMETRIC_REPRESENTATION_CONTEXT() REPRESENTATION_CONTEXT('2D SPACE',''
  ) );
#7902 = ORIENTED_EDGE('',*,*,#7903,.T.);
#7903 = EDGE_CURVE('',#7881,#7904,#7906,.T.);
#7904 = VERTEX_POINT('',#7905);
#7905 = CARTESIAN_POINT('',(7.65,7.275,0.55));
#7906 = SURFACE_CURVE('',#7907,(#7911,#7918),.PCURVE_S1.);
#7907 = LINE('',#7908,#7909);
#7908 = CARTESIAN_POINT('',(7.65,7.275,-1.8));
#7909 = VECTOR('',#7910,1.);
#7910 = DIRECTION('',(0.,0.,1.));
#7911 = PCURVE('',#7861,#7912);
#7912 = DEFINITIONAL_REPRESENTATION('',(#7913),#7917);
#7913 = LINE('',#7914,#7915);
#7914 = CARTESIAN_POINT('',(0.,-0.25));
#7915 = VECTOR('',#7916,1.);
#7916 = DIRECTION('',(1.,0.));
#7917 = ( GEOMETRIC_REPRESENTATION_CONTEXT(2) 
PARAMETRIC_REPRESENTATION_CONTEXT() REPRESENTATION_CONTEXT('2D SPACE',''
  ) );
#7918 = PCURVE('',#7809,#7919);
#7919 = DEFINITIONAL_REPRESENTATION('',(#7920),#7924);
#7920 = LINE('',#7921,#7922);
#7921 = CARTESIAN_POINT('',(0.,1.3));
#7922 = VECTOR('',#7923,1.);
#7923 = DIRECTION('',(1.,0.));
#7924 = ( GEOMETRIC_REPRESENTATION_CONTEXT(2) 
PARAMETRIC_REPRESENTATION_CONTEXT() REPRESENTATION_CONTEXT('2D SPACE',''
  ) );
#7925 = ORIENTED_EDGE('',*,*,#7926,.F.);
#7926 = EDGE_CURVE('',#7853,#7904,#7927,.T.);
#7927 = SURFACE_CURVE('',#7928,(#7932,#7939),.PCURVE_S1.);
#7928 = LINE('',#7929,#7930);
#7929 = CARTESIAN_POINT('',(7.65,7.025,0.55));
#7930 = VECTOR('',#7931,1.);
#7931 = DIRECTION('',(0.,1.,0.));
#7932 = PCURVE('',#7861,#7933);
#7933 = DEFINITIONAL_REPRESENTATION('',(#7934),#7938);
#7934 = LINE('',#7935,#7936);
#7935 = CARTESIAN_POINT('',(2.35,0.));
#7936 = VECTOR('',#7937,1.);
#7937 = DIRECTION('',(0.,-1.));
#7938 = ( GEOMETRIC_REPRESENTATION_CONTEXT(2) 
PARAMETRIC_REPRESENTATION_CONTEXT() REPRESENTATION_CONTEXT('2D SPACE',''
  ) );
#7939 = PCURVE('',#7835,#7940);
#7940 = DEFINITIONAL_REPRESENTATION('',(#7941),#7945);
#7941 = LINE('',#7942,#7943);
#7942 = CARTESIAN_POINT('',(1.3,0.));
#7943 = VECTOR('',#7944,1.);
#7944 = DIRECTION('',(0.,1.));
#7945 = ( GEOMETRIC_REPRESENTATION_CONTEXT(2) 
PARAMETRIC_REPRESENTATION_CONTEXT() REPRESENTATION_CONTEXT('2D SPACE',''
  ) );
#7946 = ADVANCED_FACE('',(#7947),#7753,.F.);
#7947 = FACE_BOUND('',#7948,.F.);
#7948 = EDGE_LOOP('',(#7949,#7970,#7971,#7992));
#7949 = ORIENTED_EDGE('',*,*,#7950,.F.);
#7950 = EDGE_CURVE('',#7731,#7851,#7951,.T.);
#7951 = SURFACE_CURVE('',#7952,(#7956,#7963),.PCURVE_S1.);
#7952 = LINE('',#7953,#7954);
#7953 = CARTESIAN_POINT('',(6.35,7.025,-1.8));
#7954 = VECTOR('',#7955,1.);
#7955 = DIRECTION('',(1.,0.,0.));
#7956 = PCURVE('',#7753,#7957);
#7957 = DEFINITIONAL_REPRESENTATION('',(#7958),#7962);
#7958 = LINE('',#7959,#7960);
#7959 = CARTESIAN_POINT('',(0.,0.));
#7960 = VECTOR('',#7961,1.);
#7961 = DIRECTION('',(0.,1.));
#7962 = ( GEOMETRIC_REPRESENTATION_CONTEXT(2) 
PARAMETRIC_REPRESENTATION_CONTEXT() REPRESENTATION_CONTEXT('2D SPACE',''
  ) );
#7963 = PCURVE('',#7781,#7964);
#7964 = DEFINITIONAL_REPRESENTATION('',(#7965),#7969);
#7965 = LINE('',#7966,#7967);
#7966 = CARTESIAN_POINT('',(0.,0.));
#7967 = VECTOR('',#7968,1.);
#7968 = DIRECTION('',(1.,0.));
#7969 = ( GEOMETRIC_REPRESENTATION_CONTEXT(2) 
PARAMETRIC_REPRESENTATION_CONTEXT() REPRESENTATION_CONTEXT('2D SPACE',''
  ) );
#7970 = ORIENTED_EDGE('',*,*,#7730,.T.);
#7971 = ORIENTED_EDGE('',*,*,#7972,.T.);
#7972 = EDGE_CURVE('',#7733,#7853,#7973,.T.);
#7973 = SURFACE_CURVE('',#7974,(#7978,#7985),.PCURVE_S1.);
#7974 = LINE('',#7975,#7976);
#7975 = CARTESIAN_POINT('',(6.35,7.025,0.55));
#7976 = VECTOR('',#7977,1.);
#7977 = DIRECTION('',(1.,0.,0.));
#7978 = PCURVE('',#7753,#7979);
#7979 = DEFINITIONAL_REPRESENTATION('',(#7980),#7984);
#7980 = LINE('',#7981,#7982);
#7981 = CARTESIAN_POINT('',(2.35,0.));
#7982 = VECTOR('',#7983,1.);
#7983 = DIRECTION('',(0.,1.));
#7984 = ( GEOMETRIC_REPRESENTATION_CONTEXT(2) 
PARAMETRIC_REPRESENTATION_CONTEXT() REPRESENTATION_CONTEXT('2D SPACE',''
  ) );
#7985 = PCURVE('',#7835,#7986);
#7986 = DEFINITIONAL_REPRESENTATION('',(#7987),#7991);
#7987 = LINE('',#7988,#7989);
#7988 = CARTESIAN_POINT('',(0.,0.));
#7989 = VECTOR('',#7990,1.);
#7990 = DIRECTION('',(1.,0.));
#7991 = ( GEOMETRIC_REPRESENTATION_CONTEXT(2) 
PARAMETRIC_REPRESENTATION_CONTEXT() REPRESENTATION_CONTEXT('2D SPACE',''
  ) );
#7992 = ORIENTED_EDGE('',*,*,#7850,.F.);
#7993 = ADVANCED_FACE('',(#7994),#7809,.T.);
#7994 = FACE_BOUND('',#7995,.T.);
#7995 = EDGE_LOOP('',(#7996,#8017,#8018,#8039));
#7996 = ORIENTED_EDGE('',*,*,#7997,.F.);
#7997 = EDGE_CURVE('',#7766,#7881,#7998,.T.);
#7998 = SURFACE_CURVE('',#7999,(#8003,#8010),.PCURVE_S1.);
#7999 = LINE('',#8000,#8001);
#8000 = CARTESIAN_POINT('',(6.35,7.275,-1.8));
#8001 = VECTOR('',#8002,1.);
#8002 = DIRECTION('',(1.,0.,0.));
#8003 = PCURVE('',#7809,#8004);
#8004 = DEFINITIONAL_REPRESENTATION('',(#8005),#8009);
#8005 = LINE('',#8006,#8007);
#8006 = CARTESIAN_POINT('',(0.,0.));
#8007 = VECTOR('',#8008,1.);
#8008 = DIRECTION('',(0.,1.));
#8009 = ( GEOMETRIC_REPRESENTATION_CONTEXT(2) 
PARAMETRIC_REPRESENTATION_CONTEXT() REPRESENTATION_CONTEXT('2D SPACE',''
  ) );
#8010 = PCURVE('',#7781,#8011);
#8011 = DEFINITIONAL_REPRESENTATION('',(#8012),#8016);
#8012 = LINE('',#8013,#8014);
#8013 = CARTESIAN_POINT('',(0.,0.25));
#8014 = VECTOR('',#8015,1.);
#8015 = DIRECTION('',(1.,0.));
#8016 = ( GEOMETRIC_REPRESENTATION_CONTEXT(2) 
PARAMETRIC_REPRESENTATION_CONTEXT() REPRESENTATION_CONTEXT('2D SPACE',''
  ) );
#8017 = ORIENTED_EDGE('',*,*,#7793,.T.);
#8018 = ORIENTED_EDGE('',*,*,#8019,.T.);
#8019 = EDGE_CURVE('',#7794,#7904,#8020,.T.);
#8020 = SURFACE_CURVE('',#8021,(#8025,#8032),.PCURVE_S1.);
#8021 = LINE('',#8022,#8023);
#8022 = CARTESIAN_POINT('',(6.35,7.275,0.55));
#8023 = VECTOR('',#8024,1.);
#8024 = DIRECTION('',(1.,0.,0.));
#8025 = PCURVE('',#7809,#8026);
#8026 = DEFINITIONAL_REPRESENTATION('',(#8027),#8031);
#8027 = LINE('',#8028,#8029);
#8028 = CARTESIAN_POINT('',(2.35,0.));
#8029 = VECTOR('',#8030,1.);
#8030 = DIRECTION('',(0.,1.));
#8031 = ( GEOMETRIC_REPRESENTATION_CONTEXT(2) 
PARAMETRIC_REPRESENTATION_CONTEXT() REPRESENTATION_CONTEXT('2D SPACE',''
  ) );
#8032 = PCURVE('',#7835,#8033);
#8033 = DEFINITIONAL_REPRESENTATION('',(#8034),#8038);
#8034 = LINE('',#8035,#8036);
#8035 = CARTESIAN_POINT('',(0.,0.25));
#8036 = VECTOR('',#8037,1.);
#8037 = DIRECTION('',(1.,0.));
#8038 = ( GEOMETRIC_REPRESENTATION_CONTEXT(2) 
PARAMETRIC_REPRESENTATION_CONTEXT() REPRESENTATION_CONTEXT('2D SPACE',''
  ) );
#8039 = ORIENTED_EDGE('',*,*,#7903,.F.);
#8040 = ADVANCED_FACE('',(#8041),#7781,.F.);
#8041 = FACE_BOUND('',#8042,.F.);
#8042 = EDGE_LOOP('',(#8043,#8044,#8045,#8046));
#8043 = ORIENTED_EDGE('',*,*,#7765,.F.);
#8044 = ORIENTED_EDGE('',*,*,#7950,.T.);
#8045 = ORIENTED_EDGE('',*,*,#7880,.T.);
#8046 = ORIENTED_EDGE('',*,*,#7997,.F.);
#8047 = ADVANCED_FACE('',(#8048),#7835,.T.);
#8048 = FACE_BOUND('',#8049,.T.);
#8049 = EDGE_LOOP('',(#8050,#8051,#8052,#8053));
#8050 = ORIENTED_EDGE('',*,*,#7821,.F.);
#8051 = ORIENTED_EDGE('',*,*,#7972,.T.);
#8052 = ORIENTED_EDGE('',*,*,#7926,.T.);
#8053 = ORIENTED_EDGE('',*,*,#8019,.F.);
#8054 = MANIFOLD_SOLID_BREP('',#8055);
#8055 = CLOSED_SHELL('',(#8056,#8176,#8276,#8323,#8370,#8377));
#8056 = ADVANCED_FACE('',(#8057),#8071,.F.);
#8057 = FACE_BOUND('',#8058,.F.);
#8058 = EDGE_LOOP('',(#8059,#8094,#8122,#8150));
#8059 = ORIENTED_EDGE('',*,*,#8060,.F.);
#8060 = EDGE_CURVE('',#8061,#8063,#8065,.T.);
#8061 = VERTEX_POINT('',#8062);
#8062 = CARTESIAN_POINT('',(10.35,7.025,-1.8));
#8063 = VERTEX_POINT('',#8064);
#8064 = CARTESIAN_POINT('',(10.35,7.025,0.55));
#8065 = SURFACE_CURVE('',#8066,(#8070,#8082),.PCURVE_S1.);
#8066 = LINE('',#8067,#8068);
#8067 = CARTESIAN_POINT('',(10.35,7.025,-1.8));
#8068 = VECTOR('',#8069,1.);
#8069 = DIRECTION('',(0.,0.,1.));
#8070 = PCURVE('',#8071,#8076);
#8071 = PLANE('',#8072);
#8072 = AXIS2_PLACEMENT_3D('',#8073,#8074,#8075);
#8073 = CARTESIAN_POINT('',(10.35,7.025,-1.8));
#8074 = DIRECTION('',(1.,0.,0.));
#8075 = DIRECTION('',(0.,0.,1.));
#8076 = DEFINITIONAL_REPRESENTATION('',(#8077),#8081);
#8077 = LINE('',#8078,#8079);
#8078 = CARTESIAN_POINT('',(0.,0.));
#8079 = VECTOR('',#8080,1.);
#8080 = DIRECTION('',(1.,0.));
#8081 = ( GEOMETRIC_REPRESENTATION_CONTEXT(2) 
PARAMETRIC_REPRESENTATION_CONTEXT() REPRESENTATION_CONTEXT('2D SPACE',''
  ) );
#8082 = PCURVE('',#8083,#8088);
#8083 = PLANE('',#8084);
#8084 = AXIS2_PLACEMENT_3D('',#8085,#8086,#8087);
#8085 = CARTESIAN_POINT('',(10.35,7.025,-1.8));
#8086 = DIRECTION('',(0.,1.,0.));
#8087 = DIRECTION('',(0.,0.,1.));
#8088 = DEFINITIONAL_REPRESENTATION('',(#8089),#8093);
#8089 = LINE('',#8090,#8091);
#8090 = CARTESIAN_POINT('',(0.,0.));
#8091 = VECTOR('',#8092,1.);
#8092 = DIRECTION('',(1.,0.));
#8093 = ( GEOMETRIC_REPRESENTATION_CONTEXT(2) 
PARAMETRIC_REPRESENTATION_CONTEXT() REPRESENTATION_CONTEXT('2D SPACE',''
  ) );
#8094 = ORIENTED_EDGE('',*,*,#8095,.T.);
#8095 = EDGE_CURVE('',#8061,#8096,#8098,.T.);
#8096 = VERTEX_POINT('',#8097);
#8097 = CARTESIAN_POINT('',(10.35,7.275,-1.8));
#8098 = SURFACE_CURVE('',#8099,(#8103,#8110),.PCURVE_S1.);
#8099 = LINE('',#8100,#8101);
#8100 = CARTESIAN_POINT('',(10.35,7.025,-1.8));
#8101 = VECTOR('',#8102,1.);
#8102 = DIRECTION('',(0.,1.,0.));
#8103 = PCURVE('',#8071,#8104);
#8104 = DEFINITIONAL_REPRESENTATION('',(#8105),#8109);
#8105 = LINE('',#8106,#8107);
#8106 = CARTESIAN_POINT('',(0.,0.));
#8107 = VECTOR('',#8108,1.);
#8108 = DIRECTION('',(0.,-1.));
#8109 = ( GEOMETRIC_REPRESENTATION_CONTEXT(2) 
PARAMETRIC_REPRESENTATION_CONTEXT() REPRESENTATION_CONTEXT('2D SPACE',''
  ) );
#8110 = PCURVE('',#8111,#8116);
#8111 = PLANE('',#8112);
#8112 = AXIS2_PLACEMENT_3D('',#8113,#8114,#8115);
#8113 = CARTESIAN_POINT('',(10.35,7.025,-1.8));
#8114 = DIRECTION('',(0.,0.,1.));
#8115 = DIRECTION('',(1.,0.,0.));
#8116 = DEFINITIONAL_REPRESENTATION('',(#8117),#8121);
#8117 = LINE('',#8118,#8119);
#8118 = CARTESIAN_POINT('',(0.,0.));
#8119 = VECTOR('',#8120,1.);
#8120 = DIRECTION('',(0.,1.));
#8121 = ( GEOMETRIC_REPRESENTATION_CONTEXT(2) 
PARAMETRIC_REPRESENTATION_CONTEXT() REPRESENTATION_CONTEXT('2D SPACE',''
  ) );
#8122 = ORIENTED_EDGE('',*,*,#8123,.T.);
#8123 = EDGE_CURVE('',#8096,#8124,#8126,.T.);
#8124 = VERTEX_POINT('',#8125);
#8125 = CARTESIAN_POINT('',(10.35,7.275,0.55));
#8126 = SURFACE_CURVE('',#8127,(#8131,#8138),.PCURVE_S1.);
#8127 = LINE('',#8128,#8129);
#8128 = CARTESIAN_POINT('',(10.35,7.275,-1.8));
#8129 = VECTOR('',#8130,1.);
#8130 = DIRECTION('',(0.,0.,1.));
#8131 = PCURVE('',#8071,#8132);
#8132 = DEFINITIONAL_REPRESENTATION('',(#8133),#8137);
#8133 = LINE('',#8134,#8135);
#8134 = CARTESIAN_POINT('',(0.,-0.25));
#8135 = VECTOR('',#8136,1.);
#8136 = DIRECTION('',(1.,0.));
#8137 = ( GEOMETRIC_REPRESENTATION_CONTEXT(2) 
PARAMETRIC_REPRESENTATION_CONTEXT() REPRESENTATION_CONTEXT('2D SPACE',''
  ) );
#8138 = PCURVE('',#8139,#8144);
#8139 = PLANE('',#8140);
#8140 = AXIS2_PLACEMENT_3D('',#8141,#8142,#8143);
#8141 = CARTESIAN_POINT('',(10.35,7.275,-1.8));
#8142 = DIRECTION('',(0.,1.,0.));
#8143 = DIRECTION('',(0.,0.,1.));
#8144 = DEFINITIONAL_REPRESENTATION('',(#8145),#8149);
#8145 = LINE('',#8146,#8147);
#8146 = CARTESIAN_POINT('',(0.,0.));
#8147 = VECTOR('',#8148,1.);
#8148 = DIRECTION('',(1.,0.));
#8149 = ( GEOMETRIC_REPRESENTATION_CONTEXT(2) 
PARAMETRIC_REPRESENTATION_CONTEXT() REPRESENTATION_CONTEXT('2D SPACE',''
  ) );
#8150 = ORIENTED_EDGE('',*,*,#8151,.F.);
#8151 = EDGE_CURVE('',#8063,#8124,#8152,.T.);
#8152 = SURFACE_CURVE('',#8153,(#8157,#8164),.PCURVE_S1.);
#8153 = LINE('',#8154,#8155);
#8154 = CARTESIAN_POINT('',(10.35,7.025,0.55));
#8155 = VECTOR('',#8156,1.);
#8156 = DIRECTION('',(0.,1.,0.));
#8157 = PCURVE('',#8071,#8158);
#8158 = DEFINITIONAL_REPRESENTATION('',(#8159),#8163);
#8159 = LINE('',#8160,#8161);
#8160 = CARTESIAN_POINT('',(2.35,0.));
#8161 = VECTOR('',#8162,1.);
#8162 = DIRECTION('',(0.,-1.));
#8163 = ( GEOMETRIC_REPRESENTATION_CONTEXT(2) 
PARAMETRIC_REPRESENTATION_CONTEXT() REPRESENTATION_CONTEXT('2D SPACE',''
  ) );
#8164 = PCURVE('',#8165,#8170);
#8165 = PLANE('',#8166);
#8166 = AXIS2_PLACEMENT_3D('',#8167,#8168,#8169);
#8167 = CARTESIAN_POINT('',(10.35,7.025,0.55));
#8168 = DIRECTION('',(0.,0.,1.));
#8169 = DIRECTION('',(1.,0.,0.));
#8170 = DEFINITIONAL_REPRESENTATION('',(#8171),#8175);
#8171 = LINE('',#8172,#8173);
#8172 = CARTESIAN_POINT('',(0.,0.));
#8173 = VECTOR('',#8174,1.);
#8174 = DIRECTION('',(0.,1.));
#8175 = ( GEOMETRIC_REPRESENTATION_CONTEXT(2) 
PARAMETRIC_REPRESENTATION_CONTEXT() REPRESENTATION_CONTEXT('2D SPACE',''
  ) );
#8176 = ADVANCED_FACE('',(#8177),#8191,.T.);
#8177 = FACE_BOUND('',#8178,.T.);
#8178 = EDGE_LOOP('',(#8179,#8209,#8232,#8255));
#8179 = ORIENTED_EDGE('',*,*,#8180,.F.);
#8180 = EDGE_CURVE('',#8181,#8183,#8185,.T.);
#8181 = VERTEX_POINT('',#8182);
#8182 = CARTESIAN_POINT('',(11.65,7.025,-1.8));
#8183 = VERTEX_POINT('',#8184);
#8184 = CARTESIAN_POINT('',(11.65,7.025,0.55));
#8185 = SURFACE_CURVE('',#8186,(#8190,#8202),.PCURVE_S1.);
#8186 = LINE('',#8187,#8188);
#8187 = CARTESIAN_POINT('',(11.65,7.025,-1.8));
#8188 = VECTOR('',#8189,1.);
#8189 = DIRECTION('',(0.,0.,1.));
#8190 = PCURVE('',#8191,#8196);
#8191 = PLANE('',#8192);
#8192 = AXIS2_PLACEMENT_3D('',#8193,#8194,#8195);
#8193 = CARTESIAN_POINT('',(11.65,7.025,-1.8));
#8194 = DIRECTION('',(1.,0.,0.));
#8195 = DIRECTION('',(0.,0.,1.));
#8196 = DEFINITIONAL_REPRESENTATION('',(#8197),#8201);
#8197 = LINE('',#8198,#8199);
#8198 = CARTESIAN_POINT('',(0.,0.));
#8199 = VECTOR('',#8200,1.);
#8200 = DIRECTION('',(1.,0.));
#8201 = ( GEOMETRIC_REPRESENTATION_CONTEXT(2) 
PARAMETRIC_REPRESENTATION_CONTEXT() REPRESENTATION_CONTEXT('2D SPACE',''
  ) );
#8202 = PCURVE('',#8083,#8203);
#8203 = DEFINITIONAL_REPRESENTATION('',(#8204),#8208);
#8204 = LINE('',#8205,#8206);
#8205 = CARTESIAN_POINT('',(0.,1.3));
#8206 = VECTOR('',#8207,1.);
#8207 = DIRECTION('',(1.,0.));
#8208 = ( GEOMETRIC_REPRESENTATION_CONTEXT(2) 
PARAMETRIC_REPRESENTATION_CONTEXT() REPRESENTATION_CONTEXT('2D SPACE',''
  ) );
#8209 = ORIENTED_EDGE('',*,*,#8210,.T.);
#8210 = EDGE_CURVE('',#8181,#8211,#8213,.T.);
#8211 = VERTEX_POINT('',#8212);
#8212 = CARTESIAN_POINT('',(11.65,7.275,-1.8));
#8213 = SURFACE_CURVE('',#8214,(#8218,#8225),.PCURVE_S1.);
#8214 = LINE('',#8215,#8216);
#8215 = CARTESIAN_POINT('',(11.65,7.025,-1.8));
#8216 = VECTOR('',#8217,1.);
#8217 = DIRECTION('',(0.,1.,0.));
#8218 = PCURVE('',#8191,#8219);
#8219 = DEFINITIONAL_REPRESENTATION('',(#8220),#8224);
#8220 = LINE('',#8221,#8222);
#8221 = CARTESIAN_POINT('',(0.,0.));
#8222 = VECTOR('',#8223,1.);
#8223 = DIRECTION('',(0.,-1.));
#8224 = ( GEOMETRIC_REPRESENTATION_CONTEXT(2) 
PARAMETRIC_REPRESENTATION_CONTEXT() REPRESENTATION_CONTEXT('2D SPACE',''
  ) );
#8225 = PCURVE('',#8111,#8226);
#8226 = DEFINITIONAL_REPRESENTATION('',(#8227),#8231);
#8227 = LINE('',#8228,#8229);
#8228 = CARTESIAN_POINT('',(1.3,0.));
#8229 = VECTOR('',#8230,1.);
#8230 = DIRECTION('',(0.,1.));
#8231 = ( GEOMETRIC_REPRESENTATION_CONTEXT(2) 
PARAMETRIC_REPRESENTATION_CONTEXT() REPRESENTATION_CONTEXT('2D SPACE',''
  ) );
#8232 = ORIENTED_EDGE('',*,*,#8233,.T.);
#8233 = EDGE_CURVE('',#8211,#8234,#8236,.T.);
#8234 = VERTEX_POINT('',#8235);
#8235 = CARTESIAN_POINT('',(11.65,7.275,0.55));
#8236 = SURFACE_CURVE('',#8237,(#8241,#8248),.PCURVE_S1.);
#8237 = LINE('',#8238,#8239);
#8238 = CARTESIAN_POINT('',(11.65,7.275,-1.8));
#8239 = VECTOR('',#8240,1.);
#8240 = DIRECTION('',(0.,0.,1.));
#8241 = PCURVE('',#8191,#8242);
#8242 = DEFINITIONAL_REPRESENTATION('',(#8243),#8247);
#8243 = LINE('',#8244,#8245);
#8244 = CARTESIAN_POINT('',(0.,-0.25));
#8245 = VECTOR('',#8246,1.);
#8246 = DIRECTION('',(1.,0.));
#8247 = ( GEOMETRIC_REPRESENTATION_CONTEXT(2) 
PARAMETRIC_REPRESENTATION_CONTEXT() REPRESENTATION_CONTEXT('2D SPACE',''
  ) );
#8248 = PCURVE('',#8139,#8249);
#8249 = DEFINITIONAL_REPRESENTATION('',(#8250),#8254);
#8250 = LINE('',#8251,#8252);
#8251 = CARTESIAN_POINT('',(0.,1.3));
#8252 = VECTOR('',#8253,1.);
#8253 = DIRECTION('',(1.,0.));
#8254 = ( GEOMETRIC_REPRESENTATION_CONTEXT(2) 
PARAMETRIC_REPRESENTATION_CONTEXT() REPRESENTATION_CONTEXT('2D SPACE',''
  ) );
#8255 = ORIENTED_EDGE('',*,*,#8256,.F.);
#8256 = EDGE_CURVE('',#8183,#8234,#8257,.T.);
#8257 = SURFACE_CURVE('',#8258,(#8262,#8269),.PCURVE_S1.);
#8258 = LINE('',#8259,#8260);
#8259 = CARTESIAN_POINT('',(11.65,7.025,0.55));
#8260 = VECTOR('',#8261,1.);
#8261 = DIRECTION('',(0.,1.,0.));
#8262 = PCURVE('',#8191,#8263);
#8263 = DEFINITIONAL_REPRESENTATION('',(#8264),#8268);
#8264 = LINE('',#8265,#8266);
#8265 = CARTESIAN_POINT('',(2.35,0.));
#8266 = VECTOR('',#8267,1.);
#8267 = DIRECTION('',(0.,-1.));
#8268 = ( GEOMETRIC_REPRESENTATION_CONTEXT(2) 
PARAMETRIC_REPRESENTATION_CONTEXT() REPRESENTATION_CONTEXT('2D SPACE',''
  ) );
#8269 = PCURVE('',#8165,#8270);
#8270 = DEFINITIONAL_REPRESENTATION('',(#8271),#8275);
#8271 = LINE('',#8272,#8273);
#8272 = CARTESIAN_POINT('',(1.3,0.));
#8273 = VECTOR('',#8274,1.);
#8274 = DIRECTION('',(0.,1.));
#8275 = ( GEOMETRIC_REPRESENTATION_CONTEXT(2) 
PARAMETRIC_REPRESENTATION_CONTEXT() REPRESENTATION_CONTEXT('2D SPACE',''
  ) );
#8276 = ADVANCED_FACE('',(#8277),#8083,.F.);
#8277 = FACE_BOUND('',#8278,.F.);
#8278 = EDGE_LOOP('',(#8279,#8300,#8301,#8322));
#8279 = ORIENTED_EDGE('',*,*,#8280,.F.);
#8280 = EDGE_CURVE('',#8061,#8181,#8281,.T.);
#8281 = SURFACE_CURVE('',#8282,(#8286,#8293),.PCURVE_S1.);
#8282 = LINE('',#8283,#8284);
#8283 = CARTESIAN_POINT('',(10.35,7.025,-1.8));
#8284 = VECTOR('',#8285,1.);
#8285 = DIRECTION('',(1.,0.,0.));
#8286 = PCURVE('',#8083,#8287);
#8287 = DEFINITIONAL_REPRESENTATION('',(#8288),#8292);
#8288 = LINE('',#8289,#8290);
#8289 = CARTESIAN_POINT('',(0.,0.));
#8290 = VECTOR('',#8291,1.);
#8291 = DIRECTION('',(0.,1.));
#8292 = ( GEOMETRIC_REPRESENTATION_CONTEXT(2) 
PARAMETRIC_REPRESENTATION_CONTEXT() REPRESENTATION_CONTEXT('2D SPACE',''
  ) );
#8293 = PCURVE('',#8111,#8294);
#8294 = DEFINITIONAL_REPRESENTATION('',(#8295),#8299);
#8295 = LINE('',#8296,#8297);
#8296 = CARTESIAN_POINT('',(0.,0.));
#8297 = VECTOR('',#8298,1.);
#8298 = DIRECTION('',(1.,0.));
#8299 = ( GEOMETRIC_REPRESENTATION_CONTEXT(2) 
PARAMETRIC_REPRESENTATION_CONTEXT() REPRESENTATION_CONTEXT('2D SPACE',''
  ) );
#8300 = ORIENTED_EDGE('',*,*,#8060,.T.);
#8301 = ORIENTED_EDGE('',*,*,#8302,.T.);
#8302 = EDGE_CURVE('',#8063,#8183,#8303,.T.);
#8303 = SURFACE_CURVE('',#8304,(#8308,#8315),.PCURVE_S1.);
#8304 = LINE('',#8305,#8306);
#8305 = CARTESIAN_POINT('',(10.35,7.025,0.55));
#8306 = VECTOR('',#8307,1.);
#8307 = DIRECTION('',(1.,0.,0.));
#8308 = PCURVE('',#8083,#8309);
#8309 = DEFINITIONAL_REPRESENTATION('',(#8310),#8314);
#8310 = LINE('',#8311,#8312);
#8311 = CARTESIAN_POINT('',(2.35,0.));
#8312 = VECTOR('',#8313,1.);
#8313 = DIRECTION('',(0.,1.));
#8314 = ( GEOMETRIC_REPRESENTATION_CONTEXT(2) 
PARAMETRIC_REPRESENTATION_CONTEXT() REPRESENTATION_CONTEXT('2D SPACE',''
  ) );
#8315 = PCURVE('',#8165,#8316);
#8316 = DEFINITIONAL_REPRESENTATION('',(#8317),#8321);
#8317 = LINE('',#8318,#8319);
#8318 = CARTESIAN_POINT('',(0.,0.));
#8319 = VECTOR('',#8320,1.);
#8320 = DIRECTION('',(1.,0.));
#8321 = ( GEOMETRIC_REPRESENTATION_CONTEXT(2) 
PARAMETRIC_REPRESENTATION_CONTEXT() REPRESENTATION_CONTEXT('2D SPACE',''
  ) );
#8322 = ORIENTED_EDGE('',*,*,#8180,.F.);
#8323 = ADVANCED_FACE('',(#8324),#8139,.T.);
#8324 = FACE_BOUND('',#8325,.T.);
#8325 = EDGE_LOOP('',(#8326,#8347,#8348,#8369));
#8326 = ORIENTED_EDGE('',*,*,#8327,.F.);
#8327 = EDGE_CURVE('',#8096,#8211,#8328,.T.);
#8328 = SURFACE_CURVE('',#8329,(#8333,#8340),.PCURVE_S1.);
#8329 = LINE('',#8330,#8331);
#8330 = CARTESIAN_POINT('',(10.35,7.275,-1.8));
#8331 = VECTOR('',#8332,1.);
#8332 = DIRECTION('',(1.,0.,0.));
#8333 = PCURVE('',#8139,#8334);
#8334 = DEFINITIONAL_REPRESENTATION('',(#8335),#8339);
#8335 = LINE('',#8336,#8337);
#8336 = CARTESIAN_POINT('',(0.,0.));
#8337 = VECTOR('',#8338,1.);
#8338 = DIRECTION('',(0.,1.));
#8339 = ( GEOMETRIC_REPRESENTATION_CONTEXT(2) 
PARAMETRIC_REPRESENTATION_CONTEXT() REPRESENTATION_CONTEXT('2D SPACE',''
  ) );
#8340 = PCURVE('',#8111,#8341);
#8341 = DEFINITIONAL_REPRESENTATION('',(#8342),#8346);
#8342 = LINE('',#8343,#8344);
#8343 = CARTESIAN_POINT('',(0.,0.25));
#8344 = VECTOR('',#8345,1.);
#8345 = DIRECTION('',(1.,0.));
#8346 = ( GEOMETRIC_REPRESENTATION_CONTEXT(2) 
PARAMETRIC_REPRESENTATION_CONTEXT() REPRESENTATION_CONTEXT('2D SPACE',''
  ) );
#8347 = ORIENTED_EDGE('',*,*,#8123,.T.);
#8348 = ORIENTED_EDGE('',*,*,#8349,.T.);
#8349 = EDGE_CURVE('',#8124,#8234,#8350,.T.);
#8350 = SURFACE_CURVE('',#8351,(#8355,#8362),.PCURVE_S1.);
#8351 = LINE('',#8352,#8353);
#8352 = CARTESIAN_POINT('',(10.35,7.275,0.55));
#8353 = VECTOR('',#8354,1.);
#8354 = DIRECTION('',(1.,0.,0.));
#8355 = PCURVE('',#8139,#8356);
#8356 = DEFINITIONAL_REPRESENTATION('',(#8357),#8361);
#8357 = LINE('',#8358,#8359);
#8358 = CARTESIAN_POINT('',(2.35,0.));
#8359 = VECTOR('',#8360,1.);
#8360 = DIRECTION('',(0.,1.));
#8361 = ( GEOMETRIC_REPRESENTATION_CONTEXT(2) 
PARAMETRIC_REPRESENTATION_CONTEXT() REPRESENTATION_CONTEXT('2D SPACE',''
  ) );
#8362 = PCURVE('',#8165,#8363);
#8363 = DEFINITIONAL_REPRESENTATION('',(#8364),#8368);
#8364 = LINE('',#8365,#8366);
#8365 = CARTESIAN_POINT('',(0.,0.25));
#8366 = VECTOR('',#8367,1.);
#8367 = DIRECTION('',(1.,0.));
#8368 = ( GEOMETRIC_REPRESENTATION_CONTEXT(2) 
PARAMETRIC_REPRESENTATION_CONTEXT() REPRESENTATION_CONTEXT('2D SPACE',''
  ) );
#8369 = ORIENTED_EDGE('',*,*,#8233,.F.);
#8370 = ADVANCED_FACE('',(#8371),#8111,.F.);
#8371 = FACE_BOUND('',#8372,.F.);
#8372 = EDGE_LOOP('',(#8373,#8374,#8375,#8376));
#8373 = ORIENTED_EDGE('',*,*,#8095,.F.);
#8374 = ORIENTED_EDGE('',*,*,#8280,.T.);
#8375 = ORIENTED_EDGE('',*,*,#8210,.T.);
#8376 = ORIENTED_EDGE('',*,*,#8327,.F.);
#8377 = ADVANCED_FACE('',(#8378),#8165,.T.);
#8378 = FACE_BOUND('',#8379,.T.);
#8379 = EDGE_LOOP('',(#8380,#8381,#8382,#8383));
#8380 = ORIENTED_EDGE('',*,*,#8151,.F.);
#8381 = ORIENTED_EDGE('',*,*,#8302,.T.);
#8382 = ORIENTED_EDGE('',*,*,#8256,.T.);
#8383 = ORIENTED_EDGE('',*,*,#8349,.F.);
#8384 = MANIFOLD_SOLID_BREP('',#8385);
#8385 = CLOSED_SHELL('',(#8386,#8506,#8606,#8653,#8700,#8707));
#8386 = ADVANCED_FACE('',(#8387),#8401,.F.);
#8387 = FACE_BOUND('',#8388,.F.);
#8388 = EDGE_LOOP('',(#8389,#8424,#8452,#8480));
#8389 = ORIENTED_EDGE('',*,*,#8390,.F.);
#8390 = EDGE_CURVE('',#8391,#8393,#8395,.T.);
#8391 = VERTEX_POINT('',#8392);
#8392 = CARTESIAN_POINT('',(14.35,7.025,-1.8));
#8393 = VERTEX_POINT('',#8394);
#8394 = CARTESIAN_POINT('',(14.35,7.025,0.55));
#8395 = SURFACE_CURVE('',#8396,(#8400,#8412),.PCURVE_S1.);
#8396 = LINE('',#8397,#8398);
#8397 = CARTESIAN_POINT('',(14.35,7.025,-1.8));
#8398 = VECTOR('',#8399,1.);
#8399 = DIRECTION('',(0.,0.,1.));
#8400 = PCURVE('',#8401,#8406);
#8401 = PLANE('',#8402);
#8402 = AXIS2_PLACEMENT_3D('',#8403,#8404,#8405);
#8403 = CARTESIAN_POINT('',(14.35,7.025,-1.8));
#8404 = DIRECTION('',(1.,0.,0.));
#8405 = DIRECTION('',(0.,0.,1.));
#8406 = DEFINITIONAL_REPRESENTATION('',(#8407),#8411);
#8407 = LINE('',#8408,#8409);
#8408 = CARTESIAN_POINT('',(0.,0.));
#8409 = VECTOR('',#8410,1.);
#8410 = DIRECTION('',(1.,0.));
#8411 = ( GEOMETRIC_REPRESENTATION_CONTEXT(2) 
PARAMETRIC_REPRESENTATION_CONTEXT() REPRESENTATION_CONTEXT('2D SPACE',''
  ) );
#8412 = PCURVE('',#8413,#8418);
#8413 = PLANE('',#8414);
#8414 = AXIS2_PLACEMENT_3D('',#8415,#8416,#8417);
#8415 = CARTESIAN_POINT('',(14.35,7.025,-1.8));
#8416 = DIRECTION('',(0.,1.,0.));
#8417 = DIRECTION('',(0.,0.,1.));
#8418 = DEFINITIONAL_REPRESENTATION('',(#8419),#8423);
#8419 = LINE('',#8420,#8421);
#8420 = CARTESIAN_POINT('',(0.,0.));
#8421 = VECTOR('',#8422,1.);
#8422 = DIRECTION('',(1.,0.));
#8423 = ( GEOMETRIC_REPRESENTATION_CONTEXT(2) 
PARAMETRIC_REPRESENTATION_CONTEXT() REPRESENTATION_CONTEXT('2D SPACE',''
  ) );
#8424 = ORIENTED_EDGE('',*,*,#8425,.T.);
#8425 = EDGE_CURVE('',#8391,#8426,#8428,.T.);
#8426 = VERTEX_POINT('',#8427);
#8427 = CARTESIAN_POINT('',(14.35,7.275,-1.8));
#8428 = SURFACE_CURVE('',#8429,(#8433,#8440),.PCURVE_S1.);
#8429 = LINE('',#8430,#8431);
#8430 = CARTESIAN_POINT('',(14.35,7.025,-1.8));
#8431 = VECTOR('',#8432,1.);
#8432 = DIRECTION('',(0.,1.,0.));
#8433 = PCURVE('',#8401,#8434);
#8434 = DEFINITIONAL_REPRESENTATION('',(#8435),#8439);
#8435 = LINE('',#8436,#8437);
#8436 = CARTESIAN_POINT('',(0.,0.));
#8437 = VECTOR('',#8438,1.);
#8438 = DIRECTION('',(0.,-1.));
#8439 = ( GEOMETRIC_REPRESENTATION_CONTEXT(2) 
PARAMETRIC_REPRESENTATION_CONTEXT() REPRESENTATION_CONTEXT('2D SPACE',''
  ) );
#8440 = PCURVE('',#8441,#8446);
#8441 = PLANE('',#8442);
#8442 = AXIS2_PLACEMENT_3D('',#8443,#8444,#8445);
#8443 = CARTESIAN_POINT('',(14.35,7.025,-1.8));
#8444 = DIRECTION('',(0.,0.,1.));
#8445 = DIRECTION('',(1.,0.,0.));
#8446 = DEFINITIONAL_REPRESENTATION('',(#8447),#8451);
#8447 = LINE('',#8448,#8449);
#8448 = CARTESIAN_POINT('',(0.,0.));
#8449 = VECTOR('',#8450,1.);
#8450 = DIRECTION('',(0.,1.));
#8451 = ( GEOMETRIC_REPRESENTATION_CONTEXT(2) 
PARAMETRIC_REPRESENTATION_CONTEXT() REPRESENTATION_CONTEXT('2D SPACE',''
  ) );
#8452 = ORIENTED_EDGE('',*,*,#8453,.T.);
#8453 = EDGE_CURVE('',#8426,#8454,#8456,.T.);
#8454 = VERTEX_POINT('',#8455);
#8455 = CARTESIAN_POINT('',(14.35,7.275,0.55));
#8456 = SURFACE_CURVE('',#8457,(#8461,#8468),.PCURVE_S1.);
#8457 = LINE('',#8458,#8459);
#8458 = CARTESIAN_POINT('',(14.35,7.275,-1.8));
#8459 = VECTOR('',#8460,1.);
#8460 = DIRECTION('',(0.,0.,1.));
#8461 = PCURVE('',#8401,#8462);
#8462 = DEFINITIONAL_REPRESENTATION('',(#8463),#8467);
#8463 = LINE('',#8464,#8465);
#8464 = CARTESIAN_POINT('',(0.,-0.25));
#8465 = VECTOR('',#8466,1.);
#8466 = DIRECTION('',(1.,0.));
#8467 = ( GEOMETRIC_REPRESENTATION_CONTEXT(2) 
PARAMETRIC_REPRESENTATION_CONTEXT() REPRESENTATION_CONTEXT('2D SPACE',''
  ) );
#8468 = PCURVE('',#8469,#8474);
#8469 = PLANE('',#8470);
#8470 = AXIS2_PLACEMENT_3D('',#8471,#8472,#8473);
#8471 = CARTESIAN_POINT('',(14.35,7.275,-1.8));
#8472 = DIRECTION('',(0.,1.,0.));
#8473 = DIRECTION('',(0.,0.,1.));
#8474 = DEFINITIONAL_REPRESENTATION('',(#8475),#8479);
#8475 = LINE('',#8476,#8477);
#8476 = CARTESIAN_POINT('',(0.,0.));
#8477 = VECTOR('',#8478,1.);
#8478 = DIRECTION('',(1.,0.));
#8479 = ( GEOMETRIC_REPRESENTATION_CONTEXT(2) 
PARAMETRIC_REPRESENTATION_CONTEXT() REPRESENTATION_CONTEXT('2D SPACE',''
  ) );
#8480 = ORIENTED_EDGE('',*,*,#8481,.F.);
#8481 = EDGE_CURVE('',#8393,#8454,#8482,.T.);
#8482 = SURFACE_CURVE('',#8483,(#8487,#8494),.PCURVE_S1.);
#8483 = LINE('',#8484,#8485);
#8484 = CARTESIAN_POINT('',(14.35,7.025,0.55));
#8485 = VECTOR('',#8486,1.);
#8486 = DIRECTION('',(0.,1.,0.));
#8487 = PCURVE('',#8401,#8488);
#8488 = DEFINITIONAL_REPRESENTATION('',(#8489),#8493);
#8489 = LINE('',#8490,#8491);
#8490 = CARTESIAN_POINT('',(2.35,0.));
#8491 = VECTOR('',#8492,1.);
#8492 = DIRECTION('',(0.,-1.));
#8493 = ( GEOMETRIC_REPRESENTATION_CONTEXT(2) 
PARAMETRIC_REPRESENTATION_CONTEXT() REPRESENTATION_CONTEXT('2D SPACE',''
  ) );
#8494 = PCURVE('',#8495,#8500);
#8495 = PLANE('',#8496);
#8496 = AXIS2_PLACEMENT_3D('',#8497,#8498,#8499);
#8497 = CARTESIAN_POINT('',(14.35,7.025,0.55));
#8498 = DIRECTION('',(0.,0.,1.));
#8499 = DIRECTION('',(1.,0.,0.));
#8500 = DEFINITIONAL_REPRESENTATION('',(#8501),#8505);
#8501 = LINE('',#8502,#8503);
#8502 = CARTESIAN_POINT('',(0.,0.));
#8503 = VECTOR('',#8504,1.);
#8504 = DIRECTION('',(0.,1.));
#8505 = ( GEOMETRIC_REPRESENTATION_CONTEXT(2) 
PARAMETRIC_REPRESENTATION_CONTEXT() REPRESENTATION_CONTEXT('2D SPACE',''
  ) );
#8506 = ADVANCED_FACE('',(#8507),#8521,.T.);
#8507 = FACE_BOUND('',#8508,.T.);
#8508 = EDGE_LOOP('',(#8509,#8539,#8562,#8585));
#8509 = ORIENTED_EDGE('',*,*,#8510,.F.);
#8510 = EDGE_CURVE('',#8511,#8513,#8515,.T.);
#8511 = VERTEX_POINT('',#8512);
#8512 = CARTESIAN_POINT('',(15.65,7.025,-1.8));
#8513 = VERTEX_POINT('',#8514);
#8514 = CARTESIAN_POINT('',(15.65,7.025,0.55));
#8515 = SURFACE_CURVE('',#8516,(#8520,#8532),.PCURVE_S1.);
#8516 = LINE('',#8517,#8518);
#8517 = CARTESIAN_POINT('',(15.65,7.025,-1.8));
#8518 = VECTOR('',#8519,1.);
#8519 = DIRECTION('',(0.,0.,1.));
#8520 = PCURVE('',#8521,#8526);
#8521 = PLANE('',#8522);
#8522 = AXIS2_PLACEMENT_3D('',#8523,#8524,#8525);
#8523 = CARTESIAN_POINT('',(15.65,7.025,-1.8));
#8524 = DIRECTION('',(1.,0.,0.));
#8525 = DIRECTION('',(0.,0.,1.));
#8526 = DEFINITIONAL_REPRESENTATION('',(#8527),#8531);
#8527 = LINE('',#8528,#8529);
#8528 = CARTESIAN_POINT('',(0.,0.));
#8529 = VECTOR('',#8530,1.);
#8530 = DIRECTION('',(1.,0.));
#8531 = ( GEOMETRIC_REPRESENTATION_CONTEXT(2) 
PARAMETRIC_REPRESENTATION_CONTEXT() REPRESENTATION_CONTEXT('2D SPACE',''
  ) );
#8532 = PCURVE('',#8413,#8533);
#8533 = DEFINITIONAL_REPRESENTATION('',(#8534),#8538);
#8534 = LINE('',#8535,#8536);
#8535 = CARTESIAN_POINT('',(0.,1.3));
#8536 = VECTOR('',#8537,1.);
#8537 = DIRECTION('',(1.,0.));
#8538 = ( GEOMETRIC_REPRESENTATION_CONTEXT(2) 
PARAMETRIC_REPRESENTATION_CONTEXT() REPRESENTATION_CONTEXT('2D SPACE',''
  ) );
#8539 = ORIENTED_EDGE('',*,*,#8540,.T.);
#8540 = EDGE_CURVE('',#8511,#8541,#8543,.T.);
#8541 = VERTEX_POINT('',#8542);
#8542 = CARTESIAN_POINT('',(15.65,7.275,-1.8));
#8543 = SURFACE_CURVE('',#8544,(#8548,#8555),.PCURVE_S1.);
#8544 = LINE('',#8545,#8546);
#8545 = CARTESIAN_POINT('',(15.65,7.025,-1.8));
#8546 = VECTOR('',#8547,1.);
#8547 = DIRECTION('',(0.,1.,0.));
#8548 = PCURVE('',#8521,#8549);
#8549 = DEFINITIONAL_REPRESENTATION('',(#8550),#8554);
#8550 = LINE('',#8551,#8552);
#8551 = CARTESIAN_POINT('',(0.,0.));
#8552 = VECTOR('',#8553,1.);
#8553 = DIRECTION('',(0.,-1.));
#8554 = ( GEOMETRIC_REPRESENTATION_CONTEXT(2) 
PARAMETRIC_REPRESENTATION_CONTEXT() REPRESENTATION_CONTEXT('2D SPACE',''
  ) );
#8555 = PCURVE('',#8441,#8556);
#8556 = DEFINITIONAL_REPRESENTATION('',(#8557),#8561);
#8557 = LINE('',#8558,#8559);
#8558 = CARTESIAN_POINT('',(1.3,0.));
#8559 = VECTOR('',#8560,1.);
#8560 = DIRECTION('',(0.,1.));
#8561 = ( GEOMETRIC_REPRESENTATION_CONTEXT(2) 
PARAMETRIC_REPRESENTATION_CONTEXT() REPRESENTATION_CONTEXT('2D SPACE',''
  ) );
#8562 = ORIENTED_EDGE('',*,*,#8563,.T.);
#8563 = EDGE_CURVE('',#8541,#8564,#8566,.T.);
#8564 = VERTEX_POINT('',#8565);
#8565 = CARTESIAN_POINT('',(15.65,7.275,0.55));
#8566 = SURFACE_CURVE('',#8567,(#8571,#8578),.PCURVE_S1.);
#8567 = LINE('',#8568,#8569);
#8568 = CARTESIAN_POINT('',(15.65,7.275,-1.8));
#8569 = VECTOR('',#8570,1.);
#8570 = DIRECTION('',(0.,0.,1.));
#8571 = PCURVE('',#8521,#8572);
#8572 = DEFINITIONAL_REPRESENTATION('',(#8573),#8577);
#8573 = LINE('',#8574,#8575);
#8574 = CARTESIAN_POINT('',(0.,-0.25));
#8575 = VECTOR('',#8576,1.);
#8576 = DIRECTION('',(1.,0.));
#8577 = ( GEOMETRIC_REPRESENTATION_CONTEXT(2) 
PARAMETRIC_REPRESENTATION_CONTEXT() REPRESENTATION_CONTEXT('2D SPACE',''
  ) );
#8578 = PCURVE('',#8469,#8579);
#8579 = DEFINITIONAL_REPRESENTATION('',(#8580),#8584);
#8580 = LINE('',#8581,#8582);
#8581 = CARTESIAN_POINT('',(0.,1.3));
#8582 = VECTOR('',#8583,1.);
#8583 = DIRECTION('',(1.,0.));
#8584 = ( GEOMETRIC_REPRESENTATION_CONTEXT(2) 
PARAMETRIC_REPRESENTATION_CONTEXT() REPRESENTATION_CONTEXT('2D SPACE',''
  ) );
#8585 = ORIENTED_EDGE('',*,*,#8586,.F.);
#8586 = EDGE_CURVE('',#8513,#8564,#8587,.T.);
#8587 = SURFACE_CURVE('',#8588,(#8592,#8599),.PCURVE_S1.);
#8588 = LINE('',#8589,#8590);
#8589 = CARTESIAN_POINT('',(15.65,7.025,0.55));
#8590 = VECTOR('',#8591,1.);
#8591 = DIRECTION('',(0.,1.,0.));
#8592 = PCURVE('',#8521,#8593);
#8593 = DEFINITIONAL_REPRESENTATION('',(#8594),#8598);
#8594 = LINE('',#8595,#8596);
#8595 = CARTESIAN_POINT('',(2.35,0.));
#8596 = VECTOR('',#8597,1.);
#8597 = DIRECTION('',(0.,-1.));
#8598 = ( GEOMETRIC_REPRESENTATION_CONTEXT(2) 
PARAMETRIC_REPRESENTATION_CONTEXT() REPRESENTATION_CONTEXT('2D SPACE',''
  ) );
#8599 = PCURVE('',#8495,#8600);
#8600 = DEFINITIONAL_REPRESENTATION('',(#8601),#8605);
#8601 = LINE('',#8602,#8603);
#8602 = CARTESIAN_POINT('',(1.3,0.));
#8603 = VECTOR('',#8604,1.);
#8604 = DIRECTION('',(0.,1.));
#8605 = ( GEOMETRIC_REPRESENTATION_CONTEXT(2) 
PARAMETRIC_REPRESENTATION_CONTEXT() REPRESENTATION_CONTEXT('2D SPACE',''
  ) );
#8606 = ADVANCED_FACE('',(#8607),#8413,.F.);
#8607 = FACE_BOUND('',#8608,.F.);
#8608 = EDGE_LOOP('',(#8609,#8630,#8631,#8652));
#8609 = ORIENTED_EDGE('',*,*,#8610,.F.);
#8610 = EDGE_CURVE('',#8391,#8511,#8611,.T.);
#8611 = SURFACE_CURVE('',#8612,(#8616,#8623),.PCURVE_S1.);
#8612 = LINE('',#8613,#8614);
#8613 = CARTESIAN_POINT('',(14.35,7.025,-1.8));
#8614 = VECTOR('',#8615,1.);
#8615 = DIRECTION('',(1.,0.,0.));
#8616 = PCURVE('',#8413,#8617);
#8617 = DEFINITIONAL_REPRESENTATION('',(#8618),#8622);
#8618 = LINE('',#8619,#8620);
#8619 = CARTESIAN_POINT('',(0.,0.));
#8620 = VECTOR('',#8621,1.);
#8621 = DIRECTION('',(0.,1.));
#8622 = ( GEOMETRIC_REPRESENTATION_CONTEXT(2) 
PARAMETRIC_REPRESENTATION_CONTEXT() REPRESENTATION_CONTEXT('2D SPACE',''
  ) );
#8623 = PCURVE('',#8441,#8624);
#8624 = DEFINITIONAL_REPRESENTATION('',(#8625),#8629);
#8625 = LINE('',#8626,#8627);
#8626 = CARTESIAN_POINT('',(0.,0.));
#8627 = VECTOR('',#8628,1.);
#8628 = DIRECTION('',(1.,0.));
#8629 = ( GEOMETRIC_REPRESENTATION_CONTEXT(2) 
PARAMETRIC_REPRESENTATION_CONTEXT() REPRESENTATION_CONTEXT('2D SPACE',''
  ) );
#8630 = ORIENTED_EDGE('',*,*,#8390,.T.);
#8631 = ORIENTED_EDGE('',*,*,#8632,.T.);
#8632 = EDGE_CURVE('',#8393,#8513,#8633,.T.);
#8633 = SURFACE_CURVE('',#8634,(#8638,#8645),.PCURVE_S1.);
#8634 = LINE('',#8635,#8636);
#8635 = CARTESIAN_POINT('',(14.35,7.025,0.55));
#8636 = VECTOR('',#8637,1.);
#8637 = DIRECTION('',(1.,0.,0.));
#8638 = PCURVE('',#8413,#8639);
#8639 = DEFINITIONAL_REPRESENTATION('',(#8640),#8644);
#8640 = LINE('',#8641,#8642);
#8641 = CARTESIAN_POINT('',(2.35,0.));
#8642 = VECTOR('',#8643,1.);
#8643 = DIRECTION('',(0.,1.));
#8644 = ( GEOMETRIC_REPRESENTATION_CONTEXT(2) 
PARAMETRIC_REPRESENTATION_CONTEXT() REPRESENTATION_CONTEXT('2D SPACE',''
  ) );
#8645 = PCURVE('',#8495,#8646);
#8646 = DEFINITIONAL_REPRESENTATION('',(#8647),#8651);
#8647 = LINE('',#8648,#8649);
#8648 = CARTESIAN_POINT('',(0.,0.));
#8649 = VECTOR('',#8650,1.);
#8650 = DIRECTION('',(1.,0.));
#8651 = ( GEOMETRIC_REPRESENTATION_CONTEXT(2) 
PARAMETRIC_REPRESENTATION_CONTEXT() REPRESENTATION_CONTEXT('2D SPACE',''
  ) );
#8652 = ORIENTED_EDGE('',*,*,#8510,.F.);
#8653 = ADVANCED_FACE('',(#8654),#8469,.T.);
#8654 = FACE_BOUND('',#8655,.T.);
#8655 = EDGE_LOOP('',(#8656,#8677,#8678,#8699));
#8656 = ORIENTED_EDGE('',*,*,#8657,.F.);
#8657 = EDGE_CURVE('',#8426,#8541,#8658,.T.);
#8658 = SURFACE_CURVE('',#8659,(#8663,#8670),.PCURVE_S1.);
#8659 = LINE('',#8660,#8661);
#8660 = CARTESIAN_POINT('',(14.35,7.275,-1.8));
#8661 = VECTOR('',#8662,1.);
#8662 = DIRECTION('',(1.,0.,0.));
#8663 = PCURVE('',#8469,#8664);
#8664 = DEFINITIONAL_REPRESENTATION('',(#8665),#8669);
#8665 = LINE('',#8666,#8667);
#8666 = CARTESIAN_POINT('',(0.,0.));
#8667 = VECTOR('',#8668,1.);
#8668 = DIRECTION('',(0.,1.));
#8669 = ( GEOMETRIC_REPRESENTATION_CONTEXT(2) 
PARAMETRIC_REPRESENTATION_CONTEXT() REPRESENTATION_CONTEXT('2D SPACE',''
  ) );
#8670 = PCURVE('',#8441,#8671);
#8671 = DEFINITIONAL_REPRESENTATION('',(#8672),#8676);
#8672 = LINE('',#8673,#8674);
#8673 = CARTESIAN_POINT('',(0.,0.25));
#8674 = VECTOR('',#8675,1.);
#8675 = DIRECTION('',(1.,0.));
#8676 = ( GEOMETRIC_REPRESENTATION_CONTEXT(2) 
PARAMETRIC_REPRESENTATION_CONTEXT() REPRESENTATION_CONTEXT('2D SPACE',''
  ) );
#8677 = ORIENTED_EDGE('',*,*,#8453,.T.);
#8678 = ORIENTED_EDGE('',*,*,#8679,.T.);
#8679 = EDGE_CURVE('',#8454,#8564,#8680,.T.);
#8680 = SURFACE_CURVE('',#8681,(#8685,#8692),.PCURVE_S1.);
#8681 = LINE('',#8682,#8683);
#8682 = CARTESIAN_POINT('',(14.35,7.275,0.55));
#8683 = VECTOR('',#8684,1.);
#8684 = DIRECTION('',(1.,0.,0.));
#8685 = PCURVE('',#8469,#8686);
#8686 = DEFINITIONAL_REPRESENTATION('',(#8687),#8691);
#8687 = LINE('',#8688,#8689);
#8688 = CARTESIAN_POINT('',(2.35,0.));
#8689 = VECTOR('',#8690,1.);
#8690 = DIRECTION('',(0.,1.));
#8691 = ( GEOMETRIC_REPRESENTATION_CONTEXT(2) 
PARAMETRIC_REPRESENTATION_CONTEXT() REPRESENTATION_CONTEXT('2D SPACE',''
  ) );
#8692 = PCURVE('',#8495,#8693);
#8693 = DEFINITIONAL_REPRESENTATION('',(#8694),#8698);
#8694 = LINE('',#8695,#8696);
#8695 = CARTESIAN_POINT('',(0.,0.25));
#8696 = VECTOR('',#8697,1.);
#8697 = DIRECTION('',(1.,0.));
#8698 = ( GEOMETRIC_REPRESENTATION_CONTEXT(2) 
PARAMETRIC_REPRESENTATION_CONTEXT() REPRESENTATION_CONTEXT('2D SPACE',''
  ) );
#8699 = ORIENTED_EDGE('',*,*,#8563,.F.);
#8700 = ADVANCED_FACE('',(#8701),#8441,.F.);
#8701 = FACE_BOUND('',#8702,.F.);
#8702 = EDGE_LOOP('',(#8703,#8704,#8705,#8706));
#8703 = ORIENTED_EDGE('',*,*,#8425,.F.);
#8704 = ORIENTED_EDGE('',*,*,#8610,.T.);
#8705 = ORIENTED_EDGE('',*,*,#8540,.T.);
#8706 = ORIENTED_EDGE('',*,*,#8657,.F.);
#8707 = ADVANCED_FACE('',(#8708),#8495,.T.);
#8708 = FACE_BOUND('',#8709,.T.);
#8709 = EDGE_LOOP('',(#8710,#8711,#8712,#8713));
#8710 = ORIENTED_EDGE('',*,*,#8481,.F.);
#8711 = ORIENTED_EDGE('',*,*,#8632,.T.);
#8712 = ORIENTED_EDGE('',*,*,#8586,.T.);
#8713 = ORIENTED_EDGE('',*,*,#8679,.F.);
#8714 = ( GEOMETRIC_REPRESENTATION_CONTEXT(3) 
GLOBAL_UNCERTAINTY_ASSIGNED_CONTEXT((#8718)) 
GLOBAL_UNIT_ASSIGNED_CONTEXT((#8715,#8716,#8717)) REPRESENTATION_CONTEXT
('Context #1','3D Context with UNIT and UNCERTAINTY') );
#8715 = ( LENGTH_UNIT() NAMED_UNIT(*) SI_UNIT(.MILLI.,.METRE.) );
#8716 = ( NAMED_UNIT(*) PLANE_ANGLE_UNIT() SI_UNIT($,.RADIAN.) );
#8717 = ( NAMED_UNIT(*) SI_UNIT($,.STERADIAN.) SOLID_ANGLE_UNIT() );
#8718 = UNCERTAINTY_MEASURE_WITH_UNIT(LENGTH_MEASURE(1.E-07),#8715,
  'distance_accuracy_value','confusion accuracy');
#8719 = CONTEXT_DEPENDENT_SHAPE_REPRESENTATION(#8720,#8722);
#8720 = ( REPRESENTATION_RELATIONSHIP('','',#2113,#10) 
REPRESENTATION_RELATIONSHIP_WITH_TRANSFORMATION(#8721) 
SHAPE_REPRESENTATION_RELATIONSHIP() );
#8721 = ITEM_DEFINED_TRANSFORMATION('','',#11,#19);
#8722 = PRODUCT_DEFINITION_SHAPE('Placement','Placement of an item',
  #8723);
#8723 = NEXT_ASSEMBLY_USAGE_OCCURRENCE('4','SOLDER_TAILS_20','',#5,#2108
  ,$);
#8724 = PRODUCT_RELATED_PRODUCT_CATEGORY('part',$,(#2110));
#8725 = MECHANICAL_DESIGN_GEOMETRIC_PRESENTATION_REPRESENTATION('',(
    #8726),#2095);
#8726 = STYLED_ITEM('color',(#8727),#37);
#8727 = PRESENTATION_STYLE_ASSIGNMENT((#8728));
#8728 = SURFACE_STYLE_USAGE(.BOTH.,#8729);
#8729 = SURFACE_SIDE_STYLE('',(#8730));
#8730 = SURFACE_STYLE_FILL_AREA(#8731);
#8731 = FILL_AREA_STYLE('',(#8732));
#8732 = FILL_AREA_STYLE_COLOUR('',#8733);
#8733 = COLOUR_RGB('',0.740000011925,0.750000000934,0.769999993182);
#8734 = MECHANICAL_DESIGN_GEOMETRIC_PRESENTATION_REPRESENTATION('',(
    #8735,#8743,#8750,#8757,#8764,#8771,#8778,#8785,#8792,#8799,#8806,
    #8813,#8820,#8827,#8834,#8841,#8848,#8855,#8862,#8869),#8714);
#8735 = STYLED_ITEM('color',(#8736),#2114);
#8736 = PRESENTATION_STYLE_ASSIGNMENT((#8737));
#8737 = SURFACE_STYLE_USAGE(.BOTH.,#8738);
#8738 = SURFACE_SIDE_STYLE('',(#8739));
#8739 = SURFACE_STYLE_FILL_AREA(#8740);
#8740 = FILL_AREA_STYLE('',(#8741));
#8741 = FILL_AREA_STYLE_COLOUR('',#8742);
#8742 = COLOUR_RGB('',0.580000000354,0.599999994755,0.630000008194);
#8743 = STYLED_ITEM('color',(#8744),#2444);
#8744 = PRESENTATION_STYLE_ASSIGNMENT((#8745));
#8745 = SURFACE_STYLE_USAGE(.BOTH.,#8746);
#8746 = SURFACE_SIDE_STYLE('',(#8747));
#8747 = SURFACE_STYLE_FILL_AREA(#8748);
#8748 = FILL_AREA_STYLE('',(#8749));
#8749 = FILL_AREA_STYLE_COLOUR('',#8742);
#8750 = STYLED_ITEM('color',(#8751),#2774);
#8751 = PRESENTATION_STYLE_ASSIGNMENT((#8752));
#8752 = SURFACE_STYLE_USAGE(.BOTH.,#8753);
#8753 = SURFACE_SIDE_STYLE('',(#8754));
#8754 = SURFACE_STYLE_FILL_AREA(#8755);
#8755 = FILL_AREA_STYLE('',(#8756));
#8756 = FILL_AREA_STYLE_COLOUR('',#8742);
#8757 = STYLED_ITEM('color',(#8758),#3104);
#8758 = PRESENTATION_STYLE_ASSIGNMENT((#8759));
#8759 = SURFACE_STYLE_USAGE(.BOTH.,#8760);
#8760 = SURFACE_SIDE_STYLE('',(#8761));
#8761 = SURFACE_STYLE_FILL_AREA(#8762);
#8762 = FILL_AREA_STYLE('',(#8763));
#8763 = FILL_AREA_STYLE_COLOUR('',#8742);
#8764 = STYLED_ITEM('color',(#8765),#3434);
#8765 = PRESENTATION_STYLE_ASSIGNMENT((#8766));
#8766 = SURFACE_STYLE_USAGE(.BOTH.,#8767);
#8767 = SURFACE_SIDE_STYLE('',(#8768));
#8768 = SURFACE_STYLE_FILL_AREA(#8769);
#8769 = FILL_AREA_STYLE('',(#8770));
#8770 = FILL_AREA_STYLE_COLOUR('',#8742);
#8771 = STYLED_ITEM('color',(#8772),#3764);
#8772 = PRESENTATION_STYLE_ASSIGNMENT((#8773));
#8773 = SURFACE_STYLE_USAGE(.BOTH.,#8774);
#8774 = SURFACE_SIDE_STYLE('',(#8775));
#8775 = SURFACE_STYLE_FILL_AREA(#8776);
#8776 = FILL_AREA_STYLE('',(#8777));
#8777 = FILL_AREA_STYLE_COLOUR('',#8742);
#8778 = STYLED_ITEM('color',(#8779),#4094);
#8779 = PRESENTATION_STYLE_ASSIGNMENT((#8780));
#8780 = SURFACE_STYLE_USAGE(.BOTH.,#8781);
#8781 = SURFACE_SIDE_STYLE('',(#8782));
#8782 = SURFACE_STYLE_FILL_AREA(#8783);
#8783 = FILL_AREA_STYLE('',(#8784));
#8784 = FILL_AREA_STYLE_COLOUR('',#8742);
#8785 = STYLED_ITEM('color',(#8786),#4424);
#8786 = PRESENTATION_STYLE_ASSIGNMENT((#8787));
#8787 = SURFACE_STYLE_USAGE(.BOTH.,#8788);
#8788 = SURFACE_SIDE_STYLE('',(#8789));
#8789 = SURFACE_STYLE_FILL_AREA(#8790);
#8790 = FILL_AREA_STYLE('',(#8791));
#8791 = FILL_AREA_STYLE_COLOUR('',#8742);
#8792 = STYLED_ITEM('color',(#8793),#4754);
#8793 = PRESENTATION_STYLE_ASSIGNMENT((#8794));
#8794 = SURFACE_STYLE_USAGE(.BOTH.,#8795);
#8795 = SURFACE_SIDE_STYLE('',(#8796));
#8796 = SURFACE_STYLE_FILL_AREA(#8797);
#8797 = FILL_AREA_STYLE('',(#8798));
#8798 = FILL_AREA_STYLE_COLOUR('',#8742);
#8799 = STYLED_ITEM('color',(#8800),#5084);
#8800 = PRESENTATION_STYLE_ASSIGNMENT((#8801));
#8801 = SURFACE_STYLE_USAGE(.BOTH.,#8802);
#8802 = SURFACE_SIDE_STYLE('',(#8803));
#8803 = SURFACE_STYLE_FILL_AREA(#8804);
#8804 = FILL_AREA_STYLE('',(#8805));
#8805 = FILL_AREA_STYLE_COLOUR('',#8742);
#8806 = STYLED_ITEM('color',(#8807),#5414);
#8807 = PRESENTATION_STYLE_ASSIGNMENT((#8808));
#8808 = SURFACE_STYLE_USAGE(.BOTH.,#8809);
#8809 = SURFACE_SIDE_STYLE('',(#8810));
#8810 = SURFACE_STYLE_FILL_AREA(#8811);
#8811 = FILL_AREA_STYLE('',(#8812));
#8812 = FILL_AREA_STYLE_COLOUR('',#8742);
#8813 = STYLED_ITEM('color',(#8814),#5744);
#8814 = PRESENTATION_STYLE_ASSIGNMENT((#8815));
#8815 = SURFACE_STYLE_USAGE(.BOTH.,#8816);
#8816 = SURFACE_SIDE_STYLE('',(#8817));
#8817 = SURFACE_STYLE_FILL_AREA(#8818);
#8818 = FILL_AREA_STYLE('',(#8819));
#8819 = FILL_AREA_STYLE_COLOUR('',#8742);
#8820 = STYLED_ITEM('color',(#8821),#6074);
#8821 = PRESENTATION_STYLE_ASSIGNMENT((#8822));
#8822 = SURFACE_STYLE_USAGE(.BOTH.,#8823);
#8823 = SURFACE_SIDE_STYLE('',(#8824));
#8824 = SURFACE_STYLE_FILL_AREA(#8825);
#8825 = FILL_AREA_STYLE('',(#8826));
#8826 = FILL_AREA_STYLE_COLOUR('',#8742);
#8827 = STYLED_ITEM('color',(#8828),#6404);
#8828 = PRESENTATION_STYLE_ASSIGNMENT((#8829));
#8829 = SURFACE_STYLE_USAGE(.BOTH.,#8830);
#8830 = SURFACE_SIDE_STYLE('',(#8831));
#8831 = SURFACE_STYLE_FILL_AREA(#8832);
#8832 = FILL_AREA_STYLE('',(#8833));
#8833 = FILL_AREA_STYLE_COLOUR('',#8742);
#8834 = STYLED_ITEM('color',(#8835),#6734);
#8835 = PRESENTATION_STYLE_ASSIGNMENT((#8836));
#8836 = SURFACE_STYLE_USAGE(.BOTH.,#8837);
#8837 = SURFACE_SIDE_STYLE('',(#8838));
#8838 = SURFACE_STYLE_FILL_AREA(#8839);
#8839 = FILL_AREA_STYLE('',(#8840));
#8840 = FILL_AREA_STYLE_COLOUR('',#8742);
#8841 = STYLED_ITEM('color',(#8842),#7064);
#8842 = PRESENTATION_STYLE_ASSIGNMENT((#8843));
#8843 = SURFACE_STYLE_USAGE(.BOTH.,#8844);
#8844 = SURFACE_SIDE_STYLE('',(#8845));
#8845 = SURFACE_STYLE_FILL_AREA(#8846);
#8846 = FILL_AREA_STYLE('',(#8847));
#8847 = FILL_AREA_STYLE_COLOUR('',#8742);
#8848 = STYLED_ITEM('color',(#8849),#7394);
#8849 = PRESENTATION_STYLE_ASSIGNMENT((#8850));
#8850 = SURFACE_STYLE_USAGE(.BOTH.,#8851);
#8851 = SURFACE_SIDE_STYLE('',(#8852));
#8852 = SURFACE_STYLE_FILL_AREA(#8853);
#8853 = FILL_AREA_STYLE('',(#8854));
#8854 = FILL_AREA_STYLE_COLOUR('',#8742);
#8855 = STYLED_ITEM('color',(#8856),#7724);
#8856 = PRESENTATION_STYLE_ASSIGNMENT((#8857));
#8857 = SURFACE_STYLE_USAGE(.BOTH.,#8858);
#8858 = SURFACE_SIDE_STYLE('',(#8859));
#8859 = SURFACE_STYLE_FILL_AREA(#8860);
#8860 = FILL_AREA_STYLE('',(#8861));
#8861 = FILL_AREA_STYLE_COLOUR('',#8742);
#8862 = STYLED_ITEM('color',(#8863),#8054);
#8863 = PRESENTATION_STYLE_ASSIGNMENT((#8864));
#8864 = SURFACE_STYLE_USAGE(.BOTH.,#8865);
#8865 = SURFACE_SIDE_STYLE('',(#8866));
#8866 = SURFACE_STYLE_FILL_AREA(#8867);
#8867 = FILL_AREA_STYLE('',(#8868));
#8868 = FILL_AREA_STYLE_COLOUR('',#8742);
#8869 = STYLED_ITEM('color',(#8870),#8384);
#8870 = PRESENTATION_STYLE_ASSIGNMENT((#8871));
#8871 = SURFACE_STYLE_USAGE(.BOTH.,#8872);
#8872 = SURFACE_SIDE_STYLE('',(#8873));
#8873 = SURFACE_STYLE_FILL_AREA(#8874);
#8874 = FILL_AREA_STYLE('',(#8875));
#8875 = FILL_AREA_STYLE_COLOUR('',#8742);
ENDSEC;
END-ISO-10303-21;
